Mode,Entity,SourceKey,Action,DatabaseId,Details
COMMITTED,PREFLIGHT,CARD:1815,PREFLIGHT_FULL_TO_CREATE,,Card '1815' is not in dbo.Participants and will be created inside the transaction.
COMMITTED,PREFLIGHT,CARD:3489,PREFLIGHT_FULL_TO_CREATE,,Card '3489' is not in dbo.Participants and will be created inside the transaction.
COMMITTED,PREFLIGHT,CARD:4529,PREFLIGHT_FULL_TO_CREATE,,Card '4529' is not in dbo.Participants and will be created inside the transaction.
COMMITTED,PREFLIGHT,CARD:763,PREFLIGHT_FULL_TO_CREATE,,Card '763' is not in dbo.Participants and will be created inside the transaction.
COMMITTED,PREFLIGHT,CARD:767,PREFLIGHT_FULL_TO_CREATE,,Card '767' is not in dbo.Participants and will be created inside the transaction.
COMMITTED,PREFLIGHT,CARD:815,PREFLIGHT_FULL_TO_CREATE,,Card '815' is not in dbo.Participants and will be created inside the transaction.
COMMITTED,PREFLIGHT,CARD:874,PREFLIGHT_FULL_TO_CREATE,,Card '874' is not in dbo.Participants and will be created inside the transaction.
COMMITTED,PREFLIGHT,CARD:961,PREFLIGHT_FULL_TO_CREATE,,Card '961' is not in dbo.Participants and will be created inside the transaction.
COMMITTED,SESSION,CALTHORPE|AEROBICS|2025-11-03|1000|1045,NEW_SESSION,4082,Inserted inside the current SQL transaction.
COMMITTED,SESSION,CALTHORPE|AEROBICS|2025-11-10|1000|1045,NEW_SESSION,4083,Inserted inside the current SQL transaction.
COMMITTED,SESSION,CALTHORPE|AEROBICS|2025-11-17|1000|1045,NEW_SESSION,4084,Inserted inside the current SQL transaction.
COMMITTED,SESSION,CALTHORPE|AEROBICS|2025-11-24|1000|1045,NEW_SESSION,4085,Inserted inside the current SQL transaction.
COMMITTED,SESSION,CALTHORPE|AEROBICS|2025-12-01|1000|1045,NEW_SESSION,4086,Inserted inside the current SQL transaction.
COMMITTED,SESSION,CALTHORPE|ARTS|2025-11-04|1130|1230,NEW_SESSION,4087,Inserted inside the current SQL transaction.
COMMITTED,SESSION,CALTHORPE|ARTS|2025-11-05|1215|1315,NEW_SESSION,4088,Inserted inside the current SQL transaction.
COMMITTED,SESSION,CALTHORPE|ARTS|2025-11-11|1130|1230,NEW_SESSION,4089,Inserted inside the current SQL transaction.
COMMITTED,SESSION,CALTHORPE|ARTS|2025-11-12|1215|1315,NEW_SESSION,4090,Inserted inside the current SQL transaction.
COMMITTED,SESSION,CALTHORPE|ARTS|2025-11-18|1130|1230,NEW_SESSION,4091,Inserted inside the current SQL transaction.
COMMITTED,SESSION,CALTHORPE|ARTS|2025-11-19|1215|1315,NEW_SESSION,4092,Inserted inside the current SQL transaction.
COMMITTED,SESSION,CALTHORPE|ARTS|2025-11-25|1130|1230,NEW_SESSION,4093,Inserted inside the current SQL transaction.
COMMITTED,SESSION,CALTHORPE|ARTS|2025-11-26|1215|1315,NEW_SESSION,4094,Inserted inside the current SQL transaction.
COMMITTED,SESSION,CALTHORPE|ARTS|2025-12-02|1130|1230,NEW_SESSION,4095,Inserted inside the current SQL transaction.
COMMITTED,SESSION,CALTHORPE|ARTS|2025-12-03|1215|1315,NEW_SESSION,4096,Inserted inside the current SQL transaction.
COMMITTED,SESSION,CALTHORPE|ARTS|2025-12-09|1130|1230,NEW_SESSION,4097,Inserted inside the current SQL transaction.
COMMITTED,SESSION,CALTHORPE|ARTS|2026-01-16|1300|1430,NEW_SESSION,4098,Inserted inside the current SQL transaction.
COMMITTED,SESSION,CALTHORPE|ARTS|2026-01-23|1300|1430,NEW_SESSION,4099,Inserted inside the current SQL transaction.
COMMITTED,SESSION,CALTHORPE|ARTS|2026-01-30|1300|1430,NEW_SESSION,4100,Inserted inside the current SQL transaction.
COMMITTED,SESSION,CALTHORPE|ARTS|2026-02-06|1300|1430,NEW_SESSION,4101,Inserted inside the current SQL transaction.
COMMITTED,SESSION,CALTHORPE|ARTS|2026-02-13|1300|1430,NEW_SESSION,4102,Inserted inside the current SQL transaction.
COMMITTED,SESSION,CALTHORPE|ARTS|2026-02-20|1230|1400,NEW_SESSION,4103,Inserted inside the current SQL transaction.
COMMITTED,SESSION,CALTHORPE|ARTS|2026-02-27|1230|1400,NEW_SESSION,4104,Inserted inside the current SQL transaction.
COMMITTED,SESSION,CALTHORPE|ARTS|2026-03-06|1230|1400,NEW_SESSION,4105,Inserted inside the current SQL transaction.
COMMITTED,SESSION,CALTHORPE|ARTS|2026-03-13|1230|1400,NEW_SESSION,4106,Inserted inside the current SQL transaction.
COMMITTED,SESSION,CALTHORPE|ARTS|2026-03-20|1230|1400,NEW_SESSION,4107,Inserted inside the current SQL transaction.
COMMITTED,SESSION,CALTHORPE|ARTS|2026-03-27|1230|1400,NEW_SESSION,4108,Inserted inside the current SQL transaction.
COMMITTED,SESSION,CALTHORPE|ARTS|2026-04-03|1230|1400,NEW_SESSION,4109,Inserted inside the current SQL transaction.
COMMITTED,SESSION,CALTHORPE|ARTS|2026-04-10|1230|1400,NEW_SESSION,4110,Inserted inside the current SQL transaction.
COMMITTED,SESSION,CALTHORPE|ARTS|2026-04-17|1230|1400,NEW_SESSION,4111,Inserted inside the current SQL transaction.
COMMITTED,SESSION,CALTHORPE|ARTS|2026-04-24|1230|1400,NEW_SESSION,4112,Inserted inside the current SQL transaction.
COMMITTED,SESSION,CALTHORPE|ARTS|2026-05-01|1230|1400,NEW_SESSION,4113,Inserted inside the current SQL transaction.
COMMITTED,SESSION,CALTHORPE|ARTS|2026-05-08|1230|1400,NEW_SESSION,4114,Inserted inside the current SQL transaction.
COMMITTED,SESSION,CALTHORPE|ARTS|2026-05-15|1230|1400,NEW_SESSION,4115,Inserted inside the current SQL transaction.
COMMITTED,SESSION,CALTHORPE|ARTS|2026-05-22|1230|1400,NEW_SESSION,4116,Inserted inside the current SQL transaction.
COMMITTED,SESSION,CALTHORPE|BODY CONDITIONING|2025-11-07|1145|1230,NEW_SESSION,4117,Inserted inside the current SQL transaction.
COMMITTED,SESSION,CALTHORPE|BODY CONDITIONING|2025-11-14|1145|1230,NEW_SESSION,4118,Inserted inside the current SQL transaction.
COMMITTED,SESSION,CALTHORPE|BODY CONDITIONING|2025-11-21|1145|1230,NEW_SESSION,4119,Inserted inside the current SQL transaction.
COMMITTED,SESSION,CALTHORPE|BODY CONDITIONING|2025-11-28|1145|1230,NEW_SESSION,4120,Inserted inside the current SQL transaction.
COMMITTED,SESSION,CALTHORPE|BODY CONDITIONING|2025-12-05|1145|1230,NEW_SESSION,4121,Inserted inside the current SQL transaction.
COMMITTED,SESSION,CALTHORPE|BODY CONDITIONING|2025-12-12|1145|1230,NEW_SESSION,4122,Inserted inside the current SQL transaction.
COMMITTED,SESSION,CALTHORPE|BODY CONDITIONING|2025-12-19|1145|1230,NEW_SESSION,4123,Inserted inside the current SQL transaction.
COMMITTED,SESSION,CALTHORPE|BODY CONDITIONING|2026-01-16|1100|1145,EXISTING_SESSION,153,Matched 1 CRM session(s). Selected SessionId 153; existing attendance=14.
COMMITTED,SESSION,CALTHORPE|BODY CONDITIONING|2026-01-23|1100|1145,EXISTING_SESSION,168,Matched 1 CRM session(s). Selected SessionId 168; existing attendance=16.
COMMITTED,SESSION,CALTHORPE|BODY CONDITIONING|2026-01-30|1100|1145,EXISTING_SESSION,184,Matched 1 CRM session(s). Selected SessionId 184; existing attendance=15.
COMMITTED,SESSION,CALTHORPE|BODY CONDITIONING|2026-02-06|1100|1145,EXISTING_SESSION,201,Matched 1 CRM session(s). Selected SessionId 201; existing attendance=10.
COMMITTED,SESSION,CALTHORPE|BODY CONDITIONING|2026-02-13|1100|1145,EXISTING_SESSION,217,Matched 1 CRM session(s). Selected SessionId 217; existing attendance=15.
COMMITTED,SESSION,CALTHORPE|BODY CONDITIONING|2026-02-20|1100|1145,EXISTING_SESSION,232,Matched 1 CRM session(s). Selected SessionId 232; existing attendance=8.
COMMITTED,SESSION,CALTHORPE|BODY CONDITIONING|2026-02-27|1100|1145,EXISTING_SESSION,247,Matched 1 CRM session(s). Selected SessionId 247; existing attendance=11.
COMMITTED,SESSION,CALTHORPE|BODY CONDITIONING|2026-03-06|1100|1145,EXISTING_SESSION,260,Matched 1 CRM session(s). Selected SessionId 260; existing attendance=0.
COMMITTED,SESSION,CALTHORPE|BODY CONDITIONING|2026-03-13|1100|1145,EXISTING_SESSION,273,Matched 1 CRM session(s). Selected SessionId 273; existing attendance=13.
COMMITTED,SESSION,CALTHORPE|BODY CONDITIONING|2026-03-20|1100|1145,EXISTING_SESSION,283,Matched 1 CRM session(s). Selected SessionId 283; existing attendance=0.
COMMITTED,SESSION,CALTHORPE|BODY CONDITIONING|2026-03-27|1100|1145,NEW_SESSION,4124,Inserted inside the current SQL transaction.
COMMITTED,SESSION,CALTHORPE|BODY CONDITIONING|2026-04-03|1100|1145,NEW_SESSION,4125,Inserted inside the current SQL transaction.
COMMITTED,SESSION,CALTHORPE|BODY CONDITIONING|2026-04-10|1100|1145,NEW_SESSION,4126,Inserted inside the current SQL transaction.
COMMITTED,SESSION,CALTHORPE|BODY CONDITIONING|2026-04-17|1100|1145,NEW_SESSION,4127,Inserted inside the current SQL transaction.
COMMITTED,SESSION,CALTHORPE|BODY CONDITIONING|2026-04-24|1100|1145,NEW_SESSION,4128,Inserted inside the current SQL transaction.
COMMITTED,SESSION,CALTHORPE|BODY CONDITIONING|2026-05-01|1100|1145,NEW_SESSION,4129,Inserted inside the current SQL transaction.
COMMITTED,SESSION,CALTHORPE|BODY CONDITIONING|2026-05-08|1100|1145,NEW_SESSION,4130,Inserted inside the current SQL transaction.
COMMITTED,SESSION,CALTHORPE|BODY CONDITIONING|2026-05-15|1100|1145,NEW_SESSION,4131,Inserted inside the current SQL transaction.
COMMITTED,SESSION,CALTHORPE|BODY CONDITIONING|2026-05-22|1100|1145,NEW_SESSION,4132,Inserted inside the current SQL transaction.
COMMITTED,SESSION,CALTHORPE|BODY CONDITIONING|2026-05-29|1100|1145,NEW_SESSION,4133,Inserted inside the current SQL transaction.
COMMITTED,SESSION,CALTHORPE|CHAIR BASED EXERCISE|2025-11-03|1100|1145,NEW_SESSION,4134,Inserted inside the current SQL transaction.
COMMITTED,SESSION,CALTHORPE|CHAIR BASED EXERCISE|2025-11-06|1145|1230,NEW_SESSION,4135,Inserted inside the current SQL transaction.
COMMITTED,SESSION,CALTHORPE|CHAIR BASED EXERCISE|2025-11-10|1100|1145,NEW_SESSION,4136,Inserted inside the current SQL transaction.
COMMITTED,SESSION,CALTHORPE|CHAIR BASED EXERCISE|2025-11-13|1145|1230,NEW_SESSION,4137,Inserted inside the current SQL transaction.
COMMITTED,SESSION,CALTHORPE|CHAIR BASED EXERCISE|2025-11-17|1100|1145,NEW_SESSION,4138,Inserted inside the current SQL transaction.
COMMITTED,SESSION,CALTHORPE|CHAIR BASED EXERCISE|2025-11-20|1145|1230,NEW_SESSION,4139,Inserted inside the current SQL transaction.
COMMITTED,SESSION,CALTHORPE|CHAIR BASED EXERCISE|2025-11-24|1100|1145,NEW_SESSION,4140,Inserted inside the current SQL transaction.
COMMITTED,SESSION,CALTHORPE|CHAIR BASED EXERCISE|2025-11-27|1145|1230,NEW_SESSION,4141,Inserted inside the current SQL transaction.
COMMITTED,SESSION,CALTHORPE|CHAIR BASED EXERCISE|2025-12-01|1100|1145,NEW_SESSION,4142,Inserted inside the current SQL transaction.
COMMITTED,SESSION,CALTHORPE|CHAIR BASED EXERCISE|2025-12-04|1145|1230,NEW_SESSION,4143,Inserted inside the current SQL transaction.
COMMITTED,SESSION,CALTHORPE|CHAIR BASED EXERCISE|2025-12-08|1100|1145,NEW_SESSION,4144,Inserted inside the current SQL transaction.
COMMITTED,SESSION,CALTHORPE|CHAIR BASED EXERCISE|2025-12-11|1145|1230,NEW_SESSION,4145,Inserted inside the current SQL transaction.
COMMITTED,SESSION,CALTHORPE|CHAIR BASED EXERCISE|2025-12-15|1100|1145,NEW_SESSION,4146,Inserted inside the current SQL transaction.
COMMITTED,SESSION,CALTHORPE|CHAIR BASED EXERCISE|2026-01-12|1130|1215,EXISTING_SESSION,140,Matched 1 CRM session(s). Selected SessionId 140; existing attendance=7.
COMMITTED,SESSION,CALTHORPE|CHAIR BASED EXERCISE|2026-01-15|1130|1215,EXISTING_SESSION,149,Matched 1 CRM session(s). Selected SessionId 149; existing attendance=8.
COMMITTED,SESSION,CALTHORPE|CHAIR BASED EXERCISE|2026-01-19|1130|1215,EXISTING_SESSION,155,Matched 1 CRM session(s). Selected SessionId 155; existing attendance=8.
COMMITTED,SESSION,CALTHORPE|CHAIR BASED EXERCISE|2026-01-22|1130|1215,EXISTING_SESSION,164,Matched 1 CRM session(s). Selected SessionId 164; existing attendance=15.
COMMITTED,SESSION,CALTHORPE|CHAIR BASED EXERCISE|2026-01-26|1130|1215,EXISTING_SESSION,170,Matched 1 CRM session(s). Selected SessionId 170; existing attendance=13.
COMMITTED,SESSION,CALTHORPE|CHAIR BASED EXERCISE|2026-01-29|1130|1215,EXISTING_SESSION,180,Matched 1 CRM session(s). Selected SessionId 180; existing attendance=19.
COMMITTED,SESSION,CALTHORPE|CHAIR BASED EXERCISE|2026-02-02|1130|1215,EXISTING_SESSION,186,Matched 1 CRM session(s). Selected SessionId 186; existing attendance=8.
COMMITTED,SESSION,CALTHORPE|CHAIR BASED EXERCISE|2026-02-05|1130|1215,EXISTING_SESSION,197,Matched 1 CRM session(s). Selected SessionId 197; existing attendance=13.
COMMITTED,SESSION,CALTHORPE|CHAIR BASED EXERCISE|2026-02-09|1130|1215,EXISTING_SESSION,203,Matched 1 CRM session(s). Selected SessionId 203; existing attendance=8.
COMMITTED,SESSION,CALTHORPE|CHAIR BASED EXERCISE|2026-02-12|1130|1215,EXISTING_SESSION,213,Matched 1 CRM session(s). Selected SessionId 213; existing attendance=11.
COMMITTED,SESSION,CALTHORPE|CHAIR BASED EXERCISE|2026-02-16|1130|1215,EXISTING_SESSION,219,Matched 1 CRM session(s). Selected SessionId 219; existing attendance=7.
COMMITTED,SESSION,CALTHORPE|CHAIR BASED EXERCISE|2026-02-19|1130|1215,EXISTING_SESSION,228,Matched 1 CRM session(s). Selected SessionId 228; existing attendance=8.
COMMITTED,SESSION,CALTHORPE|CHAIR BASED EXERCISE|2026-02-23|1130|1215,EXISTING_SESSION,234,Matched 1 CRM session(s). Selected SessionId 234; existing attendance=10.
COMMITTED,SESSION,CALTHORPE|CHAIR BASED EXERCISE|2026-02-26|1130|1215,EXISTING_SESSION,243,Matched 1 CRM session(s). Selected SessionId 243; existing attendance=12.
COMMITTED,SESSION,CALTHORPE|CHAIR BASED EXERCISE|2026-03-02|1130|1215,EXISTING_SESSION,249,Matched 1 CRM session(s). Selected SessionId 249; existing attendance=6.
COMMITTED,SESSION,CALTHORPE|CHAIR BASED EXERCISE|2026-03-05|1130|1215,EXISTING_SESSION,257,Matched 1 CRM session(s). Selected SessionId 257; existing attendance=13.
COMMITTED,SESSION,CALTHORPE|CHAIR BASED EXERCISE|2026-03-09|1130|1215,EXISTING_SESSION,262,Matched 1 CRM session(s). Selected SessionId 262; existing attendance=4.
COMMITTED,SESSION,CALTHORPE|CHAIR BASED EXERCISE|2026-03-12|1130|1215,EXISTING_SESSION,270,Matched 1 CRM session(s). Selected SessionId 270; existing attendance=13.
COMMITTED,SESSION,CALTHORPE|CHAIR BASED EXERCISE|2026-03-16|1130|1215,EXISTING_SESSION,275,Matched 1 CRM session(s). Selected SessionId 275; existing attendance=1.
COMMITTED,SESSION,CALTHORPE|CHAIR BASED EXERCISE|2026-03-19|1130|1215,NEW_SESSION,4147,Inserted inside the current SQL transaction.
COMMITTED,SESSION,CALTHORPE|CHAIR BASED EXERCISE|2026-03-23|1130|1215,NEW_SESSION,4148,Inserted inside the current SQL transaction.
COMMITTED,SESSION,CALTHORPE|CHAIR BASED EXERCISE|2026-03-26|1130|1215,NEW_SESSION,4149,Inserted inside the current SQL transaction.
COMMITTED,SESSION,CALTHORPE|CHAIR BASED EXERCISE|2026-03-30|1130|1215,NEW_SESSION,4150,Inserted inside the current SQL transaction.
COMMITTED,SESSION,CALTHORPE|CHAIR BASED EXERCISE|2026-04-02|1130|1215,NEW_SESSION,4151,Inserted inside the current SQL transaction.
COMMITTED,SESSION,CALTHORPE|CHAIR BASED EXERCISE|2026-04-06|1130|1215,NEW_SESSION,4152,Inserted inside the current SQL transaction.
COMMITTED,SESSION,CALTHORPE|CHAIR BASED EXERCISE|2026-04-13|1130|1215,NEW_SESSION,4153,Inserted inside the current SQL transaction.
COMMITTED,SESSION,CALTHORPE|CHAIR BASED EXERCISE|2026-04-20|1130|1215,NEW_SESSION,4154,Inserted inside the current SQL transaction.
COMMITTED,SESSION,CALTHORPE|CHAIR BASED EXERCISE|2026-04-23|1130|1215,NEW_SESSION,4155,Inserted inside the current SQL transaction.
COMMITTED,SESSION,CALTHORPE|CHAIR BASED EXERCISE|2026-04-27|1130|1215,NEW_SESSION,4156,Inserted inside the current SQL transaction.
COMMITTED,SESSION,CALTHORPE|CHAIR BASED EXERCISE|2026-04-30|1130|1215,NEW_SESSION,4157,Inserted inside the current SQL transaction.
COMMITTED,SESSION,CALTHORPE|CHAIR BASED EXERCISE|2026-05-04|1130|1215,NEW_SESSION,4158,Inserted inside the current SQL transaction.
COMMITTED,SESSION,CALTHORPE|CHAIR BASED EXERCISE|2026-05-07|1130|1215,NEW_SESSION,4159,Inserted inside the current SQL transaction.
COMMITTED,SESSION,CALTHORPE|CHAIR BASED EXERCISE|2026-05-11|1130|1215,NEW_SESSION,4160,Inserted inside the current SQL transaction.
COMMITTED,SESSION,CALTHORPE|CHAIR BASED EXERCISE|2026-05-14|1130|1215,NEW_SESSION,4161,Inserted inside the current SQL transaction.
COMMITTED,SESSION,CALTHORPE|CHAIR BASED EXERCISE|2026-05-18|1130|1215,NEW_SESSION,4162,Inserted inside the current SQL transaction.
COMMITTED,SESSION,CALTHORPE|CHAIR BASED EXERCISE|2026-05-21|1130|1215,NEW_SESSION,4163,Inserted inside the current SQL transaction.
COMMITTED,SESSION,CALTHORPE|CHAIR BASED EXERCISE|2026-05-25|1130|1215,NEW_SESSION,4164,Inserted inside the current SQL transaction.
COMMITTED,SESSION,CALTHORPE|CHAIR BASED EXERCISE|2026-05-28|1130|1215,NEW_SESSION,4165,Inserted inside the current SQL transaction.
COMMITTED,SESSION,CALTHORPE|CHAIR BASED EXERCISE|2026-06-01|1130|1215,NEW_SESSION,4166,Inserted inside the current SQL transaction.
COMMITTED,SESSION,CALTHORPE|CHAIR BASED EXERCISE|2026-06-04|1130|1215,NEW_SESSION,4167,Inserted inside the current SQL transaction.
COMMITTED,SESSION,CALTHORPE|CHAIR BASED EXERCISE|2026-06-08|1130|1215,NEW_SESSION,4168,Inserted inside the current SQL transaction.
COMMITTED,SESSION,CALTHORPE|CIRCUIT TRAINING|2025-11-06|0930|1015,NEW_SESSION,4169,Inserted inside the current SQL transaction.
COMMITTED,SESSION,CALTHORPE|CIRCUIT TRAINING|2025-11-13|0930|1015,NEW_SESSION,4170,Inserted inside the current SQL transaction.
COMMITTED,SESSION,CALTHORPE|CIRCUIT TRAINING|2025-11-20|0930|1015,NEW_SESSION,4171,Inserted inside the current SQL transaction.
COMMITTED,SESSION,CALTHORPE|CIRCUIT TRAINING|2025-11-27|0930|1015,NEW_SESSION,4172,Inserted inside the current SQL transaction.
COMMITTED,SESSION,CALTHORPE|CIRCUIT TRAINING|2025-12-04|0930|1015,NEW_SESSION,4173,Inserted inside the current SQL transaction.
COMMITTED,SESSION,CALTHORPE|CIRCUIT TRAINING|2025-12-11|0930|1015,NEW_SESSION,4174,Inserted inside the current SQL transaction.
COMMITTED,SESSION,CALTHORPE|CIRCUIT TRAINING|2025-12-18|0930|1015,NEW_SESSION,4175,Inserted inside the current SQL transaction.
COMMITTED,SESSION,CALTHORPE|CIRCUIT TRAINING|2026-01-15|0930|1015,EXISTING_SESSION,150,Matched 1 CRM session(s). Selected SessionId 150; existing attendance=10.
COMMITTED,SESSION,CALTHORPE|CIRCUIT TRAINING|2026-01-22|0930|1015,EXISTING_SESSION,165,Matched 1 CRM session(s). Selected SessionId 165; existing attendance=14.
COMMITTED,SESSION,CALTHORPE|CIRCUIT TRAINING|2026-01-29|0930|1015,EXISTING_SESSION,181,Matched 1 CRM session(s). Selected SessionId 181; existing attendance=0.
COMMITTED,SESSION,CALTHORPE|CIRCUIT TRAINING|2026-02-05|0930|1015,EXISTING_SESSION,198,Matched 1 CRM session(s). Selected SessionId 198; existing attendance=9.
COMMITTED,SESSION,CALTHORPE|CIRCUIT TRAINING|2026-02-12|0930|1015,EXISTING_SESSION,214,Matched 1 CRM session(s). Selected SessionId 214; existing attendance=5.
COMMITTED,SESSION,CALTHORPE|CIRCUIT TRAINING|2026-02-19|0930|1015,EXISTING_SESSION,229,Matched 1 CRM session(s). Selected SessionId 229; existing attendance=4.
COMMITTED,SESSION,CALTHORPE|CIRCUIT TRAINING|2026-02-26|0930|1015,EXISTING_SESSION,244,Matched 1 CRM session(s). Selected SessionId 244; existing attendance=2.
COMMITTED,SESSION,CALTHORPE|CIRCUIT TRAINING|2026-03-05|0930|1015,EXISTING_SESSION,258,Matched 1 CRM session(s). Selected SessionId 258; existing attendance=2.
COMMITTED,SESSION,CALTHORPE|CIRCUIT TRAINING|2026-03-12|0930|1015,EXISTING_SESSION,271,Matched 1 CRM session(s). Selected SessionId 271; existing attendance=5.
COMMITTED,SESSION,CALTHORPE|CIRCUIT TRAINING|2026-03-19|0930|1015,EXISTING_SESSION,282,Matched 1 CRM session(s). Selected SessionId 282; existing attendance=3.
COMMITTED,SESSION,CALTHORPE|CIRCUIT TRAINING|2026-03-26|0930|1015,NEW_SESSION,4176,Inserted inside the current SQL transaction.
COMMITTED,SESSION,CALTHORPE|CIRCUIT TRAINING|2026-04-02|0930|1015,NEW_SESSION,4177,Inserted inside the current SQL transaction.
COMMITTED,SESSION,CALTHORPE|CIRCUIT TRAINING|2026-04-09|0930|1015,NEW_SESSION,4178,Inserted inside the current SQL transaction.
COMMITTED,SESSION,CALTHORPE|CIRCUIT TRAINING|2026-04-16|0930|1015,EXISTING_SESSION,932,Matched 1 CRM session(s). Selected SessionId 932; existing attendance=0.
COMMITTED,SESSION,CALTHORPE|CIRCUIT TRAINING|2026-04-23|0930|1015,EXISTING_SESSION,933,Matched 1 CRM session(s). Selected SessionId 933; existing attendance=0.
COMMITTED,SESSION,CALTHORPE|CIRCUIT TRAINING|2026-04-30|0930|1015,EXISTING_SESSION,934,Matched 1 CRM session(s). Selected SessionId 934; existing attendance=0.
COMMITTED,SESSION,CALTHORPE|CIRCUIT TRAINING|2026-05-07|0930|1015,EXISTING_SESSION,935,Matched 1 CRM session(s). Selected SessionId 935; existing attendance=0.
COMMITTED,SESSION,CALTHORPE|CIRCUIT TRAINING|2026-05-14|0930|1015,EXISTING_SESSION,936,Matched 1 CRM session(s). Selected SessionId 936; existing attendance=11.
COMMITTED,SESSION,CALTHORPE|CIRCUIT TRAINING|2026-05-21|0930|1015,EXISTING_SESSION,937,Matched 1 CRM session(s). Selected SessionId 937; existing attendance=1.
COMMITTED,SESSION,CALTHORPE|CIRCUIT TRAINING|2026-05-28|0930|1015,EXISTING_SESSION,938,Matched 1 CRM session(s). Selected SessionId 938; existing attendance=0.
COMMITTED,SESSION,CALTHORPE|CIRCUIT TRAINING|2026-06-04|0930|1015,EXISTING_SESSION,939,Matched 1 CRM session(s). Selected SessionId 939; existing attendance=0.
COMMITTED,SESSION,CALTHORPE|CROCHET|2025-11-03|1215|1415,NEW_SESSION,4179,Inserted inside the current SQL transaction.
COMMITTED,SESSION,CALTHORPE|CROCHET|2025-11-06|1245|1430,NEW_SESSION,4180,Inserted inside the current SQL transaction.
COMMITTED,SESSION,CALTHORPE|CROCHET|2025-11-10|1215|1415,NEW_SESSION,4181,Inserted inside the current SQL transaction.
COMMITTED,SESSION,CALTHORPE|CROCHET|2025-11-13|1245|1430,NEW_SESSION,4182,Inserted inside the current SQL transaction.
COMMITTED,SESSION,CALTHORPE|CROCHET|2025-11-17|1215|1415,NEW_SESSION,4183,Inserted inside the current SQL transaction.
COMMITTED,SESSION,CALTHORPE|CROCHET|2025-11-20|1245|1430,NEW_SESSION,4184,Inserted inside the current SQL transaction.
COMMITTED,SESSION,CALTHORPE|CROCHET|2025-11-24|1215|1415,NEW_SESSION,4185,Inserted inside the current SQL transaction.
COMMITTED,SESSION,CALTHORPE|CROCHET|2025-11-27|1245|1430,NEW_SESSION,4186,Inserted inside the current SQL transaction.
COMMITTED,SESSION,CALTHORPE|CROCHET|2025-12-01|1215|1415,NEW_SESSION,4187,Inserted inside the current SQL transaction.
COMMITTED,SESSION,CALTHORPE|CROCHET|2025-12-04|1245|1430,NEW_SESSION,4188,Inserted inside the current SQL transaction.
COMMITTED,SESSION,CALTHORPE|CROCHET|2025-12-08|1215|1415,NEW_SESSION,4189,Inserted inside the current SQL transaction.
COMMITTED,SESSION,CALTHORPE|CROCHET|2025-12-11|1245|1430,NEW_SESSION,4190,Inserted inside the current SQL transaction.
COMMITTED,SESSION,CALTHORPE|CROCHET|2025-12-15|1215|1415,NEW_SESSION,4191,Inserted inside the current SQL transaction.
COMMITTED,SESSION,CALTHORPE|CROCHET|2025-12-18|1245|1430,NEW_SESSION,4192,Inserted inside the current SQL transaction.
COMMITTED,SESSION,CALTHORPE|CROCHET|2026-01-12|1230|1430,NEW_SESSION,4193,Inserted inside the current SQL transaction.
COMMITTED,SESSION,CALTHORPE|CROCHET|2026-01-15|1230|1415,NEW_SESSION,4194,Inserted inside the current SQL transaction.
COMMITTED,SESSION,CALTHORPE|CROCHET|2026-01-19|1230|1430,NEW_SESSION,4195,Inserted inside the current SQL transaction.
COMMITTED,SESSION,CALTHORPE|CROCHET|2026-01-22|1230|1415,NEW_SESSION,4196,Inserted inside the current SQL transaction.
COMMITTED,SESSION,CALTHORPE|CROCHET|2026-01-26|1230|1430,NEW_SESSION,4197,Inserted inside the current SQL transaction.
COMMITTED,SESSION,CALTHORPE|CROCHET|2026-01-29|1230|1415,NEW_SESSION,4198,Inserted inside the current SQL transaction.
COMMITTED,SESSION,CALTHORPE|CROCHET|2026-02-02|1230|1430,NEW_SESSION,4199,Inserted inside the current SQL transaction.
COMMITTED,SESSION,CALTHORPE|CROCHET|2026-02-05|1230|1415,NEW_SESSION,4200,Inserted inside the current SQL transaction.
COMMITTED,SESSION,CALTHORPE|CROCHET|2026-02-09|1230|1430,NEW_SESSION,4201,Inserted inside the current SQL transaction.
COMMITTED,SESSION,CALTHORPE|CROCHET|2026-02-12|1230|1415,NEW_SESSION,4202,Inserted inside the current SQL transaction.
COMMITTED,SESSION,CALTHORPE|CROCHET|2026-02-16|1230|1430,NEW_SESSION,4203,Inserted inside the current SQL transaction.
COMMITTED,SESSION,CALTHORPE|CROCHET|2026-02-19|1230|1415,NEW_SESSION,4204,Inserted inside the current SQL transaction.
COMMITTED,SESSION,CALTHORPE|CROCHET|2026-02-23|1230|1430,NEW_SESSION,4205,Inserted inside the current SQL transaction.
COMMITTED,SESSION,CALTHORPE|CROCHET|2026-02-26|1230|1415,NEW_SESSION,4206,Inserted inside the current SQL transaction.
COMMITTED,SESSION,CALTHORPE|CROCHET|2026-03-02|1230|1430,NEW_SESSION,4207,Inserted inside the current SQL transaction.
COMMITTED,SESSION,CALTHORPE|CROCHET|2026-03-05|1230|1415,NEW_SESSION,4208,Inserted inside the current SQL transaction.
COMMITTED,SESSION,CALTHORPE|CROCHET|2026-03-09|1230|1430,NEW_SESSION,4209,Inserted inside the current SQL transaction.
COMMITTED,SESSION,CALTHORPE|CROCHET|2026-03-12|1230|1415,NEW_SESSION,4210,Inserted inside the current SQL transaction.
COMMITTED,SESSION,CALTHORPE|CROCHET|2026-03-16|1230|1430,NEW_SESSION,4211,Inserted inside the current SQL transaction.
COMMITTED,SESSION,CALTHORPE|CROCHET|2026-03-19|1230|1415,NEW_SESSION,4212,Inserted inside the current SQL transaction.
COMMITTED,SESSION,CALTHORPE|CROCHET|2026-03-23|1230|1430,NEW_SESSION,4213,Inserted inside the current SQL transaction.
COMMITTED,SESSION,CALTHORPE|CROCHET|2026-03-26|1230|1415,NEW_SESSION,4214,Inserted inside the current SQL transaction.
COMMITTED,SESSION,CALTHORPE|CROCHET|2026-03-30|1230|1430,NEW_SESSION,4215,Inserted inside the current SQL transaction.
COMMITTED,SESSION,CALTHORPE|CROCHET|2026-04-02|1230|1415,NEW_SESSION,4216,Inserted inside the current SQL transaction.
COMMITTED,SESSION,CALTHORPE|CROCHET|2026-04-06|1230|1430,NEW_SESSION,4217,Inserted inside the current SQL transaction.
COMMITTED,SESSION,CALTHORPE|CROCHET|2026-04-13|1230|1430,NEW_SESSION,4218,Inserted inside the current SQL transaction.
COMMITTED,SESSION,CALTHORPE|CROCHET|2026-04-16|1230|1415,NEW_SESSION,4219,Inserted inside the current SQL transaction.
COMMITTED,SESSION,CALTHORPE|CROCHET|2026-04-20|1230|1430,NEW_SESSION,4220,Inserted inside the current SQL transaction.
COMMITTED,SESSION,CALTHORPE|CROCHET|2026-04-23|1230|1415,NEW_SESSION,4221,Inserted inside the current SQL transaction.
COMMITTED,SESSION,CALTHORPE|CROCHET|2026-04-27|1230|1430,NEW_SESSION,4222,Inserted inside the current SQL transaction.
COMMITTED,SESSION,CALTHORPE|CROCHET|2026-04-30|1230|1415,NEW_SESSION,4223,Inserted inside the current SQL transaction.
COMMITTED,SESSION,CALTHORPE|CROCHET|2026-05-04|1230|1415,NEW_SESSION,4224,Inserted inside the current SQL transaction.
COMMITTED,SESSION,CALTHORPE|CROCHET|2026-05-07|1230|1415,NEW_SESSION,4225,Inserted inside the current SQL transaction.
COMMITTED,SESSION,CALTHORPE|CROCHET|2026-05-11|1230|1415,NEW_SESSION,4226,Inserted inside the current SQL transaction.
COMMITTED,SESSION,CALTHORPE|CROCHET|2026-05-14|1230|1415,NEW_SESSION,4227,Inserted inside the current SQL transaction.
COMMITTED,SESSION,CALTHORPE|CROCHET|2026-05-18|1230|1415,NEW_SESSION,4228,Inserted inside the current SQL transaction.
COMMITTED,SESSION,CALTHORPE|CROCHET|2026-05-21|1230|1415,NEW_SESSION,4229,Inserted inside the current SQL transaction.
COMMITTED,SESSION,CALTHORPE|CROCHET|2026-05-25|1230|1415,NEW_SESSION,4230,Inserted inside the current SQL transaction.
COMMITTED,SESSION,CALTHORPE|CROCHET|2026-05-28|1230|1415,NEW_SESSION,4231,Inserted inside the current SQL transaction.
COMMITTED,SESSION,CALTHORPE|CROCHET|2026-06-01|1230|1415,NEW_SESSION,4232,Inserted inside the current SQL transaction.
COMMITTED,SESSION,CALTHORPE|CROCHET|2026-06-04|1230|1415,NEW_SESSION,4233,Inserted inside the current SQL transaction.
COMMITTED,SESSION,CALTHORPE|ESOL|2025-11-05|0930|1030,NEW_SESSION,4234,Inserted inside the current SQL transaction.
COMMITTED,SESSION,CALTHORPE|ESOL|2025-11-07|0930|1030,NEW_SESSION,4235,Inserted inside the current SQL transaction.
COMMITTED,SESSION,CALTHORPE|ESOL|2025-11-12|0930|1030,NEW_SESSION,4236,Inserted inside the current SQL transaction.
COMMITTED,SESSION,CALTHORPE|ESOL|2025-11-14|0930|1030,NEW_SESSION,4237,Inserted inside the current SQL transaction.
COMMITTED,SESSION,CALTHORPE|ESOL|2025-11-19|0930|1030,NEW_SESSION,4238,Inserted inside the current SQL transaction.
COMMITTED,SESSION,CALTHORPE|ESOL|2025-11-21|0930|1030,NEW_SESSION,4239,Inserted inside the current SQL transaction.
COMMITTED,SESSION,CALTHORPE|ESOL|2025-11-26|0930|1030,NEW_SESSION,4240,Inserted inside the current SQL transaction.
COMMITTED,SESSION,CALTHORPE|ESOL|2025-11-28|0930|1030,NEW_SESSION,4241,Inserted inside the current SQL transaction.
COMMITTED,SESSION,CALTHORPE|ESOL|2025-12-03|0930|1030,NEW_SESSION,4242,Inserted inside the current SQL transaction.
COMMITTED,SESSION,CALTHORPE|ESOL|2025-12-05|0930|1030,NEW_SESSION,4243,Inserted inside the current SQL transaction.
COMMITTED,SESSION,CALTHORPE|ESOL|2025-12-10|0930|1030,NEW_SESSION,4244,Inserted inside the current SQL transaction.
COMMITTED,SESSION,CALTHORPE|ESOL|2025-12-12|0930|1030,NEW_SESSION,4245,Inserted inside the current SQL transaction.
COMMITTED,SESSION,CALTHORPE|ESOL|2025-12-17|0930|1030,NEW_SESSION,4246,Inserted inside the current SQL transaction.
COMMITTED,SESSION,CALTHORPE|ESOL|2025-12-19|0930|1030,NEW_SESSION,4247,Inserted inside the current SQL transaction.
COMMITTED,SESSION,CALTHORPE|ESOL|2026-01-13|1130|1330,NEW_SESSION,4248,Inserted inside the current SQL transaction.
COMMITTED,SESSION,CALTHORPE|ESOL|2026-01-14|0930|1030,EXISTING_SESSION,147,Matched 1 CRM session(s). Selected SessionId 147; existing attendance=14.
COMMITTED,SESSION,CALTHORPE|ESOL|2026-01-20|1130|1330,NEW_SESSION,4249,Inserted inside the current SQL transaction.
COMMITTED,SESSION,CALTHORPE|ESOL|2026-01-21|0930|1030,EXISTING_SESSION,162,Matched 1 CRM session(s). Selected SessionId 162; existing attendance=8.
COMMITTED,SESSION,CALTHORPE|ESOL|2026-01-27|0930|1030,EXISTING_SESSION,174,Matched 1 CRM session(s). Selected SessionId 174; existing attendance=9.
COMMITTED,SESSION,CALTHORPE|ESOL|2026-01-28|1130|1330,NEW_SESSION,4250,Inserted inside the current SQL transaction.
COMMITTED,SESSION,CALTHORPE|ESOL|2026-02-03|0930|1030,EXISTING_SESSION,190,Matched 1 CRM session(s). Selected SessionId 190; existing attendance=7.
COMMITTED,SESSION,CALTHORPE|ESOL|2026-02-03|1130|1330,NEW_SESSION,4251,Inserted inside the current SQL transaction.
COMMITTED,SESSION,CALTHORPE|ESOL|2026-02-04|1130|1330,NEW_SESSION,4252,Inserted inside the current SQL transaction.
COMMITTED,SESSION,CALTHORPE|ESOL|2026-02-10|1130|1330,NEW_SESSION,4253,Inserted inside the current SQL transaction.
COMMITTED,SESSION,CALTHORPE|ESOL|2026-02-11|1130|1330,NEW_SESSION,4254,Inserted inside the current SQL transaction.
COMMITTED,SESSION,CALTHORPE|ESOL|2026-02-17|1130|1330,NEW_SESSION,4255,Inserted inside the current SQL transaction.
COMMITTED,SESSION,CALTHORPE|ESOL|2026-02-18|1130|1330,NEW_SESSION,4256,Inserted inside the current SQL transaction.
COMMITTED,SESSION,CALTHORPE|ESOL|2026-02-24|1130|1330,NEW_SESSION,4257,Inserted inside the current SQL transaction.
COMMITTED,SESSION,CALTHORPE|ESOL|2026-02-25|1130|1330,NEW_SESSION,4258,Inserted inside the current SQL transaction.
COMMITTED,SESSION,CALTHORPE|ESOL|2026-03-03|1130|1330,NEW_SESSION,4259,Inserted inside the current SQL transaction.
COMMITTED,SESSION,CALTHORPE|ESOL|2026-03-04|1130|1330,NEW_SESSION,4260,Inserted inside the current SQL transaction.
COMMITTED,SESSION,CALTHORPE|ESOL|2026-03-10|1130|1330,NEW_SESSION,4261,Inserted inside the current SQL transaction.
COMMITTED,SESSION,CALTHORPE|ESOL|2026-03-11|1130|1330,NEW_SESSION,4262,Inserted inside the current SQL transaction.
COMMITTED,SESSION,CALTHORPE|ESOL|2026-03-17|1130|1330,NEW_SESSION,4263,Inserted inside the current SQL transaction.
COMMITTED,SESSION,CALTHORPE|ESOL|2026-03-18|1130|1330,NEW_SESSION,4264,Inserted inside the current SQL transaction.
COMMITTED,SESSION,CALTHORPE|ESOL|2026-03-24|1130|1330,EXISTING_SESSION,57,Matched 1 CRM session(s). Selected SessionId 57; existing attendance=0.
COMMITTED,SESSION,CALTHORPE|ESOL|2026-03-25|1130|1330,NEW_SESSION,4265,Inserted inside the current SQL transaction.
COMMITTED,SESSION,CALTHORPE|ESOL|2026-03-31|1130|1330,EXISTING_SESSION,58,Matched 1 CRM session(s). Selected SessionId 58; existing attendance=0.
COMMITTED,SESSION,CALTHORPE|ESOL|2026-04-01|1130|1330,NEW_SESSION,4266,Inserted inside the current SQL transaction.
COMMITTED,SESSION,CALTHORPE|ESOL|2026-04-07|1130|1330,EXISTING_SESSION,59,Matched 1 CRM session(s). Selected SessionId 59; existing attendance=0.
COMMITTED,SESSION,CALTHORPE|ESOL|2026-04-08|1130|1330,NEW_SESSION,4267,Inserted inside the current SQL transaction.
COMMITTED,SESSION,CALTHORPE|ESOL|2026-04-14|1130|1330,EXISTING_SESSION,60,Matched 1 CRM session(s). Selected SessionId 60; existing attendance=0.
COMMITTED,SESSION,CALTHORPE|ESOL|2026-04-15|1130|1330,NEW_SESSION,4268,Inserted inside the current SQL transaction.
COMMITTED,SESSION,CALTHORPE|ESOL|2026-04-21|1130|1330,EXISTING_SESSION,61,Matched 1 CRM session(s). Selected SessionId 61; existing attendance=0.
COMMITTED,SESSION,CALTHORPE|ESOL|2026-04-22|1130|1330,NEW_SESSION,4269,Inserted inside the current SQL transaction.
COMMITTED,SESSION,CALTHORPE|ESOL|2026-04-28|1130|1330,EXISTING_SESSION,62,Matched 1 CRM session(s). Selected SessionId 62; existing attendance=0.
COMMITTED,SESSION,CALTHORPE|HIIT|2025-12-08|1000|1045,NEW_SESSION,4270,Inserted inside the current SQL transaction.
COMMITTED,SESSION,CALTHORPE|HIIT|2025-12-15|1000|1045,NEW_SESSION,4271,Inserted inside the current SQL transaction.
COMMITTED,SESSION,CALTHORPE|HIIT|2026-01-12|1030|1115,EXISTING_SESSION,141,Matched 1 CRM session(s). Selected SessionId 141; existing attendance=3.
COMMITTED,SESSION,CALTHORPE|HIIT|2026-01-19|1030|1115,EXISTING_SESSION,156,Matched 1 CRM session(s). Selected SessionId 156; existing attendance=16.
COMMITTED,SESSION,CALTHORPE|HIIT|2026-01-26|1030|1115,EXISTING_SESSION,171,Matched 1 CRM session(s). Selected SessionId 171; existing attendance=11.
COMMITTED,SESSION,CALTHORPE|HIIT|2026-02-02|1030|1115,EXISTING_SESSION,187,Matched 1 CRM session(s). Selected SessionId 187; existing attendance=11.
COMMITTED,SESSION,CALTHORPE|HIIT|2026-02-09|1030|1115,EXISTING_SESSION,204,Matched 1 CRM session(s). Selected SessionId 204; existing attendance=5.
COMMITTED,SESSION,CALTHORPE|HIIT|2026-02-16|1030|1115,EXISTING_SESSION,220,Matched 1 CRM session(s). Selected SessionId 220; existing attendance=9.
COMMITTED,SESSION,CALTHORPE|HIIT|2026-02-23|1030|1115,EXISTING_SESSION,235,Matched 1 CRM session(s). Selected SessionId 235; existing attendance=4.
COMMITTED,SESSION,CALTHORPE|HIIT|2026-03-02|1030|1115,EXISTING_SESSION,250,Matched 1 CRM session(s). Selected SessionId 250; existing attendance=7.
COMMITTED,SESSION,CALTHORPE|HIIT|2026-03-09|1030|1115,EXISTING_SESSION,263,Matched 1 CRM session(s). Selected SessionId 263; existing attendance=5.
COMMITTED,SESSION,CALTHORPE|HIIT|2026-03-16|1030|1115,EXISTING_SESSION,276,Matched 1 CRM session(s). Selected SessionId 276; existing attendance=8.
COMMITTED,SESSION,CALTHORPE|HIIT|2026-03-23|1030|1115,EXISTING_SESSION,285,Matched 1 CRM session(s). Selected SessionId 285; existing attendance=0.
COMMITTED,SESSION,CALTHORPE|HIIT|2026-03-30|1030|1115,NEW_SESSION,4272,Inserted inside the current SQL transaction.
COMMITTED,SESSION,CALTHORPE|HIIT|2026-04-06|1030|1115,NEW_SESSION,4273,Inserted inside the current SQL transaction.
COMMITTED,SESSION,CALTHORPE|HIIT|2026-04-13|1030|1115,NEW_SESSION,4274,Inserted inside the current SQL transaction.
COMMITTED,SESSION,CALTHORPE|HIIT|2026-04-20|1030|1115,NEW_SESSION,4275,Inserted inside the current SQL transaction.
COMMITTED,SESSION,CALTHORPE|HIIT|2026-04-27|1030|1115,NEW_SESSION,4276,Inserted inside the current SQL transaction.
COMMITTED,SESSION,CALTHORPE|HIIT|2026-05-04|1030|1115,NEW_SESSION,4277,Inserted inside the current SQL transaction.
COMMITTED,SESSION,CALTHORPE|MEN'S MULTI SPORTS|2026-01-15|1030|1130,NEW_SESSION,4278,Inserted inside the current SQL transaction.
COMMITTED,SESSION,CALTHORPE|MEN'S MULTI SPORTS|2026-01-22|1030|1130,NEW_SESSION,4279,Inserted inside the current SQL transaction.
COMMITTED,SESSION,CALTHORPE|MEN'S MULTI SPORTS|2026-01-29|1030|1130,NEW_SESSION,4280,Inserted inside the current SQL transaction.
COMMITTED,SESSION,CALTHORPE|MEN'S MULTI SPORTS|2026-02-05|1030|1130,NEW_SESSION,4281,Inserted inside the current SQL transaction.
COMMITTED,SESSION,CALTHORPE|MEN'S MULTI SPORTS|2026-02-12|1030|1130,NEW_SESSION,4282,Inserted inside the current SQL transaction.
COMMITTED,SESSION,CALTHORPE|MEN'S MULTI SPORTS|2026-02-19|1030|1130,NEW_SESSION,4283,Inserted inside the current SQL transaction.
COMMITTED,SESSION,CALTHORPE|MEN'S MULTI SPORTS|2026-02-26|1030|1130,NEW_SESSION,4284,Inserted inside the current SQL transaction.
COMMITTED,SESSION,CALTHORPE|MEN'S MULTI SPORTS|2026-03-05|1030|1130,NEW_SESSION,4285,Inserted inside the current SQL transaction.
COMMITTED,SESSION,CALTHORPE|MEN'S MULTI SPORTS|2026-03-12|1030|1130,NEW_SESSION,4286,Inserted inside the current SQL transaction.
COMMITTED,SESSION,CALTHORPE|MEN'S MULTI SPORTS|2026-03-19|1030|1130,NEW_SESSION,4287,Inserted inside the current SQL transaction.
COMMITTED,SESSION,CALTHORPE|MEN'S MULTI SPORTS|2026-03-26|1030|1130,NEW_SESSION,4288,Inserted inside the current SQL transaction.
COMMITTED,SESSION,CALTHORPE|MEN'S MULTI SPORTS|2026-04-02|1030|1130,NEW_SESSION,4289,Inserted inside the current SQL transaction.
COMMITTED,SESSION,CALTHORPE|MEN'S MULTI SPORTS|2026-04-09|1030|1130,NEW_SESSION,4290,Inserted inside the current SQL transaction.
COMMITTED,SESSION,CALTHORPE|MEN'S MULTI SPORTS|2026-04-16|1030|1130,NEW_SESSION,4291,Inserted inside the current SQL transaction.
COMMITTED,SESSION,CALTHORPE|MEN'S MULTI SPORTS|2026-04-23|1030|1130,NEW_SESSION,4292,Inserted inside the current SQL transaction.
COMMITTED,SESSION,CALTHORPE|MEN'S MULTI SPORTS|2026-04-30|1030|1130,NEW_SESSION,4293,Inserted inside the current SQL transaction.
COMMITTED,SESSION,CALTHORPE|MEN'S MULTI SPORTS|2026-05-07|1030|1130,NEW_SESSION,4294,Inserted inside the current SQL transaction.
COMMITTED,SESSION,CALTHORPE|MEN'S MULTI SPORTS|2026-05-14|1030|1130,NEW_SESSION,4295,Inserted inside the current SQL transaction.
COMMITTED,SESSION,CALTHORPE|MEN'S MULTI SPORTS|2026-05-21|1030|1130,NEW_SESSION,4296,Inserted inside the current SQL transaction.
COMMITTED,SESSION,CALTHORPE|MEN'S MULTI SPORTS|2026-05-28|1030|1130,NEW_SESSION,4297,Inserted inside the current SQL transaction.
COMMITTED,SESSION,CALTHORPE|PILATES|2025-11-07|1245|1330,NEW_SESSION,4298,Inserted inside the current SQL transaction.
COMMITTED,SESSION,CALTHORPE|PILATES|2025-11-14|1245|1330,NEW_SESSION,4299,Inserted inside the current SQL transaction.
COMMITTED,SESSION,CALTHORPE|PILATES|2025-11-21|1245|1330,NEW_SESSION,4300,Inserted inside the current SQL transaction.
COMMITTED,SESSION,CALTHORPE|PILATES|2025-11-28|1245|1330,NEW_SESSION,4301,Inserted inside the current SQL transaction.
COMMITTED,SESSION,CALTHORPE|PILATES|2025-12-05|1245|1330,NEW_SESSION,4302,Inserted inside the current SQL transaction.
COMMITTED,SESSION,CALTHORPE|PILATES|2025-12-12|1245|1330,NEW_SESSION,4303,Inserted inside the current SQL transaction.
COMMITTED,SESSION,CALTHORPE|PILATES|2025-12-19|1245|1330,NEW_SESSION,4304,Inserted inside the current SQL transaction.
COMMITTED,SESSION,CALTHORPE|PILATES|2026-01-16|1200|1245,NEW_SESSION,4305,Inserted inside the current SQL transaction.
COMMITTED,SESSION,CALTHORPE|PILATES|2026-01-23|1200|1245,NEW_SESSION,4306,Inserted inside the current SQL transaction.
COMMITTED,SESSION,CALTHORPE|PILATES|2026-01-30|1200|1245,NEW_SESSION,4307,Inserted inside the current SQL transaction.
COMMITTED,SESSION,CALTHORPE|PILATES|2026-02-06|1200|1245,NEW_SESSION,4308,Inserted inside the current SQL transaction.
COMMITTED,SESSION,CALTHORPE|PILATES|2026-02-13|1200|1245,NEW_SESSION,4309,Inserted inside the current SQL transaction.
COMMITTED,SESSION,CALTHORPE|PILATES|2026-02-20|1200|1245,NEW_SESSION,4310,Inserted inside the current SQL transaction.
COMMITTED,SESSION,CALTHORPE|PILATES|2026-02-27|1200|1245,NEW_SESSION,4311,Inserted inside the current SQL transaction.
COMMITTED,SESSION,CALTHORPE|PILATES|2026-03-13|1200|1245,NEW_SESSION,4312,Inserted inside the current SQL transaction.
COMMITTED,SESSION,CALTHORPE|PILATES|2026-03-20|1200|1245,EXISTING_SESSION,284,Matched 1 CRM session(s). Selected SessionId 284; existing attendance=0.
COMMITTED,SESSION,CALTHORPE|PILATES|2026-03-27|1200|1245,NEW_SESSION,4313,Inserted inside the current SQL transaction.
COMMITTED,SESSION,CALTHORPE|PILATES|2026-04-03|1200|1245,NEW_SESSION,4314,Inserted inside the current SQL transaction.
COMMITTED,SESSION,CALTHORPE|PILATES|2026-04-10|1200|1245,NEW_SESSION,4315,Inserted inside the current SQL transaction.
COMMITTED,SESSION,CALTHORPE|PILATES|2026-04-17|1200|1245,NEW_SESSION,4316,Inserted inside the current SQL transaction.
COMMITTED,SESSION,CALTHORPE|PILATES|2026-04-24|1200|1245,NEW_SESSION,4317,Inserted inside the current SQL transaction.
COMMITTED,SESSION,CALTHORPE|PILATES|2026-05-01|1200|1245,NEW_SESSION,4318,Inserted inside the current SQL transaction.
COMMITTED,SESSION,CALTHORPE|PILATES|2026-05-08|1200|1245,NEW_SESSION,4319,Inserted inside the current SQL transaction.
COMMITTED,SESSION,CALTHORPE|PILATES|2026-05-15|1200|1245,NEW_SESSION,4320,Inserted inside the current SQL transaction.
COMMITTED,SESSION,CALTHORPE|PILATES|2026-05-22|1200|1245,NEW_SESSION,4321,Inserted inside the current SQL transaction.
COMMITTED,SESSION,CALTHORPE|PILATES|2026-05-29|1200|1245,NEW_SESSION,4322,Inserted inside the current SQL transaction.
COMMITTED,SESSION,CALTHORPE|PILATES|2026-06-05|1200|1245,NEW_SESSION,4323,Inserted inside the current SQL transaction.
COMMITTED,SESSION,CALTHORPE|SALSA/BELLY DANCING|2025-11-05|1100|1200,NEW_SESSION,4324,Inserted inside the current SQL transaction.
COMMITTED,SESSION,CALTHORPE|SALSA/BELLY DANCING|2025-11-12|1100|1200,NEW_SESSION,4325,Inserted inside the current SQL transaction.
COMMITTED,SESSION,CALTHORPE|SALSA/BELLY DANCING|2025-11-19|1100|1200,NEW_SESSION,4326,Inserted inside the current SQL transaction.
COMMITTED,SESSION,CALTHORPE|SALSA/BELLY DANCING|2025-11-26|1100|1200,NEW_SESSION,4327,Inserted inside the current SQL transaction.
COMMITTED,SESSION,CALTHORPE|SALSA/BELLY DANCING|2025-12-03|1100|1200,NEW_SESSION,4328,Inserted inside the current SQL transaction.
COMMITTED,SESSION,CALTHORPE|SALSA/BELLY DANCING|2025-12-10|1100|1200,NEW_SESSION,4329,Inserted inside the current SQL transaction.
COMMITTED,SESSION,CALTHORPE|SALSA/BELLY DANCING|2026-01-14|1100|1200,NEW_SESSION,4330,Inserted inside the current SQL transaction.
COMMITTED,SESSION,CALTHORPE|SALSA/BELLY DANCING|2026-01-21|1100|1200,NEW_SESSION,4331,Inserted inside the current SQL transaction.
COMMITTED,SESSION,CALTHORPE|SALSA/BELLY DANCING|2026-01-28|1100|1200,NEW_SESSION,4332,Inserted inside the current SQL transaction.
COMMITTED,SESSION,CALTHORPE|SALSA/BELLY DANCING|2026-02-04|1100|1200,NEW_SESSION,4333,Inserted inside the current SQL transaction.
COMMITTED,SESSION,CALTHORPE|SALSA/BELLY DANCING|2026-02-10|1715|1815,NEW_SESSION,4334,Inserted inside the current SQL transaction.
COMMITTED,SESSION,CALTHORPE|SALSA/BELLY DANCING|2026-02-11|1100|1200,NEW_SESSION,4335,Inserted inside the current SQL transaction.
COMMITTED,SESSION,CALTHORPE|SALSA/BELLY DANCING|2026-02-18|1100|1200,NEW_SESSION,4336,Inserted inside the current SQL transaction.
COMMITTED,SESSION,CALTHORPE|SALSA/BELLY DANCING|2026-02-25|1100|1200,NEW_SESSION,4337,Inserted inside the current SQL transaction.
COMMITTED,SESSION,CALTHORPE|SALSA/BELLY DANCING|2026-03-06|1000|1100,EXISTING_SESSION,261,Matched 1 CRM session(s). Selected SessionId 261; existing attendance=3.
COMMITTED,SESSION,CALTHORPE|SALSA/BELLY DANCING|2026-03-11|1100|1200,NEW_SESSION,4338,Inserted inside the current SQL transaction.
COMMITTED,SESSION,CALTHORPE|SALSA/BELLY DANCING|2026-03-18|1100|1200,EXISTING_SESSION,4,Matched 1 CRM session(s). Selected SessionId 4; existing attendance=4.
COMMITTED,SESSION,CALTHORPE|SALSA/BELLY DANCING|2026-03-25|1100|1200,EXISTING_SESSION,5,Matched 1 CRM session(s). Selected SessionId 5; existing attendance=0.
COMMITTED,SESSION,CALTHORPE|SALSA/BELLY DANCING|2026-04-01|1100|1200,EXISTING_SESSION,6,Matched 1 CRM session(s). Selected SessionId 6; existing attendance=0.
COMMITTED,SESSION,CALTHORPE|SALSA/BELLY DANCING|2026-04-08|1100|1200,NEW_SESSION,4339,Inserted inside the current SQL transaction.
COMMITTED,SESSION,CALTHORPE|SALSA/BELLY DANCING|2026-04-15|1100|1200,EXISTING_SESSION,856,Matched 1 CRM session(s). Selected SessionId 856; existing attendance=0.
COMMITTED,SESSION,CALTHORPE|SALSA/BELLY DANCING|2026-04-22|1100|1200,EXISTING_SESSION,857,Matched 1 CRM session(s). Selected SessionId 857; existing attendance=0.
COMMITTED,SESSION,CALTHORPE|SALSA/BELLY DANCING|2026-04-29|1100|1200,EXISTING_SESSION,858,Matched 1 CRM session(s). Selected SessionId 858; existing attendance=0.
COMMITTED,SESSION,CALTHORPE|SALSA/BELLY DANCING|2026-05-06|1100|1200,EXISTING_SESSION,859,Matched 1 CRM session(s). Selected SessionId 859; existing attendance=0.
COMMITTED,SESSION,CALTHORPE|SALSA/BELLY DANCING|2026-05-13|1100|1200,EXISTING_SESSION,860,Matched 1 CRM session(s). Selected SessionId 860; existing attendance=0.
COMMITTED,SESSION,CALTHORPE|SALSA/BELLY DANCING|2026-05-20|1100|1200,EXISTING_SESSION,861,Matched 1 CRM session(s). Selected SessionId 861; existing attendance=0.
COMMITTED,SESSION,CALTHORPE|SALSA/BELLY DANCING|2026-05-27|1100|1200,EXISTING_SESSION,862,Matched 1 CRM session(s). Selected SessionId 862; existing attendance=0.
COMMITTED,SESSION,CALTHORPE|SALSA/BELLY DANCING|2026-06-03|1100|1200,EXISTING_SESSION,863,Matched 1 CRM session(s). Selected SessionId 863; existing attendance=0.
COMMITTED,SESSION,CALTHORPE|SALSA/BELLY DANCING|2026-06-05|1100|1145,NEW_SESSION,4340,Inserted inside the current SQL transaction.
COMMITTED,SESSION,CALTHORPE|STRENGTH & STRETCH|2025-11-03|1000|1100,NEW_SESSION,4341,Inserted inside the current SQL transaction.
COMMITTED,SESSION,CALTHORPE|STRENGTH & STRETCH|2025-11-04|1000|1100,NEW_SESSION,4342,Inserted inside the current SQL transaction.
COMMITTED,SESSION,CALTHORPE|STRENGTH & STRETCH|2025-11-11|1000|1100,NEW_SESSION,4343,Inserted inside the current SQL transaction.
COMMITTED,SESSION,CALTHORPE|STRENGTH & STRETCH|2025-11-18|1000|1100,NEW_SESSION,4344,Inserted inside the current SQL transaction.
COMMITTED,SESSION,CALTHORPE|STRENGTH & STRETCH|2025-11-25|1000|1100,NEW_SESSION,4345,Inserted inside the current SQL transaction.
COMMITTED,SESSION,CALTHORPE|STRENGTH & STRETCH|2025-12-02|1000|1100,NEW_SESSION,4346,Inserted inside the current SQL transaction.
COMMITTED,SESSION,CALTHORPE|STRENGTH & STRETCH|2025-12-09|1000|1100,NEW_SESSION,4347,Inserted inside the current SQL transaction.
COMMITTED,SESSION,CALTHORPE|STRENGTH & STRETCH|2025-12-16|1000|1100,NEW_SESSION,4348,Inserted inside the current SQL transaction.
COMMITTED,SESSION,CALTHORPE|STRENGTH & STRETCH|2026-01-13|0930|1030,EXISTING_SESSION,145,Matched 1 CRM session(s). Selected SessionId 145; existing attendance=0.
COMMITTED,SESSION,CALTHORPE|STRENGTH & STRETCH|2026-01-20|0930|1030,EXISTING_SESSION,160,Matched 1 CRM session(s). Selected SessionId 160; existing attendance=0.
COMMITTED,SESSION,CALTHORPE|STRENGTH & STRETCH|2026-01-27|0930|1030,EXISTING_SESSION,175,Matched 1 CRM session(s). Selected SessionId 175; existing attendance=0.
COMMITTED,SESSION,CALTHORPE|STRENGTH & STRETCH|2026-02-03|0930|1030,EXISTING_SESSION,192,Matched 1 CRM session(s). Selected SessionId 192; existing attendance=0.
COMMITTED,SESSION,CALTHORPE|STRENGTH & STRETCH|2026-02-10|0930|1030,EXISTING_SESSION,208,Matched 1 CRM session(s). Selected SessionId 208; existing attendance=0.
COMMITTED,SESSION,CALTHORPE|STRENGTH & STRETCH|2026-02-17|0930|1030,EXISTING_SESSION,224,Matched 1 CRM session(s). Selected SessionId 224; existing attendance=0.
COMMITTED,SESSION,CALTHORPE|STRENGTH & STRETCH|2026-02-24|0930|1030,EXISTING_SESSION,239,Matched 1 CRM session(s). Selected SessionId 239; existing attendance=0.
COMMITTED,SESSION,CALTHORPE|STRENGTH & STRETCH|2026-03-03|0930|1030,EXISTING_SESSION,254,Matched 1 CRM session(s). Selected SessionId 254; existing attendance=0.
COMMITTED,SESSION,CALTHORPE|STRENGTH & STRETCH|2026-03-10|0930|1030,EXISTING_SESSION,267,Matched 1 CRM session(s). Selected SessionId 267; existing attendance=0.
COMMITTED,SESSION,CALTHORPE|STRENGTH & STRETCH|2026-03-17|0930|1030,EXISTING_SESSION,279,Matched 1 CRM session(s). Selected SessionId 279; existing attendance=6.
COMMITTED,SESSION,CALTHORPE|STRENGTH & STRETCH|2026-03-24|0930|1030,EXISTING_SESSION,16,Matched 1 CRM session(s). Selected SessionId 16; existing attendance=13.
COMMITTED,SESSION,CALTHORPE|STRENGTH & STRETCH|2026-03-31|0930|1030,EXISTING_SESSION,17,Matched 1 CRM session(s). Selected SessionId 17; existing attendance=0.
COMMITTED,SESSION,CALTHORPE|STRENGTH & STRETCH|2026-04-07|0930|1030,EXISTING_SESSION,18,Matched 1 CRM session(s). Selected SessionId 18; existing attendance=0.
COMMITTED,SESSION,CALTHORPE|STRENGTH & STRETCH|2026-04-14|0930|1030,EXISTING_SESSION,19,Matched 1 CRM session(s). Selected SessionId 19; existing attendance=0.
COMMITTED,SESSION,CALTHORPE|STRENGTH & STRETCH|2026-04-21|0930|1030,EXISTING_SESSION,20,Matched 1 CRM session(s). Selected SessionId 20; existing attendance=0.
COMMITTED,SESSION,CALTHORPE|STRENGTH & STRETCH|2026-04-28|0930|1030,EXISTING_SESSION,21,Matched 1 CRM session(s). Selected SessionId 21; existing attendance=0.
COMMITTED,SESSION,CALTHORPE|STRENGTH & STRETCH|2026-05-05|0930|1030,EXISTING_SESSION,22,Matched 1 CRM session(s). Selected SessionId 22; existing attendance=17.
COMMITTED,SESSION,CALTHORPE|STRENGTH & STRETCH|2026-05-11|1030|1115,NEW_SESSION,4349,Inserted inside the current SQL transaction.
COMMITTED,SESSION,CALTHORPE|STRENGTH & STRETCH|2026-05-12|0930|1030,EXISTING_SESSION,23,Matched 1 CRM session(s). Selected SessionId 23; existing attendance=0.
COMMITTED,SESSION,CALTHORPE|STRENGTH & STRETCH|2026-05-18|1030|1115,NEW_SESSION,4350,Inserted inside the current SQL transaction.
COMMITTED,SESSION,CALTHORPE|STRENGTH & STRETCH|2026-05-19|0930|1030,EXISTING_SESSION,24,Matched 1 CRM session(s). Selected SessionId 24; existing attendance=0.
COMMITTED,SESSION,CALTHORPE|STRENGTH & STRETCH|2026-05-25|1030|1115,NEW_SESSION,4351,Inserted inside the current SQL transaction.
COMMITTED,SESSION,CALTHORPE|STRENGTH & STRETCH|2026-05-26|0930|1030,EXISTING_SESSION,25,Matched 1 CRM session(s). Selected SessionId 25; existing attendance=0.
COMMITTED,SESSION,CALTHORPE|STRENGTH & STRETCH|2026-06-01|1030|1115,NEW_SESSION,4352,Inserted inside the current SQL transaction.
COMMITTED,SESSION,CALTHORPE|STRENGTH & STRETCH|2026-06-02|0930|1030,EXISTING_SESSION,26,Matched 1 CRM session(s). Selected SessionId 26; existing attendance=0.
COMMITTED,SESSION,CALTHORPE|STRENGTH & STRETCH|2026-06-08|1030|1115,NEW_SESSION,4353,Inserted inside the current SQL transaction.
COMMITTED,SESSION,CALTHORPE|STRENGTH & STRETCH|2026-06-09|0930|1030,EXISTING_SESSION,27,Matched 1 CRM session(s). Selected SessionId 27; existing attendance=0.
COMMITTED,SESSION,CALTHORPE|TENNIS|2025-11-28|1200|1300,EXISTING_SESSION,139,Matched 1 CRM session(s). Selected SessionId 139; existing attendance=0.
COMMITTED,SESSION,CALTHORPE|WALK WITH ABI|2026-04-16|1015|1115,NEW_SESSION,4354,Inserted inside the current SQL transaction.
COMMITTED,SESSION,CALTHORPE|WALK WITH ABI|2026-04-23|1015|1115,NEW_SESSION,4355,Inserted inside the current SQL transaction.
COMMITTED,SESSION,CALTHORPE|WALK WITH ABI|2026-04-30|1015|1115,NEW_SESSION,4356,Inserted inside the current SQL transaction.
COMMITTED,SESSION,CALTHORPE|WALK WITH ABI|2026-05-07|1015|1115,NEW_SESSION,4357,Inserted inside the current SQL transaction.
COMMITTED,SESSION,CALTHORPE|WALK WITH ABI|2026-05-14|1015|1115,NEW_SESSION,4358,Inserted inside the current SQL transaction.
COMMITTED,SESSION,CALTHORPE|WALK WITH ABI|2026-05-21|1015|1115,NEW_SESSION,4359,Inserted inside the current SQL transaction.
COMMITTED,SESSION,CALTHORPE|WALK WITH ABI|2026-05-28|1015|1115,NEW_SESSION,4360,Inserted inside the current SQL transaction.
COMMITTED,SESSION,CALTHORPE|WALK WITH ABI|2026-06-04|1015|1115,NEW_SESSION,4361,Inserted inside the current SQL transaction.
COMMITTED,SESSION,CALTHORPE|WORKSHOPS|2026-02-04|1215|1330,EXISTING_SESSION,196,Matched 1 CRM session(s). Selected SessionId 196; existing attendance=0.
COMMITTED,SESSION,CALTHORPE|YOGA|2025-11-25|1730|1830,NEW_SESSION,4362,Inserted inside the current SQL transaction.
COMMITTED,SESSION,CALTHORPE|YOGA|2025-12-02|1715|1815,NEW_SESSION,4363,Inserted inside the current SQL transaction.
COMMITTED,SESSION,CALTHORPE|YOGA|2025-12-09|1715|1815,NEW_SESSION,4364,Inserted inside the current SQL transaction.
COMMITTED,SESSION,CALTHORPE|YOGA|2025-12-16|1715|1815,NEW_SESSION,4365,Inserted inside the current SQL transaction.
COMMITTED,SESSION,CALTHORPE|YOGA|2026-01-13|1715|1815,EXISTING_SESSION,146,Matched 1 CRM session(s). Selected SessionId 146; existing attendance=5.
COMMITTED,SESSION,CALTHORPE|YOGA|2026-01-20|1715|1815,EXISTING_SESSION,161,Matched 1 CRM session(s). Selected SessionId 161; existing attendance=6.
COMMITTED,SESSION,CALTHORPE|YOGA|2026-01-27|1715|1815,EXISTING_SESSION,177,Matched 1 CRM session(s). Selected SessionId 177; existing attendance=0.
COMMITTED,SESSION,CALTHORPE|YOGA|2026-02-03|1715|1815,NEW_SESSION,4366,Inserted inside the current SQL transaction.
COMMITTED,SESSION,CALTHORPE|YOGA|2026-02-17|1715|1815,NEW_SESSION,4367,Inserted inside the current SQL transaction.
COMMITTED,SESSION,CALTHORPE|YOGA|2026-02-24|1715|1815,NEW_SESSION,4368,Inserted inside the current SQL transaction.
COMMITTED,SESSION,CALTHORPE|YOGA|2026-03-03|1715|1815,NEW_SESSION,4369,Inserted inside the current SQL transaction.
COMMITTED,SESSION,CALTHORPE|YOGA|2026-03-10|1715|1815,NEW_SESSION,4370,Inserted inside the current SQL transaction.
COMMITTED,SESSION,CALTHORPE|YOGA|2026-03-17|1715|1815,NEW_SESSION,4371,Inserted inside the current SQL transaction.
COMMITTED,SESSION,CALTHORPE|YOGA|2026-04-07|1715|1815,NEW_SESSION,4372,Inserted inside the current SQL transaction.
COMMITTED,SESSION,CALTHORPE|YOGA|2026-04-14|1715|1815,NEW_SESSION,4373,Inserted inside the current SQL transaction.
COMMITTED,SESSION,CALTHORPE|YOGA|2026-04-21|1715|1815,NEW_SESSION,4374,Inserted inside the current SQL transaction.
COMMITTED,SESSION,CALTHORPE|YOGA|2026-04-28|1715|1815,NEW_SESSION,4375,Inserted inside the current SQL transaction.
COMMITTED,SESSION,CALTHORPE|YOGA|2026-05-05|1715|1815,NEW_SESSION,4376,Inserted inside the current SQL transaction.
COMMITTED,SESSION,CALTHORPE|YOGA|2026-05-12|1715|1815,NEW_SESSION,4377,Inserted inside the current SQL transaction.
COMMITTED,SESSION,CALTHORPE|YOGA|2026-05-19|1715|1815,NEW_SESSION,4378,Inserted inside the current SQL transaction.
COMMITTED,SESSION,CALTHORPE|YOGA|2026-05-26|1715|1815,NEW_SESSION,4379,Inserted inside the current SQL transaction.
COMMITTED,SESSION,CALTHORPE|YOGA|2026-06-02|1715|1815,NEW_SESSION,4380,Inserted inside the current SQL transaction.
COMMITTED,SESSION,CALTHORPE|YOGA|2026-06-09|1715|1815,NEW_SESSION,4381,Inserted inside the current SQL transaction.
COMMITTED,SESSION,CALTHORPE|ZUMBA|2025-11-07|1800|1900,NEW_SESSION,4382,Inserted inside the current SQL transaction.
COMMITTED,SESSION,CALTHORPE|ZUMBA|2025-11-14|1800|1900,NEW_SESSION,4383,Inserted inside the current SQL transaction.
COMMITTED,SESSION,CALTHORPE|ZUMBA|2025-11-21|1800|1900,NEW_SESSION,4384,Inserted inside the current SQL transaction.
COMMITTED,SESSION,CALTHORPE|ZUMBA|2025-11-28|1800|1900,NEW_SESSION,4385,Inserted inside the current SQL transaction.
COMMITTED,SESSION,CALTHORPE|ZUMBA|2026-01-12|0930|1015,EXISTING_SESSION,143,Matched 1 CRM session(s). Selected SessionId 143; existing attendance=14.
COMMITTED,SESSION,CALTHORPE|ZUMBA|2026-01-19|0930|1015,EXISTING_SESSION,158,Matched 1 CRM session(s). Selected SessionId 158; existing attendance=13.
COMMITTED,SESSION,CALTHORPE|ZUMBA|2026-01-26|0930|1015,EXISTING_SESSION,173,Matched 1 CRM session(s). Selected SessionId 173; existing attendance=13.
COMMITTED,SESSION,CALTHORPE|ZUMBA|2026-02-02|0930|1015,EXISTING_SESSION,189,Matched 1 CRM session(s). Selected SessionId 189; existing attendance=11.
COMMITTED,SESSION,CALTHORPE|ZUMBA|2026-02-09|0930|1015,EXISTING_SESSION,206,Matched 1 CRM session(s). Selected SessionId 206; existing attendance=6.
COMMITTED,SESSION,CALTHORPE|ZUMBA|2026-02-16|0930|1015,EXISTING_SESSION,222,Matched 1 CRM session(s). Selected SessionId 222; existing attendance=11.
COMMITTED,SESSION,CALTHORPE|ZUMBA|2026-02-23|0930|1015,EXISTING_SESSION,237,Matched 1 CRM session(s). Selected SessionId 237; existing attendance=6.
COMMITTED,SESSION,CALTHORPE|ZUMBA|2026-03-02|0930|1015,EXISTING_SESSION,252,Matched 1 CRM session(s). Selected SessionId 252; existing attendance=9.
COMMITTED,SESSION,CALTHORPE|ZUMBA|2026-03-09|0930|1015,EXISTING_SESSION,265,Matched 1 CRM session(s). Selected SessionId 265; existing attendance=7.
COMMITTED,SESSION,CALTHORPE|ZUMBA|2026-03-16|0930|1015,EXISTING_SESSION,278,Matched 1 CRM session(s). Selected SessionId 278; existing attendance=10.
COMMITTED,SESSION,CALTHORPE|ZUMBA|2026-03-23|0930|1015,EXISTING_SESSION,10,Matched 2 CRM session(s). Selected SessionId 10; existing attendance=8.
COMMITTED,SESSION,CALTHORPE|ZUMBA|2026-03-30|0930|1015,EXISTING_SESSION,11,Matched 1 CRM session(s). Selected SessionId 11; existing attendance=0.
COMMITTED,SESSION,CALTHORPE|ZUMBA|2026-04-06|0930|1015,EXISTING_SESSION,12,Matched 1 CRM session(s). Selected SessionId 12; existing attendance=0.
COMMITTED,SESSION,CALTHORPE|ZUMBA|2026-04-13|0930|1015,EXISTING_SESSION,13,Matched 1 CRM session(s). Selected SessionId 13; existing attendance=0.
COMMITTED,SESSION,CALTHORPE|ZUMBA|2026-04-20|0930|1015,EXISTING_SESSION,14,Matched 1 CRM session(s). Selected SessionId 14; existing attendance=0.
COMMITTED,SESSION,CALTHORPE|ZUMBA|2026-04-27|0930|1015,EXISTING_SESSION,15,Matched 1 CRM session(s). Selected SessionId 15; existing attendance=0.
COMMITTED,SESSION,CALTHORPE|ZUMBA|2026-05-04|0930|1015,NEW_SESSION,4386,Inserted inside the current SQL transaction.
COMMITTED,SESSION,CALTHORPE|ZUMBA|2026-05-11|0930|1015,NEW_SESSION,4387,Inserted inside the current SQL transaction.
COMMITTED,PARTICIPANT,CARD:1020,MATCHED_FULL,4614,
COMMITTED,PARTICIPANT,CARD:105,MATCHED_FULL,9797,
COMMITTED,PARTICIPANT,CARD:1236,MATCHED_FULL,4942,
COMMITTED,PARTICIPANT,CARD:126,MATCHED_FULL,9806,
COMMITTED,PARTICIPANT,CARD:1269,MATCHED_FULL,5020,
COMMITTED,PARTICIPANT,CARD:1270,MATCHED_FULL,5021,
COMMITTED,PARTICIPANT,CARD:129,MATCHED_FULL,9809,
COMMITTED,PARTICIPANT,CARD:1334,MATCHED_FULL,5193,
COMMITTED,PARTICIPANT,CARD:137,MATCHED_FULL,9815,
COMMITTED,PARTICIPANT,CARD:140,MATCHED_FULL,4732,
COMMITTED,PARTICIPANT,CARD:1418,MATCHED_FULL,9669,
COMMITTED,PARTICIPANT,CARD:1447,MATCHED_FULL,9887,
COMMITTED,PARTICIPANT,CARD:145,MATCHED_FULL,4301,
COMMITTED,PARTICIPANT,CARD:1502,MATCHED_FULL,9872,
COMMITTED,PARTICIPANT,CARD:1503,MATCHED_FULL,9893,
COMMITTED,PARTICIPANT,CARD:1513,MATCHED_FULL,9896,
COMMITTED,PARTICIPANT,CARD:1518,MATCHED_FULL,9867,
COMMITTED,PARTICIPANT,CARD:1527,MATCHED_FULL,9947,
COMMITTED,PARTICIPANT,CARD:1528,MATCHED_FULL,9948,
COMMITTED,PARTICIPANT,CARD:1531,MATCHED_FULL,9953,
COMMITTED,PARTICIPANT,CARD:1532,MATCHED_FULL,9962,
COMMITTED,PARTICIPANT,CARD:1536,MATCHED_FULL,9941,
COMMITTED,PARTICIPANT,CARD:154,MATCHED_FULL,4399,
COMMITTED,PARTICIPANT,CARD:1541,MATCHED_FULL,9952,
COMMITTED,PARTICIPANT,CARD:1543,MATCHED_FULL,9958,
COMMITTED,PARTICIPANT,CARD:1548,MATCHED_FULL,9957,
COMMITTED,PARTICIPANT,CARD:1549,MATCHED_FULL,9934,
COMMITTED,PARTICIPANT,CARD:1550,MATCHED_FULL,9930,
COMMITTED,PARTICIPANT,CARD:156,MATCHED_FULL,4312,
COMMITTED,PARTICIPANT,CARD:1565,MATCHED_FULL,9901,
COMMITTED,PARTICIPANT,CARD:1567,MATCHED_FULL,9891,
COMMITTED,PARTICIPANT,CARD:157,MATCHED_FULL,4309,
COMMITTED,PARTICIPANT,CARD:1599,MATCHED_FULL,9911,
COMMITTED,PARTICIPANT,CARD:1601,MATCHED_FULL,9913,
COMMITTED,PARTICIPANT,CARD:1603,MATCHED_FULL,9950,
COMMITTED,PARTICIPANT,CARD:1616,MATCHED_FULL,9977,
COMMITTED,PARTICIPANT,CARD:1617,MATCHED_FULL,9972,
COMMITTED,PARTICIPANT,CARD:1628,MATCHED_FULL,10019,
COMMITTED,PARTICIPANT,CARD:1631,MATCHED_FULL,10011,
COMMITTED,PARTICIPANT,CARD:1632,MATCHED_FULL,10007,
COMMITTED,PARTICIPANT,CARD:1633,MATCHED_FULL,10071,
COMMITTED,PARTICIPANT,CARD:1634,MATCHED_FULL,10008,
COMMITTED,PARTICIPANT,CARD:1815,CREATED_FULL,10168,Created FULL participant for missing card '1815' inside the current SQL transaction.
COMMITTED,PARTICIPANT,CARD:204,MATCHED_FULL,4481,
COMMITTED,PARTICIPANT,CARD:2480,MATCHED_FULL,10040,
COMMITTED,PARTICIPANT,CARD:249,MATCHED_FULL,4396,
COMMITTED,PARTICIPANT,CARD:261,MATCHED_FULL,4445,
COMMITTED,PARTICIPANT,CARD:264,MATCHED_FULL,4455,
COMMITTED,PARTICIPANT,CARD:269,MATCHED_FULL,4467,
COMMITTED,PARTICIPANT,CARD:270,MATCHED_FULL,4469,
COMMITTED,PARTICIPANT,CARD:305,MATCHED_FULL,4552,
COMMITTED,PARTICIPANT,CARD:315,MATCHED_FULL,4564,
COMMITTED,PARTICIPANT,CARD:319,MATCHED_FULL,4572,
COMMITTED,PARTICIPANT,CARD:334,MATCHED_FULL,4566,
COMMITTED,PARTICIPANT,CARD:337,MATCHED_FULL,4587,
COMMITTED,PARTICIPANT,CARD:346,MATCHED_FULL,4511,
COMMITTED,PARTICIPANT,CARD:3489,CREATED_FULL,10169,Created FULL participant for missing card '3489' inside the current SQL transaction.
COMMITTED,PARTICIPANT,CARD:351,MATCHED_FULL,4424,
COMMITTED,PARTICIPANT,CARD:369,MATCHED_FULL,4573,
COMMITTED,PARTICIPANT,CARD:370,MATCHED_FULL,4763,
COMMITTED,PARTICIPANT,CARD:371,MATCHED_FULL,5174,
COMMITTED,PARTICIPANT,CARD:372,MATCHED_FULL,5181,
COMMITTED,PARTICIPANT,CARD:373,MATCHED_FULL,5183,
COMMITTED,PARTICIPANT,CARD:375,MATCHED_FULL,5185,
COMMITTED,PARTICIPANT,CARD:376,MATCHED_FULL,5243,
COMMITTED,PARTICIPANT,CARD:377,MATCHED_FULL,5192,
COMMITTED,PARTICIPANT,CARD:379,MATCHED_FULL,5187,
COMMITTED,PARTICIPANT,CARD:380,MATCHED_FULL,5189,
COMMITTED,PARTICIPANT,CARD:382,MATCHED_FULL,5203,
COMMITTED,PARTICIPANT,CARD:384,MATCHED_FULL,5204,
COMMITTED,PARTICIPANT,CARD:385,MATCHED_FULL,5208,
COMMITTED,PARTICIPANT,CARD:386,MATCHED_FULL,5210,
COMMITTED,PARTICIPANT,CARD:388,MATCHED_FULL,5216,
COMMITTED,PARTICIPANT,CARD:390,MATCHED_FULL,5218,
COMMITTED,PARTICIPANT,CARD:391,MATCHED_FULL,5223,
COMMITTED,PARTICIPANT,CARD:393,MATCHED_FULL,5221,
COMMITTED,PARTICIPANT,CARD:394,MATCHED_FULL,5220,
COMMITTED,PARTICIPANT,CARD:395,MATCHED_FULL,5230,
COMMITTED,PARTICIPANT,CARD:396,MATCHED_FULL,5231,
COMMITTED,PARTICIPANT,CARD:397,MATCHED_FULL,5235,
COMMITTED,PARTICIPANT,CARD:398,MATCHED_FULL,5236,
COMMITTED,PARTICIPANT,CARD:402,MATCHED_FULL,4308,
COMMITTED,PARTICIPANT,CARD:406,MATCHED_FULL,4314,
COMMITTED,PARTICIPANT,CARD:407,MATCHED_FULL,4315,
COMMITTED,PARTICIPANT,CARD:410,MATCHED_FULL,4328,
COMMITTED,PARTICIPANT,CARD:411,MATCHED_FULL,4331,
COMMITTED,PARTICIPANT,CARD:412,MATCHED_FULL,4330,
COMMITTED,PARTICIPANT,CARD:413,MATCHED_FULL,4329,
COMMITTED,PARTICIPANT,CARD:415,MATCHED_FULL,4340,
COMMITTED,PARTICIPANT,CARD:416,MATCHED_FULL,4335,
COMMITTED,PARTICIPANT,CARD:418,MATCHED_FULL,4343,
COMMITTED,PARTICIPANT,CARD:419,MATCHED_FULL,4337,
COMMITTED,PARTICIPANT,CARD:422,MATCHED_FULL,4341,
COMMITTED,PARTICIPANT,CARD:424,MATCHED_FULL,4344,
COMMITTED,PARTICIPANT,CARD:426,MATCHED_FULL,9856,
COMMITTED,PARTICIPANT,CARD:427,MATCHED_FULL,4357,
COMMITTED,PARTICIPANT,CARD:429,MATCHED_FULL,4460,
COMMITTED,PARTICIPANT,CARD:430,MATCHED_FULL,4459,
COMMITTED,PARTICIPANT,CARD:433,MATCHED_FULL,4466,
COMMITTED,PARTICIPANT,CARD:434,MATCHED_FULL,4359,
COMMITTED,PARTICIPANT,CARD:436,MATCHED_FULL,4365,
COMMITTED,PARTICIPANT,CARD:44,MATCHED_FULL,9756,
COMMITTED,PARTICIPANT,CARD:440,MATCHED_FULL,4368,
COMMITTED,PARTICIPANT,CARD:441,MATCHED_FULL,4369,
COMMITTED,PARTICIPANT,CARD:442,MATCHED_FULL,4370,
COMMITTED,PARTICIPANT,CARD:444,MATCHED_FULL,4374,
COMMITTED,PARTICIPANT,CARD:449,MATCHED_FULL,4386,
COMMITTED,PARTICIPANT,CARD:450,MATCHED_FULL,4388,
COMMITTED,PARTICIPANT,CARD:451,MATCHED_FULL,4387,
COMMITTED,PARTICIPANT,CARD:452,MATCHED_FULL,4395,
COMMITTED,PARTICIPANT,CARD:4529,CREATED_FULL,10170,Created FULL participant for missing card '4529' inside the current SQL transaction.
COMMITTED,PARTICIPANT,CARD:453,MATCHED_FULL,4397,
COMMITTED,PARTICIPANT,CARD:455,MATCHED_FULL,4400,
COMMITTED,PARTICIPANT,CARD:457,MATCHED_FULL,4403,
COMMITTED,PARTICIPANT,CARD:458,MATCHED_FULL,4402,
COMMITTED,PARTICIPANT,CARD:459,MATCHED_FULL,4404,
COMMITTED,PARTICIPANT,CARD:462,MATCHED_FULL,4405,
COMMITTED,PARTICIPANT,CARD:463,MATCHED_FULL,9703,
COMMITTED,PARTICIPANT,CARD:468,MATCHED_FULL,9704,
COMMITTED,PARTICIPANT,CARD:469,MATCHED_FULL,4446,
COMMITTED,PARTICIPANT,CARD:470,MATCHED_FULL,9705,
COMMITTED,PARTICIPANT,CARD:474,MATCHED_FULL,4416,
COMMITTED,PARTICIPANT,CARD:475,MATCHED_FULL,4417,
COMMITTED,PARTICIPANT,CARD:48,MATCHED_FULL,9760,
COMMITTED,PARTICIPANT,CARD:485,MATCHED_FULL,4358,
COMMITTED,PARTICIPANT,CARD:486,MATCHED_FULL,4480,
COMMITTED,PARTICIPANT,CARD:487,MATCHED_FULL,4483,
COMMITTED,PARTICIPANT,CARD:491,MATCHED_FULL,4468,
COMMITTED,PARTICIPANT,CARD:493,MATCHED_FULL,4473,
COMMITTED,PARTICIPANT,CARD:498,MATCHED_FULL,4356,
COMMITTED,PARTICIPANT,CARD:504,MATCHED_FULL,4609,
COMMITTED,PARTICIPANT,CARD:507,MATCHED_FULL,4627,
COMMITTED,PARTICIPANT,CARD:508,MATCHED_FULL,4626,
COMMITTED,PARTICIPANT,CARD:509,MATCHED_FULL,4625,
COMMITTED,PARTICIPANT,CARD:511,MATCHED_FULL,9691,
COMMITTED,PARTICIPANT,CARD:512,MATCHED_FULL,9690,
COMMITTED,PARTICIPANT,CARD:513,MATCHED_FULL,5260,
COMMITTED,PARTICIPANT,CARD:514,MATCHED_FULL,5258,
COMMITTED,PARTICIPANT,CARD:515,MATCHED_FULL,5257,
COMMITTED,PARTICIPANT,CARD:516,MATCHED_FULL,5254,
COMMITTED,PARTICIPANT,CARD:518,MATCHED_FULL,5256,
COMMITTED,PARTICIPANT,CARD:526,MATCHED_FULL,5272,
COMMITTED,PARTICIPANT,CARD:531,MATCHED_FULL,4638,
COMMITTED,PARTICIPANT,CARD:538,MATCHED_FULL,5341,
COMMITTED,PARTICIPANT,CARD:540,MATCHED_FULL,9902,
COMMITTED,PARTICIPANT,CARD:541,MATCHED_FULL,5293,
COMMITTED,PARTICIPANT,CARD:543,MATCHED_FULL,5329,
COMMITTED,PARTICIPANT,CARD:549,MATCHED_FULL,4682,
COMMITTED,PARTICIPANT,CARD:550,MATCHED_FULL,4667,
COMMITTED,PARTICIPANT,CARD:557,MATCHED_FULL,4688,
COMMITTED,PARTICIPANT,CARD:561,MATCHED_FULL,4703,
COMMITTED,PARTICIPANT,CARD:565,MATCHED_FULL,4736,
COMMITTED,PARTICIPANT,CARD:566,MATCHED_FULL,4737,
COMMITTED,PARTICIPANT,CARD:568,MATCHED_FULL,9709,
COMMITTED,PARTICIPANT,CARD:569,MATCHED_FULL,4743,
COMMITTED,PARTICIPANT,CARD:572,MATCHED_FULL,4834,
COMMITTED,PARTICIPANT,CARD:577,MATCHED_FULL,4793,
COMMITTED,PARTICIPANT,CARD:580,MATCHED_FULL,4765,
COMMITTED,PARTICIPANT,CARD:584,MATCHED_FULL,4723,
COMMITTED,PARTICIPANT,CARD:586,MATCHED_FULL,4719,
COMMITTED,PARTICIPANT,CARD:593,MATCHED_FULL,4702,
COMMITTED,PARTICIPANT,CARD:594,MATCHED_FULL,4754,
COMMITTED,PARTICIPANT,CARD:596,MATCHED_FULL,4820,
COMMITTED,PARTICIPANT,CARD:601,MATCHED_FULL,4976,
COMMITTED,PARTICIPANT,CARD:602,MATCHED_FULL,5001,
COMMITTED,PARTICIPANT,CARD:604,MATCHED_FULL,4998,
COMMITTED,PARTICIPANT,CARD:605,MATCHED_FULL,4996,
COMMITTED,PARTICIPANT,CARD:606,MATCHED_FULL,9724,
COMMITTED,PARTICIPANT,CARD:610,MATCHED_FULL,4993,
COMMITTED,PARTICIPANT,CARD:612,MATCHED_FULL,4989,
COMMITTED,PARTICIPANT,CARD:613,MATCHED_FULL,4985,
COMMITTED,PARTICIPANT,CARD:616,MATCHED_FULL,4983,
COMMITTED,PARTICIPANT,CARD:617,MATCHED_FULL,4981,
COMMITTED,PARTICIPANT,CARD:619,MATCHED_FULL,4979,
COMMITTED,PARTICIPANT,CARD:620,MATCHED_FULL,5003,
COMMITTED,PARTICIPANT,CARD:622,MATCHED_FULL,5006,
COMMITTED,PARTICIPANT,CARD:624,MATCHED_FULL,5012,
COMMITTED,PARTICIPANT,CARD:625,MATCHED_FULL,5013,
COMMITTED,PARTICIPANT,CARD:628,MATCHED_FULL,5018,
COMMITTED,PARTICIPANT,CARD:629,MATCHED_FULL,5022,
COMMITTED,PARTICIPANT,CARD:631,MATCHED_FULL,5024,
COMMITTED,PARTICIPANT,CARD:633,MATCHED_FULL,5029,
COMMITTED,PARTICIPANT,CARD:634,MATCHED_FULL,5036,
COMMITTED,PARTICIPANT,CARD:635,MATCHED_FULL,5037,
COMMITTED,PARTICIPANT,CARD:637,MATCHED_FULL,5042,
COMMITTED,PARTICIPANT,CARD:638,MATCHED_FULL,5045,
COMMITTED,PARTICIPANT,CARD:639,MATCHED_FULL,5047,
COMMITTED,PARTICIPANT,CARD:640,MATCHED_FULL,5050,
COMMITTED,PARTICIPANT,CARD:642,MATCHED_FULL,4919,
COMMITTED,PARTICIPANT,CARD:644,MATCHED_FULL,4924,
COMMITTED,PARTICIPANT,CARD:647,MATCHED_FULL,4932,
COMMITTED,PARTICIPANT,CARD:648,MATCHED_FULL,4937,
COMMITTED,PARTICIPANT,CARD:650,MATCHED_FULL,4936,
COMMITTED,PARTICIPANT,CARD:653,MATCHED_FULL,4948,
COMMITTED,PARTICIPANT,CARD:654,MATCHED_FULL,4949,
COMMITTED,PARTICIPANT,CARD:655,MATCHED_FULL,5078,
COMMITTED,PARTICIPANT,CARD:656,MATCHED_FULL,4950,
COMMITTED,PARTICIPANT,CARD:657,MATCHED_FULL,4974,
COMMITTED,PARTICIPANT,CARD:658,MATCHED_FULL,4963,
COMMITTED,PARTICIPANT,CARD:663,MATCHED_FULL,4957,
COMMITTED,PARTICIPANT,CARD:672,MATCHED_FULL,4876,
COMMITTED,PARTICIPANT,CARD:673,MATCHED_FULL,4875,
COMMITTED,PARTICIPANT,CARD:679,MATCHED_FULL,4934,
COMMITTED,PARTICIPANT,CARD:68,MATCHED_FULL,9775,
COMMITTED,PARTICIPANT,CARD:681,MATCHED_FULL,4935,
COMMITTED,PARTICIPANT,CARD:689,MATCHED_FULL,4901,
COMMITTED,PARTICIPANT,CARD:690,MATCHED_FULL,4906,
COMMITTED,PARTICIPANT,CARD:691,MATCHED_FULL,4908,
COMMITTED,PARTICIPANT,CARD:692,MATCHED_FULL,4909,
COMMITTED,PARTICIPANT,CARD:693,MATCHED_FULL,4913,
COMMITTED,PARTICIPANT,CARD:697,MATCHED_FULL,4940,
COMMITTED,PARTICIPANT,CARD:698,MATCHED_FULL,4941,
COMMITTED,PARTICIPANT,CARD:699,MATCHED_FULL,4939,
COMMITTED,PARTICIPANT,CARD:700,MATCHED_FULL,5049,
COMMITTED,PARTICIPANT,CARD:703,MATCHED_FULL,5054,
COMMITTED,PARTICIPANT,CARD:704,MATCHED_FULL,5055,
COMMITTED,PARTICIPANT,CARD:705,MATCHED_FULL,5058,
COMMITTED,PARTICIPANT,CARD:706,MATCHED_FULL,5060,
COMMITTED,PARTICIPANT,CARD:707,MATCHED_FULL,5061,
COMMITTED,PARTICIPANT,CARD:708,MATCHED_FULL,5063,
COMMITTED,PARTICIPANT,CARD:709,MATCHED_FULL,5065,
COMMITTED,PARTICIPANT,CARD:714,MATCHED_FULL,5071,
COMMITTED,PARTICIPANT,CARD:715,MATCHED_FULL,5072,
COMMITTED,PARTICIPANT,CARD:717,MATCHED_FULL,5079,
COMMITTED,PARTICIPANT,CARD:720,MATCHED_FULL,5084,
COMMITTED,PARTICIPANT,CARD:722,MATCHED_FULL,5092,
COMMITTED,PARTICIPANT,CARD:725,MATCHED_FULL,5095,
COMMITTED,PARTICIPANT,CARD:727,MATCHED_FULL,5097,
COMMITTED,PARTICIPANT,CARD:728,MATCHED_FULL,5101,
COMMITTED,PARTICIPANT,CARD:732,MATCHED_FULL,5105,
COMMITTED,PARTICIPANT,CARD:738,MATCHED_FULL,5109,
COMMITTED,PARTICIPANT,CARD:740,MATCHED_FULL,5112,
COMMITTED,PARTICIPANT,CARD:742,MATCHED_FULL,5114,
COMMITTED,PARTICIPANT,CARD:745,MATCHED_FULL,5116,
COMMITTED,PARTICIPANT,CARD:747,MATCHED_FULL,5059,
COMMITTED,PARTICIPANT,CARD:749,MATCHED_FULL,5074,
COMMITTED,PARTICIPANT,CARD:750,MATCHED_FULL,5076,
COMMITTED,PARTICIPANT,CARD:753,MATCHED_FULL,5127,
COMMITTED,PARTICIPANT,CARD:754,MATCHED_FULL,5129,
COMMITTED,PARTICIPANT,CARD:761,MATCHED_FULL,5141,
COMMITTED,PARTICIPANT,CARD:763,CREATED_FULL,10171,Created FULL participant for missing card '763' inside the current SQL transaction.
COMMITTED,PARTICIPANT,CARD:764,MATCHED_FULL,5146,
COMMITTED,PARTICIPANT,CARD:767,CREATED_FULL,10172,Created FULL participant for missing card '767' inside the current SQL transaction.
COMMITTED,PARTICIPANT,CARD:769,MATCHED_FULL,5151,
COMMITTED,PARTICIPANT,CARD:77,MATCHED_FULL,4475,
COMMITTED,PARTICIPANT,CARD:770,MATCHED_FULL,5152,
COMMITTED,PARTICIPANT,CARD:771,MATCHED_FULL,5149,
COMMITTED,PARTICIPANT,CARD:774,MATCHED_FULL,5159,
COMMITTED,PARTICIPANT,CARD:779,MATCHED_FULL,5175,
COMMITTED,PARTICIPANT,CARD:780,MATCHED_FULL,5176,
COMMITTED,PARTICIPANT,CARD:784,MATCHED_FULL,5263,
COMMITTED,PARTICIPANT,CARD:785,MATCHED_FULL,5259,
COMMITTED,PARTICIPANT,CARD:786,MATCHED_FULL,5289,
COMMITTED,PARTICIPANT,CARD:787,MATCHED_FULL,5265,
COMMITTED,PARTICIPANT,CARD:788,MATCHED_FULL,5306,
COMMITTED,PARTICIPANT,CARD:789,MATCHED_FULL,5313,
COMMITTED,PARTICIPANT,CARD:790,MATCHED_FULL,5309,
COMMITTED,PARTICIPANT,CARD:791,MATCHED_FULL,5312,
COMMITTED,PARTICIPANT,CARD:792,MATCHED_FULL,5303,
COMMITTED,PARTICIPANT,CARD:793,MATCHED_FULL,5305,
COMMITTED,PARTICIPANT,CARD:794,MATCHED_FULL,5299,
COMMITTED,PARTICIPANT,CARD:797,MATCHED_FULL,5298,
COMMITTED,PARTICIPANT,CARD:798,MATCHED_FULL,5295,
COMMITTED,PARTICIPANT,CARD:799,MATCHED_FULL,5296,
COMMITTED,PARTICIPANT,CARD:801,MATCHED_FULL,5285,
COMMITTED,PARTICIPANT,CARD:802,MATCHED_FULL,5284,
COMMITTED,PARTICIPANT,CARD:803,MATCHED_FULL,5280,
COMMITTED,PARTICIPANT,CARD:806,MATCHED_FULL,5264,
COMMITTED,PARTICIPANT,CARD:815,CREATED_FULL,10173,Created FULL participant for missing card '815' inside the current SQL transaction.
COMMITTED,PARTICIPANT,CARD:824,MATCHED_FULL,5288,
COMMITTED,PARTICIPANT,CARD:826,MATCHED_FULL,5291,
COMMITTED,PARTICIPANT,CARD:846,MATCHED_FULL,9860,
COMMITTED,PARTICIPANT,CARD:849,MATCHED_FULL,9680,
COMMITTED,PARTICIPANT,CARD:850,MATCHED_FULL,9650,
COMMITTED,PARTICIPANT,CARD:851,MATCHED_FULL,9664,
COMMITTED,PARTICIPANT,CARD:852,MATCHED_FULL,9642,
COMMITTED,PARTICIPANT,CARD:853,MATCHED_FULL,9663,
COMMITTED,PARTICIPANT,CARD:854,MATCHED_FULL,5351,
COMMITTED,PARTICIPANT,CARD:855,MATCHED_FULL,5355,
COMMITTED,PARTICIPANT,CARD:856,MATCHED_FULL,5345,
COMMITTED,PARTICIPANT,CARD:857,MATCHED_FULL,5346,
COMMITTED,PARTICIPANT,CARD:861,MATCHED_FULL,5325,
COMMITTED,PARTICIPANT,CARD:862,MATCHED_FULL,5326,
COMMITTED,PARTICIPANT,CARD:866,MATCHED_FULL,9685,
COMMITTED,PARTICIPANT,CARD:868,MATCHED_FULL,9677,
COMMITTED,PARTICIPANT,CARD:872,MATCHED_FULL,5320,
COMMITTED,PARTICIPANT,CARD:873,MATCHED_FULL,5310,
COMMITTED,PARTICIPANT,CARD:874,CREATED_FULL,10174,Created FULL participant for missing card '874' inside the current SQL transaction.
COMMITTED,PARTICIPANT,CARD:877,MATCHED_FULL,5322,
COMMITTED,PARTICIPANT,CARD:930,MATCHED_FULL,10152,
COMMITTED,PARTICIPANT,CARD:961,CREATED_FULL,10175,Created FULL participant for missing card '961' inside the current SQL transaction.
COMMITTED,PARTICIPANT,CARD:990,MATCHED_FULL,5180,
COMMITTED,PARTICIPANT,CARD:991,MATCHED_FULL,5163,
COMMITTED,PARTICIPANT,CARD:992,MATCHED_FULL,5162,
COMMITTED,PARTICIPANT,CARD:994,MATCHED_FULL,5156,
COMMITTED,PARTICIPANT,CARD:995,MATCHED_FULL,5136,
COMMITTED,PARTICIPANT,CARD:996,MATCHED_FULL,5137,
COMMITTED,PARTICIPANT,NAME:4466137 sageya,CREATED_LITE,4cd83129-8164-595d-8973-cce341468804,
COMMITTED,PARTICIPANT,NAME:abdul bashir,CREATED_LITE,a4c5763a-dda2-5870-96d7-3c6158085e70,
COMMITTED,PARTICIPANT,NAME:adele grant,CREATED_LITE,aab5aba9-bb41-5ca0-b197-d229f9a212d4,
COMMITTED,PARTICIPANT,NAME:aesha ali,CREATED_LITE,bd1e1f6b-9c8d-52a4-bc48-b4830971f485,
COMMITTED,PARTICIPANT,NAME:ahlam,CREATED_LITE,46ba2742-5a09-5ca5-817e-591af98803bf,
COMMITTED,PARTICIPANT,NAME:aisha saeed,MATCHED_FULL_BY_UNIQUE_NAME,4329,The cardless source record was linked to the only FULL participant with the same normalised name.
COMMITTED,PARTICIPANT,NAME:ali,CREATED_LITE,d51432a0-9796-5311-acda-96f08b96c163,
COMMITTED,PARTICIPANT,NAME:anna,CREATED_LITE,c727b346-32e6-550c-ba1b-5c0288ce4b95,
COMMITTED,PARTICIPANT,NAME:asma ibrahim,CREATED_LITE,ca10eeea-fa18-5934-907c-d6820988c3bf,
COMMITTED,PARTICIPANT,NAME:belinda,CREATED_LITE,1dfe88c7-5154-5a8c-b7e9-32f731157b7f,
COMMITTED,PARTICIPANT,NAME:bennice,CREATED_LITE,f8ee3926-32a6-5ab0-9e30-cad8708ab076,
COMMITTED,PARTICIPANT,NAME:christie charley,CREATED_LITE,5a98efea-6531-51b6-8f88-0707f517e431,
COMMITTED,PARTICIPANT,NAME:clare,CREATED_LITE,9ae25d59-c6b2-5d2c-b811-d608e15de42e,
COMMITTED,PARTICIPANT,NAME:debbie ricket,CREATED_LITE,1075b903-9a68-5c2b-b962-fab4d7ae35cf,
COMMITTED,PARTICIPANT,NAME:elizabeth coney,CREATED_LITE,00bd36f5-2d53-545f-8878-bc8a1979766a,
COMMITTED,PARTICIPANT,NAME:ensi,CREATED_LITE,8c2f574e-5fc6-543d-9967-1c8b30d1d323,
COMMITTED,PARTICIPANT,NAME:fadhiah sah,CREATED_LITE,3aa99b3d-a18f-5e09-a7d2-0d1d075a5fb0,
COMMITTED,PARTICIPANT,NAME:farah jama,MATCHED_FULL_BY_UNIQUE_NAME,5279,The cardless source record was linked to the only FULL participant with the same normalised name.
COMMITTED,PARTICIPANT,NAME:farhat,CREATED_LITE,cd8700b4-c7e4-5a4c-bceb-b7f3a188db93,
COMMITTED,PARTICIPANT,NAME:faven,CREATED_LITE,fff53ce5-1724-5a0c-adec-3bee18563c9b,
COMMITTED,PARTICIPANT,NAME:gulzar menmood,CREATED_LITE,66f70699-9b05-571c-9745-276098761beb,
COMMITTED,PARTICIPANT,NAME:gwen,CREATED_LITE,73dff45e-36f3-5bf1-983e-498acb4f2318,
COMMITTED,PARTICIPANT,NAME:halima bibi,CREATED_LITE,ff1a1dde-5b2e-59b5-ba5f-535e9ffa4898,
COMMITTED,PARTICIPANT,NAME:hamda,CREATED_LITE,1c5bf212-d4cb-5b8c-8be1-42caf6708fac,
COMMITTED,PARTICIPANT,NAME:hashi,CREATED_LITE,2d6dbac4-1eb0-5a1a-b04f-fc720bded9c2,
COMMITTED,PARTICIPANT,NAME:helen,CREATED_LITE,20500bd0-ac32-50c1-9695-177b76d601b1,
COMMITTED,PARTICIPANT,NAME:hooriye bahid,CREATED_LITE,6f94e7ca-fc1c-5dca-8322-6da5438df382,
COMMITTED,PARTICIPANT,NAME:illham,CREATED_LITE,5334b3b2-2016-523c-bad2-040b2d54c14b,
COMMITTED,PARTICIPANT,NAME:interther,CREATED_LITE,578bace3-fc83-54b1-96d7-93f391104038,
COMMITTED,PARTICIPANT,NAME:intether yafai,MATCHED_FULL_BY_UNIQUE_NAME,4366,The cardless source record was linked to the only FULL participant with the same normalised name.
COMMITTED,PARTICIPANT,NAME:israa warda,MATCHED_FULL_BY_UNIQUE_NAME,5211,The cardless source record was linked to the only FULL participant with the same normalised name.
COMMITTED,PARTICIPANT,NAME:jamila,CREATED_LITE,f3c36f14-cb8c-5e38-97cb-bde1a5407e3a,
COMMITTED,PARTICIPANT,NAME:jiannua barkley,CREATED_LITE,ec90529c-7b0b-54e8-aa75-27c525b96bd6,
COMMITTED,PARTICIPANT,NAME:k bibi,CREATED_LITE,78a78672-370d-53a5-998e-14cf53469105,
COMMITTED,PARTICIPANT,NAME:kaiynaat,CREATED_LITE,3231efe1-1407-5683-844e-e8269fdd9cb1,
COMMITTED,PARTICIPANT,NAME:khairoon chowdhury,CREATED_LITE,f145ecb9-49b0-59b1-a836-8e1eede97154,
COMMITTED,PARTICIPANT,NAME:leyla hirad,CREATED_LITE,18a2b0a8-088f-5e37-91a8-a130ecb2db82,
COMMITTED,PARTICIPANT,NAME:lubna,CREATED_LITE,a1dcc5a7-e81e-5c64-a911-579de3ca427e,
COMMITTED,PARTICIPANT,NAME:lubna anwar,MATCHED_FULL_BY_UNIQUE_NAME,9867,The cardless source record was linked to the only FULL participant with the same normalised name.
COMMITTED,PARTICIPANT,NAME:malak amar,MATCHED_FULL_BY_UNIQUE_NAME,4932,The cardless source record was linked to the only FULL participant with the same normalised name.
COMMITTED,PARTICIPANT,NAME:malak shubri,CREATED_LITE,59cd667a-4022-5d1a-88d0-ed921cb86722,
COMMITTED,PARTICIPANT,NAME:marya,CREATED_LITE,b5a7a4cd-3bc6-5ce7-8cd8-91aa5745292d,
COMMITTED,PARTICIPANT,NAME:marziah taleb,CREATED_LITE,14e8f670-cbfe-55e7-9b04-d874c029866c,
COMMITTED,PARTICIPANT,NAME:may,CREATED_LITE,ef878c24-0b3a-5b54-8484-fd2b137fda54,
COMMITTED,PARTICIPANT,NAME:mayal,CREATED_LITE,49f07f7d-fc02-5983-9462-18e4c2e50ff6,
COMMITTED,PARTICIPANT,NAME:mervine,CREATED_LITE,f06fd18b-13e8-5484-9459-1e0f2529a375,
COMMITTED,PARTICIPANT,NAME:mohd al islam,MATCHED_FULL_BY_UNIQUE_NAME,5314,The cardless source record was linked to the only FULL participant with the same normalised name.
COMMITTED,PARTICIPANT,NAME:monica,CREATED_LITE,325b0ef3-7bfb-584f-b703-5c8425a476c7,
COMMITTED,PARTICIPANT,NAME:n begum,CREATED_LITE,95fe5974-5dc8-5985-8a8b-b49a5c604877,
COMMITTED,PARTICIPANT,NAME:nagia saeid,CREATED_LITE,2f08821a-fbe9-565a-8079-579f7aeb59bd,
COMMITTED,PARTICIPANT,NAME:nasima,CREATED_LITE,73116a06-14d7-52c6-9321-d97215fbf05d,
COMMITTED,PARTICIPANT,NAME:nasra,CREATED_LITE,cef65b71-c063-5b94-9814-69625d182d03,
COMMITTED,PARTICIPANT,NAME:nasra h,CREATED_LITE,7e569a25-86c3-52aa-a354-8f6d696b24e2,
COMMITTED,PARTICIPANT,NAME:nayyar sultana,CREATED_LITE,a99ab30c-e400-58c3-8dae-91298764a6a7,
COMMITTED,PARTICIPANT,NAME:neigger,CREATED_LITE,91462108-0864-5cbf-8447-a335e1857061,
COMMITTED,PARTICIPANT,NAME:nicky,CREATED_LITE,889b6c3b-bcbd-523d-a381-48057963fcf0,
COMMITTED,PARTICIPANT,NAME:panna begum,MATCHED_FULL_BY_UNIQUE_NAME,10031,The cardless source record was linked to the only FULL participant with the same normalised name.
COMMITTED,PARTICIPANT,NAME:parveen,CREATED_LITE,86395219-515f-5518-b76f-75c1ace6765f,
COMMITTED,PARTICIPANT,NAME:patrica bailey,CREATED_LITE,9d4c7670-2b2d-5606-822f-78d1cd304d8b,
COMMITTED,PARTICIPANT,NAME:patti,CREATED_LITE,2adf8319-598c-50d8-8b48-ac9a7a59f216,
COMMITTED,PARTICIPANT,NAME:pcsd alexa evans,CREATED_LITE,f726f570-a55f-5716-910d-cfd28f783410,
COMMITTED,PARTICIPANT,NAME:pcsd loz whelan,CREATED_LITE,cbe0ac33-fedf-549c-bee5-81ba6b235e73,
COMMITTED,PARTICIPANT,NAME:quenny,CREATED_LITE,fe4d5390-4bdc-5a65-81c0-56cc9d3de17b,
COMMITTED,PARTICIPANT,NAME:roduka,CREATED_LITE,fa0e2668-dd43-5720-8024-d9aac9286554,
COMMITTED,PARTICIPANT,NAME:ronnie,CREATED_LITE,9ed1dea5-7edd-5f42-9abc-55bdb86de6cb,
COMMITTED,PARTICIPANT,NAME:rushsar,CREATED_LITE,2818d8f1-3b87-5f50-89bc-bf3f0ffd1d9e,
COMMITTED,PARTICIPANT,NAME:saffiyah,CREATED_LITE,2d885ff0-3cbb-5c75-9c46-918dc6e6cc5a,
COMMITTED,PARTICIPANT,NAME:safia,CREATED_LITE,fae720d4-7139-59e4-8703-1129d65eb969,
COMMITTED,PARTICIPANT,NAME:saima begum,CREATED_LITE,d3f2f4ad-0fae-53f2-afbb-44d23a599682,
COMMITTED,PARTICIPANT,NAME:sakina rassool,MATCHED_FULL_BY_UNIQUE_NAME,4857,The cardless source record was linked to the only FULL participant with the same normalised name.
COMMITTED,PARTICIPANT,NAME:sara,CREATED_LITE,862ea167-447c-5030-a04b-18499b1ca8d7,
COMMITTED,PARTICIPANT,NAME:sarah abdualwlhd,CREATED_LITE,d2f43f14-1249-5e0b-9087-d4c4f62ffc18,
COMMITTED,PARTICIPANT,NAME:sarah abduluwhab,CREATED_LITE,2452f771-2875-564d-a465-e7cf0fd9ad11,
COMMITTED,PARTICIPANT,NAME:seble 6029,CREATED_LITE,44fccaad-a513-5d7b-9282-83fff98f1501,
COMMITTED,PARTICIPANT,NAME:shailla sharif,CREATED_LITE,04a10761-0dd7-5971-9b23-bdb62a0133b7,
COMMITTED,PARTICIPANT,NAME:shamim,CREATED_LITE,8ac5624f-3378-532f-80ee-4a5b0e144b30,
COMMITTED,PARTICIPANT,NAME:sherina chabiebi,CREATED_LITE,29f1500d-1301-5c2e-8ec3-fb8d5365e319,
COMMITTED,PARTICIPANT,NAME:simiri,CREATED_LITE,b04fb988-6715-5c63-8f07-f0b8f9c0f1da,
COMMITTED,PARTICIPANT,NAME:souhab,CREATED_LITE,b06f4c39-f89e-5bda-8de3-cf603f948584,
COMMITTED,PARTICIPANT,NAME:tyra watson,CREATED_LITE,2995d3f6-790d-5f35-94ec-62b8fcdba978,
COMMITTED,PARTICIPANT,NAME:ume,CREATED_LITE,eb17f073-3b65-5dd3-b12f-59c02de438f5,
COMMITTED,PARTICIPANT,NAME:waleed khan,CREATED_LITE,8f13535a-3219-583d-81ea-1eeeb304a83c,
COMMITTED,PARTICIPANT,NAME:yannmei,CREATED_LITE,c727370b-2f42-5659-87a8-e61fa34cb8ca,
COMMITTED,PARTICIPANT,NAME:yasmeen,CREATED_LITE,8cc91617-bd10-5892-a402-3ec0a9ae9451,
COMMITTED,PARTICIPANT,NAME:yasmin akhtar,CREATED_LITE_AMBIGUOUS_FULL_NAME,b149c415-5bb2-5018-9c11-eaa0c043776e,4 FULL participants have the same name. A separate deterministic LiteMember was created rather than linking attendance to the wrong ParticipantId.
COMMITTED,PARTICIPANT,NAME:yasmin rehman,CREATED_LITE,fcef58de-92bf-5709-8550-cadeb3caf872,
COMMITTED,PARTICIPANT,NAME:yaz,CREATED_LITE,da9c3c1f-26c6-5f37-99ba-6cccffbb952b,
COMMITTED,PARTICIPANT,NAME:yvonne flinch,CREATED_LITE,1eb61e98-e1da-518b-968b-82f4328e07e8,
COMMITTED,PARTICIPANT,NAME:zubayda,CREATED_LITE,0a786aa1-8581-50e7-810d-ad6ffb1a5e9d,
COMMITTED,ATTENDANCE,CALTHORPE|AEROBICS|2025-11-03|1000|1045|CARD:386,NEW_ATTENDANCE,21144,Inserted inside the current SQL transaction.
COMMITTED,ATTENDANCE,CALTHORPE|AEROBICS|2025-11-03|1000|1045|CARD:402,NEW_ATTENDANCE,21145,Inserted inside the current SQL transaction.
COMMITTED,ATTENDANCE,CALTHORPE|AEROBICS|2025-11-03|1000|1045|CARD:429,NEW_ATTENDANCE,21146,Inserted inside the current SQL transaction.
COMMITTED,ATTENDANCE,CALTHORPE|AEROBICS|2025-11-03|1000|1045|CARD:470,NEW_ATTENDANCE,21147,Inserted inside the current SQL transaction.
COMMITTED,ATTENDANCE,CALTHORPE|AEROBICS|2025-11-03|1000|1045|CARD:566,NEW_ATTENDANCE,21148,Inserted inside the current SQL transaction.
COMMITTED,ATTENDANCE,CALTHORPE|AEROBICS|2025-11-03|1000|1045|CARD:648,NEW_ATTENDANCE,21149,Inserted inside the current SQL transaction.
COMMITTED,ATTENDANCE,CALTHORPE|AEROBICS|2025-11-03|1000|1045|CARD:692,NEW_ATTENDANCE,21150,Inserted inside the current SQL transaction.
COMMITTED,ATTENDANCE,CALTHORPE|AEROBICS|2025-11-03|1000|1045|CARD:698,NEW_ATTENDANCE,21151,Inserted inside the current SQL transaction.
COMMITTED,ATTENDANCE,CALTHORPE|AEROBICS|2025-11-03|1000|1045|CARD:761,NEW_ATTENDANCE,21152,Inserted inside the current SQL transaction.
COMMITTED,ATTENDANCE,CALTHORPE|AEROBICS|2025-11-03|1000|1045|CARD:770,NEW_ATTENDANCE,21153,Inserted inside the current SQL transaction.
COMMITTED,ATTENDANCE,CALTHORPE|AEROBICS|2025-11-03|1000|1045|CARD:780,NEW_ATTENDANCE,21154,Inserted inside the current SQL transaction.
COMMITTED,ATTENDANCE,CALTHORPE|AEROBICS|2025-11-03|1000|1045|NAME:nayyar sultana,NEW_ATTENDANCE,21155,Inserted inside the current SQL transaction.
COMMITTED,ATTENDANCE,CALTHORPE|CHAIR BASED EXERCISE|2025-11-03|1100|1145|CARD:380,NEW_ATTENDANCE,21156,Inserted inside the current SQL transaction.
COMMITTED,ATTENDANCE,CALTHORPE|CHAIR BASED EXERCISE|2025-11-03|1100|1145|CARD:444,NEW_ATTENDANCE,21157,Inserted inside the current SQL transaction.
COMMITTED,ATTENDANCE,CALTHORPE|CHAIR BASED EXERCISE|2025-11-03|1100|1145|CARD:470,NEW_ATTENDANCE,21158,Inserted inside the current SQL transaction.
COMMITTED,ATTENDANCE,CALTHORPE|CHAIR BASED EXERCISE|2025-11-03|1100|1145|CARD:485,NEW_ATTENDANCE,21159,Inserted inside the current SQL transaction.
COMMITTED,ATTENDANCE,CALTHORPE|CHAIR BASED EXERCISE|2025-11-03|1100|1145|CARD:620,NEW_ATTENDANCE,21160,Inserted inside the current SQL transaction.
COMMITTED,ATTENDANCE,CALTHORPE|CHAIR BASED EXERCISE|2025-11-03|1100|1145|CARD:642,NEW_ATTENDANCE,21161,Inserted inside the current SQL transaction.
COMMITTED,ATTENDANCE,CALTHORPE|CHAIR BASED EXERCISE|2025-11-03|1100|1145|CARD:679,NEW_ATTENDANCE,21162,Inserted inside the current SQL transaction.
COMMITTED,ATTENDANCE,CALTHORPE|CHAIR BASED EXERCISE|2025-11-03|1100|1145|CARD:747,NEW_ATTENDANCE,21163,Inserted inside the current SQL transaction.
COMMITTED,ATTENDANCE,CALTHORPE|CHAIR BASED EXERCISE|2025-11-03|1100|1145|CARD:750,NEW_ATTENDANCE,21164,Inserted inside the current SQL transaction.
COMMITTED,ATTENDANCE,CALTHORPE|CROCHET|2025-11-03|1215|1415|CARD:416,NEW_ATTENDANCE,21165,Inserted inside the current SQL transaction.
COMMITTED,ATTENDANCE,CALTHORPE|CROCHET|2025-11-03|1215|1415|CARD:418,NEW_ATTENDANCE,21166,Inserted inside the current SQL transaction.
COMMITTED,ATTENDANCE,CALTHORPE|CROCHET|2025-11-03|1215|1415|CARD:509,NEW_ATTENDANCE,21167,Inserted inside the current SQL transaction.
COMMITTED,ATTENDANCE,CALTHORPE|CROCHET|2025-11-03|1215|1415|CARD:586,NEW_ATTENDANCE,21168,Inserted inside the current SQL transaction.
COMMITTED,ATTENDANCE,CALTHORPE|CROCHET|2025-11-03|1215|1415|CARD:657,NEW_ATTENDANCE,21169,Inserted inside the current SQL transaction.
COMMITTED,ATTENDANCE,CALTHORPE|CROCHET|2025-11-03|1215|1415|CARD:697,NEW_ATTENDANCE,21170,Inserted inside the current SQL transaction.
COMMITTED,ATTENDANCE,CALTHORPE|CROCHET|2025-11-03|1215|1415|CARD:708,NEW_ATTENDANCE,21171,Inserted inside the current SQL transaction.
COMMITTED,ATTENDANCE,CALTHORPE|CROCHET|2025-11-03|1215|1415|CARD:761,NEW_ATTENDANCE,21172,Inserted inside the current SQL transaction.
COMMITTED,ATTENDANCE,CALTHORPE|CROCHET|2025-11-03|1215|1415|NAME:israa warda,NEW_ATTENDANCE,21173,Inserted inside the current SQL transaction.
COMMITTED,ATTENDANCE,CALTHORPE|CROCHET|2025-11-03|1215|1415|NAME:yasmin rehman,NEW_ATTENDANCE,21174,Inserted inside the current SQL transaction.
COMMITTED,ATTENDANCE,CALTHORPE|STRENGTH & STRETCH|2025-11-03|1000|1100|CARD:386,NEW_ATTENDANCE,21175,Inserted inside the current SQL transaction.
COMMITTED,ATTENDANCE,CALTHORPE|STRENGTH & STRETCH|2025-11-03|1000|1100|CARD:410,NEW_ATTENDANCE,21176,Inserted inside the current SQL transaction.
COMMITTED,ATTENDANCE,CALTHORPE|STRENGTH & STRETCH|2025-11-03|1000|1100|CARD:418,NEW_ATTENDANCE,21177,Inserted inside the current SQL transaction.
COMMITTED,ATTENDANCE,CALTHORPE|STRENGTH & STRETCH|2025-11-03|1000|1100|CARD:444,NEW_ATTENDANCE,21178,Inserted inside the current SQL transaction.
COMMITTED,ATTENDANCE,CALTHORPE|STRENGTH & STRETCH|2025-11-03|1000|1100|CARD:469,NEW_ATTENDANCE,21179,Inserted inside the current SQL transaction.
COMMITTED,ATTENDANCE,CALTHORPE|STRENGTH & STRETCH|2025-11-03|1000|1100|CARD:485,NEW_ATTENDANCE,21180,Inserted inside the current SQL transaction.
COMMITTED,ATTENDANCE,CALTHORPE|STRENGTH & STRETCH|2025-11-03|1000|1100|CARD:620,NEW_ATTENDANCE,21181,Inserted inside the current SQL transaction.
COMMITTED,ATTENDANCE,CALTHORPE|STRENGTH & STRETCH|2025-11-03|1000|1100|CARD:642,NEW_ATTENDANCE,21182,Inserted inside the current SQL transaction.
COMMITTED,ATTENDANCE,CALTHORPE|STRENGTH & STRETCH|2025-11-03|1000|1100|CARD:681,NEW_ATTENDANCE,21183,Inserted inside the current SQL transaction.
COMMITTED,ATTENDANCE,CALTHORPE|STRENGTH & STRETCH|2025-11-03|1000|1100|CARD:692,NEW_ATTENDANCE,21184,Inserted inside the current SQL transaction.
COMMITTED,ATTENDANCE,CALTHORPE|STRENGTH & STRETCH|2025-11-03|1000|1100|NAME:nayyar sultana,NEW_ATTENDANCE,21185,Inserted inside the current SQL transaction.
COMMITTED,ATTENDANCE,CALTHORPE|ARTS|2025-11-04|1130|1230|CARD:376,NEW_ATTENDANCE,21186,Inserted inside the current SQL transaction.
COMMITTED,ATTENDANCE,CALTHORPE|ARTS|2025-11-04|1130|1230|CARD:634,NEW_ATTENDANCE,21187,Inserted inside the current SQL transaction.
COMMITTED,ATTENDANCE,CALTHORPE|ARTS|2025-11-04|1130|1230|CARD:657,NEW_ATTENDANCE,21188,Inserted inside the current SQL transaction.
COMMITTED,ATTENDANCE,CALTHORPE|ARTS|2025-11-04|1130|1230|CARD:767,NEW_ATTENDANCE,21189,Inserted inside the current SQL transaction.
COMMITTED,ATTENDANCE,CALTHORPE|STRENGTH & STRETCH|2025-11-04|1000|1100|CARD:386,NEW_ATTENDANCE,21190,Inserted inside the current SQL transaction.
COMMITTED,ATTENDANCE,CALTHORPE|STRENGTH & STRETCH|2025-11-04|1000|1100|CARD:388,NEW_ATTENDANCE,21191,Inserted inside the current SQL transaction.
COMMITTED,ATTENDANCE,CALTHORPE|STRENGTH & STRETCH|2025-11-04|1000|1100|CARD:411,NEW_ATTENDANCE,21192,Inserted inside the current SQL transaction.
COMMITTED,ATTENDANCE,CALTHORPE|STRENGTH & STRETCH|2025-11-04|1000|1100|CARD:415,NEW_ATTENDANCE,21193,Inserted inside the current SQL transaction.
COMMITTED,ATTENDANCE,CALTHORPE|STRENGTH & STRETCH|2025-11-04|1000|1100|CARD:416,NEW_ATTENDANCE,21194,Inserted inside the current SQL transaction.
COMMITTED,ATTENDANCE,CALTHORPE|STRENGTH & STRETCH|2025-11-04|1000|1100|CARD:429,NEW_ATTENDANCE,21195,Inserted inside the current SQL transaction.
COMMITTED,ATTENDANCE,CALTHORPE|STRENGTH & STRETCH|2025-11-04|1000|1100|CARD:433,NEW_ATTENDANCE,21196,Inserted inside the current SQL transaction.
COMMITTED,ATTENDANCE,CALTHORPE|STRENGTH & STRETCH|2025-11-04|1000|1100|CARD:441,NEW_ATTENDANCE,21197,Inserted inside the current SQL transaction.
COMMITTED,ATTENDANCE,CALTHORPE|STRENGTH & STRETCH|2025-11-04|1000|1100|CARD:504,NEW_ATTENDANCE,21198,Inserted inside the current SQL transaction.
COMMITTED,ATTENDANCE,CALTHORPE|STRENGTH & STRETCH|2025-11-04|1000|1100|CARD:566,NEW_ATTENDANCE,21199,Inserted inside the current SQL transaction.
COMMITTED,ATTENDANCE,CALTHORPE|STRENGTH & STRETCH|2025-11-04|1000|1100|CARD:596,NEW_ATTENDANCE,21200,Inserted inside the current SQL transaction.
COMMITTED,ATTENDANCE,CALTHORPE|STRENGTH & STRETCH|2025-11-04|1000|1100|CARD:642,NEW_ATTENDANCE,21201,Inserted inside the current SQL transaction.
COMMITTED,ATTENDANCE,CALTHORPE|STRENGTH & STRETCH|2025-11-04|1000|1100|CARD:648,NEW_ATTENDANCE,21202,Inserted inside the current SQL transaction.
COMMITTED,ATTENDANCE,CALTHORPE|STRENGTH & STRETCH|2025-11-04|1000|1100|CARD:692,NEW_ATTENDANCE,21203,Inserted inside the current SQL transaction.
COMMITTED,ATTENDANCE,CALTHORPE|STRENGTH & STRETCH|2025-11-04|1000|1100|CARD:699,NEW_ATTENDANCE,21204,Inserted inside the current SQL transaction.
COMMITTED,ATTENDANCE,CALTHORPE|STRENGTH & STRETCH|2025-11-04|1000|1100|CARD:717,NEW_ATTENDANCE,21205,Inserted inside the current SQL transaction.
COMMITTED,ATTENDANCE,CALTHORPE|STRENGTH & STRETCH|2025-11-04|1000|1100|CARD:727,NEW_ATTENDANCE,21206,Inserted inside the current SQL transaction.
COMMITTED,ATTENDANCE,CALTHORPE|STRENGTH & STRETCH|2025-11-04|1000|1100|CARD:770,NEW_ATTENDANCE,21207,Inserted inside the current SQL transaction.
COMMITTED,ATTENDANCE,CALTHORPE|ARTS|2025-11-05|1215|1315|CARD:370,NEW_ATTENDANCE,21208,Inserted inside the current SQL transaction.
COMMITTED,ATTENDANCE,CALTHORPE|ARTS|2025-11-05|1215|1315|CARD:372,NEW_ATTENDANCE,21209,Inserted inside the current SQL transaction.
COMMITTED,ATTENDANCE,CALTHORPE|ARTS|2025-11-05|1215|1315|CARD:380,NEW_ATTENDANCE,21210,Inserted inside the current SQL transaction.
COMMITTED,ATTENDANCE,CALTHORPE|ARTS|2025-11-05|1215|1315|CARD:382,NEW_ATTENDANCE,21211,Inserted inside the current SQL transaction.
COMMITTED,ATTENDANCE,CALTHORPE|ARTS|2025-11-05|1215|1315|CARD:402,NEW_ATTENDANCE,21212,Inserted inside the current SQL transaction.
COMMITTED,ATTENDANCE,CALTHORPE|ARTS|2025-11-05|1215|1315|CARD:416,NEW_ATTENDANCE,21213,Inserted inside the current SQL transaction.
COMMITTED,ATTENDANCE,CALTHORPE|ARTS|2025-11-05|1215|1315|CARD:444,NEW_ATTENDANCE,21214,Inserted inside the current SQL transaction.
COMMITTED,ATTENDANCE,CALTHORPE|ARTS|2025-11-05|1215|1315|CARD:514,NEW_ATTENDANCE,21215,Inserted inside the current SQL transaction.
COMMITTED,ATTENDANCE,CALTHORPE|ARTS|2025-11-05|1215|1315|CARD:634,NEW_ATTENDANCE,21216,Inserted inside the current SQL transaction.
COMMITTED,ATTENDANCE,CALTHORPE|ARTS|2025-11-05|1215|1315|CARD:637,NEW_ATTENDANCE,21217,Inserted inside the current SQL transaction.
COMMITTED,ATTENDANCE,CALTHORPE|SALSA/BELLY DANCING|2025-11-05|1100|1200|CARD:380,NEW_ATTENDANCE,21218,Inserted inside the current SQL transaction.
COMMITTED,ATTENDANCE,CALTHORPE|SALSA/BELLY DANCING|2025-11-05|1100|1200|CARD:390,NEW_ATTENDANCE,21219,Inserted inside the current SQL transaction.
COMMITTED,ATTENDANCE,CALTHORPE|SALSA/BELLY DANCING|2025-11-05|1100|1200|CARD:441,NEW_ATTENDANCE,21220,Inserted inside the current SQL transaction.
COMMITTED,ATTENDANCE,CALTHORPE|SALSA/BELLY DANCING|2025-11-05|1100|1200|CARD:470,NEW_ATTENDANCE,21221,Inserted inside the current SQL transaction.
COMMITTED,ATTENDANCE,CALTHORPE|SALSA/BELLY DANCING|2025-11-05|1100|1200|CARD:514,NEW_ATTENDANCE,21222,Inserted inside the current SQL transaction.
COMMITTED,ATTENDANCE,CALTHORPE|SALSA/BELLY DANCING|2025-11-05|1100|1200|CARD:634,NEW_ATTENDANCE,21223,Inserted inside the current SQL transaction.
COMMITTED,ATTENDANCE,CALTHORPE|SALSA/BELLY DANCING|2025-11-05|1100|1200|CARD:637,NEW_ATTENDANCE,21224,Inserted inside the current SQL transaction.
COMMITTED,ATTENDANCE,CALTHORPE|SALSA/BELLY DANCING|2025-11-05|1100|1200|CARD:654,NEW_ATTENDANCE,21225,Inserted inside the current SQL transaction.
COMMITTED,ATTENDANCE,CALTHORPE|SALSA/BELLY DANCING|2025-11-05|1100|1200|CARD:658,NEW_ATTENDANCE,21226,Inserted inside the current SQL transaction.
COMMITTED,ATTENDANCE,CALTHORPE|CHAIR BASED EXERCISE|2025-11-06|1145|1230|CARD:319,NEW_ATTENDANCE,21227,Inserted inside the current SQL transaction.
COMMITTED,ATTENDANCE,CALTHORPE|CHAIR BASED EXERCISE|2025-11-06|1145|1230|CARD:380,NEW_ATTENDANCE,21228,Inserted inside the current SQL transaction.
COMMITTED,ATTENDANCE,CALTHORPE|CHAIR BASED EXERCISE|2025-11-06|1145|1230|CARD:386,NEW_ATTENDANCE,21229,Inserted inside the current SQL transaction.
COMMITTED,ATTENDANCE,CALTHORPE|CHAIR BASED EXERCISE|2025-11-06|1145|1230|CARD:388,NEW_ATTENDANCE,21230,Inserted inside the current SQL transaction.
COMMITTED,ATTENDANCE,CALTHORPE|CHAIR BASED EXERCISE|2025-11-06|1145|1230|CARD:410,NEW_ATTENDANCE,21231,Inserted inside the current SQL transaction.
COMMITTED,ATTENDANCE,CALTHORPE|CHAIR BASED EXERCISE|2025-11-06|1145|1230|CARD:415,NEW_ATTENDANCE,21232,Inserted inside the current SQL transaction.
COMMITTED,ATTENDANCE,CALTHORPE|CHAIR BASED EXERCISE|2025-11-06|1145|1230|CARD:416,NEW_ATTENDANCE,21233,Inserted inside the current SQL transaction.
COMMITTED,ATTENDANCE,CALTHORPE|CHAIR BASED EXERCISE|2025-11-06|1145|1230|CARD:418,NEW_ATTENDANCE,21234,Inserted inside the current SQL transaction.
COMMITTED,ATTENDANCE,CALTHORPE|CHAIR BASED EXERCISE|2025-11-06|1145|1230|CARD:436,NEW_ATTENDANCE,21235,Inserted inside the current SQL transaction.
COMMITTED,ATTENDANCE,CALTHORPE|CHAIR BASED EXERCISE|2025-11-06|1145|1230|CARD:444,NEW_ATTENDANCE,21236,Inserted inside the current SQL transaction.
COMMITTED,ATTENDANCE,CALTHORPE|CHAIR BASED EXERCISE|2025-11-06|1145|1230|CARD:469,NEW_ATTENDANCE,21237,Inserted inside the current SQL transaction.
COMMITTED,ATTENDANCE,CALTHORPE|CHAIR BASED EXERCISE|2025-11-06|1145|1230|CARD:485,NEW_ATTENDANCE,21238,Inserted inside the current SQL transaction.
COMMITTED,ATTENDANCE,CALTHORPE|CHAIR BASED EXERCISE|2025-11-06|1145|1230|CARD:604,NEW_ATTENDANCE,21239,Inserted inside the current SQL transaction.
COMMITTED,ATTENDANCE,CALTHORPE|CHAIR BASED EXERCISE|2025-11-06|1145|1230|CARD:620,NEW_ATTENDANCE,21240,Inserted inside the current SQL transaction.
COMMITTED,ATTENDANCE,CALTHORPE|CHAIR BASED EXERCISE|2025-11-06|1145|1230|CARD:642,NEW_ATTENDANCE,21241,Inserted inside the current SQL transaction.
COMMITTED,ATTENDANCE,CALTHORPE|CHAIR BASED EXERCISE|2025-11-06|1145|1230|CARD:655,NEW_ATTENDANCE,21242,Inserted inside the current SQL transaction.
COMMITTED,ATTENDANCE,CALTHORPE|CHAIR BASED EXERCISE|2025-11-06|1145|1230|CARD:692,NEW_ATTENDANCE,21243,Inserted inside the current SQL transaction.
COMMITTED,ATTENDANCE,CALTHORPE|CHAIR BASED EXERCISE|2025-11-06|1145|1230|CARD:706,NEW_ATTENDANCE,21244,Inserted inside the current SQL transaction.
COMMITTED,ATTENDANCE,CALTHORPE|CHAIR BASED EXERCISE|2025-11-06|1145|1230|CARD:750,NEW_ATTENDANCE,21245,Inserted inside the current SQL transaction.
COMMITTED,ATTENDANCE,CALTHORPE|CHAIR BASED EXERCISE|2025-11-06|1145|1230|CARD:769,NEW_ATTENDANCE,21246,Inserted inside the current SQL transaction.
COMMITTED,ATTENDANCE,CALTHORPE|CIRCUIT TRAINING|2025-11-06|0930|1015|CARD:386,NEW_ATTENDANCE,21247,Inserted inside the current SQL transaction.
COMMITTED,ATTENDANCE,CALTHORPE|CIRCUIT TRAINING|2025-11-06|0930|1015|CARD:388,NEW_ATTENDANCE,21248,Inserted inside the current SQL transaction.
COMMITTED,ATTENDANCE,CALTHORPE|CIRCUIT TRAINING|2025-11-06|0930|1015|CARD:390,NEW_ATTENDANCE,21249,Inserted inside the current SQL transaction.
COMMITTED,ATTENDANCE,CALTHORPE|CIRCUIT TRAINING|2025-11-06|0930|1015|CARD:412,NEW_ATTENDANCE,21250,Inserted inside the current SQL transaction.
COMMITTED,ATTENDANCE,CALTHORPE|CIRCUIT TRAINING|2025-11-06|0930|1015|CARD:422,NEW_ATTENDANCE,21251,Inserted inside the current SQL transaction.
COMMITTED,ATTENDANCE,CALTHORPE|CIRCUIT TRAINING|2025-11-06|0930|1015|CARD:429,NEW_ATTENDANCE,21252,Inserted inside the current SQL transaction.
COMMITTED,ATTENDANCE,CALTHORPE|CIRCUIT TRAINING|2025-11-06|0930|1015|CARD:441,NEW_ATTENDANCE,21253,Inserted inside the current SQL transaction.
COMMITTED,ATTENDANCE,CALTHORPE|CIRCUIT TRAINING|2025-11-06|0930|1015|CARD:442,NEW_ATTENDANCE,21254,Inserted inside the current SQL transaction.
COMMITTED,ATTENDANCE,CALTHORPE|CIRCUIT TRAINING|2025-11-06|0930|1015|CARD:470,NEW_ATTENDANCE,21255,Inserted inside the current SQL transaction.
COMMITTED,ATTENDANCE,CALTHORPE|CIRCUIT TRAINING|2025-11-06|0930|1015|CARD:780,NEW_ATTENDANCE,21256,Inserted inside the current SQL transaction.
COMMITTED,ATTENDANCE,CALTHORPE|CROCHET|2025-11-06|1245|1430|CARD:418,NEW_ATTENDANCE,21257,Inserted inside the current SQL transaction.
COMMITTED,ATTENDANCE,CALTHORPE|CROCHET|2025-11-06|1245|1430|CARD:424,NEW_ATTENDANCE,21258,Inserted inside the current SQL transaction.
COMMITTED,ATTENDANCE,CALTHORPE|CROCHET|2025-11-06|1245|1430|CARD:436,NEW_ATTENDANCE,21259,Inserted inside the current SQL transaction.
COMMITTED,ATTENDANCE,CALTHORPE|CROCHET|2025-11-06|1245|1430|CARD:493,NEW_ATTENDANCE,21260,Inserted inside the current SQL transaction.
COMMITTED,ATTENDANCE,CALTHORPE|CROCHET|2025-11-06|1245|1430|CARD:604,NEW_ATTENDANCE,21261,Inserted inside the current SQL transaction.
COMMITTED,ATTENDANCE,CALTHORPE|CROCHET|2025-11-06|1245|1430|CARD:612,NEW_ATTENDANCE,21262,Inserted inside the current SQL transaction.
COMMITTED,ATTENDANCE,CALTHORPE|CROCHET|2025-11-06|1245|1430|CARD:637,NEW_ATTENDANCE,21263,Inserted inside the current SQL transaction.
COMMITTED,ATTENDANCE,CALTHORPE|CROCHET|2025-11-06|1245|1430|CARD:655,NEW_ATTENDANCE,21264,Inserted inside the current SQL transaction.
COMMITTED,ATTENDANCE,CALTHORPE|CROCHET|2025-11-06|1245|1430|CARD:706,NEW_ATTENDANCE,21265,Inserted inside the current SQL transaction.
COMMITTED,ATTENDANCE,CALTHORPE|CROCHET|2025-11-06|1245|1430|CARD:708,NEW_ATTENDANCE,21266,Inserted inside the current SQL transaction.
COMMITTED,ATTENDANCE,CALTHORPE|CROCHET|2025-11-06|1245|1430|CARD:763,NEW_ATTENDANCE,21267,Inserted inside the current SQL transaction.
COMMITTED,ATTENDANCE,CALTHORPE|CROCHET|2025-11-06|1245|1430|NAME:elizabeth coney,NEW_ATTENDANCE,21268,Inserted inside the current SQL transaction.
COMMITTED,ATTENDANCE,CALTHORPE|BODY CONDITIONING|2025-11-07|1145|1230|CARD:140,NEW_ATTENDANCE,21269,Inserted inside the current SQL transaction.
COMMITTED,ATTENDANCE,CALTHORPE|BODY CONDITIONING|2025-11-07|1145|1230|CARD:346,NEW_ATTENDANCE,21270,Inserted inside the current SQL transaction.
COMMITTED,ATTENDANCE,CALTHORPE|BODY CONDITIONING|2025-11-07|1145|1230|CARD:380,NEW_ATTENDANCE,21271,Inserted inside the current SQL transaction.
COMMITTED,ATTENDANCE,CALTHORPE|BODY CONDITIONING|2025-11-07|1145|1230|CARD:388,NEW_ATTENDANCE,21272,Inserted inside the current SQL transaction.
COMMITTED,ATTENDANCE,CALTHORPE|BODY CONDITIONING|2025-11-07|1145|1230|CARD:429,NEW_ATTENDANCE,21273,Inserted inside the current SQL transaction.
COMMITTED,ATTENDANCE,CALTHORPE|BODY CONDITIONING|2025-11-07|1145|1230|CARD:433,NEW_ATTENDANCE,21274,Inserted inside the current SQL transaction.
COMMITTED,ATTENDANCE,CALTHORPE|BODY CONDITIONING|2025-11-07|1145|1230|CARD:450,NEW_ATTENDANCE,21275,Inserted inside the current SQL transaction.
COMMITTED,ATTENDANCE,CALTHORPE|BODY CONDITIONING|2025-11-07|1145|1230|CARD:451,NEW_ATTENDANCE,21276,Inserted inside the current SQL transaction.
COMMITTED,ATTENDANCE,CALTHORPE|BODY CONDITIONING|2025-11-07|1145|1230|CARD:470,NEW_ATTENDANCE,21277,Inserted inside the current SQL transaction.
COMMITTED,ATTENDANCE,CALTHORPE|BODY CONDITIONING|2025-11-07|1145|1230|CARD:568,NEW_ATTENDANCE,21278,Inserted inside the current SQL transaction.
COMMITTED,ATTENDANCE,CALTHORPE|BODY CONDITIONING|2025-11-07|1145|1230|CARD:596,NEW_ATTENDANCE,21279,Inserted inside the current SQL transaction.
COMMITTED,ATTENDANCE,CALTHORPE|BODY CONDITIONING|2025-11-07|1145|1230|CARD:620,NEW_ATTENDANCE,21280,Inserted inside the current SQL transaction.
COMMITTED,ATTENDANCE,CALTHORPE|BODY CONDITIONING|2025-11-07|1145|1230|CARD:692,NEW_ATTENDANCE,21281,Inserted inside the current SQL transaction.
COMMITTED,ATTENDANCE,CALTHORPE|BODY CONDITIONING|2025-11-07|1145|1230|CARD:700,NEW_ATTENDANCE,21282,Inserted inside the current SQL transaction.
COMMITTED,ATTENDANCE,CALTHORPE|BODY CONDITIONING|2025-11-07|1145|1230|CARD:727,NEW_ATTENDANCE,21283,Inserted inside the current SQL transaction.
COMMITTED,ATTENDANCE,CALTHORPE|BODY CONDITIONING|2025-11-07|1145|1230|CARD:767,NEW_ATTENDANCE,21284,Inserted inside the current SQL transaction.
COMMITTED,ATTENDANCE,CALTHORPE|BODY CONDITIONING|2025-11-07|1145|1230|CARD:770,NEW_ATTENDANCE,21285,Inserted inside the current SQL transaction.
COMMITTED,ATTENDANCE,CALTHORPE|BODY CONDITIONING|2025-11-07|1145|1230|CARD:771,NEW_ATTENDANCE,21286,Inserted inside the current SQL transaction.
COMMITTED,ATTENDANCE,CALTHORPE|PILATES|2025-11-07|1245|1330|CARD:157,NEW_ATTENDANCE,21287,Inserted inside the current SQL transaction.
COMMITTED,ATTENDANCE,CALTHORPE|PILATES|2025-11-07|1245|1330|CARD:371,NEW_ATTENDANCE,21288,Inserted inside the current SQL transaction.
COMMITTED,ATTENDANCE,CALTHORPE|PILATES|2025-11-07|1245|1330|CARD:393,NEW_ATTENDANCE,21289,Inserted inside the current SQL transaction.
COMMITTED,ATTENDANCE,CALTHORPE|PILATES|2025-11-07|1245|1330|CARD:433,NEW_ATTENDANCE,21290,Inserted inside the current SQL transaction.
COMMITTED,ATTENDANCE,CALTHORPE|PILATES|2025-11-07|1245|1330|CARD:442,NEW_ATTENDANCE,21291,Inserted inside the current SQL transaction.
COMMITTED,ATTENDANCE,CALTHORPE|PILATES|2025-11-07|1245|1330|CARD:629,NEW_ATTENDANCE,21292,Inserted inside the current SQL transaction.
COMMITTED,ATTENDANCE,CALTHORPE|PILATES|2025-11-07|1245|1330|CARD:681,NEW_ATTENDANCE,21293,Inserted inside the current SQL transaction.
COMMITTED,ATTENDANCE,CALTHORPE|PILATES|2025-11-07|1245|1330|CARD:692,NEW_ATTENDANCE,21294,Inserted inside the current SQL transaction.
COMMITTED,ATTENDANCE,CALTHORPE|PILATES|2025-11-07|1245|1330|CARD:727,NEW_ATTENDANCE,21295,Inserted inside the current SQL transaction.
COMMITTED,ATTENDANCE,CALTHORPE|ZUMBA|2025-11-07|1800|1900|CARD:370,NEW_ATTENDANCE,21296,Inserted inside the current SQL transaction.
COMMITTED,ATTENDANCE,CALTHORPE|ZUMBA|2025-11-07|1800|1900|CARD:371,NEW_ATTENDANCE,21297,Inserted inside the current SQL transaction.
COMMITTED,ATTENDANCE,CALTHORPE|ZUMBA|2025-11-07|1800|1900|CARD:441,NEW_ATTENDANCE,21298,Inserted inside the current SQL transaction.
COMMITTED,ATTENDANCE,CALTHORPE|ZUMBA|2025-11-07|1800|1900|CARD:622,NEW_ATTENDANCE,21299,Inserted inside the current SQL transaction.
COMMITTED,ATTENDANCE,CALTHORPE|ZUMBA|2025-11-07|1800|1900|CARD:624,NEW_ATTENDANCE,21300,Inserted inside the current SQL transaction.
COMMITTED,ATTENDANCE,CALTHORPE|ZUMBA|2025-11-07|1800|1900|CARD:625,NEW_ATTENDANCE,21301,Inserted inside the current SQL transaction.
COMMITTED,ATTENDANCE,CALTHORPE|ZUMBA|2025-11-07|1800|1900|CARD:703,NEW_ATTENDANCE,21302,Inserted inside the current SQL transaction.
COMMITTED,ATTENDANCE,CALTHORPE|ZUMBA|2025-11-07|1800|1900|CARD:725,NEW_ATTENDANCE,21303,Inserted inside the current SQL transaction.
COMMITTED,ATTENDANCE,CALTHORPE|ZUMBA|2025-11-07|1800|1900|CARD:780,NEW_ATTENDANCE,21304,Inserted inside the current SQL transaction.
COMMITTED,ATTENDANCE,CALTHORPE|ZUMBA|2025-11-07|1800|1900|NAME:ensi,NEW_ATTENDANCE,21305,Inserted inside the current SQL transaction.
COMMITTED,ATTENDANCE,CALTHORPE|ZUMBA|2025-11-07|1800|1900|NAME:neigger,NEW_ATTENDANCE,21306,Inserted inside the current SQL transaction.
COMMITTED,ATTENDANCE,CALTHORPE|AEROBICS|2025-11-10|1000|1045|CARD:337,NEW_ATTENDANCE,21307,Inserted inside the current SQL transaction.
COMMITTED,ATTENDANCE,CALTHORPE|AEROBICS|2025-11-10|1000|1045|CARD:386,NEW_ATTENDANCE,21308,Inserted inside the current SQL transaction.
COMMITTED,ATTENDANCE,CALTHORPE|AEROBICS|2025-11-10|1000|1045|CARD:388,NEW_ATTENDANCE,21309,Inserted inside the current SQL transaction.
COMMITTED,ATTENDANCE,CALTHORPE|AEROBICS|2025-11-10|1000|1045|CARD:402,NEW_ATTENDANCE,21310,Inserted inside the current SQL transaction.
COMMITTED,ATTENDANCE,CALTHORPE|AEROBICS|2025-11-10|1000|1045|CARD:406,NEW_ATTENDANCE,21311,Inserted inside the current SQL transaction.
COMMITTED,ATTENDANCE,CALTHORPE|AEROBICS|2025-11-10|1000|1045|CARD:422,NEW_ATTENDANCE,21312,Inserted inside the current SQL transaction.
COMMITTED,ATTENDANCE,CALTHORPE|AEROBICS|2025-11-10|1000|1045|CARD:427,NEW_ATTENDANCE,21313,Inserted inside the current SQL transaction.
COMMITTED,ATTENDANCE,CALTHORPE|AEROBICS|2025-11-10|1000|1045|CARD:429,NEW_ATTENDANCE,21314,Inserted inside the current SQL transaction.
COMMITTED,ATTENDANCE,CALTHORPE|AEROBICS|2025-11-10|1000|1045|CARD:441,NEW_ATTENDANCE,21315,Inserted inside the current SQL transaction.
COMMITTED,ATTENDANCE,CALTHORPE|AEROBICS|2025-11-10|1000|1045|CARD:450,NEW_ATTENDANCE,21316,Inserted inside the current SQL transaction.
COMMITTED,ATTENDANCE,CALTHORPE|AEROBICS|2025-11-10|1000|1045|CARD:451,NEW_ATTENDANCE,21317,Inserted inside the current SQL transaction.
COMMITTED,ATTENDANCE,CALTHORPE|AEROBICS|2025-11-10|1000|1045|CARD:565,NEW_ATTENDANCE,21318,Inserted inside the current SQL transaction.
COMMITTED,ATTENDANCE,CALTHORPE|AEROBICS|2025-11-10|1000|1045|CARD:691,NEW_ATTENDANCE,21319,Inserted inside the current SQL transaction.
COMMITTED,ATTENDANCE,CALTHORPE|AEROBICS|2025-11-10|1000|1045|CARD:692,NEW_ATTENDANCE,21320,Inserted inside the current SQL transaction.
COMMITTED,ATTENDANCE,CALTHORPE|AEROBICS|2025-11-10|1000|1045|CARD:761,NEW_ATTENDANCE,21321,Inserted inside the current SQL transaction.
COMMITTED,ATTENDANCE,CALTHORPE|AEROBICS|2025-11-10|1000|1045|CARD:767,NEW_ATTENDANCE,21322,Inserted inside the current SQL transaction.
COMMITTED,ATTENDANCE,CALTHORPE|AEROBICS|2025-11-10|1000|1045|CARD:780,NEW_ATTENDANCE,21323,Inserted inside the current SQL transaction.
COMMITTED,ATTENDANCE,CALTHORPE|CHAIR BASED EXERCISE|2025-11-10|1100|1145|CARD:380,NEW_ATTENDANCE,21324,Inserted inside the current SQL transaction.
COMMITTED,ATTENDANCE,CALTHORPE|CHAIR BASED EXERCISE|2025-11-10|1100|1145|CARD:386,NEW_ATTENDANCE,21325,Inserted inside the current SQL transaction.
COMMITTED,ATTENDANCE,CALTHORPE|CHAIR BASED EXERCISE|2025-11-10|1100|1145|CARD:388,NEW_ATTENDANCE,21326,Inserted inside the current SQL transaction.
COMMITTED,ATTENDANCE,CALTHORPE|CHAIR BASED EXERCISE|2025-11-10|1100|1145|CARD:444,NEW_ATTENDANCE,21327,Inserted inside the current SQL transaction.
COMMITTED,ATTENDANCE,CALTHORPE|CHAIR BASED EXERCISE|2025-11-10|1100|1145|CARD:470,NEW_ATTENDANCE,21328,Inserted inside the current SQL transaction.
COMMITTED,ATTENDANCE,CALTHORPE|CHAIR BASED EXERCISE|2025-11-10|1100|1145|CARD:485,NEW_ATTENDANCE,21329,Inserted inside the current SQL transaction.
COMMITTED,ATTENDANCE,CALTHORPE|CHAIR BASED EXERCISE|2025-11-10|1100|1145|CARD:620,NEW_ATTENDANCE,21330,Inserted inside the current SQL transaction.
COMMITTED,ATTENDANCE,CALTHORPE|CHAIR BASED EXERCISE|2025-11-10|1100|1145|CARD:642,NEW_ATTENDANCE,21331,Inserted inside the current SQL transaction.
COMMITTED,ATTENDANCE,CALTHORPE|CHAIR BASED EXERCISE|2025-11-10|1100|1145|CARD:679,NEW_ATTENDANCE,21332,Inserted inside the current SQL transaction.
COMMITTED,ATTENDANCE,CALTHORPE|CHAIR BASED EXERCISE|2025-11-10|1100|1145|CARD:747,NEW_ATTENDANCE,21333,Inserted inside the current SQL transaction.
COMMITTED,ATTENDANCE,CALTHORPE|CHAIR BASED EXERCISE|2025-11-10|1100|1145|CARD:750,NEW_ATTENDANCE,21334,Inserted inside the current SQL transaction.
COMMITTED,ATTENDANCE,CALTHORPE|CROCHET|2025-11-10|1215|1415|CARD:416,NEW_ATTENDANCE,21335,Inserted inside the current SQL transaction.
COMMITTED,ATTENDANCE,CALTHORPE|CROCHET|2025-11-10|1215|1415|CARD:468,NEW_ATTENDANCE,21336,Inserted inside the current SQL transaction.
COMMITTED,ATTENDANCE,CALTHORPE|CROCHET|2025-11-10|1215|1415|CARD:493,NEW_ATTENDANCE,21337,Inserted inside the current SQL transaction.
COMMITTED,ATTENDANCE,CALTHORPE|CROCHET|2025-11-10|1215|1415|CARD:509,NEW_ATTENDANCE,21338,Inserted inside the current SQL transaction.
COMMITTED,ATTENDANCE,CALTHORPE|CROCHET|2025-11-10|1215|1415|CARD:638,NEW_ATTENDANCE,21339,Inserted inside the current SQL transaction.
COMMITTED,ATTENDANCE,CALTHORPE|CROCHET|2025-11-10|1215|1415|CARD:697,NEW_ATTENDANCE,21340,Inserted inside the current SQL transaction.
COMMITTED,ATTENDANCE,CALTHORPE|ARTS|2025-11-11|1130|1230|CARD:1236,NEW_ATTENDANCE,21341,Inserted inside the current SQL transaction.
COMMITTED,ATTENDANCE,CALTHORPE|ARTS|2025-11-11|1130|1230|CARD:376,NEW_ATTENDANCE,21342,Inserted inside the current SQL transaction.
COMMITTED,ATTENDANCE,CALTHORPE|ARTS|2025-11-11|1130|1230|CARD:638,NEW_ATTENDANCE,21343,Inserted inside the current SQL transaction.
COMMITTED,ATTENDANCE,CALTHORPE|STRENGTH & STRETCH|2025-11-11|1000|1100|CARD:319,NEW_ATTENDANCE,21344,Inserted inside the current SQL transaction.
COMMITTED,ATTENDANCE,CALTHORPE|STRENGTH & STRETCH|2025-11-11|1000|1100|CARD:386,NEW_ATTENDANCE,21345,Inserted inside the current SQL transaction.
COMMITTED,ATTENDANCE,CALTHORPE|STRENGTH & STRETCH|2025-11-11|1000|1100|CARD:388,NEW_ATTENDANCE,21346,Inserted inside the current SQL transaction.
COMMITTED,ATTENDANCE,CALTHORPE|STRENGTH & STRETCH|2025-11-11|1000|1100|CARD:395,NEW_ATTENDANCE,21347,Inserted inside the current SQL transaction.
COMMITTED,ATTENDANCE,CALTHORPE|STRENGTH & STRETCH|2025-11-11|1000|1100|CARD:406,NEW_ATTENDANCE,21348,Inserted inside the current SQL transaction.
COMMITTED,ATTENDANCE,CALTHORPE|STRENGTH & STRETCH|2025-11-11|1000|1100|CARD:411,NEW_ATTENDANCE,21349,Inserted inside the current SQL transaction.
COMMITTED,ATTENDANCE,CALTHORPE|STRENGTH & STRETCH|2025-11-11|1000|1100|CARD:427,NEW_ATTENDANCE,21350,Inserted inside the current SQL transaction.
COMMITTED,ATTENDANCE,CALTHORPE|STRENGTH & STRETCH|2025-11-11|1000|1100|CARD:433,NEW_ATTENDANCE,21351,Inserted inside the current SQL transaction.
COMMITTED,ATTENDANCE,CALTHORPE|STRENGTH & STRETCH|2025-11-11|1000|1100|CARD:450,NEW_ATTENDANCE,21352,Inserted inside the current SQL transaction.
COMMITTED,ATTENDANCE,CALTHORPE|STRENGTH & STRETCH|2025-11-11|1000|1100|CARD:451,NEW_ATTENDANCE,21353,Inserted inside the current SQL transaction.
COMMITTED,ATTENDANCE,CALTHORPE|STRENGTH & STRETCH|2025-11-11|1000|1100|CARD:648,NEW_ATTENDANCE,21354,Inserted inside the current SQL transaction.
COMMITTED,ATTENDANCE,CALTHORPE|STRENGTH & STRETCH|2025-11-11|1000|1100|CARD:692,NEW_ATTENDANCE,21355,Inserted inside the current SQL transaction.
COMMITTED,ATTENDANCE,CALTHORPE|STRENGTH & STRETCH|2025-11-11|1000|1100|CARD:697,NEW_ATTENDANCE,21356,Inserted inside the current SQL transaction.
COMMITTED,ATTENDANCE,CALTHORPE|STRENGTH & STRETCH|2025-11-11|1000|1100|CARD:698,NEW_ATTENDANCE,21357,Inserted inside the current SQL transaction.
COMMITTED,ATTENDANCE,CALTHORPE|STRENGTH & STRETCH|2025-11-11|1000|1100|CARD:699,NEW_ATTENDANCE,21358,Inserted inside the current SQL transaction.
COMMITTED,ATTENDANCE,CALTHORPE|STRENGTH & STRETCH|2025-11-11|1000|1100|CARD:727,NEW_ATTENDANCE,21359,Inserted inside the current SQL transaction.
COMMITTED,ATTENDANCE,CALTHORPE|STRENGTH & STRETCH|2025-11-11|1000|1100|CARD:770,NEW_ATTENDANCE,21360,Inserted inside the current SQL transaction.
COMMITTED,ATTENDANCE,CALTHORPE|STRENGTH & STRETCH|2025-11-11|1000|1100|NAME:khairoon chowdhury,NEW_ATTENDANCE,21361,Inserted inside the current SQL transaction.
COMMITTED,ATTENDANCE,CALTHORPE|ARTS|2025-11-12|1215|1315|CARD:372,NEW_ATTENDANCE,21362,Inserted inside the current SQL transaction.
COMMITTED,ATTENDANCE,CALTHORPE|ARTS|2025-11-12|1215|1315|CARD:380,NEW_ATTENDANCE,21363,Inserted inside the current SQL transaction.
COMMITTED,ATTENDANCE,CALTHORPE|ARTS|2025-11-12|1215|1315|CARD:394,NEW_ATTENDANCE,21364,Inserted inside the current SQL transaction.
COMMITTED,ATTENDANCE,CALTHORPE|ARTS|2025-11-12|1215|1315|CARD:397,NEW_ATTENDANCE,21365,Inserted inside the current SQL transaction.
COMMITTED,ATTENDANCE,CALTHORPE|ARTS|2025-11-12|1215|1315|CARD:402,NEW_ATTENDANCE,21366,Inserted inside the current SQL transaction.
COMMITTED,ATTENDANCE,CALTHORPE|ARTS|2025-11-12|1215|1315|CARD:416,NEW_ATTENDANCE,21367,Inserted inside the current SQL transaction.
COMMITTED,ATTENDANCE,CALTHORPE|ARTS|2025-11-12|1215|1315|CARD:444,NEW_ATTENDANCE,21368,Inserted inside the current SQL transaction.
COMMITTED,ATTENDANCE,CALTHORPE|ARTS|2025-11-12|1215|1315|CARD:514,NEW_ATTENDANCE,21369,Inserted inside the current SQL transaction.
COMMITTED,ATTENDANCE,CALTHORPE|ARTS|2025-11-12|1215|1315|CARD:638,NEW_ATTENDANCE,21370,Inserted inside the current SQL transaction.
COMMITTED,ATTENDANCE,CALTHORPE|ARTS|2025-11-12|1215|1315|CARD:658,NEW_ATTENDANCE,21371,Inserted inside the current SQL transaction.
COMMITTED,ATTENDANCE,CALTHORPE|ARTS|2025-11-12|1215|1315|CARD:995,NEW_ATTENDANCE,21372,Inserted inside the current SQL transaction.
COMMITTED,ATTENDANCE,CALTHORPE|SALSA/BELLY DANCING|2025-11-12|1100|1200|CARD:416,NEW_ATTENDANCE,21373,Inserted inside the current SQL transaction.
COMMITTED,ATTENDANCE,CALTHORPE|SALSA/BELLY DANCING|2025-11-12|1100|1200|CARD:441,NEW_ATTENDANCE,21374,Inserted inside the current SQL transaction.
COMMITTED,ATTENDANCE,CALTHORPE|SALSA/BELLY DANCING|2025-11-12|1100|1200|CARD:513,NEW_ATTENDANCE,21375,Inserted inside the current SQL transaction.
COMMITTED,ATTENDANCE,CALTHORPE|SALSA/BELLY DANCING|2025-11-12|1100|1200|CARD:580,NEW_ATTENDANCE,21376,Inserted inside the current SQL transaction.
COMMITTED,ATTENDANCE,CALTHORPE|SALSA/BELLY DANCING|2025-11-12|1100|1200|CARD:638,NEW_ATTENDANCE,21377,Inserted inside the current SQL transaction.
COMMITTED,ATTENDANCE,CALTHORPE|SALSA/BELLY DANCING|2025-11-12|1100|1200|CARD:995,NEW_ATTENDANCE,21378,Inserted inside the current SQL transaction.
COMMITTED,ATTENDANCE,CALTHORPE|CHAIR BASED EXERCISE|2025-11-13|1145|1230|CARD:337,NEW_ATTENDANCE,21379,Inserted inside the current SQL transaction.
COMMITTED,ATTENDANCE,CALTHORPE|CHAIR BASED EXERCISE|2025-11-13|1145|1230|CARD:380,NEW_ATTENDANCE,21380,Inserted inside the current SQL transaction.
COMMITTED,ATTENDANCE,CALTHORPE|CHAIR BASED EXERCISE|2025-11-13|1145|1230|CARD:410,NEW_ATTENDANCE,21381,Inserted inside the current SQL transaction.
COMMITTED,ATTENDANCE,CALTHORPE|CHAIR BASED EXERCISE|2025-11-13|1145|1230|CARD:415,NEW_ATTENDANCE,21382,Inserted inside the current SQL transaction.
COMMITTED,ATTENDANCE,CALTHORPE|CHAIR BASED EXERCISE|2025-11-13|1145|1230|CARD:416,NEW_ATTENDANCE,21383,Inserted inside the current SQL transaction.
COMMITTED,ATTENDANCE,CALTHORPE|CHAIR BASED EXERCISE|2025-11-13|1145|1230|CARD:418,NEW_ATTENDANCE,21384,Inserted inside the current SQL transaction.
COMMITTED,ATTENDANCE,CALTHORPE|CHAIR BASED EXERCISE|2025-11-13|1145|1230|CARD:436,NEW_ATTENDANCE,21385,Inserted inside the current SQL transaction.
COMMITTED,ATTENDANCE,CALTHORPE|CHAIR BASED EXERCISE|2025-11-13|1145|1230|CARD:444,NEW_ATTENDANCE,21386,Inserted inside the current SQL transaction.
COMMITTED,ATTENDANCE,CALTHORPE|CHAIR BASED EXERCISE|2025-11-13|1145|1230|CARD:469,NEW_ATTENDANCE,21387,Inserted inside the current SQL transaction.
COMMITTED,ATTENDANCE,CALTHORPE|CHAIR BASED EXERCISE|2025-11-13|1145|1230|CARD:549,NEW_ATTENDANCE,21388,Inserted inside the current SQL transaction.
COMMITTED,ATTENDANCE,CALTHORPE|CHAIR BASED EXERCISE|2025-11-13|1145|1230|CARD:601,NEW_ATTENDANCE,21389,Inserted inside the current SQL transaction.
COMMITTED,ATTENDANCE,CALTHORPE|CHAIR BASED EXERCISE|2025-11-13|1145|1230|CARD:604,NEW_ATTENDANCE,21390,Inserted inside the current SQL transaction.
COMMITTED,ATTENDANCE,CALTHORPE|CHAIR BASED EXERCISE|2025-11-13|1145|1230|CARD:610,NEW_ATTENDANCE,21391,Inserted inside the current SQL transaction.
COMMITTED,ATTENDANCE,CALTHORPE|CHAIR BASED EXERCISE|2025-11-13|1145|1230|CARD:620,NEW_ATTENDANCE,21392,Inserted inside the current SQL transaction.
COMMITTED,ATTENDANCE,CALTHORPE|CHAIR BASED EXERCISE|2025-11-13|1145|1230|CARD:638,NEW_ATTENDANCE,21393,Inserted inside the current SQL transaction.
COMMITTED,ATTENDANCE,CALTHORPE|CHAIR BASED EXERCISE|2025-11-13|1145|1230|CARD:642,NEW_ATTENDANCE,21394,Inserted inside the current SQL transaction.
COMMITTED,ATTENDANCE,CALTHORPE|CHAIR BASED EXERCISE|2025-11-13|1145|1230|CARD:655,NEW_ATTENDANCE,21395,Inserted inside the current SQL transaction.
COMMITTED,ATTENDANCE,CALTHORPE|CHAIR BASED EXERCISE|2025-11-13|1145|1230|CARD:679,NEW_ATTENDANCE,21396,Inserted inside the current SQL transaction.
COMMITTED,ATTENDANCE,CALTHORPE|CHAIR BASED EXERCISE|2025-11-13|1145|1230|CARD:692,NEW_ATTENDANCE,21397,Inserted inside the current SQL transaction.
COMMITTED,ATTENDANCE,CALTHORPE|CIRCUIT TRAINING|2025-11-13|0930|1015|CARD:373,NEW_ATTENDANCE,21398,Inserted inside the current SQL transaction.
COMMITTED,ATTENDANCE,CALTHORPE|CIRCUIT TRAINING|2025-11-13|0930|1015|CARD:386,NEW_ATTENDANCE,21399,Inserted inside the current SQL transaction.
COMMITTED,ATTENDANCE,CALTHORPE|CIRCUIT TRAINING|2025-11-13|0930|1015|CARD:388,NEW_ATTENDANCE,21400,Inserted inside the current SQL transaction.
COMMITTED,ATTENDANCE,CALTHORPE|CIRCUIT TRAINING|2025-11-13|0930|1015|CARD:398,NEW_ATTENDANCE,21401,Inserted inside the current SQL transaction.
COMMITTED,ATTENDANCE,CALTHORPE|CIRCUIT TRAINING|2025-11-13|0930|1015|CARD:422,NEW_ATTENDANCE,21402,Inserted inside the current SQL transaction.
COMMITTED,ATTENDANCE,CALTHORPE|CIRCUIT TRAINING|2025-11-13|0930|1015|CARD:429,NEW_ATTENDANCE,21403,Inserted inside the current SQL transaction.
COMMITTED,ATTENDANCE,CALTHORPE|CIRCUIT TRAINING|2025-11-13|0930|1015|CARD:433,NEW_ATTENDANCE,21404,Inserted inside the current SQL transaction.
COMMITTED,ATTENDANCE,CALTHORPE|CIRCUIT TRAINING|2025-11-13|0930|1015|CARD:470,NEW_ATTENDANCE,21405,Inserted inside the current SQL transaction.
COMMITTED,ATTENDANCE,CALTHORPE|CIRCUIT TRAINING|2025-11-13|0930|1015|CARD:504,NEW_ATTENDANCE,21406,Inserted inside the current SQL transaction.
COMMITTED,ATTENDANCE,CALTHORPE|CIRCUIT TRAINING|2025-11-13|0930|1015|CARD:566,NEW_ATTENDANCE,21407,Inserted inside the current SQL transaction.
COMMITTED,ATTENDANCE,CALTHORPE|CIRCUIT TRAINING|2025-11-13|0930|1015|CARD:648,NEW_ATTENDANCE,21408,Inserted inside the current SQL transaction.
COMMITTED,ATTENDANCE,CALTHORPE|CIRCUIT TRAINING|2025-11-13|0930|1015|CARD:698,NEW_ATTENDANCE,21409,Inserted inside the current SQL transaction.
COMMITTED,ATTENDANCE,CALTHORPE|CIRCUIT TRAINING|2025-11-13|0930|1015|CARD:699,NEW_ATTENDANCE,21410,Inserted inside the current SQL transaction.
COMMITTED,ATTENDANCE,CALTHORPE|CIRCUIT TRAINING|2025-11-13|0930|1015|CARD:727,NEW_ATTENDANCE,21411,Inserted inside the current SQL transaction.
COMMITTED,ATTENDANCE,CALTHORPE|CIRCUIT TRAINING|2025-11-13|0930|1015|CARD:780,NEW_ATTENDANCE,21412,Inserted inside the current SQL transaction.
COMMITTED,ATTENDANCE,CALTHORPE|CROCHET|2025-11-13|1245|1430|CARD:416,NEW_ATTENDANCE,21413,Inserted inside the current SQL transaction.
COMMITTED,ATTENDANCE,CALTHORPE|CROCHET|2025-11-13|1245|1430|CARD:418,NEW_ATTENDANCE,21414,Inserted inside the current SQL transaction.
COMMITTED,ATTENDANCE,CALTHORPE|CROCHET|2025-11-13|1245|1430|CARD:436,NEW_ATTENDANCE,21415,Inserted inside the current SQL transaction.
COMMITTED,ATTENDANCE,CALTHORPE|CROCHET|2025-11-13|1245|1430|CARD:604,NEW_ATTENDANCE,21416,Inserted inside the current SQL transaction.
COMMITTED,ATTENDANCE,CALTHORPE|CROCHET|2025-11-13|1245|1430|CARD:638,NEW_ATTENDANCE,21417,Inserted inside the current SQL transaction.
COMMITTED,ATTENDANCE,CALTHORPE|CROCHET|2025-11-13|1245|1430|CARD:655,NEW_ATTENDANCE,21418,Inserted inside the current SQL transaction.
COMMITTED,ATTENDANCE,CALTHORPE|CROCHET|2025-11-13|1245|1430|CARD:763,NEW_ATTENDANCE,21419,Inserted inside the current SQL transaction.
COMMITTED,ATTENDANCE,CALTHORPE|BODY CONDITIONING|2025-11-14|1145|1230|CARD:346,NEW_ATTENDANCE,21420,Inserted inside the current SQL transaction.
COMMITTED,ATTENDANCE,CALTHORPE|BODY CONDITIONING|2025-11-14|1145|1230|CARD:380,NEW_ATTENDANCE,21421,Inserted inside the current SQL transaction.
COMMITTED,ATTENDANCE,CALTHORPE|BODY CONDITIONING|2025-11-14|1145|1230|CARD:384,NEW_ATTENDANCE,21422,Inserted inside the current SQL transaction.
COMMITTED,ATTENDANCE,CALTHORPE|BODY CONDITIONING|2025-11-14|1145|1230|CARD:386,NEW_ATTENDANCE,21423,Inserted inside the current SQL transaction.
COMMITTED,ATTENDANCE,CALTHORPE|BODY CONDITIONING|2025-11-14|1145|1230|CARD:388,NEW_ATTENDANCE,21424,Inserted inside the current SQL transaction.
COMMITTED,ATTENDANCE,CALTHORPE|BODY CONDITIONING|2025-11-14|1145|1230|CARD:394,NEW_ATTENDANCE,21425,Inserted inside the current SQL transaction.
COMMITTED,ATTENDANCE,CALTHORPE|BODY CONDITIONING|2025-11-14|1145|1230|CARD:429,NEW_ATTENDANCE,21426,Inserted inside the current SQL transaction.
COMMITTED,ATTENDANCE,CALTHORPE|BODY CONDITIONING|2025-11-14|1145|1230|CARD:433,NEW_ATTENDANCE,21427,Inserted inside the current SQL transaction.
COMMITTED,ATTENDANCE,CALTHORPE|BODY CONDITIONING|2025-11-14|1145|1230|CARD:441,NEW_ATTENDANCE,21428,Inserted inside the current SQL transaction.
COMMITTED,ATTENDANCE,CALTHORPE|BODY CONDITIONING|2025-11-14|1145|1230|CARD:470,NEW_ATTENDANCE,21429,Inserted inside the current SQL transaction.
COMMITTED,ATTENDANCE,CALTHORPE|BODY CONDITIONING|2025-11-14|1145|1230|CARD:557,NEW_ATTENDANCE,21430,Inserted inside the current SQL transaction.
COMMITTED,ATTENDANCE,CALTHORPE|BODY CONDITIONING|2025-11-14|1145|1230|CARD:568,NEW_ATTENDANCE,21431,Inserted inside the current SQL transaction.
COMMITTED,ATTENDANCE,CALTHORPE|BODY CONDITIONING|2025-11-14|1145|1230|CARD:606,NEW_ATTENDANCE,21432,Inserted inside the current SQL transaction.
COMMITTED,ATTENDANCE,CALTHORPE|BODY CONDITIONING|2025-11-14|1145|1230|CARD:625,NEW_ATTENDANCE,21433,Inserted inside the current SQL transaction.
COMMITTED,ATTENDANCE,CALTHORPE|BODY CONDITIONING|2025-11-14|1145|1230|CARD:633,NEW_ATTENDANCE,21434,Inserted inside the current SQL transaction.
COMMITTED,ATTENDANCE,CALTHORPE|BODY CONDITIONING|2025-11-14|1145|1230|CARD:727,NEW_ATTENDANCE,21435,Inserted inside the current SQL transaction.
COMMITTED,ATTENDANCE,CALTHORPE|ESOL|2025-11-14|0930|1030|CARD:449,NEW_ATTENDANCE,21436,Inserted inside the current SQL transaction.
COMMITTED,ATTENDANCE,CALTHORPE|ESOL|2025-11-14|0930|1030|CARD:453,NEW_ATTENDANCE,21437,Inserted inside the current SQL transaction.
COMMITTED,ATTENDANCE,CALTHORPE|ESOL|2025-11-14|0930|1030|CARD:455,NEW_ATTENDANCE,21438,Inserted inside the current SQL transaction.
COMMITTED,ATTENDANCE,CALTHORPE|ESOL|2025-11-14|0930|1030|CARD:458,NEW_ATTENDANCE,21439,Inserted inside the current SQL transaction.
COMMITTED,ATTENDANCE,CALTHORPE|ESOL|2025-11-14|0930|1030|CARD:459,NEW_ATTENDANCE,21440,Inserted inside the current SQL transaction.
COMMITTED,ATTENDANCE,CALTHORPE|ESOL|2025-11-14|0930|1030|CARD:462,NEW_ATTENDANCE,21441,Inserted inside the current SQL transaction.
COMMITTED,ATTENDANCE,CALTHORPE|ESOL|2025-11-14|0930|1030|CARD:516,NEW_ATTENDANCE,21442,Inserted inside the current SQL transaction.
COMMITTED,ATTENDANCE,CALTHORPE|ESOL|2025-11-14|0930|1030|CARD:672,NEW_ATTENDANCE,21443,Inserted inside the current SQL transaction.
COMMITTED,ATTENDANCE,CALTHORPE|ESOL|2025-11-14|0930|1030|CARD:673,NEW_ATTENDANCE,21444,Inserted inside the current SQL transaction.
COMMITTED,ATTENDANCE,CALTHORPE|ESOL|2025-11-14|0930|1030|CARD:728,NEW_ATTENDANCE,21445,Inserted inside the current SQL transaction.
COMMITTED,ATTENDANCE,CALTHORPE|PILATES|2025-11-14|1245|1330|CARD:379,NEW_ATTENDANCE,21446,Inserted inside the current SQL transaction.
COMMITTED,ATTENDANCE,CALTHORPE|PILATES|2025-11-14|1245|1330|CARD:384,NEW_ATTENDANCE,21447,Inserted inside the current SQL transaction.
COMMITTED,ATTENDANCE,CALTHORPE|PILATES|2025-11-14|1245|1330|CARD:386,NEW_ATTENDANCE,21448,Inserted inside the current SQL transaction.
COMMITTED,ATTENDANCE,CALTHORPE|PILATES|2025-11-14|1245|1330|CARD:388,NEW_ATTENDANCE,21449,Inserted inside the current SQL transaction.
COMMITTED,ATTENDANCE,CALTHORPE|PILATES|2025-11-14|1245|1330|CARD:441,NEW_ATTENDANCE,21450,Inserted inside the current SQL transaction.
COMMITTED,ATTENDANCE,CALTHORPE|PILATES|2025-11-14|1245|1330|CARD:486,NEW_ATTENDANCE,21451,Inserted inside the current SQL transaction.
COMMITTED,ATTENDANCE,CALTHORPE|PILATES|2025-11-14|1245|1330|CARD:633,NEW_ATTENDANCE,21452,Inserted inside the current SQL transaction.
COMMITTED,ATTENDANCE,CALTHORPE|PILATES|2025-11-14|1245|1330|CARD:704,NEW_ATTENDANCE,21453,Inserted inside the current SQL transaction.
COMMITTED,ATTENDANCE,CALTHORPE|AEROBICS|2025-11-17|1000|1045|CARD:386,NEW_ATTENDANCE,21454,Inserted inside the current SQL transaction.
COMMITTED,ATTENDANCE,CALTHORPE|AEROBICS|2025-11-17|1000|1045|CARD:388,NEW_ATTENDANCE,21455,Inserted inside the current SQL transaction.
COMMITTED,ATTENDANCE,CALTHORPE|AEROBICS|2025-11-17|1000|1045|CARD:391,NEW_ATTENDANCE,21456,Inserted inside the current SQL transaction.
COMMITTED,ATTENDANCE,CALTHORPE|AEROBICS|2025-11-17|1000|1045|CARD:396,NEW_ATTENDANCE,21457,Inserted inside the current SQL transaction.
COMMITTED,ATTENDANCE,CALTHORPE|AEROBICS|2025-11-17|1000|1045|CARD:406,NEW_ATTENDANCE,21458,Inserted inside the current SQL transaction.
COMMITTED,ATTENDANCE,CALTHORPE|AEROBICS|2025-11-17|1000|1045|CARD:407,NEW_ATTENDANCE,21459,Inserted inside the current SQL transaction.
COMMITTED,ATTENDANCE,CALTHORPE|AEROBICS|2025-11-17|1000|1045|CARD:422,NEW_ATTENDANCE,21460,Inserted inside the current SQL transaction.
COMMITTED,ATTENDANCE,CALTHORPE|AEROBICS|2025-11-17|1000|1045|CARD:427,NEW_ATTENDANCE,21461,Inserted inside the current SQL transaction.
COMMITTED,ATTENDANCE,CALTHORPE|AEROBICS|2025-11-17|1000|1045|CARD:470,NEW_ATTENDANCE,21462,Inserted inside the current SQL transaction.
COMMITTED,ATTENDANCE,CALTHORPE|AEROBICS|2025-11-17|1000|1045|CARD:648,NEW_ATTENDANCE,21463,Inserted inside the current SQL transaction.
COMMITTED,ATTENDANCE,CALTHORPE|AEROBICS|2025-11-17|1000|1045|CARD:691,NEW_ATTENDANCE,21464,Inserted inside the current SQL transaction.
COMMITTED,ATTENDANCE,CALTHORPE|AEROBICS|2025-11-17|1000|1045|CARD:699,NEW_ATTENDANCE,21465,Inserted inside the current SQL transaction.
COMMITTED,ATTENDANCE,CALTHORPE|AEROBICS|2025-11-17|1000|1045|CARD:717,NEW_ATTENDANCE,21466,Inserted inside the current SQL transaction.
COMMITTED,ATTENDANCE,CALTHORPE|AEROBICS|2025-11-17|1000|1045|CARD:767,NEW_ATTENDANCE,21467,Inserted inside the current SQL transaction.
COMMITTED,ATTENDANCE,CALTHORPE|AEROBICS|2025-11-17|1000|1045|CARD:770,NEW_ATTENDANCE,21468,Inserted inside the current SQL transaction.
COMMITTED,ATTENDANCE,CALTHORPE|AEROBICS|2025-11-17|1000|1045|CARD:780,NEW_ATTENDANCE,21469,Inserted inside the current SQL transaction.
COMMITTED,ATTENDANCE,CALTHORPE|AEROBICS|2025-11-17|1000|1045|CARD:990,NEW_ATTENDANCE,21470,Inserted inside the current SQL transaction.
COMMITTED,ATTENDANCE,CALTHORPE|CHAIR BASED EXERCISE|2025-11-17|1100|1145|CARD:410,NEW_ATTENDANCE,21471,Inserted inside the current SQL transaction.
COMMITTED,ATTENDANCE,CALTHORPE|CHAIR BASED EXERCISE|2025-11-17|1100|1145|CARD:444,NEW_ATTENDANCE,21472,Inserted inside the current SQL transaction.
COMMITTED,ATTENDANCE,CALTHORPE|CHAIR BASED EXERCISE|2025-11-17|1100|1145|CARD:485,NEW_ATTENDANCE,21473,Inserted inside the current SQL transaction.
COMMITTED,ATTENDANCE,CALTHORPE|CHAIR BASED EXERCISE|2025-11-17|1100|1145|CARD:511,NEW_ATTENDANCE,21474,Inserted inside the current SQL transaction.
COMMITTED,ATTENDANCE,CALTHORPE|CHAIR BASED EXERCISE|2025-11-17|1100|1145|CARD:512,NEW_ATTENDANCE,21475,Inserted inside the current SQL transaction.
COMMITTED,ATTENDANCE,CALTHORPE|CHAIR BASED EXERCISE|2025-11-17|1100|1145|CARD:602,NEW_ATTENDANCE,21476,Inserted inside the current SQL transaction.
COMMITTED,ATTENDANCE,CALTHORPE|CHAIR BASED EXERCISE|2025-11-17|1100|1145|CARD:620,NEW_ATTENDANCE,21477,Inserted inside the current SQL transaction.
COMMITTED,ATTENDANCE,CALTHORPE|CHAIR BASED EXERCISE|2025-11-17|1100|1145|CARD:638,NEW_ATTENDANCE,21478,Inserted inside the current SQL transaction.
COMMITTED,ATTENDANCE,CALTHORPE|CHAIR BASED EXERCISE|2025-11-17|1100|1145|CARD:705,NEW_ATTENDANCE,21479,Inserted inside the current SQL transaction.
COMMITTED,ATTENDANCE,CALTHORPE|CHAIR BASED EXERCISE|2025-11-17|1100|1145|CARD:769,NEW_ATTENDANCE,21480,Inserted inside the current SQL transaction.
COMMITTED,ATTENDANCE,CALTHORPE|CHAIR BASED EXERCISE|2025-11-17|1100|1145|CARD:991,NEW_ATTENDANCE,21481,Inserted inside the current SQL transaction.
COMMITTED,ATTENDANCE,CALTHORPE|CROCHET|2025-11-17|1215|1415|CARD:145,NEW_ATTENDANCE,21482,Inserted inside the current SQL transaction.
COMMITTED,ATTENDANCE,CALTHORPE|CROCHET|2025-11-17|1215|1415|CARD:380,NEW_ATTENDANCE,21483,Inserted inside the current SQL transaction.
COMMITTED,ATTENDANCE,CALTHORPE|CROCHET|2025-11-17|1215|1415|CARD:493,NEW_ATTENDANCE,21484,Inserted inside the current SQL transaction.
COMMITTED,ATTENDANCE,CALTHORPE|CROCHET|2025-11-17|1215|1415|CARD:509,NEW_ATTENDANCE,21485,Inserted inside the current SQL transaction.
COMMITTED,ATTENDANCE,CALTHORPE|CROCHET|2025-11-17|1215|1415|CARD:586,NEW_ATTENDANCE,21486,Inserted inside the current SQL transaction.
COMMITTED,ATTENDANCE,CALTHORPE|CROCHET|2025-11-17|1215|1415|CARD:613,NEW_ATTENDANCE,21487,Inserted inside the current SQL transaction.
COMMITTED,ATTENDANCE,CALTHORPE|CROCHET|2025-11-17|1215|1415|CARD:616,NEW_ATTENDANCE,21488,Inserted inside the current SQL transaction.
COMMITTED,ATTENDANCE,CALTHORPE|CROCHET|2025-11-17|1215|1415|CARD:638,NEW_ATTENDANCE,21489,Inserted inside the current SQL transaction.
COMMITTED,ATTENDANCE,CALTHORPE|CROCHET|2025-11-17|1215|1415|CARD:657,NEW_ATTENDANCE,21490,Inserted inside the current SQL transaction.
COMMITTED,ATTENDANCE,CALTHORPE|CROCHET|2025-11-17|1215|1415|CARD:697,NEW_ATTENDANCE,21491,Inserted inside the current SQL transaction.
COMMITTED,ATTENDANCE,CALTHORPE|CROCHET|2025-11-17|1215|1415|CARD:761,NEW_ATTENDANCE,21492,Inserted inside the current SQL transaction.
COMMITTED,ATTENDANCE,CALTHORPE|CROCHET|2025-11-17|1215|1415|NAME:yasmin rehman,NEW_ATTENDANCE,21493,Inserted inside the current SQL transaction.
COMMITTED,ATTENDANCE,CALTHORPE|ARTS|2025-11-18|1130|1230|CARD:376,NEW_ATTENDANCE,21494,Inserted inside the current SQL transaction.
COMMITTED,ATTENDANCE,CALTHORPE|ARTS|2025-11-18|1130|1230|CARD:380,NEW_ATTENDANCE,21495,Inserted inside the current SQL transaction.
COMMITTED,ATTENDANCE,CALTHORPE|ARTS|2025-11-18|1130|1230|CARD:406,NEW_ATTENDANCE,21496,Inserted inside the current SQL transaction.
COMMITTED,ATTENDANCE,CALTHORPE|ARTS|2025-11-18|1130|1230|CARD:513,NEW_ATTENDANCE,21497,Inserted inside the current SQL transaction.
COMMITTED,ATTENDANCE,CALTHORPE|ARTS|2025-11-18|1130|1230|CARD:638,NEW_ATTENDANCE,21498,Inserted inside the current SQL transaction.
COMMITTED,ATTENDANCE,CALTHORPE|ARTS|2025-11-18|1130|1230|CARD:657,NEW_ATTENDANCE,21499,Inserted inside the current SQL transaction.
COMMITTED,ATTENDANCE,CALTHORPE|ARTS|2025-11-18|1130|1230|CARD:767,NEW_ATTENDANCE,21500,Inserted inside the current SQL transaction.
COMMITTED,ATTENDANCE,CALTHORPE|STRENGTH & STRETCH|2025-11-18|1000|1100|CARD:380,NEW_ATTENDANCE,21501,Inserted inside the current SQL transaction.
COMMITTED,ATTENDANCE,CALTHORPE|STRENGTH & STRETCH|2025-11-18|1000|1100|CARD:386,NEW_ATTENDANCE,21502,Inserted inside the current SQL transaction.
COMMITTED,ATTENDANCE,CALTHORPE|STRENGTH & STRETCH|2025-11-18|1000|1100|CARD:388,NEW_ATTENDANCE,21503,Inserted inside the current SQL transaction.
COMMITTED,ATTENDANCE,CALTHORPE|STRENGTH & STRETCH|2025-11-18|1000|1100|CARD:391,NEW_ATTENDANCE,21504,Inserted inside the current SQL transaction.
COMMITTED,ATTENDANCE,CALTHORPE|STRENGTH & STRETCH|2025-11-18|1000|1100|CARD:396,NEW_ATTENDANCE,21505,Inserted inside the current SQL transaction.
COMMITTED,ATTENDANCE,CALTHORPE|STRENGTH & STRETCH|2025-11-18|1000|1100|CARD:406,NEW_ATTENDANCE,21506,Inserted inside the current SQL transaction.
COMMITTED,ATTENDANCE,CALTHORPE|STRENGTH & STRETCH|2025-11-18|1000|1100|CARD:407,NEW_ATTENDANCE,21507,Inserted inside the current SQL transaction.
COMMITTED,ATTENDANCE,CALTHORPE|STRENGTH & STRETCH|2025-11-18|1000|1100|CARD:411,NEW_ATTENDANCE,21508,Inserted inside the current SQL transaction.
COMMITTED,ATTENDANCE,CALTHORPE|STRENGTH & STRETCH|2025-11-18|1000|1100|CARD:427,NEW_ATTENDANCE,21509,Inserted inside the current SQL transaction.
COMMITTED,ATTENDANCE,CALTHORPE|STRENGTH & STRETCH|2025-11-18|1000|1100|CARD:429,NEW_ATTENDANCE,21510,Inserted inside the current SQL transaction.
COMMITTED,ATTENDANCE,CALTHORPE|STRENGTH & STRETCH|2025-11-18|1000|1100|CARD:486,NEW_ATTENDANCE,21511,Inserted inside the current SQL transaction.
COMMITTED,ATTENDANCE,CALTHORPE|STRENGTH & STRETCH|2025-11-18|1000|1100|CARD:566,NEW_ATTENDANCE,21512,Inserted inside the current SQL transaction.
COMMITTED,ATTENDANCE,CALTHORPE|STRENGTH & STRETCH|2025-11-18|1000|1100|CARD:638,NEW_ATTENDANCE,21513,Inserted inside the current SQL transaction.
COMMITTED,ATTENDANCE,CALTHORPE|STRENGTH & STRETCH|2025-11-18|1000|1100|CARD:648,NEW_ATTENDANCE,21514,Inserted inside the current SQL transaction.
COMMITTED,ATTENDANCE,CALTHORPE|STRENGTH & STRETCH|2025-11-18|1000|1100|CARD:698,NEW_ATTENDANCE,21515,Inserted inside the current SQL transaction.
COMMITTED,ATTENDANCE,CALTHORPE|STRENGTH & STRETCH|2025-11-18|1000|1100|CARD:699,NEW_ATTENDANCE,21516,Inserted inside the current SQL transaction.
COMMITTED,ATTENDANCE,CALTHORPE|STRENGTH & STRETCH|2025-11-18|1000|1100|CARD:717,NEW_ATTENDANCE,21517,Inserted inside the current SQL transaction.
COMMITTED,ATTENDANCE,CALTHORPE|STRENGTH & STRETCH|2025-11-18|1000|1100|CARD:764,NEW_ATTENDANCE,21518,Inserted inside the current SQL transaction.
COMMITTED,ATTENDANCE,CALTHORPE|ARTS|2025-11-19|1215|1315|CARD:372,NEW_ATTENDANCE,21519,Inserted inside the current SQL transaction.
COMMITTED,ATTENDANCE,CALTHORPE|ARTS|2025-11-19|1215|1315|CARD:380,NEW_ATTENDANCE,21520,Inserted inside the current SQL transaction.
COMMITTED,ATTENDANCE,CALTHORPE|ARTS|2025-11-19|1215|1315|CARD:427,NEW_ATTENDANCE,21521,Inserted inside the current SQL transaction.
COMMITTED,ATTENDANCE,CALTHORPE|ARTS|2025-11-19|1215|1315|CARD:429,NEW_ATTENDANCE,21522,Inserted inside the current SQL transaction.
COMMITTED,ATTENDANCE,CALTHORPE|ARTS|2025-11-19|1215|1315|CARD:514,NEW_ATTENDANCE,21523,Inserted inside the current SQL transaction.
COMMITTED,ATTENDANCE,CALTHORPE|ARTS|2025-11-19|1215|1315|CARD:634,NEW_ATTENDANCE,21524,Inserted inside the current SQL transaction.
COMMITTED,ATTENDANCE,CALTHORPE|ARTS|2025-11-19|1215|1315|CARD:637,NEW_ATTENDANCE,21525,Inserted inside the current SQL transaction.
COMMITTED,ATTENDANCE,CALTHORPE|ARTS|2025-11-19|1215|1315|CARD:638,NEW_ATTENDANCE,21526,Inserted inside the current SQL transaction.
COMMITTED,ATTENDANCE,CALTHORPE|ARTS|2025-11-19|1215|1315|CARD:658,NEW_ATTENDANCE,21527,Inserted inside the current SQL transaction.
COMMITTED,ATTENDANCE,CALTHORPE|ARTS|2025-11-19|1215|1315|CARD:745,NEW_ATTENDANCE,21528,Inserted inside the current SQL transaction.
COMMITTED,ATTENDANCE,CALTHORPE|ARTS|2025-11-19|1215|1315|CARD:767,NEW_ATTENDANCE,21529,Inserted inside the current SQL transaction.
COMMITTED,ATTENDANCE,CALTHORPE|ARTS|2025-11-19|1215|1315|NAME:leyla hirad,NEW_ATTENDANCE,21530,Inserted inside the current SQL transaction.
COMMITTED,ATTENDANCE,CALTHORPE|SALSA/BELLY DANCING|2025-11-19|1100|1200|CARD:429,NEW_ATTENDANCE,21531,Inserted inside the current SQL transaction.
COMMITTED,ATTENDANCE,CALTHORPE|SALSA/BELLY DANCING|2025-11-19|1100|1200|CARD:637,NEW_ATTENDANCE,21532,Inserted inside the current SQL transaction.
COMMITTED,ATTENDANCE,CALTHORPE|SALSA/BELLY DANCING|2025-11-19|1100|1200|CARD:745,NEW_ATTENDANCE,21533,Inserted inside the current SQL transaction.
COMMITTED,ATTENDANCE,CALTHORPE|SALSA/BELLY DANCING|2025-11-19|1100|1200|CARD:767,NEW_ATTENDANCE,21534,Inserted inside the current SQL transaction.
COMMITTED,ATTENDANCE,CALTHORPE|CHAIR BASED EXERCISE|2025-11-20|1145|1230|CARD:319,NEW_ATTENDANCE,21535,Inserted inside the current SQL transaction.
COMMITTED,ATTENDANCE,CALTHORPE|CHAIR BASED EXERCISE|2025-11-20|1145|1230|CARD:337,NEW_ATTENDANCE,21536,Inserted inside the current SQL transaction.
COMMITTED,ATTENDANCE,CALTHORPE|CHAIR BASED EXERCISE|2025-11-20|1145|1230|CARD:380,NEW_ATTENDANCE,21537,Inserted inside the current SQL transaction.
COMMITTED,ATTENDANCE,CALTHORPE|CHAIR BASED EXERCISE|2025-11-20|1145|1230|CARD:410,NEW_ATTENDANCE,21538,Inserted inside the current SQL transaction.
COMMITTED,ATTENDANCE,CALTHORPE|CHAIR BASED EXERCISE|2025-11-20|1145|1230|CARD:415,NEW_ATTENDANCE,21539,Inserted inside the current SQL transaction.
COMMITTED,ATTENDANCE,CALTHORPE|CHAIR BASED EXERCISE|2025-11-20|1145|1230|CARD:416,NEW_ATTENDANCE,21540,Inserted inside the current SQL transaction.
COMMITTED,ATTENDANCE,CALTHORPE|CHAIR BASED EXERCISE|2025-11-20|1145|1230|CARD:436,NEW_ATTENDANCE,21541,Inserted inside the current SQL transaction.
COMMITTED,ATTENDANCE,CALTHORPE|CHAIR BASED EXERCISE|2025-11-20|1145|1230|CARD:463,NEW_ATTENDANCE,21542,Inserted inside the current SQL transaction.
COMMITTED,ATTENDANCE,CALTHORPE|CHAIR BASED EXERCISE|2025-11-20|1145|1230|CARD:485,NEW_ATTENDANCE,21543,Inserted inside the current SQL transaction.
COMMITTED,ATTENDANCE,CALTHORPE|CHAIR BASED EXERCISE|2025-11-20|1145|1230|CARD:594,NEW_ATTENDANCE,21544,Inserted inside the current SQL transaction.
COMMITTED,ATTENDANCE,CALTHORPE|CHAIR BASED EXERCISE|2025-11-20|1145|1230|CARD:601,NEW_ATTENDANCE,21545,Inserted inside the current SQL transaction.
COMMITTED,ATTENDANCE,CALTHORPE|CHAIR BASED EXERCISE|2025-11-20|1145|1230|CARD:610,NEW_ATTENDANCE,21546,Inserted inside the current SQL transaction.
COMMITTED,ATTENDANCE,CALTHORPE|CHAIR BASED EXERCISE|2025-11-20|1145|1230|CARD:620,NEW_ATTENDANCE,21547,Inserted inside the current SQL transaction.
COMMITTED,ATTENDANCE,CALTHORPE|CHAIR BASED EXERCISE|2025-11-20|1145|1230|CARD:638,NEW_ATTENDANCE,21548,Inserted inside the current SQL transaction.
COMMITTED,ATTENDANCE,CALTHORPE|CHAIR BASED EXERCISE|2025-11-20|1145|1230|CARD:640,NEW_ATTENDANCE,21549,Inserted inside the current SQL transaction.
COMMITTED,ATTENDANCE,CALTHORPE|CHAIR BASED EXERCISE|2025-11-20|1145|1230|CARD:642,NEW_ATTENDANCE,21550,Inserted inside the current SQL transaction.
COMMITTED,ATTENDANCE,CALTHORPE|CHAIR BASED EXERCISE|2025-11-20|1145|1230|CARD:655,NEW_ATTENDANCE,21551,Inserted inside the current SQL transaction.
COMMITTED,ATTENDANCE,CALTHORPE|CHAIR BASED EXERCISE|2025-11-20|1145|1230|CARD:769,NEW_ATTENDANCE,21552,Inserted inside the current SQL transaction.
COMMITTED,ATTENDANCE,CALTHORPE|CIRCUIT TRAINING|2025-11-20|0930|1015|CARD:388,NEW_ATTENDANCE,21553,Inserted inside the current SQL transaction.
COMMITTED,ATTENDANCE,CALTHORPE|CIRCUIT TRAINING|2025-11-20|0930|1015|CARD:398,NEW_ATTENDANCE,21554,Inserted inside the current SQL transaction.
COMMITTED,ATTENDANCE,CALTHORPE|CIRCUIT TRAINING|2025-11-20|0930|1015|CARD:412,NEW_ATTENDANCE,21555,Inserted inside the current SQL transaction.
COMMITTED,ATTENDANCE,CALTHORPE|CIRCUIT TRAINING|2025-11-20|0930|1015|CARD:429,NEW_ATTENDANCE,21556,Inserted inside the current SQL transaction.
COMMITTED,ATTENDANCE,CALTHORPE|CIRCUIT TRAINING|2025-11-20|0930|1015|CARD:433,NEW_ATTENDANCE,21557,Inserted inside the current SQL transaction.
COMMITTED,ATTENDANCE,CALTHORPE|CIRCUIT TRAINING|2025-11-20|0930|1015|CARD:470,NEW_ATTENDANCE,21558,Inserted inside the current SQL transaction.
COMMITTED,ATTENDANCE,CALTHORPE|CIRCUIT TRAINING|2025-11-20|0930|1015|CARD:504,NEW_ATTENDANCE,21559,Inserted inside the current SQL transaction.
COMMITTED,ATTENDANCE,CALTHORPE|CIRCUIT TRAINING|2025-11-20|0930|1015|CARD:566,NEW_ATTENDANCE,21560,Inserted inside the current SQL transaction.
COMMITTED,ATTENDANCE,CALTHORPE|CIRCUIT TRAINING|2025-11-20|0930|1015|CARD:648,NEW_ATTENDANCE,21561,Inserted inside the current SQL transaction.
COMMITTED,ATTENDANCE,CALTHORPE|CIRCUIT TRAINING|2025-11-20|0930|1015|CARD:650,NEW_ATTENDANCE,21562,Inserted inside the current SQL transaction.
COMMITTED,ATTENDANCE,CALTHORPE|CIRCUIT TRAINING|2025-11-20|0930|1015|CARD:690,NEW_ATTENDANCE,21563,Inserted inside the current SQL transaction.
COMMITTED,ATTENDANCE,CALTHORPE|CIRCUIT TRAINING|2025-11-20|0930|1015|CARD:698,NEW_ATTENDANCE,21564,Inserted inside the current SQL transaction.
COMMITTED,ATTENDANCE,CALTHORPE|CIRCUIT TRAINING|2025-11-20|0930|1015|CARD:727,NEW_ATTENDANCE,21565,Inserted inside the current SQL transaction.
COMMITTED,ATTENDANCE,CALTHORPE|CIRCUIT TRAINING|2025-11-20|0930|1015|CARD:770,NEW_ATTENDANCE,21566,Inserted inside the current SQL transaction.
COMMITTED,ATTENDANCE,CALTHORPE|CROCHET|2025-11-20|1245|1430|CARD:416,NEW_ATTENDANCE,21567,Inserted inside the current SQL transaction.
COMMITTED,ATTENDANCE,CALTHORPE|CROCHET|2025-11-20|1245|1430|CARD:418,NEW_ATTENDANCE,21568,Inserted inside the current SQL transaction.
COMMITTED,ATTENDANCE,CALTHORPE|CROCHET|2025-11-20|1245|1430|CARD:436,NEW_ATTENDANCE,21569,Inserted inside the current SQL transaction.
COMMITTED,ATTENDANCE,CALTHORPE|CROCHET|2025-11-20|1245|1430|CARD:586,NEW_ATTENDANCE,21570,Inserted inside the current SQL transaction.
COMMITTED,ATTENDANCE,CALTHORPE|CROCHET|2025-11-20|1245|1430|CARD:638,NEW_ATTENDANCE,21571,Inserted inside the current SQL transaction.
COMMITTED,ATTENDANCE,CALTHORPE|CROCHET|2025-11-20|1245|1430|CARD:640,NEW_ATTENDANCE,21572,Inserted inside the current SQL transaction.
COMMITTED,ATTENDANCE,CALTHORPE|CROCHET|2025-11-20|1245|1430|CARD:655,NEW_ATTENDANCE,21573,Inserted inside the current SQL transaction.
COMMITTED,ATTENDANCE,CALTHORPE|CROCHET|2025-11-20|1245|1430|CARD:708,NEW_ATTENDANCE,21574,Inserted inside the current SQL transaction.
COMMITTED,ATTENDANCE,CALTHORPE|CROCHET|2025-11-20|1245|1430|CARD:763,NEW_ATTENDANCE,21575,Inserted inside the current SQL transaction.
COMMITTED,ATTENDANCE,CALTHORPE|BODY CONDITIONING|2025-11-21|1145|1230|CARD:126,NEW_ATTENDANCE,21576,Inserted inside the current SQL transaction.
COMMITTED,ATTENDANCE,CALTHORPE|BODY CONDITIONING|2025-11-21|1145|1230|CARD:337,NEW_ATTENDANCE,21577,Inserted inside the current SQL transaction.
COMMITTED,ATTENDANCE,CALTHORPE|BODY CONDITIONING|2025-11-21|1145|1230|CARD:346,NEW_ATTENDANCE,21578,Inserted inside the current SQL transaction.
COMMITTED,ATTENDANCE,CALTHORPE|BODY CONDITIONING|2025-11-21|1145|1230|CARD:380,NEW_ATTENDANCE,21579,Inserted inside the current SQL transaction.
COMMITTED,ATTENDANCE,CALTHORPE|BODY CONDITIONING|2025-11-21|1145|1230|CARD:384,NEW_ATTENDANCE,21580,Inserted inside the current SQL transaction.
COMMITTED,ATTENDANCE,CALTHORPE|BODY CONDITIONING|2025-11-21|1145|1230|CARD:410,NEW_ATTENDANCE,21581,Inserted inside the current SQL transaction.
COMMITTED,ATTENDANCE,CALTHORPE|BODY CONDITIONING|2025-11-21|1145|1230|CARD:433,NEW_ATTENDANCE,21582,Inserted inside the current SQL transaction.
COMMITTED,ATTENDANCE,CALTHORPE|BODY CONDITIONING|2025-11-21|1145|1230|CARD:470,NEW_ATTENDANCE,21583,Inserted inside the current SQL transaction.
COMMITTED,ATTENDANCE,CALTHORPE|BODY CONDITIONING|2025-11-21|1145|1230|CARD:557,NEW_ATTENDANCE,21584,Inserted inside the current SQL transaction.
COMMITTED,ATTENDANCE,CALTHORPE|BODY CONDITIONING|2025-11-21|1145|1230|CARD:568,NEW_ATTENDANCE,21585,Inserted inside the current SQL transaction.
COMMITTED,ATTENDANCE,CALTHORPE|BODY CONDITIONING|2025-11-21|1145|1230|CARD:602,NEW_ATTENDANCE,21586,Inserted inside the current SQL transaction.
COMMITTED,ATTENDANCE,CALTHORPE|BODY CONDITIONING|2025-11-21|1145|1230|CARD:625,NEW_ATTENDANCE,21587,Inserted inside the current SQL transaction.
COMMITTED,ATTENDANCE,CALTHORPE|BODY CONDITIONING|2025-11-21|1145|1230|CARD:633,NEW_ATTENDANCE,21588,Inserted inside the current SQL transaction.
COMMITTED,ATTENDANCE,CALTHORPE|BODY CONDITIONING|2025-11-21|1145|1230|CARD:691,NEW_ATTENDANCE,21589,Inserted inside the current SQL transaction.
COMMITTED,ATTENDANCE,CALTHORPE|BODY CONDITIONING|2025-11-21|1145|1230|CARD:727,NEW_ATTENDANCE,21590,Inserted inside the current SQL transaction.
COMMITTED,ATTENDANCE,CALTHORPE|ESOL|2025-11-21|0930|1030|CARD:375,NEW_ATTENDANCE,21591,Inserted inside the current SQL transaction.
COMMITTED,ATTENDANCE,CALTHORPE|ESOL|2025-11-21|0930|1030|CARD:453,NEW_ATTENDANCE,21592,Inserted inside the current SQL transaction.
COMMITTED,ATTENDANCE,CALTHORPE|ESOL|2025-11-21|0930|1030|CARD:455,NEW_ATTENDANCE,21593,Inserted inside the current SQL transaction.
COMMITTED,ATTENDANCE,CALTHORPE|ESOL|2025-11-21|0930|1030|CARD:458,NEW_ATTENDANCE,21594,Inserted inside the current SQL transaction.
COMMITTED,ATTENDANCE,CALTHORPE|ESOL|2025-11-21|0930|1030|CARD:459,NEW_ATTENDANCE,21595,Inserted inside the current SQL transaction.
COMMITTED,ATTENDANCE,CALTHORPE|ESOL|2025-11-21|0930|1030|CARD:462,NEW_ATTENDANCE,21596,Inserted inside the current SQL transaction.
COMMITTED,ATTENDANCE,CALTHORPE|ESOL|2025-11-21|0930|1030|CARD:516,NEW_ATTENDANCE,21597,Inserted inside the current SQL transaction.
COMMITTED,ATTENDANCE,CALTHORPE|ESOL|2025-11-21|0930|1030|CARD:672,NEW_ATTENDANCE,21598,Inserted inside the current SQL transaction.
COMMITTED,ATTENDANCE,CALTHORPE|ESOL|2025-11-21|0930|1030|CARD:673,NEW_ATTENDANCE,21599,Inserted inside the current SQL transaction.
COMMITTED,ATTENDANCE,CALTHORPE|ESOL|2025-11-21|0930|1030|CARD:728,NEW_ATTENDANCE,21600,Inserted inside the current SQL transaction.
COMMITTED,ATTENDANCE,CALTHORPE|ESOL|2025-11-21|0930|1030|CARD:994,NEW_ATTENDANCE,21601,Inserted inside the current SQL transaction.
COMMITTED,ATTENDANCE,CALTHORPE|PILATES|2025-11-21|1245|1330|CARD:384,NEW_ATTENDANCE,21602,Inserted inside the current SQL transaction.
COMMITTED,ATTENDANCE,CALTHORPE|PILATES|2025-11-21|1245|1330|CARD:410,NEW_ATTENDANCE,21603,Inserted inside the current SQL transaction.
COMMITTED,ATTENDANCE,CALTHORPE|PILATES|2025-11-21|1245|1330|CARD:433,NEW_ATTENDANCE,21604,Inserted inside the current SQL transaction.
COMMITTED,ATTENDANCE,CALTHORPE|PILATES|2025-11-21|1245|1330|CARD:441,NEW_ATTENDANCE,21605,Inserted inside the current SQL transaction.
COMMITTED,ATTENDANCE,CALTHORPE|PILATES|2025-11-21|1245|1330|CARD:602,NEW_ATTENDANCE,21606,Inserted inside the current SQL transaction.
COMMITTED,ATTENDANCE,CALTHORPE|PILATES|2025-11-21|1245|1330|CARD:606,NEW_ATTENDANCE,21607,Inserted inside the current SQL transaction.
COMMITTED,ATTENDANCE,CALTHORPE|PILATES|2025-11-21|1245|1330|CARD:633,NEW_ATTENDANCE,21608,Inserted inside the current SQL transaction.
COMMITTED,ATTENDANCE,CALTHORPE|PILATES|2025-11-21|1245|1330|CARD:635,NEW_ATTENDANCE,21609,Inserted inside the current SQL transaction.
COMMITTED,ATTENDANCE,CALTHORPE|PILATES|2025-11-21|1245|1330|CARD:691,NEW_ATTENDANCE,21610,Inserted inside the current SQL transaction.
COMMITTED,ATTENDANCE,CALTHORPE|PILATES|2025-11-21|1245|1330|CARD:727,NEW_ATTENDANCE,21611,Inserted inside the current SQL transaction.
COMMITTED,ATTENDANCE,CALTHORPE|PILATES|2025-11-21|1245|1330|CARD:992,NEW_ATTENDANCE,21612,Inserted inside the current SQL transaction.
COMMITTED,ATTENDANCE,CALTHORPE|AEROBICS|2025-11-24|1000|1045|CARD:337,NEW_ATTENDANCE,21613,Inserted inside the current SQL transaction.
COMMITTED,ATTENDANCE,CALTHORPE|AEROBICS|2025-11-24|1000|1045|CARD:398,NEW_ATTENDANCE,21614,Inserted inside the current SQL transaction.
COMMITTED,ATTENDANCE,CALTHORPE|AEROBICS|2025-11-24|1000|1045|CARD:406,NEW_ATTENDANCE,21615,Inserted inside the current SQL transaction.
COMMITTED,ATTENDANCE,CALTHORPE|AEROBICS|2025-11-24|1000|1045|CARD:422,NEW_ATTENDANCE,21616,Inserted inside the current SQL transaction.
COMMITTED,ATTENDANCE,CALTHORPE|AEROBICS|2025-11-24|1000|1045|CARD:429,NEW_ATTENDANCE,21617,Inserted inside the current SQL transaction.
COMMITTED,ATTENDANCE,CALTHORPE|AEROBICS|2025-11-24|1000|1045|CARD:442,NEW_ATTENDANCE,21618,Inserted inside the current SQL transaction.
COMMITTED,ATTENDANCE,CALTHORPE|AEROBICS|2025-11-24|1000|1045|CARD:470,NEW_ATTENDANCE,21619,Inserted inside the current SQL transaction.
COMMITTED,ATTENDANCE,CALTHORPE|AEROBICS|2025-11-24|1000|1045|CARD:515,NEW_ATTENDANCE,21620,Inserted inside the current SQL transaction.
COMMITTED,ATTENDANCE,CALTHORPE|AEROBICS|2025-11-24|1000|1045|CARD:593,NEW_ATTENDANCE,21621,Inserted inside the current SQL transaction.
COMMITTED,ATTENDANCE,CALTHORPE|AEROBICS|2025-11-24|1000|1045|CARD:691,NEW_ATTENDANCE,21622,Inserted inside the current SQL transaction.
COMMITTED,ATTENDANCE,CALTHORPE|AEROBICS|2025-11-24|1000|1045|CARD:699,NEW_ATTENDANCE,21623,Inserted inside the current SQL transaction.
COMMITTED,ATTENDANCE,CALTHORPE|AEROBICS|2025-11-24|1000|1045|CARD:717,NEW_ATTENDANCE,21624,Inserted inside the current SQL transaction.
COMMITTED,ATTENDANCE,CALTHORPE|AEROBICS|2025-11-24|1000|1045|CARD:727,NEW_ATTENDANCE,21625,Inserted inside the current SQL transaction.
COMMITTED,ATTENDANCE,CALTHORPE|AEROBICS|2025-11-24|1000|1045|CARD:767,NEW_ATTENDANCE,21626,Inserted inside the current SQL transaction.
COMMITTED,ATTENDANCE,CALTHORPE|AEROBICS|2025-11-24|1000|1045|CARD:770,NEW_ATTENDANCE,21627,Inserted inside the current SQL transaction.
COMMITTED,ATTENDANCE,CALTHORPE|AEROBICS|2025-11-24|1000|1045|CARD:780,NEW_ATTENDANCE,21628,Inserted inside the current SQL transaction.
COMMITTED,ATTENDANCE,CALTHORPE|CHAIR BASED EXERCISE|2025-11-24|1100|1145|CARD:337,NEW_ATTENDANCE,21629,Inserted inside the current SQL transaction.
COMMITTED,ATTENDANCE,CALTHORPE|CHAIR BASED EXERCISE|2025-11-24|1100|1145|CARD:380,NEW_ATTENDANCE,21630,Inserted inside the current SQL transaction.
COMMITTED,ATTENDANCE,CALTHORPE|CHAIR BASED EXERCISE|2025-11-24|1100|1145|CARD:410,NEW_ATTENDANCE,21631,Inserted inside the current SQL transaction.
COMMITTED,ATTENDANCE,CALTHORPE|CHAIR BASED EXERCISE|2025-11-24|1100|1145|CARD:415,NEW_ATTENDANCE,21632,Inserted inside the current SQL transaction.
COMMITTED,ATTENDANCE,CALTHORPE|CHAIR BASED EXERCISE|2025-11-24|1100|1145|CARD:416,NEW_ATTENDANCE,21633,Inserted inside the current SQL transaction.
COMMITTED,ATTENDANCE,CALTHORPE|CHAIR BASED EXERCISE|2025-11-24|1100|1145|CARD:418,NEW_ATTENDANCE,21634,Inserted inside the current SQL transaction.
COMMITTED,ATTENDANCE,CALTHORPE|CHAIR BASED EXERCISE|2025-11-24|1100|1145|CARD:444,NEW_ATTENDANCE,21635,Inserted inside the current SQL transaction.
COMMITTED,ATTENDANCE,CALTHORPE|CHAIR BASED EXERCISE|2025-11-24|1100|1145|CARD:485,NEW_ATTENDANCE,21636,Inserted inside the current SQL transaction.
COMMITTED,ATTENDANCE,CALTHORPE|CHAIR BASED EXERCISE|2025-11-24|1100|1145|CARD:602,NEW_ATTENDANCE,21637,Inserted inside the current SQL transaction.
COMMITTED,ATTENDANCE,CALTHORPE|CHAIR BASED EXERCISE|2025-11-24|1100|1145|CARD:642,NEW_ATTENDANCE,21638,Inserted inside the current SQL transaction.
COMMITTED,ATTENDANCE,CALTHORPE|CHAIR BASED EXERCISE|2025-11-24|1100|1145|CARD:691,NEW_ATTENDANCE,21639,Inserted inside the current SQL transaction.
COMMITTED,ATTENDANCE,CALTHORPE|CHAIR BASED EXERCISE|2025-11-24|1100|1145|CARD:747,NEW_ATTENDANCE,21640,Inserted inside the current SQL transaction.
COMMITTED,ATTENDANCE,CALTHORPE|CHAIR BASED EXERCISE|2025-11-24|1100|1145|CARD:769,NEW_ATTENDANCE,21641,Inserted inside the current SQL transaction.
COMMITTED,ATTENDANCE,CALTHORPE|CROCHET|2025-11-24|1215|1415|CARD:407,NEW_ATTENDANCE,21642,Inserted inside the current SQL transaction.
COMMITTED,ATTENDANCE,CALTHORPE|CROCHET|2025-11-24|1215|1415|CARD:416,NEW_ATTENDANCE,21643,Inserted inside the current SQL transaction.
COMMITTED,ATTENDANCE,CALTHORPE|CROCHET|2025-11-24|1215|1415|CARD:418,NEW_ATTENDANCE,21644,Inserted inside the current SQL transaction.
COMMITTED,ATTENDANCE,CALTHORPE|CROCHET|2025-11-24|1215|1415|CARD:468,NEW_ATTENDANCE,21645,Inserted inside the current SQL transaction.
COMMITTED,ATTENDANCE,CALTHORPE|CROCHET|2025-11-24|1215|1415|CARD:493,NEW_ATTENDANCE,21646,Inserted inside the current SQL transaction.
COMMITTED,ATTENDANCE,CALTHORPE|CROCHET|2025-11-24|1215|1415|CARD:509,NEW_ATTENDANCE,21647,Inserted inside the current SQL transaction.
COMMITTED,ATTENDANCE,CALTHORPE|CROCHET|2025-11-24|1215|1415|CARD:513,NEW_ATTENDANCE,21648,Inserted inside the current SQL transaction.
COMMITTED,ATTENDANCE,CALTHORPE|CROCHET|2025-11-24|1215|1415|CARD:613,NEW_ATTENDANCE,21649,Inserted inside the current SQL transaction.
COMMITTED,ATTENDANCE,CALTHORPE|CROCHET|2025-11-24|1215|1415|CARD:638,NEW_ATTENDANCE,21650,Inserted inside the current SQL transaction.
COMMITTED,ATTENDANCE,CALTHORPE|CROCHET|2025-11-24|1215|1415|CARD:697,NEW_ATTENDANCE,21651,Inserted inside the current SQL transaction.
COMMITTED,ATTENDANCE,CALTHORPE|CROCHET|2025-11-24|1215|1415|CARD:708,NEW_ATTENDANCE,21652,Inserted inside the current SQL transaction.
COMMITTED,ATTENDANCE,CALTHORPE|CROCHET|2025-11-24|1215|1415|NAME:hashi,NEW_ATTENDANCE,21653,Inserted inside the current SQL transaction.
COMMITTED,ATTENDANCE,CALTHORPE|ARTS|2025-11-25|1130|1230|CARD:376,NEW_ATTENDANCE,21654,Inserted inside the current SQL transaction.
COMMITTED,ATTENDANCE,CALTHORPE|ARTS|2025-11-25|1130|1230|CARD:586,NEW_ATTENDANCE,21655,Inserted inside the current SQL transaction.
COMMITTED,ATTENDANCE,CALTHORPE|ARTS|2025-11-25|1130|1230|CARD:634,NEW_ATTENDANCE,21656,Inserted inside the current SQL transaction.
COMMITTED,ATTENDANCE,CALTHORPE|ARTS|2025-11-25|1130|1230|CARD:638,NEW_ATTENDANCE,21657,Inserted inside the current SQL transaction.
COMMITTED,ATTENDANCE,CALTHORPE|ARTS|2025-11-25|1130|1230|CARD:657,NEW_ATTENDANCE,21658,Inserted inside the current SQL transaction.
COMMITTED,ATTENDANCE,CALTHORPE|ARTS|2025-11-25|1130|1230|NAME:ume,NEW_ATTENDANCE,21659,Inserted inside the current SQL transaction.
COMMITTED,ATTENDANCE,CALTHORPE|STRENGTH & STRETCH|2025-11-25|1000|1100|CARD:157,NEW_ATTENDANCE,21660,Inserted inside the current SQL transaction.
COMMITTED,ATTENDANCE,CALTHORPE|STRENGTH & STRETCH|2025-11-25|1000|1100|CARD:386,NEW_ATTENDANCE,21661,Inserted inside the current SQL transaction.
COMMITTED,ATTENDANCE,CALTHORPE|STRENGTH & STRETCH|2025-11-25|1000|1100|CARD:390,NEW_ATTENDANCE,21662,Inserted inside the current SQL transaction.
COMMITTED,ATTENDANCE,CALTHORPE|STRENGTH & STRETCH|2025-11-25|1000|1100|CARD:406,NEW_ATTENDANCE,21663,Inserted inside the current SQL transaction.
COMMITTED,ATTENDANCE,CALTHORPE|STRENGTH & STRETCH|2025-11-25|1000|1100|CARD:415,NEW_ATTENDANCE,21664,Inserted inside the current SQL transaction.
COMMITTED,ATTENDANCE,CALTHORPE|STRENGTH & STRETCH|2025-11-25|1000|1100|CARD:416,NEW_ATTENDANCE,21665,Inserted inside the current SQL transaction.
COMMITTED,ATTENDANCE,CALTHORPE|STRENGTH & STRETCH|2025-11-25|1000|1100|CARD:429,NEW_ATTENDANCE,21666,Inserted inside the current SQL transaction.
COMMITTED,ATTENDANCE,CALTHORPE|STRENGTH & STRETCH|2025-11-25|1000|1100|CARD:515,NEW_ATTENDANCE,21667,Inserted inside the current SQL transaction.
COMMITTED,ATTENDANCE,CALTHORPE|STRENGTH & STRETCH|2025-11-25|1000|1100|CARD:566,NEW_ATTENDANCE,21668,Inserted inside the current SQL transaction.
COMMITTED,ATTENDANCE,CALTHORPE|STRENGTH & STRETCH|2025-11-25|1000|1100|CARD:596,NEW_ATTENDANCE,21669,Inserted inside the current SQL transaction.
COMMITTED,ATTENDANCE,CALTHORPE|STRENGTH & STRETCH|2025-11-25|1000|1100|CARD:698,NEW_ATTENDANCE,21670,Inserted inside the current SQL transaction.
COMMITTED,ATTENDANCE,CALTHORPE|STRENGTH & STRETCH|2025-11-25|1000|1100|CARD:699,NEW_ATTENDANCE,21671,Inserted inside the current SQL transaction.
COMMITTED,ATTENDANCE,CALTHORPE|STRENGTH & STRETCH|2025-11-25|1000|1100|CARD:717,NEW_ATTENDANCE,21672,Inserted inside the current SQL transaction.
COMMITTED,ATTENDANCE,CALTHORPE|STRENGTH & STRETCH|2025-11-25|1000|1100|CARD:764,NEW_ATTENDANCE,21673,Inserted inside the current SQL transaction.
COMMITTED,ATTENDANCE,CALTHORPE|STRENGTH & STRETCH|2025-11-25|1000|1100|CARD:767,NEW_ATTENDANCE,21674,Inserted inside the current SQL transaction.
COMMITTED,ATTENDANCE,CALTHORPE|STRENGTH & STRETCH|2025-11-25|1000|1100|CARD:780,NEW_ATTENDANCE,21675,Inserted inside the current SQL transaction.
COMMITTED,ATTENDANCE,CALTHORPE|YOGA|2025-11-25|1730|1830|CARD:1269,NEW_ATTENDANCE,21676,Inserted inside the current SQL transaction.
COMMITTED,ATTENDANCE,CALTHORPE|YOGA|2025-11-25|1730|1830|CARD:1270,NEW_ATTENDANCE,21677,Inserted inside the current SQL transaction.
COMMITTED,ATTENDANCE,CALTHORPE|YOGA|2025-11-25|1730|1830|CARD:1334,NEW_ATTENDANCE,21678,Inserted inside the current SQL transaction.
COMMITTED,ATTENDANCE,CALTHORPE|YOGA|2025-11-25|1730|1830|CARD:395,NEW_ATTENDANCE,21679,Inserted inside the current SQL transaction.
COMMITTED,ATTENDANCE,CALTHORPE|YOGA|2025-11-25|1730|1830|CARD:450,NEW_ATTENDANCE,21680,Inserted inside the current SQL transaction.
COMMITTED,ATTENDANCE,CALTHORPE|YOGA|2025-11-25|1730|1830|CARD:451,NEW_ATTENDANCE,21681,Inserted inside the current SQL transaction.
COMMITTED,ATTENDANCE,CALTHORPE|YOGA|2025-11-25|1730|1830|CARD:625,NEW_ATTENDANCE,21682,Inserted inside the current SQL transaction.
COMMITTED,ATTENDANCE,CALTHORPE|YOGA|2025-11-25|1730|1830|CARD:717,NEW_ATTENDANCE,21683,Inserted inside the current SQL transaction.
COMMITTED,ATTENDANCE,CALTHORPE|YOGA|2025-11-25|1730|1830|CARD:727,NEW_ATTENDANCE,21684,Inserted inside the current SQL transaction.
COMMITTED,ATTENDANCE,CALTHORPE|YOGA|2025-11-25|1730|1830|CARD:784,NEW_ATTENDANCE,21685,Inserted inside the current SQL transaction.
COMMITTED,ATTENDANCE,CALTHORPE|ARTS|2025-11-26|1215|1315|CARD:372,NEW_ATTENDANCE,21686,Inserted inside the current SQL transaction.
COMMITTED,ATTENDANCE,CALTHORPE|ARTS|2025-11-26|1215|1315|CARD:380,NEW_ATTENDANCE,21687,Inserted inside the current SQL transaction.
COMMITTED,ATTENDANCE,CALTHORPE|ARTS|2025-11-26|1215|1315|CARD:397,NEW_ATTENDANCE,21688,Inserted inside the current SQL transaction.
COMMITTED,ATTENDANCE,CALTHORPE|ARTS|2025-11-26|1215|1315|CARD:416,NEW_ATTENDANCE,21689,Inserted inside the current SQL transaction.
COMMITTED,ATTENDANCE,CALTHORPE|ARTS|2025-11-26|1215|1315|CARD:444,NEW_ATTENDANCE,21690,Inserted inside the current SQL transaction.
COMMITTED,ATTENDANCE,CALTHORPE|ARTS|2025-11-26|1215|1315|CARD:637,NEW_ATTENDANCE,21691,Inserted inside the current SQL transaction.
COMMITTED,ATTENDANCE,CALTHORPE|ARTS|2025-11-26|1215|1315|CARD:638,NEW_ATTENDANCE,21692,Inserted inside the current SQL transaction.
COMMITTED,ATTENDANCE,CALTHORPE|ESOL|2025-11-26|0930|1030|CARD:452,NEW_ATTENDANCE,21693,Inserted inside the current SQL transaction.
COMMITTED,ATTENDANCE,CALTHORPE|ESOL|2025-11-26|0930|1030|CARD:455,NEW_ATTENDANCE,21694,Inserted inside the current SQL transaction.
COMMITTED,ATTENDANCE,CALTHORPE|ESOL|2025-11-26|0930|1030|CARD:457,NEW_ATTENDANCE,21695,Inserted inside the current SQL transaction.
COMMITTED,ATTENDANCE,CALTHORPE|ESOL|2025-11-26|0930|1030|CARD:458,NEW_ATTENDANCE,21696,Inserted inside the current SQL transaction.
COMMITTED,ATTENDANCE,CALTHORPE|ESOL|2025-11-26|0930|1030|CARD:459,NEW_ATTENDANCE,21697,Inserted inside the current SQL transaction.
COMMITTED,ATTENDANCE,CALTHORPE|ESOL|2025-11-26|0930|1030|CARD:462,NEW_ATTENDANCE,21698,Inserted inside the current SQL transaction.
COMMITTED,ATTENDANCE,CALTHORPE|ESOL|2025-11-26|0930|1030|CARD:672,NEW_ATTENDANCE,21699,Inserted inside the current SQL transaction.
COMMITTED,ATTENDANCE,CALTHORPE|ESOL|2025-11-26|0930|1030|CARD:673,NEW_ATTENDANCE,21700,Inserted inside the current SQL transaction.
COMMITTED,ATTENDANCE,CALTHORPE|ESOL|2025-11-26|0930|1030|CARD:714,NEW_ATTENDANCE,21701,Inserted inside the current SQL transaction.
COMMITTED,ATTENDANCE,CALTHORPE|ESOL|2025-11-26|0930|1030|CARD:715,NEW_ATTENDANCE,21702,Inserted inside the current SQL transaction.
COMMITTED,ATTENDANCE,CALTHORPE|ESOL|2025-11-26|0930|1030|CARD:728,NEW_ATTENDANCE,21703,Inserted inside the current SQL transaction.
COMMITTED,ATTENDANCE,CALTHORPE|ESOL|2025-11-26|0930|1030|CARD:738,NEW_ATTENDANCE,21704,Inserted inside the current SQL transaction.
COMMITTED,ATTENDANCE,CALTHORPE|ESOL|2025-11-26|0930|1030|CARD:745,NEW_ATTENDANCE,21705,Inserted inside the current SQL transaction.
COMMITTED,ATTENDANCE,CALTHORPE|ESOL|2025-11-26|0930|1030|CARD:994,NEW_ATTENDANCE,21706,Inserted inside the current SQL transaction.
COMMITTED,ATTENDANCE,CALTHORPE|ESOL|2025-11-26|0930|1030|NAME:ahlam,NEW_ATTENDANCE,21707,Inserted inside the current SQL transaction.
COMMITTED,ATTENDANCE,CALTHORPE|ESOL|2025-11-26|0930|1030|NAME:marya,NEW_ATTENDANCE,21708,Inserted inside the current SQL transaction.
COMMITTED,ATTENDANCE,CALTHORPE|SALSA/BELLY DANCING|2025-11-26|1100|1200|CARD:1236,NEW_ATTENDANCE,21709,Inserted inside the current SQL transaction.
COMMITTED,ATTENDANCE,CALTHORPE|SALSA/BELLY DANCING|2025-11-26|1100|1200|CARD:416,NEW_ATTENDANCE,21710,Inserted inside the current SQL transaction.
COMMITTED,ATTENDANCE,CALTHORPE|SALSA/BELLY DANCING|2025-11-26|1100|1200|CARD:441,NEW_ATTENDANCE,21711,Inserted inside the current SQL transaction.
COMMITTED,ATTENDANCE,CALTHORPE|SALSA/BELLY DANCING|2025-11-26|1100|1200|CARD:470,NEW_ATTENDANCE,21712,Inserted inside the current SQL transaction.
COMMITTED,ATTENDANCE,CALTHORPE|SALSA/BELLY DANCING|2025-11-26|1100|1200|CARD:638,NEW_ATTENDANCE,21713,Inserted inside the current SQL transaction.
COMMITTED,ATTENDANCE,CALTHORPE|SALSA/BELLY DANCING|2025-11-26|1100|1200|CARD:691,NEW_ATTENDANCE,21714,Inserted inside the current SQL transaction.
COMMITTED,ATTENDANCE,CALTHORPE|SALSA/BELLY DANCING|2025-11-26|1100|1200|NAME:nasra h,NEW_ATTENDANCE,21715,Inserted inside the current SQL transaction.
COMMITTED,ATTENDANCE,CALTHORPE|SALSA/BELLY DANCING|2025-11-26|1100|1200|NAME:patrica bailey,NEW_ATTENDANCE,21716,Inserted inside the current SQL transaction.
COMMITTED,ATTENDANCE,CALTHORPE|CHAIR BASED EXERCISE|2025-11-27|1145|1230|CARD:380,NEW_ATTENDANCE,21717,Inserted inside the current SQL transaction.
COMMITTED,ATTENDANCE,CALTHORPE|CHAIR BASED EXERCISE|2025-11-27|1145|1230|CARD:410,NEW_ATTENDANCE,21718,Inserted inside the current SQL transaction.
COMMITTED,ATTENDANCE,CALTHORPE|CHAIR BASED EXERCISE|2025-11-27|1145|1230|CARD:415,NEW_ATTENDANCE,21719,Inserted inside the current SQL transaction.
COMMITTED,ATTENDANCE,CALTHORPE|CHAIR BASED EXERCISE|2025-11-27|1145|1230|CARD:416,NEW_ATTENDANCE,21720,Inserted inside the current SQL transaction.
COMMITTED,ATTENDANCE,CALTHORPE|CHAIR BASED EXERCISE|2025-11-27|1145|1230|CARD:418,NEW_ATTENDANCE,21721,Inserted inside the current SQL transaction.
COMMITTED,ATTENDANCE,CALTHORPE|CHAIR BASED EXERCISE|2025-11-27|1145|1230|CARD:442,NEW_ATTENDANCE,21722,Inserted inside the current SQL transaction.
COMMITTED,ATTENDANCE,CALTHORPE|CHAIR BASED EXERCISE|2025-11-27|1145|1230|CARD:444,NEW_ATTENDANCE,21723,Inserted inside the current SQL transaction.
COMMITTED,ATTENDANCE,CALTHORPE|CHAIR BASED EXERCISE|2025-11-27|1145|1230|CARD:594,NEW_ATTENDANCE,21724,Inserted inside the current SQL transaction.
COMMITTED,ATTENDANCE,CALTHORPE|CHAIR BASED EXERCISE|2025-11-27|1145|1230|CARD:601,NEW_ATTENDANCE,21725,Inserted inside the current SQL transaction.
COMMITTED,ATTENDANCE,CALTHORPE|CHAIR BASED EXERCISE|2025-11-27|1145|1230|CARD:620,NEW_ATTENDANCE,21726,Inserted inside the current SQL transaction.
COMMITTED,ATTENDANCE,CALTHORPE|CHAIR BASED EXERCISE|2025-11-27|1145|1230|CARD:640,NEW_ATTENDANCE,21727,Inserted inside the current SQL transaction.
COMMITTED,ATTENDANCE,CALTHORPE|CHAIR BASED EXERCISE|2025-11-27|1145|1230|CARD:642,NEW_ATTENDANCE,21728,Inserted inside the current SQL transaction.
COMMITTED,ATTENDANCE,CALTHORPE|CHAIR BASED EXERCISE|2025-11-27|1145|1230|CARD:647,NEW_ATTENDANCE,21729,Inserted inside the current SQL transaction.
COMMITTED,ATTENDANCE,CALTHORPE|CHAIR BASED EXERCISE|2025-11-27|1145|1230|CARD:655,NEW_ATTENDANCE,21730,Inserted inside the current SQL transaction.
COMMITTED,ATTENDANCE,CALTHORPE|CHAIR BASED EXERCISE|2025-11-27|1145|1230|CARD:656,NEW_ATTENDANCE,21731,Inserted inside the current SQL transaction.
COMMITTED,ATTENDANCE,CALTHORPE|CHAIR BASED EXERCISE|2025-11-27|1145|1230|CARD:866,NEW_ATTENDANCE,21732,Inserted inside the current SQL transaction.
COMMITTED,ATTENDANCE,CALTHORPE|CIRCUIT TRAINING|2025-11-27|0930|1015|CARD:156,NEW_ATTENDANCE,21733,Inserted inside the current SQL transaction.
COMMITTED,ATTENDANCE,CALTHORPE|CIRCUIT TRAINING|2025-11-27|0930|1015|CARD:373,NEW_ATTENDANCE,21734,Inserted inside the current SQL transaction.
COMMITTED,ATTENDANCE,CALTHORPE|CIRCUIT TRAINING|2025-11-27|0930|1015|CARD:390,NEW_ATTENDANCE,21735,Inserted inside the current SQL transaction.
COMMITTED,ATTENDANCE,CALTHORPE|CIRCUIT TRAINING|2025-11-27|0930|1015|CARD:429,NEW_ATTENDANCE,21736,Inserted inside the current SQL transaction.
COMMITTED,ATTENDANCE,CALTHORPE|CIRCUIT TRAINING|2025-11-27|0930|1015|CARD:470,NEW_ATTENDANCE,21737,Inserted inside the current SQL transaction.
COMMITTED,ATTENDANCE,CALTHORPE|CIRCUIT TRAINING|2025-11-27|0930|1015|CARD:515,NEW_ATTENDANCE,21738,Inserted inside the current SQL transaction.
COMMITTED,ATTENDANCE,CALTHORPE|CIRCUIT TRAINING|2025-11-27|0930|1015|CARD:566,NEW_ATTENDANCE,21739,Inserted inside the current SQL transaction.
COMMITTED,ATTENDANCE,CALTHORPE|CIRCUIT TRAINING|2025-11-27|0930|1015|CARD:596,NEW_ATTENDANCE,21740,Inserted inside the current SQL transaction.
COMMITTED,ATTENDANCE,CALTHORPE|CIRCUIT TRAINING|2025-11-27|0930|1015|CARD:690,NEW_ATTENDANCE,21741,Inserted inside the current SQL transaction.
COMMITTED,ATTENDANCE,CALTHORPE|CIRCUIT TRAINING|2025-11-27|0930|1015|CARD:727,NEW_ATTENDANCE,21742,Inserted inside the current SQL transaction.
COMMITTED,ATTENDANCE,CALTHORPE|CIRCUIT TRAINING|2025-11-27|0930|1015|CARD:770,NEW_ATTENDANCE,21743,Inserted inside the current SQL transaction.
COMMITTED,ATTENDANCE,CALTHORPE|CIRCUIT TRAINING|2025-11-27|0930|1015|CARD:787,NEW_ATTENDANCE,21744,Inserted inside the current SQL transaction.
COMMITTED,ATTENDANCE,CALTHORPE|CROCHET|2025-11-27|1245|1430|CARD:396,NEW_ATTENDANCE,21745,Inserted inside the current SQL transaction.
COMMITTED,ATTENDANCE,CALTHORPE|CROCHET|2025-11-27|1245|1430|CARD:407,NEW_ATTENDANCE,21746,Inserted inside the current SQL transaction.
COMMITTED,ATTENDANCE,CALTHORPE|CROCHET|2025-11-27|1245|1430|CARD:418,NEW_ATTENDANCE,21747,Inserted inside the current SQL transaction.
COMMITTED,ATTENDANCE,CALTHORPE|CROCHET|2025-11-27|1245|1430|CARD:424,NEW_ATTENDANCE,21748,Inserted inside the current SQL transaction.
COMMITTED,ATTENDANCE,CALTHORPE|CROCHET|2025-11-27|1245|1430|CARD:436,NEW_ATTENDANCE,21749,Inserted inside the current SQL transaction.
COMMITTED,ATTENDANCE,CALTHORPE|CROCHET|2025-11-27|1245|1430|CARD:586,NEW_ATTENDANCE,21750,Inserted inside the current SQL transaction.
COMMITTED,ATTENDANCE,CALTHORPE|CROCHET|2025-11-27|1245|1430|CARD:640,NEW_ATTENDANCE,21751,Inserted inside the current SQL transaction.
COMMITTED,ATTENDANCE,CALTHORPE|CROCHET|2025-11-27|1245|1430|CARD:655,NEW_ATTENDANCE,21752,Inserted inside the current SQL transaction.
COMMITTED,ATTENDANCE,CALTHORPE|ESOL|2025-11-28|0930|1030|CARD:375,NEW_ATTENDANCE,21753,Inserted inside the current SQL transaction.
COMMITTED,ATTENDANCE,CALTHORPE|ESOL|2025-11-28|0930|1030|CARD:453,NEW_ATTENDANCE,21754,Inserted inside the current SQL transaction.
COMMITTED,ATTENDANCE,CALTHORPE|ESOL|2025-11-28|0930|1030|CARD:455,NEW_ATTENDANCE,21755,Inserted inside the current SQL transaction.
COMMITTED,ATTENDANCE,CALTHORPE|ESOL|2025-11-28|0930|1030|CARD:458,NEW_ATTENDANCE,21756,Inserted inside the current SQL transaction.
COMMITTED,ATTENDANCE,CALTHORPE|ESOL|2025-11-28|0930|1030|CARD:459,NEW_ATTENDANCE,21757,Inserted inside the current SQL transaction.
COMMITTED,ATTENDANCE,CALTHORPE|ESOL|2025-11-28|0930|1030|CARD:462,NEW_ATTENDANCE,21758,Inserted inside the current SQL transaction.
COMMITTED,ATTENDANCE,CALTHORPE|ESOL|2025-11-28|0930|1030|CARD:516,NEW_ATTENDANCE,21759,Inserted inside the current SQL transaction.
COMMITTED,ATTENDANCE,CALTHORPE|ESOL|2025-11-28|0930|1030|CARD:647,NEW_ATTENDANCE,21760,Inserted inside the current SQL transaction.
COMMITTED,ATTENDANCE,CALTHORPE|ESOL|2025-11-28|0930|1030|CARD:672,NEW_ATTENDANCE,21761,Inserted inside the current SQL transaction.
COMMITTED,ATTENDANCE,CALTHORPE|ESOL|2025-11-28|0930|1030|CARD:673,NEW_ATTENDANCE,21762,Inserted inside the current SQL transaction.
COMMITTED,ATTENDANCE,CALTHORPE|ESOL|2025-11-28|0930|1030|CARD:994,NEW_ATTENDANCE,21763,Inserted inside the current SQL transaction.
COMMITTED,ATTENDANCE,CALTHORPE|AEROBICS|2025-12-01|1000|1045|CARD:346,NEW_ATTENDANCE,21764,Inserted inside the current SQL transaction.
COMMITTED,ATTENDANCE,CALTHORPE|AEROBICS|2025-12-01|1000|1045|CARD:398,NEW_ATTENDANCE,21765,Inserted inside the current SQL transaction.
COMMITTED,ATTENDANCE,CALTHORPE|AEROBICS|2025-12-01|1000|1045|CARD:429,NEW_ATTENDANCE,21766,Inserted inside the current SQL transaction.
COMMITTED,ATTENDANCE,CALTHORPE|AEROBICS|2025-12-01|1000|1045|CARD:470,NEW_ATTENDANCE,21767,Inserted inside the current SQL transaction.
COMMITTED,ATTENDANCE,CALTHORPE|AEROBICS|2025-12-01|1000|1045|CARD:515,NEW_ATTENDANCE,21768,Inserted inside the current SQL transaction.
COMMITTED,ATTENDANCE,CALTHORPE|AEROBICS|2025-12-01|1000|1045|CARD:593,NEW_ATTENDANCE,21769,Inserted inside the current SQL transaction.
COMMITTED,ATTENDANCE,CALTHORPE|AEROBICS|2025-12-01|1000|1045|CARD:692,NEW_ATTENDANCE,21770,Inserted inside the current SQL transaction.
COMMITTED,ATTENDANCE,CALTHORPE|AEROBICS|2025-12-01|1000|1045|CARD:767,NEW_ATTENDANCE,21771,Inserted inside the current SQL transaction.
COMMITTED,ATTENDANCE,CALTHORPE|AEROBICS|2025-12-01|1000|1045|CARD:780,NEW_ATTENDANCE,21772,Inserted inside the current SQL transaction.
COMMITTED,ATTENDANCE,CALTHORPE|AEROBICS|2025-12-01|1000|1045|NAME:mayal,NEW_ATTENDANCE,21773,Inserted inside the current SQL transaction.
COMMITTED,ATTENDANCE,CALTHORPE|AEROBICS|2025-12-01|1000|1045|NAME:zubayda,NEW_ATTENDANCE,21774,Inserted inside the current SQL transaction.
COMMITTED,ATTENDANCE,CALTHORPE|CHAIR BASED EXERCISE|2025-12-01|1100|1145|CARD:418,NEW_ATTENDANCE,21775,Inserted inside the current SQL transaction.
COMMITTED,ATTENDANCE,CALTHORPE|CHAIR BASED EXERCISE|2025-12-01|1100|1145|CARD:444,NEW_ATTENDANCE,21776,Inserted inside the current SQL transaction.
COMMITTED,ATTENDANCE,CALTHORPE|CHAIR BASED EXERCISE|2025-12-01|1100|1145|CARD:485,NEW_ATTENDANCE,21777,Inserted inside the current SQL transaction.
COMMITTED,ATTENDANCE,CALTHORPE|CHAIR BASED EXERCISE|2025-12-01|1100|1145|CARD:515,NEW_ATTENDANCE,21778,Inserted inside the current SQL transaction.
COMMITTED,ATTENDANCE,CALTHORPE|CHAIR BASED EXERCISE|2025-12-01|1100|1145|CARD:601,NEW_ATTENDANCE,21779,Inserted inside the current SQL transaction.
COMMITTED,ATTENDANCE,CALTHORPE|CHAIR BASED EXERCISE|2025-12-01|1100|1145|CARD:642,NEW_ATTENDANCE,21780,Inserted inside the current SQL transaction.
COMMITTED,ATTENDANCE,CALTHORPE|CHAIR BASED EXERCISE|2025-12-01|1100|1145|CARD:747,NEW_ATTENDANCE,21781,Inserted inside the current SQL transaction.
COMMITTED,ATTENDANCE,CALTHORPE|CHAIR BASED EXERCISE|2025-12-01|1100|1145|CARD:769,NEW_ATTENDANCE,21782,Inserted inside the current SQL transaction.
COMMITTED,ATTENDANCE,CALTHORPE|CHAIR BASED EXERCISE|2025-12-01|1100|1145|CARD:991,NEW_ATTENDANCE,21783,Inserted inside the current SQL transaction.
COMMITTED,ATTENDANCE,CALTHORPE|CROCHET|2025-12-01|1215|1415|CARD:407,NEW_ATTENDANCE,21784,Inserted inside the current SQL transaction.
COMMITTED,ATTENDANCE,CALTHORPE|CROCHET|2025-12-01|1215|1415|CARD:418,NEW_ATTENDANCE,21785,Inserted inside the current SQL transaction.
COMMITTED,ATTENDANCE,CALTHORPE|CROCHET|2025-12-01|1215|1415|CARD:468,NEW_ATTENDANCE,21786,Inserted inside the current SQL transaction.
COMMITTED,ATTENDANCE,CALTHORPE|CROCHET|2025-12-01|1215|1415|CARD:493,NEW_ATTENDANCE,21787,Inserted inside the current SQL transaction.
COMMITTED,ATTENDANCE,CALTHORPE|CROCHET|2025-12-01|1215|1415|CARD:509,NEW_ATTENDANCE,21788,Inserted inside the current SQL transaction.
COMMITTED,ATTENDANCE,CALTHORPE|CROCHET|2025-12-01|1215|1415|CARD:586,NEW_ATTENDANCE,21789,Inserted inside the current SQL transaction.
COMMITTED,ATTENDANCE,CALTHORPE|CROCHET|2025-12-01|1215|1415|CARD:613,NEW_ATTENDANCE,21790,Inserted inside the current SQL transaction.
COMMITTED,ATTENDANCE,CALTHORPE|CROCHET|2025-12-01|1215|1415|CARD:638,NEW_ATTENDANCE,21791,Inserted inside the current SQL transaction.
COMMITTED,ATTENDANCE,CALTHORPE|CROCHET|2025-12-01|1215|1415|CARD:708,NEW_ATTENDANCE,21792,Inserted inside the current SQL transaction.
COMMITTED,ATTENDANCE,CALTHORPE|CROCHET|2025-12-01|1215|1415|NAME:yasmin akhtar,NEW_ATTENDANCE,21793,Inserted inside the current SQL transaction.
COMMITTED,ATTENDANCE,CALTHORPE|ARTS|2025-12-02|1130|1230|CARD:376,NEW_ATTENDANCE,21794,Inserted inside the current SQL transaction.
COMMITTED,ATTENDANCE,CALTHORPE|ARTS|2025-12-02|1130|1230|CARD:411,NEW_ATTENDANCE,21795,Inserted inside the current SQL transaction.
COMMITTED,ATTENDANCE,CALTHORPE|ARTS|2025-12-02|1130|1230|CARD:638,NEW_ATTENDANCE,21796,Inserted inside the current SQL transaction.
COMMITTED,ATTENDANCE,CALTHORPE|ARTS|2025-12-02|1130|1230|CARD:657,NEW_ATTENDANCE,21797,Inserted inside the current SQL transaction.
COMMITTED,ATTENDANCE,CALTHORPE|STRENGTH & STRETCH|2025-12-02|1000|1100|CARD:386,NEW_ATTENDANCE,21798,Inserted inside the current SQL transaction.
COMMITTED,ATTENDANCE,CALTHORPE|STRENGTH & STRETCH|2025-12-02|1000|1100|CARD:388,NEW_ATTENDANCE,21799,Inserted inside the current SQL transaction.
COMMITTED,ATTENDANCE,CALTHORPE|STRENGTH & STRETCH|2025-12-02|1000|1100|CARD:391,NEW_ATTENDANCE,21800,Inserted inside the current SQL transaction.
COMMITTED,ATTENDANCE,CALTHORPE|STRENGTH & STRETCH|2025-12-02|1000|1100|CARD:396,NEW_ATTENDANCE,21801,Inserted inside the current SQL transaction.
COMMITTED,ATTENDANCE,CALTHORPE|STRENGTH & STRETCH|2025-12-02|1000|1100|CARD:407,NEW_ATTENDANCE,21802,Inserted inside the current SQL transaction.
COMMITTED,ATTENDANCE,CALTHORPE|STRENGTH & STRETCH|2025-12-02|1000|1100|CARD:410,NEW_ATTENDANCE,21803,Inserted inside the current SQL transaction.
COMMITTED,ATTENDANCE,CALTHORPE|STRENGTH & STRETCH|2025-12-02|1000|1100|CARD:411,NEW_ATTENDANCE,21804,Inserted inside the current SQL transaction.
COMMITTED,ATTENDANCE,CALTHORPE|STRENGTH & STRETCH|2025-12-02|1000|1100|CARD:416,NEW_ATTENDANCE,21805,Inserted inside the current SQL transaction.
COMMITTED,ATTENDANCE,CALTHORPE|STRENGTH & STRETCH|2025-12-02|1000|1100|CARD:429,NEW_ATTENDANCE,21806,Inserted inside the current SQL transaction.
COMMITTED,ATTENDANCE,CALTHORPE|STRENGTH & STRETCH|2025-12-02|1000|1100|CARD:504,NEW_ATTENDANCE,21807,Inserted inside the current SQL transaction.
COMMITTED,ATTENDANCE,CALTHORPE|STRENGTH & STRETCH|2025-12-02|1000|1100|CARD:515,NEW_ATTENDANCE,21808,Inserted inside the current SQL transaction.
COMMITTED,ATTENDANCE,CALTHORPE|STRENGTH & STRETCH|2025-12-02|1000|1100|CARD:596,NEW_ATTENDANCE,21809,Inserted inside the current SQL transaction.
COMMITTED,ATTENDANCE,CALTHORPE|STRENGTH & STRETCH|2025-12-02|1000|1100|CARD:698,NEW_ATTENDANCE,21810,Inserted inside the current SQL transaction.
COMMITTED,ATTENDANCE,CALTHORPE|STRENGTH & STRETCH|2025-12-02|1000|1100|CARD:717,NEW_ATTENDANCE,21811,Inserted inside the current SQL transaction.
COMMITTED,ATTENDANCE,CALTHORPE|STRENGTH & STRETCH|2025-12-02|1000|1100|CARD:727,NEW_ATTENDANCE,21812,Inserted inside the current SQL transaction.
COMMITTED,ATTENDANCE,CALTHORPE|STRENGTH & STRETCH|2025-12-02|1000|1100|CARD:770,NEW_ATTENDANCE,21813,Inserted inside the current SQL transaction.
COMMITTED,ATTENDANCE,CALTHORPE|STRENGTH & STRETCH|2025-12-02|1000|1100|CARD:780,NEW_ATTENDANCE,21814,Inserted inside the current SQL transaction.
COMMITTED,ATTENDANCE,CALTHORPE|YOGA|2025-12-02|1715|1815|CARD:269,NEW_ATTENDANCE,21815,Inserted inside the current SQL transaction.
COMMITTED,ATTENDANCE,CALTHORPE|YOGA|2025-12-02|1715|1815|CARD:270,NEW_ATTENDANCE,21816,Inserted inside the current SQL transaction.
COMMITTED,ATTENDANCE,CALTHORPE|YOGA|2025-12-02|1715|1815|CARD:334,NEW_ATTENDANCE,21817,Inserted inside the current SQL transaction.
COMMITTED,ATTENDANCE,CALTHORPE|YOGA|2025-12-02|1715|1815|CARD:369,NEW_ATTENDANCE,21818,Inserted inside the current SQL transaction.
COMMITTED,ATTENDANCE,CALTHORPE|YOGA|2025-12-02|1715|1815|CARD:429,NEW_ATTENDANCE,21819,Inserted inside the current SQL transaction.
COMMITTED,ATTENDANCE,CALTHORPE|YOGA|2025-12-02|1715|1815|CARD:450,NEW_ATTENDANCE,21820,Inserted inside the current SQL transaction.
COMMITTED,ATTENDANCE,CALTHORPE|YOGA|2025-12-02|1715|1815|CARD:451,NEW_ATTENDANCE,21821,Inserted inside the current SQL transaction.
COMMITTED,ATTENDANCE,CALTHORPE|YOGA|2025-12-02|1715|1815|CARD:625,NEW_ATTENDANCE,21822,Inserted inside the current SQL transaction.
COMMITTED,ATTENDANCE,CALTHORPE|YOGA|2025-12-02|1715|1815|CARD:691,NEW_ATTENDANCE,21823,Inserted inside the current SQL transaction.
COMMITTED,ATTENDANCE,CALTHORPE|YOGA|2025-12-02|1715|1815|CARD:717,NEW_ATTENDANCE,21824,Inserted inside the current SQL transaction.
COMMITTED,ATTENDANCE,CALTHORPE|YOGA|2025-12-02|1715|1815|CARD:722,NEW_ATTENDANCE,21825,Inserted inside the current SQL transaction.
COMMITTED,ATTENDANCE,CALTHORPE|YOGA|2025-12-02|1715|1815|CARD:727,NEW_ATTENDANCE,21826,Inserted inside the current SQL transaction.
COMMITTED,ATTENDANCE,CALTHORPE|YOGA|2025-12-02|1715|1815|CARD:784,NEW_ATTENDANCE,21827,Inserted inside the current SQL transaction.
COMMITTED,ATTENDANCE,CALTHORPE|YOGA|2025-12-02|1715|1815|NAME:rushsar,NEW_ATTENDANCE,21828,Inserted inside the current SQL transaction.
COMMITTED,ATTENDANCE,CALTHORPE|ARTS|2025-12-03|1215|1315|CARD:397,NEW_ATTENDANCE,21829,Inserted inside the current SQL transaction.
COMMITTED,ATTENDANCE,CALTHORPE|ARTS|2025-12-03|1215|1315|CARD:416,NEW_ATTENDANCE,21830,Inserted inside the current SQL transaction.
COMMITTED,ATTENDANCE,CALTHORPE|ARTS|2025-12-03|1215|1315|CARD:444,NEW_ATTENDANCE,21831,Inserted inside the current SQL transaction.
COMMITTED,ATTENDANCE,CALTHORPE|ARTS|2025-12-03|1215|1315|CARD:638,NEW_ATTENDANCE,21832,Inserted inside the current SQL transaction.
COMMITTED,ATTENDANCE,CALTHORPE|ARTS|2025-12-03|1215|1315|CARD:658,NEW_ATTENDANCE,21833,Inserted inside the current SQL transaction.
COMMITTED,ATTENDANCE,CALTHORPE|ARTS|2025-12-03|1215|1315|CARD:691,NEW_ATTENDANCE,21834,Inserted inside the current SQL transaction.
COMMITTED,ATTENDANCE,CALTHORPE|ARTS|2025-12-03|1215|1315|CARD:801,NEW_ATTENDANCE,21835,Inserted inside the current SQL transaction.
COMMITTED,ATTENDANCE,CALTHORPE|ARTS|2025-12-03|1215|1315|CARD:802,NEW_ATTENDANCE,21836,Inserted inside the current SQL transaction.
COMMITTED,ATTENDANCE,CALTHORPE|ESOL|2025-12-03|0930|1030|CARD:452,NEW_ATTENDANCE,21837,Inserted inside the current SQL transaction.
COMMITTED,ATTENDANCE,CALTHORPE|ESOL|2025-12-03|0930|1030|CARD:455,NEW_ATTENDANCE,21838,Inserted inside the current SQL transaction.
COMMITTED,ATTENDANCE,CALTHORPE|ESOL|2025-12-03|0930|1030|CARD:457,NEW_ATTENDANCE,21839,Inserted inside the current SQL transaction.
COMMITTED,ATTENDANCE,CALTHORPE|ESOL|2025-12-03|0930|1030|CARD:458,NEW_ATTENDANCE,21840,Inserted inside the current SQL transaction.
COMMITTED,ATTENDANCE,CALTHORPE|ESOL|2025-12-03|0930|1030|CARD:459,NEW_ATTENDANCE,21841,Inserted inside the current SQL transaction.
COMMITTED,ATTENDANCE,CALTHORPE|ESOL|2025-12-03|0930|1030|CARD:462,NEW_ATTENDANCE,21842,Inserted inside the current SQL transaction.
COMMITTED,ATTENDANCE,CALTHORPE|ESOL|2025-12-03|0930|1030|CARD:516,NEW_ATTENDANCE,21843,Inserted inside the current SQL transaction.
COMMITTED,ATTENDANCE,CALTHORPE|ESOL|2025-12-03|0930|1030|CARD:647,NEW_ATTENDANCE,21844,Inserted inside the current SQL transaction.
COMMITTED,ATTENDANCE,CALTHORPE|ESOL|2025-12-03|0930|1030|CARD:672,NEW_ATTENDANCE,21845,Inserted inside the current SQL transaction.
COMMITTED,ATTENDANCE,CALTHORPE|ESOL|2025-12-03|0930|1030|CARD:673,NEW_ATTENDANCE,21846,Inserted inside the current SQL transaction.
COMMITTED,ATTENDANCE,CALTHORPE|ESOL|2025-12-03|0930|1030|CARD:709,NEW_ATTENDANCE,21847,Inserted inside the current SQL transaction.
COMMITTED,ATTENDANCE,CALTHORPE|ESOL|2025-12-03|0930|1030|CARD:715,NEW_ATTENDANCE,21848,Inserted inside the current SQL transaction.
COMMITTED,ATTENDANCE,CALTHORPE|ESOL|2025-12-03|0930|1030|CARD:727,NEW_ATTENDANCE,21849,Inserted inside the current SQL transaction.
COMMITTED,ATTENDANCE,CALTHORPE|ESOL|2025-12-03|0930|1030|CARD:754,NEW_ATTENDANCE,21850,Inserted inside the current SQL transaction.
COMMITTED,ATTENDANCE,CALTHORPE|ESOL|2025-12-03|0930|1030|CARD:785,NEW_ATTENDANCE,21851,Inserted inside the current SQL transaction.
COMMITTED,ATTENDANCE,CALTHORPE|ESOL|2025-12-03|0930|1030|CARD:803,NEW_ATTENDANCE,21852,Inserted inside the current SQL transaction.
COMMITTED,ATTENDANCE,CALTHORPE|ESOL|2025-12-03|0930|1030|CARD:994,NEW_ATTENDANCE,21853,Inserted inside the current SQL transaction.
COMMITTED,ATTENDANCE,CALTHORPE|ESOL|2025-12-03|0930|1030|NAME:4466137 sageya,NEW_ATTENDANCE,21854,Inserted inside the current SQL transaction.
COMMITTED,ATTENDANCE,CALTHORPE|SALSA/BELLY DANCING|2025-12-03|1100|1200|CARD:397,NEW_ATTENDANCE,21855,Inserted inside the current SQL transaction.
COMMITTED,ATTENDANCE,CALTHORPE|SALSA/BELLY DANCING|2025-12-03|1100|1200|CARD:416,NEW_ATTENDANCE,21856,Inserted inside the current SQL transaction.
COMMITTED,ATTENDANCE,CALTHORPE|SALSA/BELLY DANCING|2025-12-03|1100|1200|CARD:441,NEW_ATTENDANCE,21857,Inserted inside the current SQL transaction.
COMMITTED,ATTENDANCE,CALTHORPE|SALSA/BELLY DANCING|2025-12-03|1100|1200|CARD:638,NEW_ATTENDANCE,21858,Inserted inside the current SQL transaction.
COMMITTED,ATTENDANCE,CALTHORPE|SALSA/BELLY DANCING|2025-12-03|1100|1200|CARD:658,NEW_ATTENDANCE,21859,Inserted inside the current SQL transaction.
COMMITTED,ATTENDANCE,CALTHORPE|SALSA/BELLY DANCING|2025-12-03|1100|1200|CARD:691,NEW_ATTENDANCE,21860,Inserted inside the current SQL transaction.
COMMITTED,ATTENDANCE,CALTHORPE|SALSA/BELLY DANCING|2025-12-03|1100|1200|CARD:786,NEW_ATTENDANCE,21861,Inserted inside the current SQL transaction.
COMMITTED,ATTENDANCE,CALTHORPE|SALSA/BELLY DANCING|2025-12-03|1100|1200|CARD:824,NEW_ATTENDANCE,21862,Inserted inside the current SQL transaction.
COMMITTED,ATTENDANCE,CALTHORPE|SALSA/BELLY DANCING|2025-12-03|1100|1200|NAME:nasra h,NEW_ATTENDANCE,21863,Inserted inside the current SQL transaction.
COMMITTED,ATTENDANCE,CALTHORPE|CHAIR BASED EXERCISE|2025-12-04|1145|1230|CARD:380,NEW_ATTENDANCE,21864,Inserted inside the current SQL transaction.
COMMITTED,ATTENDANCE,CALTHORPE|CHAIR BASED EXERCISE|2025-12-04|1145|1230|CARD:410,NEW_ATTENDANCE,21865,Inserted inside the current SQL transaction.
COMMITTED,ATTENDANCE,CALTHORPE|CHAIR BASED EXERCISE|2025-12-04|1145|1230|CARD:415,NEW_ATTENDANCE,21866,Inserted inside the current SQL transaction.
COMMITTED,ATTENDANCE,CALTHORPE|CHAIR BASED EXERCISE|2025-12-04|1145|1230|CARD:416,NEW_ATTENDANCE,21867,Inserted inside the current SQL transaction.
COMMITTED,ATTENDANCE,CALTHORPE|CHAIR BASED EXERCISE|2025-12-04|1145|1230|CARD:418,NEW_ATTENDANCE,21868,Inserted inside the current SQL transaction.
COMMITTED,ATTENDANCE,CALTHORPE|CHAIR BASED EXERCISE|2025-12-04|1145|1230|CARD:444,NEW_ATTENDANCE,21869,Inserted inside the current SQL transaction.
COMMITTED,ATTENDANCE,CALTHORPE|CHAIR BASED EXERCISE|2025-12-04|1145|1230|CARD:474,NEW_ATTENDANCE,21870,Inserted inside the current SQL transaction.
COMMITTED,ATTENDANCE,CALTHORPE|CHAIR BASED EXERCISE|2025-12-04|1145|1230|CARD:485,NEW_ATTENDANCE,21871,Inserted inside the current SQL transaction.
COMMITTED,ATTENDANCE,CALTHORPE|CHAIR BASED EXERCISE|2025-12-04|1145|1230|CARD:493,NEW_ATTENDANCE,21872,Inserted inside the current SQL transaction.
COMMITTED,ATTENDANCE,CALTHORPE|CHAIR BASED EXERCISE|2025-12-04|1145|1230|CARD:594,NEW_ATTENDANCE,21873,Inserted inside the current SQL transaction.
COMMITTED,ATTENDANCE,CALTHORPE|CHAIR BASED EXERCISE|2025-12-04|1145|1230|CARD:620,NEW_ATTENDANCE,21874,Inserted inside the current SQL transaction.
COMMITTED,ATTENDANCE,CALTHORPE|CHAIR BASED EXERCISE|2025-12-04|1145|1230|CARD:631,NEW_ATTENDANCE,21875,Inserted inside the current SQL transaction.
COMMITTED,ATTENDANCE,CALTHORPE|CHAIR BASED EXERCISE|2025-12-04|1145|1230|CARD:638,NEW_ATTENDANCE,21876,Inserted inside the current SQL transaction.
COMMITTED,ATTENDANCE,CALTHORPE|CHAIR BASED EXERCISE|2025-12-04|1145|1230|CARD:640,NEW_ATTENDANCE,21877,Inserted inside the current SQL transaction.
COMMITTED,ATTENDANCE,CALTHORPE|CHAIR BASED EXERCISE|2025-12-04|1145|1230|CARD:647,NEW_ATTENDANCE,21878,Inserted inside the current SQL transaction.
COMMITTED,ATTENDANCE,CALTHORPE|CHAIR BASED EXERCISE|2025-12-04|1145|1230|CARD:656,NEW_ATTENDANCE,21879,Inserted inside the current SQL transaction.
COMMITTED,ATTENDANCE,CALTHORPE|CHAIR BASED EXERCISE|2025-12-04|1145|1230|CARD:692,NEW_ATTENDANCE,21880,Inserted inside the current SQL transaction.
COMMITTED,ATTENDANCE,CALTHORPE|CHAIR BASED EXERCISE|2025-12-04|1145|1230|CARD:767,NEW_ATTENDANCE,21881,Inserted inside the current SQL transaction.
COMMITTED,ATTENDANCE,CALTHORPE|CHAIR BASED EXERCISE|2025-12-04|1145|1230|CARD:866,NEW_ATTENDANCE,21882,Inserted inside the current SQL transaction.
COMMITTED,ATTENDANCE,CALTHORPE|CIRCUIT TRAINING|2025-12-04|0930|1015|CARD:390,NEW_ATTENDANCE,21883,Inserted inside the current SQL transaction.
COMMITTED,ATTENDANCE,CALTHORPE|CIRCUIT TRAINING|2025-12-04|0930|1015|CARD:398,NEW_ATTENDANCE,21884,Inserted inside the current SQL transaction.
COMMITTED,ATTENDANCE,CALTHORPE|CIRCUIT TRAINING|2025-12-04|0930|1015|CARD:412,NEW_ATTENDANCE,21885,Inserted inside the current SQL transaction.
COMMITTED,ATTENDANCE,CALTHORPE|CIRCUIT TRAINING|2025-12-04|0930|1015|CARD:422,NEW_ATTENDANCE,21886,Inserted inside the current SQL transaction.
COMMITTED,ATTENDANCE,CALTHORPE|CIRCUIT TRAINING|2025-12-04|0930|1015|CARD:429,NEW_ATTENDANCE,21887,Inserted inside the current SQL transaction.
COMMITTED,ATTENDANCE,CALTHORPE|CIRCUIT TRAINING|2025-12-04|0930|1015|CARD:470,NEW_ATTENDANCE,21888,Inserted inside the current SQL transaction.
COMMITTED,ATTENDANCE,CALTHORPE|CIRCUIT TRAINING|2025-12-04|0930|1015|CARD:515,NEW_ATTENDANCE,21889,Inserted inside the current SQL transaction.
COMMITTED,ATTENDANCE,CALTHORPE|CIRCUIT TRAINING|2025-12-04|0930|1015|CARD:593,NEW_ATTENDANCE,21890,Inserted inside the current SQL transaction.
COMMITTED,ATTENDANCE,CALTHORPE|CIRCUIT TRAINING|2025-12-04|0930|1015|CARD:596,NEW_ATTENDANCE,21891,Inserted inside the current SQL transaction.
COMMITTED,ATTENDANCE,CALTHORPE|CIRCUIT TRAINING|2025-12-04|0930|1015|CARD:650,NEW_ATTENDANCE,21892,Inserted inside the current SQL transaction.
COMMITTED,ATTENDANCE,CALTHORPE|CIRCUIT TRAINING|2025-12-04|0930|1015|CARD:690,NEW_ATTENDANCE,21893,Inserted inside the current SQL transaction.
COMMITTED,ATTENDANCE,CALTHORPE|CIRCUIT TRAINING|2025-12-04|0930|1015|CARD:698,NEW_ATTENDANCE,21894,Inserted inside the current SQL transaction.
COMMITTED,ATTENDANCE,CALTHORPE|CIRCUIT TRAINING|2025-12-04|0930|1015|CARD:699,NEW_ATTENDANCE,21895,Inserted inside the current SQL transaction.
COMMITTED,ATTENDANCE,CALTHORPE|CIRCUIT TRAINING|2025-12-04|0930|1015|CARD:767,NEW_ATTENDANCE,21896,Inserted inside the current SQL transaction.
COMMITTED,ATTENDANCE,CALTHORPE|CIRCUIT TRAINING|2025-12-04|0930|1015|CARD:770,NEW_ATTENDANCE,21897,Inserted inside the current SQL transaction.
COMMITTED,ATTENDANCE,CALTHORPE|CIRCUIT TRAINING|2025-12-04|0930|1015|CARD:780,NEW_ATTENDANCE,21898,Inserted inside the current SQL transaction.
COMMITTED,ATTENDANCE,CALTHORPE|CIRCUIT TRAINING|2025-12-04|0930|1015|NAME:sara,NEW_ATTENDANCE,21899,Inserted inside the current SQL transaction.
COMMITTED,ATTENDANCE,CALTHORPE|CROCHET|2025-12-04|1245|1430|CARD:396,NEW_ATTENDANCE,21900,Inserted inside the current SQL transaction.
COMMITTED,ATTENDANCE,CALTHORPE|CROCHET|2025-12-04|1245|1430|CARD:416,NEW_ATTENDANCE,21901,Inserted inside the current SQL transaction.
COMMITTED,ATTENDANCE,CALTHORPE|CROCHET|2025-12-04|1245|1430|CARD:424,NEW_ATTENDANCE,21902,Inserted inside the current SQL transaction.
COMMITTED,ATTENDANCE,CALTHORPE|CROCHET|2025-12-04|1245|1430|CARD:638,NEW_ATTENDANCE,21903,Inserted inside the current SQL transaction.
COMMITTED,ATTENDANCE,CALTHORPE|CROCHET|2025-12-04|1245|1430|CARD:640,NEW_ATTENDANCE,21904,Inserted inside the current SQL transaction.
COMMITTED,ATTENDANCE,CALTHORPE|CROCHET|2025-12-04|1245|1430|CARD:708,NEW_ATTENDANCE,21905,Inserted inside the current SQL transaction.
COMMITTED,ATTENDANCE,CALTHORPE|CROCHET|2025-12-04|1245|1430|CARD:763,NEW_ATTENDANCE,21906,Inserted inside the current SQL transaction.
COMMITTED,ATTENDANCE,CALTHORPE|BODY CONDITIONING|2025-12-05|1145|1230|CARD:126,NEW_ATTENDANCE,21907,Inserted inside the current SQL transaction.
COMMITTED,ATTENDANCE,CALTHORPE|BODY CONDITIONING|2025-12-05|1145|1230|CARD:346,NEW_ATTENDANCE,21908,Inserted inside the current SQL transaction.
COMMITTED,ATTENDANCE,CALTHORPE|BODY CONDITIONING|2025-12-05|1145|1230|CARD:384,NEW_ATTENDANCE,21909,Inserted inside the current SQL transaction.
COMMITTED,ATTENDANCE,CALTHORPE|BODY CONDITIONING|2025-12-05|1145|1230|CARD:410,NEW_ATTENDANCE,21910,Inserted inside the current SQL transaction.
COMMITTED,ATTENDANCE,CALTHORPE|BODY CONDITIONING|2025-12-05|1145|1230|CARD:470,NEW_ATTENDANCE,21911,Inserted inside the current SQL transaction.
COMMITTED,ATTENDANCE,CALTHORPE|BODY CONDITIONING|2025-12-05|1145|1230|CARD:511,NEW_ATTENDANCE,21912,Inserted inside the current SQL transaction.
COMMITTED,ATTENDANCE,CALTHORPE|BODY CONDITIONING|2025-12-05|1145|1230|CARD:557,NEW_ATTENDANCE,21913,Inserted inside the current SQL transaction.
COMMITTED,ATTENDANCE,CALTHORPE|BODY CONDITIONING|2025-12-05|1145|1230|CARD:568,NEW_ATTENDANCE,21914,Inserted inside the current SQL transaction.
COMMITTED,ATTENDANCE,CALTHORPE|BODY CONDITIONING|2025-12-05|1145|1230|CARD:602,NEW_ATTENDANCE,21915,Inserted inside the current SQL transaction.
COMMITTED,ATTENDANCE,CALTHORPE|BODY CONDITIONING|2025-12-05|1145|1230|CARD:625,NEW_ATTENDANCE,21916,Inserted inside the current SQL transaction.
COMMITTED,ATTENDANCE,CALTHORPE|BODY CONDITIONING|2025-12-05|1145|1230|CARD:691,NEW_ATTENDANCE,21917,Inserted inside the current SQL transaction.
COMMITTED,ATTENDANCE,CALTHORPE|BODY CONDITIONING|2025-12-05|1145|1230|CARD:692,NEW_ATTENDANCE,21918,Inserted inside the current SQL transaction.
COMMITTED,ATTENDANCE,CALTHORPE|BODY CONDITIONING|2025-12-05|1145|1230|CARD:700,NEW_ATTENDANCE,21919,Inserted inside the current SQL transaction.
COMMITTED,ATTENDANCE,CALTHORPE|BODY CONDITIONING|2025-12-05|1145|1230|CARD:742,NEW_ATTENDANCE,21920,Inserted inside the current SQL transaction.
COMMITTED,ATTENDANCE,CALTHORPE|ESOL|2025-12-05|0930|1030|CARD:375,NEW_ATTENDANCE,21921,Inserted inside the current SQL transaction.
COMMITTED,ATTENDANCE,CALTHORPE|ESOL|2025-12-05|0930|1030|CARD:449,NEW_ATTENDANCE,21922,Inserted inside the current SQL transaction.
COMMITTED,ATTENDANCE,CALTHORPE|ESOL|2025-12-05|0930|1030|CARD:455,NEW_ATTENDANCE,21923,Inserted inside the current SQL transaction.
COMMITTED,ATTENDANCE,CALTHORPE|ESOL|2025-12-05|0930|1030|CARD:458,NEW_ATTENDANCE,21924,Inserted inside the current SQL transaction.
COMMITTED,ATTENDANCE,CALTHORPE|ESOL|2025-12-05|0930|1030|CARD:462,NEW_ATTENDANCE,21925,Inserted inside the current SQL transaction.
COMMITTED,ATTENDANCE,CALTHORPE|ESOL|2025-12-05|0930|1030|CARD:516,NEW_ATTENDANCE,21926,Inserted inside the current SQL transaction.
COMMITTED,ATTENDANCE,CALTHORPE|ESOL|2025-12-05|0930|1030|CARD:647,NEW_ATTENDANCE,21927,Inserted inside the current SQL transaction.
COMMITTED,ATTENDANCE,CALTHORPE|ESOL|2025-12-05|0930|1030|CARD:672,NEW_ATTENDANCE,21928,Inserted inside the current SQL transaction.
COMMITTED,ATTENDANCE,CALTHORPE|ESOL|2025-12-05|0930|1030|CARD:673,NEW_ATTENDANCE,21929,Inserted inside the current SQL transaction.
COMMITTED,ATTENDANCE,CALTHORPE|ESOL|2025-12-05|0930|1030|CARD:779,NEW_ATTENDANCE,21930,Inserted inside the current SQL transaction.
COMMITTED,ATTENDANCE,CALTHORPE|ESOL|2025-12-05|0930|1030|CARD:994,NEW_ATTENDANCE,21931,Inserted inside the current SQL transaction.
COMMITTED,ATTENDANCE,CALTHORPE|PILATES|2025-12-05|1245|1330|CARD:410,NEW_ATTENDANCE,21932,Inserted inside the current SQL transaction.
COMMITTED,ATTENDANCE,CALTHORPE|PILATES|2025-12-05|1245|1330|CARD:486,NEW_ATTENDANCE,21933,Inserted inside the current SQL transaction.
COMMITTED,ATTENDANCE,CALTHORPE|PILATES|2025-12-05|1245|1330|CARD:691,NEW_ATTENDANCE,21934,Inserted inside the current SQL transaction.
COMMITTED,ATTENDANCE,CALTHORPE|PILATES|2025-12-05|1245|1330|CARD:707,NEW_ATTENDANCE,21935,Inserted inside the current SQL transaction.
COMMITTED,ATTENDANCE,CALTHORPE|PILATES|2025-12-05|1245|1330|CARD:784,NEW_ATTENDANCE,21936,Inserted inside the current SQL transaction.
COMMITTED,ATTENDANCE,CALTHORPE|CHAIR BASED EXERCISE|2025-12-08|1100|1145|CARD:380,NEW_ATTENDANCE,21937,Inserted inside the current SQL transaction.
COMMITTED,ATTENDANCE,CALTHORPE|CHAIR BASED EXERCISE|2025-12-08|1100|1145|CARD:416,NEW_ATTENDANCE,21938,Inserted inside the current SQL transaction.
COMMITTED,ATTENDANCE,CALTHORPE|CHAIR BASED EXERCISE|2025-12-08|1100|1145|CARD:418,NEW_ATTENDANCE,21939,Inserted inside the current SQL transaction.
COMMITTED,ATTENDANCE,CALTHORPE|CHAIR BASED EXERCISE|2025-12-08|1100|1145|CARD:441,NEW_ATTENDANCE,21940,Inserted inside the current SQL transaction.
COMMITTED,ATTENDANCE,CALTHORPE|CHAIR BASED EXERCISE|2025-12-08|1100|1145|CARD:601,NEW_ATTENDANCE,21941,Inserted inside the current SQL transaction.
COMMITTED,ATTENDANCE,CALTHORPE|CHAIR BASED EXERCISE|2025-12-08|1100|1145|CARD:638,NEW_ATTENDANCE,21942,Inserted inside the current SQL transaction.
COMMITTED,ATTENDANCE,CALTHORPE|CHAIR BASED EXERCISE|2025-12-08|1100|1145|CARD:642,NEW_ATTENDANCE,21943,Inserted inside the current SQL transaction.
COMMITTED,ATTENDANCE,CALTHORPE|CHAIR BASED EXERCISE|2025-12-08|1100|1145|CARD:806,NEW_ATTENDANCE,21944,Inserted inside the current SQL transaction.
COMMITTED,ATTENDANCE,CALTHORPE|CHAIR BASED EXERCISE|2025-12-08|1100|1145|NAME:sherina chabiebi,NEW_ATTENDANCE,21945,Inserted inside the current SQL transaction.
COMMITTED,ATTENDANCE,CALTHORPE|CROCHET|2025-12-08|1215|1415|CARD:416,NEW_ATTENDANCE,21946,Inserted inside the current SQL transaction.
COMMITTED,ATTENDANCE,CALTHORPE|CROCHET|2025-12-08|1215|1415|CARD:418,NEW_ATTENDANCE,21947,Inserted inside the current SQL transaction.
COMMITTED,ATTENDANCE,CALTHORPE|CROCHET|2025-12-08|1215|1415|CARD:430,NEW_ATTENDANCE,21948,Inserted inside the current SQL transaction.
COMMITTED,ATTENDANCE,CALTHORPE|CROCHET|2025-12-08|1215|1415|CARD:468,NEW_ATTENDANCE,21949,Inserted inside the current SQL transaction.
COMMITTED,ATTENDANCE,CALTHORPE|CROCHET|2025-12-08|1215|1415|CARD:493,NEW_ATTENDANCE,21950,Inserted inside the current SQL transaction.
COMMITTED,ATTENDANCE,CALTHORPE|CROCHET|2025-12-08|1215|1415|CARD:586,NEW_ATTENDANCE,21951,Inserted inside the current SQL transaction.
COMMITTED,ATTENDANCE,CALTHORPE|CROCHET|2025-12-08|1215|1415|CARD:613,NEW_ATTENDANCE,21952,Inserted inside the current SQL transaction.
COMMITTED,ATTENDANCE,CALTHORPE|CROCHET|2025-12-08|1215|1415|CARD:638,NEW_ATTENDANCE,21953,Inserted inside the current SQL transaction.
COMMITTED,ATTENDANCE,CALTHORPE|HIIT|2025-12-08|1000|1045|CARD:373,NEW_ATTENDANCE,21954,Inserted inside the current SQL transaction.
COMMITTED,ATTENDANCE,CALTHORPE|HIIT|2025-12-08|1000|1045|CARD:406,NEW_ATTENDANCE,21955,Inserted inside the current SQL transaction.
COMMITTED,ATTENDANCE,CALTHORPE|HIIT|2025-12-08|1000|1045|CARD:411,NEW_ATTENDANCE,21956,Inserted inside the current SQL transaction.
COMMITTED,ATTENDANCE,CALTHORPE|HIIT|2025-12-08|1000|1045|CARD:429,NEW_ATTENDANCE,21957,Inserted inside the current SQL transaction.
COMMITTED,ATTENDANCE,CALTHORPE|HIIT|2025-12-08|1000|1045|CARD:441,NEW_ATTENDANCE,21958,Inserted inside the current SQL transaction.
COMMITTED,ATTENDANCE,CALTHORPE|HIIT|2025-12-08|1000|1045|CARD:470,NEW_ATTENDANCE,21959,Inserted inside the current SQL transaction.
COMMITTED,ATTENDANCE,CALTHORPE|HIIT|2025-12-08|1000|1045|CARD:504,NEW_ATTENDANCE,21960,Inserted inside the current SQL transaction.
COMMITTED,ATTENDANCE,CALTHORPE|HIIT|2025-12-08|1000|1045|CARD:565,NEW_ATTENDANCE,21961,Inserted inside the current SQL transaction.
COMMITTED,ATTENDANCE,CALTHORPE|HIIT|2025-12-08|1000|1045|CARD:593,NEW_ATTENDANCE,21962,Inserted inside the current SQL transaction.
COMMITTED,ATTENDANCE,CALTHORPE|HIIT|2025-12-08|1000|1045|CARD:602,NEW_ATTENDANCE,21963,Inserted inside the current SQL transaction.
COMMITTED,ATTENDANCE,CALTHORPE|HIIT|2025-12-08|1000|1045|CARD:691,NEW_ATTENDANCE,21964,Inserted inside the current SQL transaction.
COMMITTED,ATTENDANCE,CALTHORPE|HIIT|2025-12-08|1000|1045|CARD:770,NEW_ATTENDANCE,21965,Inserted inside the current SQL transaction.
COMMITTED,ATTENDANCE,CALTHORPE|HIIT|2025-12-08|1000|1045|CARD:780,NEW_ATTENDANCE,21966,Inserted inside the current SQL transaction.
COMMITTED,ATTENDANCE,CALTHORPE|HIIT|2025-12-08|1000|1045|CARD:798,NEW_ATTENDANCE,21967,Inserted inside the current SQL transaction.
COMMITTED,ATTENDANCE,CALTHORPE|HIIT|2025-12-08|1000|1045|CARD:815,NEW_ATTENDANCE,21968,Inserted inside the current SQL transaction.
COMMITTED,ATTENDANCE,CALTHORPE|HIIT|2025-12-08|1000|1045|NAME:interther,NEW_ATTENDANCE,21969,Inserted inside the current SQL transaction.
COMMITTED,ATTENDANCE,CALTHORPE|ARTS|2025-12-09|1130|1230|CARD:380,NEW_ATTENDANCE,21970,Inserted inside the current SQL transaction.
COMMITTED,ATTENDANCE,CALTHORPE|ARTS|2025-12-09|1130|1230|CARD:411,NEW_ATTENDANCE,21971,Inserted inside the current SQL transaction.
COMMITTED,ATTENDANCE,CALTHORPE|ARTS|2025-12-09|1130|1230|CARD:586,NEW_ATTENDANCE,21972,Inserted inside the current SQL transaction.
COMMITTED,ATTENDANCE,CALTHORPE|ARTS|2025-12-09|1130|1230|CARD:634,NEW_ATTENDANCE,21973,Inserted inside the current SQL transaction.
COMMITTED,ATTENDANCE,CALTHORPE|ARTS|2025-12-09|1130|1230|CARD:638,NEW_ATTENDANCE,21974,Inserted inside the current SQL transaction.
COMMITTED,ATTENDANCE,CALTHORPE|STRENGTH & STRETCH|2025-12-09|1000|1100|CARD:157,NEW_ATTENDANCE,21975,Inserted inside the current SQL transaction.
COMMITTED,ATTENDANCE,CALTHORPE|STRENGTH & STRETCH|2025-12-09|1000|1100|CARD:386,NEW_ATTENDANCE,21976,Inserted inside the current SQL transaction.
COMMITTED,ATTENDANCE,CALTHORPE|STRENGTH & STRETCH|2025-12-09|1000|1100|CARD:388,NEW_ATTENDANCE,21977,Inserted inside the current SQL transaction.
COMMITTED,ATTENDANCE,CALTHORPE|STRENGTH & STRETCH|2025-12-09|1000|1100|CARD:390,NEW_ATTENDANCE,21978,Inserted inside the current SQL transaction.
COMMITTED,ATTENDANCE,CALTHORPE|STRENGTH & STRETCH|2025-12-09|1000|1100|CARD:396,NEW_ATTENDANCE,21979,Inserted inside the current SQL transaction.
COMMITTED,ATTENDANCE,CALTHORPE|STRENGTH & STRETCH|2025-12-09|1000|1100|CARD:406,NEW_ATTENDANCE,21980,Inserted inside the current SQL transaction.
COMMITTED,ATTENDANCE,CALTHORPE|STRENGTH & STRETCH|2025-12-09|1000|1100|CARD:407,NEW_ATTENDANCE,21981,Inserted inside the current SQL transaction.
COMMITTED,ATTENDANCE,CALTHORPE|STRENGTH & STRETCH|2025-12-09|1000|1100|CARD:411,NEW_ATTENDANCE,21982,Inserted inside the current SQL transaction.
COMMITTED,ATTENDANCE,CALTHORPE|STRENGTH & STRETCH|2025-12-09|1000|1100|CARD:416,NEW_ATTENDANCE,21983,Inserted inside the current SQL transaction.
COMMITTED,ATTENDANCE,CALTHORPE|STRENGTH & STRETCH|2025-12-09|1000|1100|CARD:593,NEW_ATTENDANCE,21984,Inserted inside the current SQL transaction.
COMMITTED,ATTENDANCE,CALTHORPE|STRENGTH & STRETCH|2025-12-09|1000|1100|CARD:648,NEW_ATTENDANCE,21985,Inserted inside the current SQL transaction.
COMMITTED,ATTENDANCE,CALTHORPE|STRENGTH & STRETCH|2025-12-09|1000|1100|CARD:699,NEW_ATTENDANCE,21986,Inserted inside the current SQL transaction.
COMMITTED,ATTENDANCE,CALTHORPE|STRENGTH & STRETCH|2025-12-09|1000|1100|CARD:764,NEW_ATTENDANCE,21987,Inserted inside the current SQL transaction.
COMMITTED,ATTENDANCE,CALTHORPE|STRENGTH & STRETCH|2025-12-09|1000|1100|CARD:770,NEW_ATTENDANCE,21988,Inserted inside the current SQL transaction.
COMMITTED,ATTENDANCE,CALTHORPE|STRENGTH & STRETCH|2025-12-09|1000|1100|CARD:780,NEW_ATTENDANCE,21989,Inserted inside the current SQL transaction.
COMMITTED,ATTENDANCE,CALTHORPE|YOGA|2025-12-09|1715|1815|CARD:1269,NEW_ATTENDANCE,21990,Inserted inside the current SQL transaction.
COMMITTED,ATTENDANCE,CALTHORPE|YOGA|2025-12-09|1715|1815|CARD:1270,NEW_ATTENDANCE,21991,Inserted inside the current SQL transaction.
COMMITTED,ATTENDANCE,CALTHORPE|YOGA|2025-12-09|1715|1815|CARD:334,NEW_ATTENDANCE,21992,Inserted inside the current SQL transaction.
COMMITTED,ATTENDANCE,CALTHORPE|YOGA|2025-12-09|1715|1815|CARD:625,NEW_ATTENDANCE,21993,Inserted inside the current SQL transaction.
COMMITTED,ATTENDANCE,CALTHORPE|YOGA|2025-12-09|1715|1815|CARD:681,NEW_ATTENDANCE,21994,Inserted inside the current SQL transaction.
COMMITTED,ATTENDANCE,CALTHORPE|YOGA|2025-12-09|1715|1815|CARD:727,NEW_ATTENDANCE,21995,Inserted inside the current SQL transaction.
COMMITTED,ATTENDANCE,CALTHORPE|YOGA|2025-12-09|1715|1815|NAME:yvonne flinch,NEW_ATTENDANCE,21996,Inserted inside the current SQL transaction.
COMMITTED,ATTENDANCE,CALTHORPE|ESOL|2025-12-10|0930|1030|CARD:455,NEW_ATTENDANCE,21997,Inserted inside the current SQL transaction.
COMMITTED,ATTENDANCE,CALTHORPE|ESOL|2025-12-10|0930|1030|CARD:458,NEW_ATTENDANCE,21998,Inserted inside the current SQL transaction.
COMMITTED,ATTENDANCE,CALTHORPE|ESOL|2025-12-10|0930|1030|CARD:462,NEW_ATTENDANCE,21999,Inserted inside the current SQL transaction.
COMMITTED,ATTENDANCE,CALTHORPE|ESOL|2025-12-10|0930|1030|CARD:516,NEW_ATTENDANCE,22000,Inserted inside the current SQL transaction.
COMMITTED,ATTENDANCE,CALTHORPE|ESOL|2025-12-10|0930|1030|CARD:647,NEW_ATTENDANCE,22001,Inserted inside the current SQL transaction.
COMMITTED,ATTENDANCE,CALTHORPE|ESOL|2025-12-10|0930|1030|CARD:672,NEW_ATTENDANCE,22002,Inserted inside the current SQL transaction.
COMMITTED,ATTENDANCE,CALTHORPE|ESOL|2025-12-10|0930|1030|CARD:673,NEW_ATTENDANCE,22003,Inserted inside the current SQL transaction.
COMMITTED,ATTENDANCE,CALTHORPE|ESOL|2025-12-10|0930|1030|CARD:714,NEW_ATTENDANCE,22004,Inserted inside the current SQL transaction.
COMMITTED,ATTENDANCE,CALTHORPE|ESOL|2025-12-10|0930|1030|CARD:715,NEW_ATTENDANCE,22005,Inserted inside the current SQL transaction.
COMMITTED,ATTENDANCE,CALTHORPE|ESOL|2025-12-10|0930|1030|CARD:727,NEW_ATTENDANCE,22006,Inserted inside the current SQL transaction.
COMMITTED,ATTENDANCE,CALTHORPE|ESOL|2025-12-10|0930|1030|CARD:754,NEW_ATTENDANCE,22007,Inserted inside the current SQL transaction.
COMMITTED,ATTENDANCE,CALTHORPE|ESOL|2025-12-10|0930|1030|CARD:785,NEW_ATTENDANCE,22008,Inserted inside the current SQL transaction.
COMMITTED,ATTENDANCE,CALTHORPE|ESOL|2025-12-10|0930|1030|CARD:803,NEW_ATTENDANCE,22009,Inserted inside the current SQL transaction.
COMMITTED,ATTENDANCE,CALTHORPE|ESOL|2025-12-10|0930|1030|CARD:994,NEW_ATTENDANCE,22010,Inserted inside the current SQL transaction.
COMMITTED,ATTENDANCE,CALTHORPE|SALSA/BELLY DANCING|2025-12-10|1100|1200|CARD:416,NEW_ATTENDANCE,22011,Inserted inside the current SQL transaction.
COMMITTED,ATTENDANCE,CALTHORPE|SALSA/BELLY DANCING|2025-12-10|1100|1200|CARD:638,NEW_ATTENDANCE,22012,Inserted inside the current SQL transaction.
COMMITTED,ATTENDANCE,CALTHORPE|SALSA/BELLY DANCING|2025-12-10|1100|1200|CARD:658,NEW_ATTENDANCE,22013,Inserted inside the current SQL transaction.
COMMITTED,ATTENDANCE,CALTHORPE|SALSA/BELLY DANCING|2025-12-10|1100|1200|CARD:691,NEW_ATTENDANCE,22014,Inserted inside the current SQL transaction.
COMMITTED,ATTENDANCE,CALTHORPE|SALSA/BELLY DANCING|2025-12-10|1100|1200|CARD:792,NEW_ATTENDANCE,22015,Inserted inside the current SQL transaction.
COMMITTED,ATTENDANCE,CALTHORPE|SALSA/BELLY DANCING|2025-12-10|1100|1200|CARD:824,NEW_ATTENDANCE,22016,Inserted inside the current SQL transaction.
COMMITTED,ATTENDANCE,CALTHORPE|SALSA/BELLY DANCING|2025-12-10|1100|1200|NAME:nasra h,NEW_ATTENDANCE,22017,Inserted inside the current SQL transaction.
COMMITTED,ATTENDANCE,CALTHORPE|CHAIR BASED EXERCISE|2025-12-11|1145|1230|CARD:380,NEW_ATTENDANCE,22018,Inserted inside the current SQL transaction.
COMMITTED,ATTENDANCE,CALTHORPE|CHAIR BASED EXERCISE|2025-12-11|1145|1230|CARD:410,NEW_ATTENDANCE,22019,Inserted inside the current SQL transaction.
COMMITTED,ATTENDANCE,CALTHORPE|CHAIR BASED EXERCISE|2025-12-11|1145|1230|CARD:415,NEW_ATTENDANCE,22020,Inserted inside the current SQL transaction.
COMMITTED,ATTENDANCE,CALTHORPE|CHAIR BASED EXERCISE|2025-12-11|1145|1230|CARD:416,NEW_ATTENDANCE,22021,Inserted inside the current SQL transaction.
COMMITTED,ATTENDANCE,CALTHORPE|CHAIR BASED EXERCISE|2025-12-11|1145|1230|CARD:418,NEW_ATTENDANCE,22022,Inserted inside the current SQL transaction.
COMMITTED,ATTENDANCE,CALTHORPE|CHAIR BASED EXERCISE|2025-12-11|1145|1230|CARD:436,NEW_ATTENDANCE,22023,Inserted inside the current SQL transaction.
COMMITTED,ATTENDANCE,CALTHORPE|CHAIR BASED EXERCISE|2025-12-11|1145|1230|CARD:444,NEW_ATTENDANCE,22024,Inserted inside the current SQL transaction.
COMMITTED,ATTENDANCE,CALTHORPE|CHAIR BASED EXERCISE|2025-12-11|1145|1230|CARD:474,NEW_ATTENDANCE,22025,Inserted inside the current SQL transaction.
COMMITTED,ATTENDANCE,CALTHORPE|CHAIR BASED EXERCISE|2025-12-11|1145|1230|CARD:584,NEW_ATTENDANCE,22026,Inserted inside the current SQL transaction.
COMMITTED,ATTENDANCE,CALTHORPE|CHAIR BASED EXERCISE|2025-12-11|1145|1230|CARD:601,NEW_ATTENDANCE,22027,Inserted inside the current SQL transaction.
COMMITTED,ATTENDANCE,CALTHORPE|CHAIR BASED EXERCISE|2025-12-11|1145|1230|CARD:620,NEW_ATTENDANCE,22028,Inserted inside the current SQL transaction.
COMMITTED,ATTENDANCE,CALTHORPE|CHAIR BASED EXERCISE|2025-12-11|1145|1230|CARD:638,NEW_ATTENDANCE,22029,Inserted inside the current SQL transaction.
COMMITTED,ATTENDANCE,CALTHORPE|CHAIR BASED EXERCISE|2025-12-11|1145|1230|CARD:640,NEW_ATTENDANCE,22030,Inserted inside the current SQL transaction.
COMMITTED,ATTENDANCE,CALTHORPE|CHAIR BASED EXERCISE|2025-12-11|1145|1230|CARD:642,NEW_ATTENDANCE,22031,Inserted inside the current SQL transaction.
COMMITTED,ATTENDANCE,CALTHORPE|CHAIR BASED EXERCISE|2025-12-11|1145|1230|CARD:655,NEW_ATTENDANCE,22032,Inserted inside the current SQL transaction.
COMMITTED,ATTENDANCE,CALTHORPE|CHAIR BASED EXERCISE|2025-12-11|1145|1230|CARD:692,NEW_ATTENDANCE,22033,Inserted inside the current SQL transaction.
COMMITTED,ATTENDANCE,CALTHORPE|CHAIR BASED EXERCISE|2025-12-11|1145|1230|CARD:750,NEW_ATTENDANCE,22034,Inserted inside the current SQL transaction.
COMMITTED,ATTENDANCE,CALTHORPE|CHAIR BASED EXERCISE|2025-12-11|1145|1230|CARD:866,NEW_ATTENDANCE,22035,Inserted inside the current SQL transaction.
COMMITTED,ATTENDANCE,CALTHORPE|CIRCUIT TRAINING|2025-12-11|0930|1015|CARD:390,NEW_ATTENDANCE,22036,Inserted inside the current SQL transaction.
COMMITTED,ATTENDANCE,CALTHORPE|CIRCUIT TRAINING|2025-12-11|0930|1015|CARD:398,NEW_ATTENDANCE,22037,Inserted inside the current SQL transaction.
COMMITTED,ATTENDANCE,CALTHORPE|CIRCUIT TRAINING|2025-12-11|0930|1015|CARD:412,NEW_ATTENDANCE,22038,Inserted inside the current SQL transaction.
COMMITTED,ATTENDANCE,CALTHORPE|CIRCUIT TRAINING|2025-12-11|0930|1015|CARD:422,NEW_ATTENDANCE,22039,Inserted inside the current SQL transaction.
COMMITTED,ATTENDANCE,CALTHORPE|CIRCUIT TRAINING|2025-12-11|0930|1015|CARD:429,NEW_ATTENDANCE,22040,Inserted inside the current SQL transaction.
COMMITTED,ATTENDANCE,CALTHORPE|CIRCUIT TRAINING|2025-12-11|0930|1015|CARD:515,NEW_ATTENDANCE,22041,Inserted inside the current SQL transaction.
COMMITTED,ATTENDANCE,CALTHORPE|CIRCUIT TRAINING|2025-12-11|0930|1015|CARD:593,NEW_ATTENDANCE,22042,Inserted inside the current SQL transaction.
COMMITTED,ATTENDANCE,CALTHORPE|CIRCUIT TRAINING|2025-12-11|0930|1015|CARD:648,NEW_ATTENDANCE,22043,Inserted inside the current SQL transaction.
COMMITTED,ATTENDANCE,CALTHORPE|CIRCUIT TRAINING|2025-12-11|0930|1015|CARD:690,NEW_ATTENDANCE,22044,Inserted inside the current SQL transaction.
COMMITTED,ATTENDANCE,CALTHORPE|CIRCUIT TRAINING|2025-12-11|0930|1015|CARD:699,NEW_ATTENDANCE,22045,Inserted inside the current SQL transaction.
COMMITTED,ATTENDANCE,CALTHORPE|CIRCUIT TRAINING|2025-12-11|0930|1015|CARD:787,NEW_ATTENDANCE,22046,Inserted inside the current SQL transaction.
COMMITTED,ATTENDANCE,CALTHORPE|CIRCUIT TRAINING|2025-12-11|0930|1015|NAME:farah jama,NEW_ATTENDANCE,22047,Inserted inside the current SQL transaction.
COMMITTED,ATTENDANCE,CALTHORPE|CROCHET|2025-12-11|1245|1430|CARD:396,NEW_ATTENDANCE,22048,Inserted inside the current SQL transaction.
COMMITTED,ATTENDANCE,CALTHORPE|CROCHET|2025-12-11|1245|1430|CARD:407,NEW_ATTENDANCE,22049,Inserted inside the current SQL transaction.
COMMITTED,ATTENDANCE,CALTHORPE|CROCHET|2025-12-11|1245|1430|CARD:418,NEW_ATTENDANCE,22050,Inserted inside the current SQL transaction.
COMMITTED,ATTENDANCE,CALTHORPE|CROCHET|2025-12-11|1245|1430|CARD:424,NEW_ATTENDANCE,22051,Inserted inside the current SQL transaction.
COMMITTED,ATTENDANCE,CALTHORPE|CROCHET|2025-12-11|1245|1430|CARD:586,NEW_ATTENDANCE,22052,Inserted inside the current SQL transaction.
COMMITTED,ATTENDANCE,CALTHORPE|CROCHET|2025-12-11|1245|1430|CARD:638,NEW_ATTENDANCE,22053,Inserted inside the current SQL transaction.
COMMITTED,ATTENDANCE,CALTHORPE|CROCHET|2025-12-11|1245|1430|CARD:708,NEW_ATTENDANCE,22054,Inserted inside the current SQL transaction.
COMMITTED,ATTENDANCE,CALTHORPE|BODY CONDITIONING|2025-12-12|1145|1230|CARD:126,NEW_ATTENDANCE,22055,Inserted inside the current SQL transaction.
COMMITTED,ATTENDANCE,CALTHORPE|BODY CONDITIONING|2025-12-12|1145|1230|CARD:380,NEW_ATTENDANCE,22056,Inserted inside the current SQL transaction.
COMMITTED,ATTENDANCE,CALTHORPE|BODY CONDITIONING|2025-12-12|1145|1230|CARD:411,NEW_ATTENDANCE,22057,Inserted inside the current SQL transaction.
COMMITTED,ATTENDANCE,CALTHORPE|BODY CONDITIONING|2025-12-12|1145|1230|CARD:449,NEW_ATTENDANCE,22058,Inserted inside the current SQL transaction.
COMMITTED,ATTENDANCE,CALTHORPE|BODY CONDITIONING|2025-12-12|1145|1230|CARD:470,NEW_ATTENDANCE,22059,Inserted inside the current SQL transaction.
COMMITTED,ATTENDANCE,CALTHORPE|BODY CONDITIONING|2025-12-12|1145|1230|CARD:691,NEW_ATTENDANCE,22060,Inserted inside the current SQL transaction.
COMMITTED,ATTENDANCE,CALTHORPE|BODY CONDITIONING|2025-12-12|1145|1230|CARD:692,NEW_ATTENDANCE,22061,Inserted inside the current SQL transaction.
COMMITTED,ATTENDANCE,CALTHORPE|BODY CONDITIONING|2025-12-12|1145|1230|CARD:700,NEW_ATTENDANCE,22062,Inserted inside the current SQL transaction.
COMMITTED,ATTENDANCE,CALTHORPE|BODY CONDITIONING|2025-12-12|1145|1230|CARD:749,NEW_ATTENDANCE,22063,Inserted inside the current SQL transaction.
COMMITTED,ATTENDANCE,CALTHORPE|BODY CONDITIONING|2025-12-12|1145|1230|NAME:shamim,NEW_ATTENDANCE,22064,Inserted inside the current SQL transaction.
COMMITTED,ATTENDANCE,CALTHORPE|ESOL|2025-12-12|0930|1030|CARD:375,NEW_ATTENDANCE,22065,Inserted inside the current SQL transaction.
COMMITTED,ATTENDANCE,CALTHORPE|ESOL|2025-12-12|0930|1030|CARD:449,NEW_ATTENDANCE,22066,Inserted inside the current SQL transaction.
COMMITTED,ATTENDANCE,CALTHORPE|ESOL|2025-12-12|0930|1030|CARD:453,NEW_ATTENDANCE,22067,Inserted inside the current SQL transaction.
COMMITTED,ATTENDANCE,CALTHORPE|ESOL|2025-12-12|0930|1030|CARD:455,NEW_ATTENDANCE,22068,Inserted inside the current SQL transaction.
COMMITTED,ATTENDANCE,CALTHORPE|ESOL|2025-12-12|0930|1030|CARD:458,NEW_ATTENDANCE,22069,Inserted inside the current SQL transaction.
COMMITTED,ATTENDANCE,CALTHORPE|ESOL|2025-12-12|0930|1030|CARD:459,NEW_ATTENDANCE,22070,Inserted inside the current SQL transaction.
COMMITTED,ATTENDANCE,CALTHORPE|ESOL|2025-12-12|0930|1030|CARD:462,NEW_ATTENDANCE,22071,Inserted inside the current SQL transaction.
COMMITTED,ATTENDANCE,CALTHORPE|ESOL|2025-12-12|0930|1030|CARD:516,NEW_ATTENDANCE,22072,Inserted inside the current SQL transaction.
COMMITTED,ATTENDANCE,CALTHORPE|ESOL|2025-12-12|0930|1030|CARD:647,NEW_ATTENDANCE,22073,Inserted inside the current SQL transaction.
COMMITTED,ATTENDANCE,CALTHORPE|ESOL|2025-12-12|0930|1030|CARD:672,NEW_ATTENDANCE,22074,Inserted inside the current SQL transaction.
COMMITTED,ATTENDANCE,CALTHORPE|ESOL|2025-12-12|0930|1030|CARD:673,NEW_ATTENDANCE,22075,Inserted inside the current SQL transaction.
COMMITTED,ATTENDANCE,CALTHORPE|ESOL|2025-12-12|0930|1030|CARD:994,NEW_ATTENDANCE,22076,Inserted inside the current SQL transaction.
COMMITTED,ATTENDANCE,CALTHORPE|PILATES|2025-12-12|1245|1330|CARD:157,NEW_ATTENDANCE,22077,Inserted inside the current SQL transaction.
COMMITTED,ATTENDANCE,CALTHORPE|PILATES|2025-12-12|1245|1330|CARD:442,NEW_ATTENDANCE,22078,Inserted inside the current SQL transaction.
COMMITTED,ATTENDANCE,CALTHORPE|PILATES|2025-12-12|1245|1330|CARD:569,NEW_ATTENDANCE,22079,Inserted inside the current SQL transaction.
COMMITTED,ATTENDANCE,CALTHORPE|PILATES|2025-12-12|1245|1330|CARD:606,NEW_ATTENDANCE,22080,Inserted inside the current SQL transaction.
COMMITTED,ATTENDANCE,CALTHORPE|PILATES|2025-12-12|1245|1330|CARD:635,NEW_ATTENDANCE,22081,Inserted inside the current SQL transaction.
COMMITTED,ATTENDANCE,CALTHORPE|PILATES|2025-12-12|1245|1330|CARD:691,NEW_ATTENDANCE,22082,Inserted inside the current SQL transaction.
COMMITTED,ATTENDANCE,CALTHORPE|PILATES|2025-12-12|1245|1330|CARD:692,NEW_ATTENDANCE,22083,Inserted inside the current SQL transaction.
COMMITTED,ATTENDANCE,CALTHORPE|PILATES|2025-12-12|1245|1330|CARD:797,NEW_ATTENDANCE,22084,Inserted inside the current SQL transaction.
COMMITTED,ATTENDANCE,CALTHORPE|CHAIR BASED EXERCISE|2025-12-15|1100|1145|CARD:380,NEW_ATTENDANCE,22085,Inserted inside the current SQL transaction.
COMMITTED,ATTENDANCE,CALTHORPE|CHAIR BASED EXERCISE|2025-12-15|1100|1145|CARD:416,NEW_ATTENDANCE,22086,Inserted inside the current SQL transaction.
COMMITTED,ATTENDANCE,CALTHORPE|CHAIR BASED EXERCISE|2025-12-15|1100|1145|CARD:444,NEW_ATTENDANCE,22087,Inserted inside the current SQL transaction.
COMMITTED,ATTENDANCE,CALTHORPE|CHAIR BASED EXERCISE|2025-12-15|1100|1145|CARD:485,NEW_ATTENDANCE,22088,Inserted inside the current SQL transaction.
COMMITTED,ATTENDANCE,CALTHORPE|CHAIR BASED EXERCISE|2025-12-15|1100|1145|CARD:613,NEW_ATTENDANCE,22089,Inserted inside the current SQL transaction.
COMMITTED,ATTENDANCE,CALTHORPE|CHAIR BASED EXERCISE|2025-12-15|1100|1145|CARD:642,NEW_ATTENDANCE,22090,Inserted inside the current SQL transaction.
COMMITTED,ATTENDANCE,CALTHORPE|CHAIR BASED EXERCISE|2025-12-15|1100|1145|CARD:644,NEW_ATTENDANCE,22091,Inserted inside the current SQL transaction.
COMMITTED,ATTENDANCE,CALTHORPE|CHAIR BASED EXERCISE|2025-12-15|1100|1145|CARD:691,NEW_ATTENDANCE,22092,Inserted inside the current SQL transaction.
COMMITTED,ATTENDANCE,CALTHORPE|CHAIR BASED EXERCISE|2025-12-15|1100|1145|CARD:692,NEW_ATTENDANCE,22093,Inserted inside the current SQL transaction.
COMMITTED,ATTENDANCE,CALTHORPE|CHAIR BASED EXERCISE|2025-12-15|1100|1145|CARD:705,NEW_ATTENDANCE,22094,Inserted inside the current SQL transaction.
COMMITTED,ATTENDANCE,CALTHORPE|CHAIR BASED EXERCISE|2025-12-15|1100|1145|CARD:717,NEW_ATTENDANCE,22095,Inserted inside the current SQL transaction.
COMMITTED,ATTENDANCE,CALTHORPE|CHAIR BASED EXERCISE|2025-12-15|1100|1145|CARD:747,NEW_ATTENDANCE,22096,Inserted inside the current SQL transaction.
COMMITTED,ATTENDANCE,CALTHORPE|CHAIR BASED EXERCISE|2025-12-15|1100|1145|CARD:806,NEW_ATTENDANCE,22097,Inserted inside the current SQL transaction.
COMMITTED,ATTENDANCE,CALTHORPE|CHAIR BASED EXERCISE|2025-12-15|1100|1145|CARD:991,NEW_ATTENDANCE,22098,Inserted inside the current SQL transaction.
COMMITTED,ATTENDANCE,CALTHORPE|CROCHET|2025-12-15|1215|1415|CARD:145,NEW_ATTENDANCE,22099,Inserted inside the current SQL transaction.
COMMITTED,ATTENDANCE,CALTHORPE|CROCHET|2025-12-15|1215|1415|CARD:416,NEW_ATTENDANCE,22100,Inserted inside the current SQL transaction.
COMMITTED,ATTENDANCE,CALTHORPE|CROCHET|2025-12-15|1215|1415|CARD:430,NEW_ATTENDANCE,22101,Inserted inside the current SQL transaction.
COMMITTED,ATTENDANCE,CALTHORPE|CROCHET|2025-12-15|1215|1415|CARD:436,NEW_ATTENDANCE,22102,Inserted inside the current SQL transaction.
COMMITTED,ATTENDANCE,CALTHORPE|CROCHET|2025-12-15|1215|1415|CARD:468,NEW_ATTENDANCE,22103,Inserted inside the current SQL transaction.
COMMITTED,ATTENDANCE,CALTHORPE|CROCHET|2025-12-15|1215|1415|CARD:493,NEW_ATTENDANCE,22104,Inserted inside the current SQL transaction.
COMMITTED,ATTENDANCE,CALTHORPE|CROCHET|2025-12-15|1215|1415|CARD:509,NEW_ATTENDANCE,22105,Inserted inside the current SQL transaction.
COMMITTED,ATTENDANCE,CALTHORPE|CROCHET|2025-12-15|1215|1415|CARD:586,NEW_ATTENDANCE,22106,Inserted inside the current SQL transaction.
COMMITTED,ATTENDANCE,CALTHORPE|CROCHET|2025-12-15|1215|1415|CARD:613,NEW_ATTENDANCE,22107,Inserted inside the current SQL transaction.
COMMITTED,ATTENDANCE,CALTHORPE|CROCHET|2025-12-15|1215|1415|CARD:616,NEW_ATTENDANCE,22108,Inserted inside the current SQL transaction.
COMMITTED,ATTENDANCE,CALTHORPE|CROCHET|2025-12-15|1215|1415|CARD:638,NEW_ATTENDANCE,22109,Inserted inside the current SQL transaction.
COMMITTED,ATTENDANCE,CALTHORPE|CROCHET|2025-12-15|1215|1415|CARD:657,NEW_ATTENDANCE,22110,Inserted inside the current SQL transaction.
COMMITTED,ATTENDANCE,CALTHORPE|CROCHET|2025-12-15|1215|1415|CARD:697,NEW_ATTENDANCE,22111,Inserted inside the current SQL transaction.
COMMITTED,ATTENDANCE,CALTHORPE|CROCHET|2025-12-15|1215|1415|CARD:708,NEW_ATTENDANCE,22112,Inserted inside the current SQL transaction.
COMMITTED,ATTENDANCE,CALTHORPE|CROCHET|2025-12-15|1215|1415|NAME:yasmin akhtar,NEW_ATTENDANCE,22113,Inserted inside the current SQL transaction.
COMMITTED,ATTENDANCE,CALTHORPE|HIIT|2025-12-15|1000|1045|CARD:406,NEW_ATTENDANCE,22114,Inserted inside the current SQL transaction.
COMMITTED,ATTENDANCE,CALTHORPE|HIIT|2025-12-15|1000|1045|CARD:411,NEW_ATTENDANCE,22115,Inserted inside the current SQL transaction.
COMMITTED,ATTENDANCE,CALTHORPE|HIIT|2025-12-15|1000|1045|CARD:429,NEW_ATTENDANCE,22116,Inserted inside the current SQL transaction.
COMMITTED,ATTENDANCE,CALTHORPE|HIIT|2025-12-15|1000|1045|CARD:470,NEW_ATTENDANCE,22117,Inserted inside the current SQL transaction.
COMMITTED,ATTENDANCE,CALTHORPE|HIIT|2025-12-15|1000|1045|CARD:504,NEW_ATTENDANCE,22118,Inserted inside the current SQL transaction.
COMMITTED,ATTENDANCE,CALTHORPE|HIIT|2025-12-15|1000|1045|CARD:515,NEW_ATTENDANCE,22119,Inserted inside the current SQL transaction.
COMMITTED,ATTENDANCE,CALTHORPE|HIIT|2025-12-15|1000|1045|CARD:565,NEW_ATTENDANCE,22120,Inserted inside the current SQL transaction.
COMMITTED,ATTENDANCE,CALTHORPE|HIIT|2025-12-15|1000|1045|CARD:691,NEW_ATTENDANCE,22121,Inserted inside the current SQL transaction.
COMMITTED,ATTENDANCE,CALTHORPE|HIIT|2025-12-15|1000|1045|CARD:692,NEW_ATTENDANCE,22122,Inserted inside the current SQL transaction.
COMMITTED,ATTENDANCE,CALTHORPE|HIIT|2025-12-15|1000|1045|CARD:780,NEW_ATTENDANCE,22123,Inserted inside the current SQL transaction.
COMMITTED,ATTENDANCE,CALTHORPE|STRENGTH & STRETCH|2025-12-16|1000|1100|CARD:156,NEW_ATTENDANCE,22124,Inserted inside the current SQL transaction.
COMMITTED,ATTENDANCE,CALTHORPE|STRENGTH & STRETCH|2025-12-16|1000|1100|CARD:390,NEW_ATTENDANCE,22125,Inserted inside the current SQL transaction.
COMMITTED,ATTENDANCE,CALTHORPE|STRENGTH & STRETCH|2025-12-16|1000|1100|CARD:406,NEW_ATTENDANCE,22126,Inserted inside the current SQL transaction.
COMMITTED,ATTENDANCE,CALTHORPE|STRENGTH & STRETCH|2025-12-16|1000|1100|CARD:411,NEW_ATTENDANCE,22127,Inserted inside the current SQL transaction.
COMMITTED,ATTENDANCE,CALTHORPE|STRENGTH & STRETCH|2025-12-16|1000|1100|CARD:427,NEW_ATTENDANCE,22128,Inserted inside the current SQL transaction.
COMMITTED,ATTENDANCE,CALTHORPE|STRENGTH & STRETCH|2025-12-16|1000|1100|CARD:429,NEW_ATTENDANCE,22129,Inserted inside the current SQL transaction.
COMMITTED,ATTENDANCE,CALTHORPE|STRENGTH & STRETCH|2025-12-16|1000|1100|CARD:498,NEW_ATTENDANCE,22130,Inserted inside the current SQL transaction.
COMMITTED,ATTENDANCE,CALTHORPE|STRENGTH & STRETCH|2025-12-16|1000|1100|CARD:515,NEW_ATTENDANCE,22131,Inserted inside the current SQL transaction.
COMMITTED,ATTENDANCE,CALTHORPE|STRENGTH & STRETCH|2025-12-16|1000|1100|CARD:692,NEW_ATTENDANCE,22132,Inserted inside the current SQL transaction.
COMMITTED,ATTENDANCE,CALTHORPE|STRENGTH & STRETCH|2025-12-16|1000|1100|CARD:764,NEW_ATTENDANCE,22133,Inserted inside the current SQL transaction.
COMMITTED,ATTENDANCE,CALTHORPE|STRENGTH & STRETCH|2025-12-16|1000|1100|CARD:770,NEW_ATTENDANCE,22134,Inserted inside the current SQL transaction.
COMMITTED,ATTENDANCE,CALTHORPE|STRENGTH & STRETCH|2025-12-16|1000|1100|CARD:780,NEW_ATTENDANCE,22135,Inserted inside the current SQL transaction.
COMMITTED,ATTENDANCE,CALTHORPE|YOGA|2025-12-16|1715|1815|CARD:156,NEW_ATTENDANCE,22136,Inserted inside the current SQL transaction.
COMMITTED,ATTENDANCE,CALTHORPE|YOGA|2025-12-16|1715|1815|CARD:157,NEW_ATTENDANCE,22137,Inserted inside the current SQL transaction.
COMMITTED,ATTENDANCE,CALTHORPE|YOGA|2025-12-16|1715|1815|CARD:369,NEW_ATTENDANCE,22138,Inserted inside the current SQL transaction.
COMMITTED,ATTENDANCE,CALTHORPE|YOGA|2025-12-16|1715|1815|CARD:450,NEW_ATTENDANCE,22139,Inserted inside the current SQL transaction.
COMMITTED,ATTENDANCE,CALTHORPE|YOGA|2025-12-16|1715|1815|CARD:451,NEW_ATTENDANCE,22140,Inserted inside the current SQL transaction.
COMMITTED,ATTENDANCE,CALTHORPE|YOGA|2025-12-16|1715|1815|CARD:508,NEW_ATTENDANCE,22141,Inserted inside the current SQL transaction.
COMMITTED,ATTENDANCE,CALTHORPE|YOGA|2025-12-16|1715|1815|CARD:617,NEW_ATTENDANCE,22142,Inserted inside the current SQL transaction.
COMMITTED,ATTENDANCE,CALTHORPE|YOGA|2025-12-16|1715|1815|CARD:625,NEW_ATTENDANCE,22143,Inserted inside the current SQL transaction.
COMMITTED,ATTENDANCE,CALTHORPE|YOGA|2025-12-16|1715|1815|CARD:793,NEW_ATTENDANCE,22144,Inserted inside the current SQL transaction.
COMMITTED,ATTENDANCE,CALTHORPE|ESOL|2025-12-17|0930|1030|CARD:455,NEW_ATTENDANCE,22145,Inserted inside the current SQL transaction.
COMMITTED,ATTENDANCE,CALTHORPE|ESOL|2025-12-17|0930|1030|CARD:458,NEW_ATTENDANCE,22146,Inserted inside the current SQL transaction.
COMMITTED,ATTENDANCE,CALTHORPE|ESOL|2025-12-17|0930|1030|CARD:462,NEW_ATTENDANCE,22147,Inserted inside the current SQL transaction.
COMMITTED,ATTENDANCE,CALTHORPE|ESOL|2025-12-17|0930|1030|CARD:516,NEW_ATTENDANCE,22148,Inserted inside the current SQL transaction.
COMMITTED,ATTENDANCE,CALTHORPE|ESOL|2025-12-17|0930|1030|CARD:647,NEW_ATTENDANCE,22149,Inserted inside the current SQL transaction.
COMMITTED,ATTENDANCE,CALTHORPE|ESOL|2025-12-17|0930|1030|CARD:672,NEW_ATTENDANCE,22150,Inserted inside the current SQL transaction.
COMMITTED,ATTENDANCE,CALTHORPE|ESOL|2025-12-17|0930|1030|CARD:673,NEW_ATTENDANCE,22151,Inserted inside the current SQL transaction.
COMMITTED,ATTENDANCE,CALTHORPE|ESOL|2025-12-17|0930|1030|CARD:714,NEW_ATTENDANCE,22152,Inserted inside the current SQL transaction.
COMMITTED,ATTENDANCE,CALTHORPE|ESOL|2025-12-17|0930|1030|CARD:715,NEW_ATTENDANCE,22153,Inserted inside the current SQL transaction.
COMMITTED,ATTENDANCE,CALTHORPE|ESOL|2025-12-17|0930|1030|CARD:727,NEW_ATTENDANCE,22154,Inserted inside the current SQL transaction.
COMMITTED,ATTENDANCE,CALTHORPE|ESOL|2025-12-17|0930|1030|CARD:754,NEW_ATTENDANCE,22155,Inserted inside the current SQL transaction.
COMMITTED,ATTENDANCE,CALTHORPE|ESOL|2025-12-17|0930|1030|CARD:785,NEW_ATTENDANCE,22156,Inserted inside the current SQL transaction.
COMMITTED,ATTENDANCE,CALTHORPE|ESOL|2025-12-17|0930|1030|CARD:803,NEW_ATTENDANCE,22157,Inserted inside the current SQL transaction.
COMMITTED,ATTENDANCE,CALTHORPE|ESOL|2025-12-17|0930|1030|CARD:994,NEW_ATTENDANCE,22158,Inserted inside the current SQL transaction.
COMMITTED,ATTENDANCE,CALTHORPE|CIRCUIT TRAINING|2025-12-18|0930|1015|CARD:373,NEW_ATTENDANCE,22159,Inserted inside the current SQL transaction.
COMMITTED,ATTENDANCE,CALTHORPE|CIRCUIT TRAINING|2025-12-18|0930|1015|CARD:390,NEW_ATTENDANCE,22160,Inserted inside the current SQL transaction.
COMMITTED,ATTENDANCE,CALTHORPE|CIRCUIT TRAINING|2025-12-18|0930|1015|CARD:398,NEW_ATTENDANCE,22161,Inserted inside the current SQL transaction.
COMMITTED,ATTENDANCE,CALTHORPE|CIRCUIT TRAINING|2025-12-18|0930|1015|CARD:410,NEW_ATTENDANCE,22162,Inserted inside the current SQL transaction.
COMMITTED,ATTENDANCE,CALTHORPE|CIRCUIT TRAINING|2025-12-18|0930|1015|CARD:411,NEW_ATTENDANCE,22163,Inserted inside the current SQL transaction.
COMMITTED,ATTENDANCE,CALTHORPE|CIRCUIT TRAINING|2025-12-18|0930|1015|CARD:515,NEW_ATTENDANCE,22164,Inserted inside the current SQL transaction.
COMMITTED,ATTENDANCE,CALTHORPE|CIRCUIT TRAINING|2025-12-18|0930|1015|CARD:780,NEW_ATTENDANCE,22165,Inserted inside the current SQL transaction.
COMMITTED,ATTENDANCE,CALTHORPE|CIRCUIT TRAINING|2025-12-18|0930|1015|CARD:787,NEW_ATTENDANCE,22166,Inserted inside the current SQL transaction.
COMMITTED,ATTENDANCE,CALTHORPE|CROCHET|2025-12-18|1245|1430|CARD:416,NEW_ATTENDANCE,22167,Inserted inside the current SQL transaction.
COMMITTED,ATTENDANCE,CALTHORPE|CROCHET|2025-12-18|1245|1430|CARD:418,NEW_ATTENDANCE,22168,Inserted inside the current SQL transaction.
COMMITTED,ATTENDANCE,CALTHORPE|CROCHET|2025-12-18|1245|1430|CARD:424,NEW_ATTENDANCE,22169,Inserted inside the current SQL transaction.
COMMITTED,ATTENDANCE,CALTHORPE|CROCHET|2025-12-18|1245|1430|CARD:586,NEW_ATTENDANCE,22170,Inserted inside the current SQL transaction.
COMMITTED,ATTENDANCE,CALTHORPE|CROCHET|2025-12-18|1245|1430|CARD:594,NEW_ATTENDANCE,22171,Inserted inside the current SQL transaction.
COMMITTED,ATTENDANCE,CALTHORPE|CROCHET|2025-12-18|1245|1430|CARD:637,NEW_ATTENDANCE,22172,Inserted inside the current SQL transaction.
COMMITTED,ATTENDANCE,CALTHORPE|CROCHET|2025-12-18|1245|1430|CARD:638,NEW_ATTENDANCE,22173,Inserted inside the current SQL transaction.
COMMITTED,ATTENDANCE,CALTHORPE|CROCHET|2025-12-18|1245|1430|CARD:774,NEW_ATTENDANCE,22174,Inserted inside the current SQL transaction.
COMMITTED,ATTENDANCE,CALTHORPE|BODY CONDITIONING|2025-12-19|1145|1230|CARD:126,NEW_ATTENDANCE,22175,Inserted inside the current SQL transaction.
COMMITTED,ATTENDANCE,CALTHORPE|BODY CONDITIONING|2025-12-19|1145|1230|CARD:369,NEW_ATTENDANCE,22176,Inserted inside the current SQL transaction.
COMMITTED,ATTENDANCE,CALTHORPE|BODY CONDITIONING|2025-12-19|1145|1230|CARD:380,NEW_ATTENDANCE,22177,Inserted inside the current SQL transaction.
COMMITTED,ATTENDANCE,CALTHORPE|BODY CONDITIONING|2025-12-19|1145|1230|CARD:410,NEW_ATTENDANCE,22178,Inserted inside the current SQL transaction.
COMMITTED,ATTENDANCE,CALTHORPE|BODY CONDITIONING|2025-12-19|1145|1230|CARD:450,NEW_ATTENDANCE,22179,Inserted inside the current SQL transaction.
COMMITTED,ATTENDANCE,CALTHORPE|BODY CONDITIONING|2025-12-19|1145|1230|CARD:451,NEW_ATTENDANCE,22180,Inserted inside the current SQL transaction.
COMMITTED,ATTENDANCE,CALTHORPE|BODY CONDITIONING|2025-12-19|1145|1230|CARD:470,NEW_ATTENDANCE,22181,Inserted inside the current SQL transaction.
COMMITTED,ATTENDANCE,CALTHORPE|BODY CONDITIONING|2025-12-19|1145|1230|CARD:515,NEW_ATTENDANCE,22182,Inserted inside the current SQL transaction.
COMMITTED,ATTENDANCE,CALTHORPE|BODY CONDITIONING|2025-12-19|1145|1230|CARD:620,NEW_ATTENDANCE,22183,Inserted inside the current SQL transaction.
COMMITTED,ATTENDANCE,CALTHORPE|BODY CONDITIONING|2025-12-19|1145|1230|CARD:629,NEW_ATTENDANCE,22184,Inserted inside the current SQL transaction.
COMMITTED,ATTENDANCE,CALTHORPE|BODY CONDITIONING|2025-12-19|1145|1230|CARD:681,NEW_ATTENDANCE,22185,Inserted inside the current SQL transaction.
COMMITTED,ATTENDANCE,CALTHORPE|BODY CONDITIONING|2025-12-19|1145|1230|CARD:691,NEW_ATTENDANCE,22186,Inserted inside the current SQL transaction.
COMMITTED,ATTENDANCE,CALTHORPE|BODY CONDITIONING|2025-12-19|1145|1230|CARD:700,NEW_ATTENDANCE,22187,Inserted inside the current SQL transaction.
COMMITTED,ATTENDANCE,CALTHORPE|BODY CONDITIONING|2025-12-19|1145|1230|CARD:742,NEW_ATTENDANCE,22188,Inserted inside the current SQL transaction.
COMMITTED,ATTENDANCE,CALTHORPE|BODY CONDITIONING|2025-12-19|1145|1230|CARD:771,NEW_ATTENDANCE,22189,Inserted inside the current SQL transaction.
COMMITTED,ATTENDANCE,CALTHORPE|ESOL|2025-12-19|0930|1030|CARD:375,NEW_ATTENDANCE,22190,Inserted inside the current SQL transaction.
COMMITTED,ATTENDANCE,CALTHORPE|ESOL|2025-12-19|0930|1030|CARD:453,NEW_ATTENDANCE,22191,Inserted inside the current SQL transaction.
COMMITTED,ATTENDANCE,CALTHORPE|ESOL|2025-12-19|0930|1030|CARD:455,NEW_ATTENDANCE,22192,Inserted inside the current SQL transaction.
COMMITTED,ATTENDANCE,CALTHORPE|ESOL|2025-12-19|0930|1030|CARD:458,NEW_ATTENDANCE,22193,Inserted inside the current SQL transaction.
COMMITTED,ATTENDANCE,CALTHORPE|ESOL|2025-12-19|0930|1030|CARD:462,NEW_ATTENDANCE,22194,Inserted inside the current SQL transaction.
COMMITTED,ATTENDANCE,CALTHORPE|ESOL|2025-12-19|0930|1030|CARD:672,NEW_ATTENDANCE,22195,Inserted inside the current SQL transaction.
COMMITTED,ATTENDANCE,CALTHORPE|ESOL|2025-12-19|0930|1030|CARD:779,NEW_ATTENDANCE,22196,Inserted inside the current SQL transaction.
COMMITTED,ATTENDANCE,CALTHORPE|ESOL|2025-12-19|0930|1030|CARD:994,NEW_ATTENDANCE,22197,Inserted inside the current SQL transaction.
COMMITTED,ATTENDANCE,CALTHORPE|PILATES|2025-12-19|1245|1330|CARD:156,NEW_ATTENDANCE,22198,Inserted inside the current SQL transaction.
COMMITTED,ATTENDANCE,CALTHORPE|PILATES|2025-12-19|1245|1330|CARD:410,NEW_ATTENDANCE,22199,Inserted inside the current SQL transaction.
COMMITTED,ATTENDANCE,CALTHORPE|PILATES|2025-12-19|1245|1330|CARD:508,NEW_ATTENDANCE,22200,Inserted inside the current SQL transaction.
COMMITTED,ATTENDANCE,CALTHORPE|PILATES|2025-12-19|1245|1330|CARD:620,NEW_ATTENDANCE,22201,Inserted inside the current SQL transaction.
COMMITTED,ATTENDANCE,CALTHORPE|PILATES|2025-12-19|1245|1330|CARD:691,NEW_ATTENDANCE,22202,Inserted inside the current SQL transaction.
COMMITTED,ATTENDANCE,CALTHORPE|PILATES|2025-12-19|1245|1330|CARD:707,NEW_ATTENDANCE,22203,Inserted inside the current SQL transaction.
COMMITTED,ATTENDANCE,CALTHORPE|CHAIR BASED EXERCISE|2026-01-12|1130|1215|CARD:416,ALREADY_IN_CRM,64,Skipped because this participant already has attendance for the resolved session.
COMMITTED,ATTENDANCE,CALTHORPE|CHAIR BASED EXERCISE|2026-01-12|1130|1215|CARD:427,ALREADY_IN_CRM,68,Skipped because this participant already has attendance for the resolved session.
COMMITTED,ATTENDANCE,CALTHORPE|CHAIR BASED EXERCISE|2026-01-12|1130|1215|CARD:444,ALREADY_IN_CRM,65,Skipped because this participant already has attendance for the resolved session.
COMMITTED,ATTENDANCE,CALTHORPE|CHAIR BASED EXERCISE|2026-01-12|1130|1215|CARD:513,ALREADY_IN_CRM,67,Skipped because this participant already has attendance for the resolved session.
COMMITTED,ATTENDANCE,CALTHORPE|CHAIR BASED EXERCISE|2026-01-12|1130|1215|CARD:638,ALREADY_IN_CRM,63,Skipped because this participant already has attendance for the resolved session.
COMMITTED,ATTENDANCE,CALTHORPE|CHAIR BASED EXERCISE|2026-01-12|1130|1215|CARD:706,ALREADY_IN_CRM,66,Skipped because this participant already has attendance for the resolved session.
COMMITTED,ATTENDANCE,CALTHORPE|CHAIR BASED EXERCISE|2026-01-12|1130|1215|NAME:n begum,NEW_ATTENDANCE,22204,Inserted inside the current SQL transaction.
COMMITTED,ATTENDANCE,CALTHORPE|CROCHET|2026-01-12|1230|1430|CARD:416,NEW_ATTENDANCE,22205,Inserted inside the current SQL transaction.
COMMITTED,ATTENDANCE,CALTHORPE|CROCHET|2026-01-12|1230|1430|CARD:436,NEW_ATTENDANCE,22206,Inserted inside the current SQL transaction.
COMMITTED,ATTENDANCE,CALTHORPE|CROCHET|2026-01-12|1230|1430|CARD:468,NEW_ATTENDANCE,22207,Inserted inside the current SQL transaction.
COMMITTED,ATTENDANCE,CALTHORPE|CROCHET|2026-01-12|1230|1430|CARD:509,NEW_ATTENDANCE,22208,Inserted inside the current SQL transaction.
COMMITTED,ATTENDANCE,CALTHORPE|CROCHET|2026-01-12|1230|1430|CARD:586,NEW_ATTENDANCE,22209,Inserted inside the current SQL transaction.
COMMITTED,ATTENDANCE,CALTHORPE|CROCHET|2026-01-12|1230|1430|CARD:638,NEW_ATTENDANCE,22210,Inserted inside the current SQL transaction.
COMMITTED,ATTENDANCE,CALTHORPE|CROCHET|2026-01-12|1230|1430|CARD:794,NEW_ATTENDANCE,22211,Inserted inside the current SQL transaction.
COMMITTED,ATTENDANCE,CALTHORPE|CROCHET|2026-01-12|1230|1430|NAME:halima bibi,NEW_ATTENDANCE,22212,Inserted inside the current SQL transaction.
COMMITTED,ATTENDANCE,CALTHORPE|HIIT|2026-01-12|1030|1115|CARD:515,ALREADY_IN_CRM,70,Skipped because this participant already has attendance for the resolved session.
COMMITTED,ATTENDANCE,CALTHORPE|HIIT|2026-01-12|1030|1115|CARD:717,ALREADY_IN_CRM,69,Skipped because this participant already has attendance for the resolved session.
COMMITTED,ATTENDANCE,CALTHORPE|HIIT|2026-01-12|1030|1115|CARD:996,ALREADY_IN_CRM,71,Skipped because this participant already has attendance for the resolved session.
COMMITTED,ATTENDANCE,CALTHORPE|HIIT|2026-01-12|1030|1115|NAME:n begum,NEW_ATTENDANCE,22213,Inserted inside the current SQL transaction.
COMMITTED,ATTENDANCE,CALTHORPE|ZUMBA|2026-01-12|0930|1015|CARD:1020,ALREADY_IN_CRM,79,Skipped because this participant already has attendance for the resolved session.
COMMITTED,ATTENDANCE,CALTHORPE|ZUMBA|2026-01-12|0930|1015|CARD:371,ALREADY_IN_CRM,84,Skipped because this participant already has attendance for the resolved session.
COMMITTED,ATTENDANCE,CALTHORPE|ZUMBA|2026-01-12|0930|1015|CARD:402,ALREADY_IN_CRM,74,Skipped because this participant already has attendance for the resolved session.
COMMITTED,ATTENDANCE,CALTHORPE|ZUMBA|2026-01-12|0930|1015|CARD:413,ALREADY_IN_CRM,72,Skipped because this participant already has attendance for the resolved session.
COMMITTED,ATTENDANCE,CALTHORPE|ZUMBA|2026-01-12|0930|1015|CARD:440,ALREADY_IN_CRM,75,Skipped because this participant already has attendance for the resolved session.
COMMITTED,ATTENDANCE,CALTHORPE|ZUMBA|2026-01-12|0930|1015|CARD:441,ALREADY_IN_CRM,77,Skipped because this participant already has attendance for the resolved session.
COMMITTED,ATTENDANCE,CALTHORPE|ZUMBA|2026-01-12|0930|1015|CARD:470,ALREADY_IN_CRM,81,Skipped because this participant already has attendance for the resolved session.
COMMITTED,ATTENDANCE,CALTHORPE|ZUMBA|2026-01-12|0930|1015|CARD:639,ALREADY_IN_CRM,80,Skipped because this participant already has attendance for the resolved session.
COMMITTED,ATTENDANCE,CALTHORPE|ZUMBA|2026-01-12|0930|1015|CARD:656,ALREADY_IN_CRM,82,Skipped because this participant already has attendance for the resolved session.
COMMITTED,ATTENDANCE,CALTHORPE|ZUMBA|2026-01-12|0930|1015|CARD:691,ALREADY_IN_CRM,73,Skipped because this participant already has attendance for the resolved session.
COMMITTED,ATTENDANCE,CALTHORPE|ZUMBA|2026-01-12|0930|1015|CARD:698,ALREADY_IN_CRM,78,Skipped because this participant already has attendance for the resolved session.
COMMITTED,ATTENDANCE,CALTHORPE|ZUMBA|2026-01-12|0930|1015|CARD:742,ALREADY_IN_CRM,76,Skipped because this participant already has attendance for the resolved session.
COMMITTED,ATTENDANCE,CALTHORPE|ZUMBA|2026-01-12|0930|1015|CARD:780,ALREADY_IN_CRM,83,Skipped because this participant already has attendance for the resolved session.
COMMITTED,ATTENDANCE,CALTHORPE|ZUMBA|2026-01-12|0930|1015|CARD:996,ALREADY_IN_CRM,85,Skipped because this participant already has attendance for the resolved session.
COMMITTED,ATTENDANCE,CALTHORPE|ZUMBA|2026-01-12|0930|1015|NAME:hooriye bahid,NEW_ATTENDANCE,22214,Inserted inside the current SQL transaction.
COMMITTED,ATTENDANCE,CALTHORPE|ESOL|2026-01-13|1130|1330|CARD:375,NEW_ATTENDANCE,22215,Inserted inside the current SQL transaction.
COMMITTED,ATTENDANCE,CALTHORPE|ESOL|2026-01-13|1130|1330|CARD:455,NEW_ATTENDANCE,22216,Inserted inside the current SQL transaction.
COMMITTED,ATTENDANCE,CALTHORPE|ESOL|2026-01-13|1130|1330|CARD:458,NEW_ATTENDANCE,22217,Inserted inside the current SQL transaction.
COMMITTED,ATTENDANCE,CALTHORPE|ESOL|2026-01-13|1130|1330|CARD:462,NEW_ATTENDANCE,22218,Inserted inside the current SQL transaction.
COMMITTED,ATTENDANCE,CALTHORPE|ESOL|2026-01-13|1130|1330|CARD:516,NEW_ATTENDANCE,22219,Inserted inside the current SQL transaction.
COMMITTED,ATTENDANCE,CALTHORPE|ESOL|2026-01-13|1130|1330|CARD:647,NEW_ATTENDANCE,22220,Inserted inside the current SQL transaction.
COMMITTED,ATTENDANCE,CALTHORPE|ESOL|2026-01-13|1130|1330|CARD:673,NEW_ATTENDANCE,22221,Inserted inside the current SQL transaction.
COMMITTED,ATTENDANCE,CALTHORPE|ESOL|2026-01-13|1130|1330|CARD:994,NEW_ATTENDANCE,22222,Inserted inside the current SQL transaction.
COMMITTED,ATTENDANCE,CALTHORPE|ESOL|2026-01-13|1130|1330|NAME:asma ibrahim,NEW_ATTENDANCE,22223,Inserted inside the current SQL transaction.
COMMITTED,ATTENDANCE,CALTHORPE|STRENGTH & STRETCH|2026-01-13|0930|1030|CARD:390,NEW_ATTENDANCE,22224,Inserted inside the current SQL transaction.
COMMITTED,ATTENDANCE,CALTHORPE|STRENGTH & STRETCH|2026-01-13|0930|1030|CARD:406,NEW_ATTENDANCE,22225,Inserted inside the current SQL transaction.
COMMITTED,ATTENDANCE,CALTHORPE|STRENGTH & STRETCH|2026-01-13|0930|1030|CARD:413,NEW_ATTENDANCE,22226,Inserted inside the current SQL transaction.
COMMITTED,ATTENDANCE,CALTHORPE|STRENGTH & STRETCH|2026-01-13|0930|1030|CARD:416,NEW_ATTENDANCE,22227,Inserted inside the current SQL transaction.
COMMITTED,ATTENDANCE,CALTHORPE|STRENGTH & STRETCH|2026-01-13|0930|1030|CARD:440,NEW_ATTENDANCE,22228,Inserted inside the current SQL transaction.
COMMITTED,ATTENDANCE,CALTHORPE|STRENGTH & STRETCH|2026-01-13|0930|1030|CARD:441,NEW_ATTENDANCE,22229,Inserted inside the current SQL transaction.
COMMITTED,ATTENDANCE,CALTHORPE|STRENGTH & STRETCH|2026-01-13|0930|1030|CARD:498,NEW_ATTENDANCE,22230,Inserted inside the current SQL transaction.
COMMITTED,ATTENDANCE,CALTHORPE|STRENGTH & STRETCH|2026-01-13|0930|1030|CARD:515,NEW_ATTENDANCE,22231,Inserted inside the current SQL transaction.
COMMITTED,ATTENDANCE,CALTHORPE|STRENGTH & STRETCH|2026-01-13|0930|1030|CARD:625,NEW_ATTENDANCE,22232,Inserted inside the current SQL transaction.
COMMITTED,ATTENDANCE,CALTHORPE|STRENGTH & STRETCH|2026-01-13|0930|1030|CARD:656,NEW_ATTENDANCE,22233,Inserted inside the current SQL transaction.
COMMITTED,ATTENDANCE,CALTHORPE|STRENGTH & STRETCH|2026-01-13|0930|1030|CARD:727,NEW_ATTENDANCE,22234,Inserted inside the current SQL transaction.
COMMITTED,ATTENDANCE,CALTHORPE|STRENGTH & STRETCH|2026-01-13|0930|1030|CARD:764,NEW_ATTENDANCE,22235,Inserted inside the current SQL transaction.
COMMITTED,ATTENDANCE,CALTHORPE|STRENGTH & STRETCH|2026-01-13|0930|1030|CARD:780,NEW_ATTENDANCE,22236,Inserted inside the current SQL transaction.
COMMITTED,ATTENDANCE,CALTHORPE|STRENGTH & STRETCH|2026-01-13|0930|1030|CARD:788,NEW_ATTENDANCE,22237,Inserted inside the current SQL transaction.
COMMITTED,ATTENDANCE,CALTHORPE|YOGA|2026-01-13|1715|1815|CARD:498,ALREADY_IN_CRM,90,Skipped because this participant already has attendance for the resolved session.
COMMITTED,ATTENDANCE,CALTHORPE|YOGA|2026-01-13|1715|1815|CARD:617,ALREADY_IN_CRM,89,Skipped because this participant already has attendance for the resolved session.
COMMITTED,ATTENDANCE,CALTHORPE|YOGA|2026-01-13|1715|1815|CARD:681,ALREADY_IN_CRM,88,Skipped because this participant already has attendance for the resolved session.
COMMITTED,ATTENDANCE,CALTHORPE|YOGA|2026-01-13|1715|1815|CARD:717,ALREADY_IN_CRM,87,Skipped because this participant already has attendance for the resolved session.
COMMITTED,ATTENDANCE,CALTHORPE|YOGA|2026-01-13|1715|1815|CARD:727,ALREADY_IN_CRM,86,Skipped because this participant already has attendance for the resolved session.
COMMITTED,ATTENDANCE,CALTHORPE|ESOL|2026-01-14|0930|1030|CARD:455,ALREADY_IN_CRM,95,Skipped because this participant already has attendance for the resolved session.
COMMITTED,ATTENDANCE,CALTHORPE|ESOL|2026-01-14|0930|1030|CARD:458,ALREADY_IN_CRM,102,Skipped because this participant already has attendance for the resolved session.
COMMITTED,ATTENDANCE,CALTHORPE|ESOL|2026-01-14|0930|1030|CARD:462,ALREADY_IN_CRM,103,Skipped because this participant already has attendance for the resolved session.
COMMITTED,ATTENDANCE,CALTHORPE|ESOL|2026-01-14|0930|1030|CARD:516,ALREADY_IN_CRM,99,Skipped because this participant already has attendance for the resolved session.
COMMITTED,ATTENDANCE,CALTHORPE|ESOL|2026-01-14|0930|1030|CARD:672,ALREADY_IN_CRM,98,Skipped because this participant already has attendance for the resolved session.
COMMITTED,ATTENDANCE,CALTHORPE|ESOL|2026-01-14|0930|1030|CARD:709,ALREADY_IN_CRM,93,Skipped because this participant already has attendance for the resolved session.
COMMITTED,ATTENDANCE,CALTHORPE|ESOL|2026-01-14|0930|1030|CARD:715,ALREADY_IN_CRM,96,Skipped because this participant already has attendance for the resolved session.
COMMITTED,ATTENDANCE,CALTHORPE|ESOL|2026-01-14|0930|1030|CARD:727,ALREADY_IN_CRM,94,Skipped because this participant already has attendance for the resolved session.
COMMITTED,ATTENDANCE,CALTHORPE|ESOL|2026-01-14|0930|1030|CARD:728,ALREADY_IN_CRM,97,Skipped because this participant already has attendance for the resolved session.
COMMITTED,ATTENDANCE,CALTHORPE|ESOL|2026-01-14|0930|1030|CARD:738,ALREADY_IN_CRM,101,Skipped because this participant already has attendance for the resolved session.
COMMITTED,ATTENDANCE,CALTHORPE|ESOL|2026-01-14|0930|1030|CARD:779,ALREADY_IN_CRM,92,Skipped because this participant already has attendance for the resolved session.
COMMITTED,ATTENDANCE,CALTHORPE|ESOL|2026-01-14|0930|1030|CARD:785,ALREADY_IN_CRM,104,Skipped because this participant already has attendance for the resolved session.
COMMITTED,ATTENDANCE,CALTHORPE|ESOL|2026-01-14|0930|1030|CARD:803,ALREADY_IN_CRM,91,Skipped because this participant already has attendance for the resolved session.
COMMITTED,ATTENDANCE,CALTHORPE|ESOL|2026-01-14|0930|1030|CARD:994,ALREADY_IN_CRM,100,Skipped because this participant already has attendance for the resolved session.
COMMITTED,ATTENDANCE,CALTHORPE|SALSA/BELLY DANCING|2026-01-14|1100|1200|CARD:1236,NEW_ATTENDANCE,22238,Inserted inside the current SQL transaction.
COMMITTED,ATTENDANCE,CALTHORPE|SALSA/BELLY DANCING|2026-01-14|1100|1200|CARD:126,NEW_ATTENDANCE,22239,Inserted inside the current SQL transaction.
COMMITTED,ATTENDANCE,CALTHORPE|SALSA/BELLY DANCING|2026-01-14|1100|1200|CARD:441,NEW_ATTENDANCE,22240,Inserted inside the current SQL transaction.
COMMITTED,ATTENDANCE,CALTHORPE|SALSA/BELLY DANCING|2026-01-14|1100|1200|CARD:470,NEW_ATTENDANCE,22241,Inserted inside the current SQL transaction.
COMMITTED,ATTENDANCE,CALTHORPE|SALSA/BELLY DANCING|2026-01-14|1100|1200|CARD:638,NEW_ATTENDANCE,22242,Inserted inside the current SQL transaction.
COMMITTED,ATTENDANCE,CALTHORPE|SALSA/BELLY DANCING|2026-01-14|1100|1200|CARD:656,NEW_ATTENDANCE,22243,Inserted inside the current SQL transaction.
COMMITTED,ATTENDANCE,CALTHORPE|SALSA/BELLY DANCING|2026-01-14|1100|1200|CARD:658,NEW_ATTENDANCE,22244,Inserted inside the current SQL transaction.
COMMITTED,ATTENDANCE,CALTHORPE|SALSA/BELLY DANCING|2026-01-14|1100|1200|CARD:681,NEW_ATTENDANCE,22245,Inserted inside the current SQL transaction.
COMMITTED,ATTENDANCE,CALTHORPE|SALSA/BELLY DANCING|2026-01-14|1100|1200|CARD:691,NEW_ATTENDANCE,22246,Inserted inside the current SQL transaction.
COMMITTED,ATTENDANCE,CALTHORPE|SALSA/BELLY DANCING|2026-01-14|1100|1200|CARD:771,NEW_ATTENDANCE,22247,Inserted inside the current SQL transaction.
COMMITTED,ATTENDANCE,CALTHORPE|SALSA/BELLY DANCING|2026-01-14|1100|1200|CARD:824,NEW_ATTENDANCE,22248,Inserted inside the current SQL transaction.
COMMITTED,ATTENDANCE,CALTHORPE|SALSA/BELLY DANCING|2026-01-14|1100|1200|NAME:jiannua barkley,NEW_ATTENDANCE,22249,Inserted inside the current SQL transaction.
COMMITTED,ATTENDANCE,CALTHORPE|SALSA/BELLY DANCING|2026-01-14|1100|1200|NAME:tyra watson,NEW_ATTENDANCE,22250,Inserted inside the current SQL transaction.
COMMITTED,ATTENDANCE,CALTHORPE|CHAIR BASED EXERCISE|2026-01-15|1130|1215|CARD:380,ALREADY_IN_CRM,107,Skipped because this participant already has attendance for the resolved session.
COMMITTED,ATTENDANCE,CALTHORPE|CHAIR BASED EXERCISE|2026-01-15|1130|1215|CARD:416,ALREADY_IN_CRM,106,Skipped because this participant already has attendance for the resolved session.
COMMITTED,ATTENDANCE,CALTHORPE|CHAIR BASED EXERCISE|2026-01-15|1130|1215|CARD:584,ALREADY_IN_CRM,110,Skipped because this participant already has attendance for the resolved session.
COMMITTED,ATTENDANCE,CALTHORPE|CHAIR BASED EXERCISE|2026-01-15|1130|1215|CARD:620,ALREADY_IN_CRM,109,Skipped because this participant already has attendance for the resolved session.
COMMITTED,ATTENDANCE,CALTHORPE|CHAIR BASED EXERCISE|2026-01-15|1130|1215|CARD:655,ALREADY_IN_CRM,105,Skipped because this participant already has attendance for the resolved session.
COMMITTED,ATTENDANCE,CALTHORPE|CHAIR BASED EXERCISE|2026-01-15|1130|1215|CARD:750,ALREADY_IN_CRM,108,Skipped because this participant already has attendance for the resolved session.
COMMITTED,ATTENDANCE,CALTHORPE|CHAIR BASED EXERCISE|2026-01-15|1130|1215|CARD:866,ALREADY_IN_CRM,111,Skipped because this participant already has attendance for the resolved session.
COMMITTED,ATTENDANCE,CALTHORPE|CHAIR BASED EXERCISE|2026-01-15|1130|1215|CARD:873,ALREADY_IN_CRM,112,Skipped because this participant already has attendance for the resolved session.
COMMITTED,ATTENDANCE,CALTHORPE|CIRCUIT TRAINING|2026-01-15|0930|1015|CARD:398,ALREADY_IN_CRM,121,Skipped because this participant already has attendance for the resolved session.
COMMITTED,ATTENDANCE,CALTHORPE|CIRCUIT TRAINING|2026-01-15|0930|1015|CARD:412,ALREADY_IN_CRM,117,Skipped because this participant already has attendance for the resolved session.
COMMITTED,ATTENDANCE,CALTHORPE|CIRCUIT TRAINING|2026-01-15|0930|1015|CARD:413,ALREADY_IN_CRM,113,Skipped because this participant already has attendance for the resolved session.
COMMITTED,ATTENDANCE,CALTHORPE|CIRCUIT TRAINING|2026-01-15|0930|1015|CARD:470,ALREADY_IN_CRM,118,Skipped because this participant already has attendance for the resolved session.
COMMITTED,ATTENDANCE,CALTHORPE|CIRCUIT TRAINING|2026-01-15|0930|1015|CARD:515,ALREADY_IN_CRM,119,Skipped because this participant already has attendance for the resolved session.
COMMITTED,ATTENDANCE,CALTHORPE|CIRCUIT TRAINING|2026-01-15|0930|1015|CARD:639,ALREADY_IN_CRM,116,Skipped because this participant already has attendance for the resolved session.
COMMITTED,ATTENDANCE,CALTHORPE|CIRCUIT TRAINING|2026-01-15|0930|1015|CARD:690,ALREADY_IN_CRM,115,Skipped because this participant already has attendance for the resolved session.
COMMITTED,ATTENDANCE,CALTHORPE|CIRCUIT TRAINING|2026-01-15|0930|1015|CARD:691,ALREADY_IN_CRM,114,Skipped because this participant already has attendance for the resolved session.
COMMITTED,ATTENDANCE,CALTHORPE|CIRCUIT TRAINING|2026-01-15|0930|1015|CARD:780,ALREADY_IN_CRM,120,Skipped because this participant already has attendance for the resolved session.
COMMITTED,ATTENDANCE,CALTHORPE|CIRCUIT TRAINING|2026-01-15|0930|1015|CARD:787,ALREADY_IN_CRM,122,Skipped because this participant already has attendance for the resolved session.
COMMITTED,ATTENDANCE,CALTHORPE|CROCHET|2026-01-15|1230|1415|CARD:416,NEW_ATTENDANCE,22251,Inserted inside the current SQL transaction.
COMMITTED,ATTENDANCE,CALTHORPE|CROCHET|2026-01-15|1230|1415|CARD:418,NEW_ATTENDANCE,22252,Inserted inside the current SQL transaction.
COMMITTED,ATTENDANCE,CALTHORPE|CROCHET|2026-01-15|1230|1415|CARD:436,NEW_ATTENDANCE,22253,Inserted inside the current SQL transaction.
COMMITTED,ATTENDANCE,CALTHORPE|CROCHET|2026-01-15|1230|1415|CARD:586,NEW_ATTENDANCE,22254,Inserted inside the current SQL transaction.
COMMITTED,ATTENDANCE,CALTHORPE|CROCHET|2026-01-15|1230|1415|CARD:655,NEW_ATTENDANCE,22255,Inserted inside the current SQL transaction.
COMMITTED,ATTENDANCE,CALTHORPE|CROCHET|2026-01-15|1230|1415|CARD:708,NEW_ATTENDANCE,22256,Inserted inside the current SQL transaction.
COMMITTED,ATTENDANCE,CALTHORPE|CROCHET|2026-01-15|1230|1415|CARD:774,NEW_ATTENDANCE,22257,Inserted inside the current SQL transaction.
COMMITTED,ATTENDANCE,CALTHORPE|CROCHET|2026-01-15|1230|1415|CARD:873,NEW_ATTENDANCE,22258,Inserted inside the current SQL transaction.
COMMITTED,ATTENDANCE,CALTHORPE|MEN'S MULTI SPORTS|2026-01-15|1030|1130|CARD:874,NEW_ATTENDANCE,22259,Inserted inside the current SQL transaction.
COMMITTED,ATTENDANCE,CALTHORPE|ARTS|2026-01-16|1300|1430|CARD:402,NEW_ATTENDANCE,22260,Inserted inside the current SQL transaction.
COMMITTED,ATTENDANCE,CALTHORPE|ARTS|2026-01-16|1300|1430|CARD:416,NEW_ATTENDANCE,22261,Inserted inside the current SQL transaction.
COMMITTED,ATTENDANCE,CALTHORPE|ARTS|2026-01-16|1300|1430|CARD:441,NEW_ATTENDANCE,22262,Inserted inside the current SQL transaction.
COMMITTED,ATTENDANCE,CALTHORPE|ARTS|2026-01-16|1300|1430|CARD:444,NEW_ATTENDANCE,22263,Inserted inside the current SQL transaction.
COMMITTED,ATTENDANCE,CALTHORPE|ARTS|2026-01-16|1300|1430|CARD:468,NEW_ATTENDANCE,22264,Inserted inside the current SQL transaction.
COMMITTED,ATTENDANCE,CALTHORPE|ARTS|2026-01-16|1300|1430|CARD:586,NEW_ATTENDANCE,22265,Inserted inside the current SQL transaction.
COMMITTED,ATTENDANCE,CALTHORPE|BODY CONDITIONING|2026-01-16|1100|1145|CARD:346,ALREADY_IN_CRM,131,Skipped because this participant already has attendance for the resolved session.
COMMITTED,ATTENDANCE,CALTHORPE|BODY CONDITIONING|2026-01-16|1100|1145|CARD:386,ALREADY_IN_CRM,132,Skipped because this participant already has attendance for the resolved session.
COMMITTED,ATTENDANCE,CALTHORPE|BODY CONDITIONING|2026-01-16|1100|1145|CARD:388,ALREADY_IN_CRM,124,Skipped because this participant already has attendance for the resolved session.
COMMITTED,ATTENDANCE,CALTHORPE|BODY CONDITIONING|2026-01-16|1100|1145|CARD:441,ALREADY_IN_CRM,129,Skipped because this participant already has attendance for the resolved session.
COMMITTED,ATTENDANCE,CALTHORPE|BODY CONDITIONING|2026-01-16|1100|1145|CARD:450,ALREADY_IN_CRM,130,Skipped because this participant already has attendance for the resolved session.
COMMITTED,ATTENDANCE,CALTHORPE|BODY CONDITIONING|2026-01-16|1100|1145|CARD:451,ALREADY_IN_CRM,137,Skipped because this participant already has attendance for the resolved session.
COMMITTED,ATTENDANCE,CALTHORPE|BODY CONDITIONING|2026-01-16|1100|1145|CARD:470,ALREADY_IN_CRM,133,Skipped because this participant already has attendance for the resolved session.
COMMITTED,ATTENDANCE,CALTHORPE|BODY CONDITIONING|2026-01-16|1100|1145|CARD:568,ALREADY_IN_CRM,128,Skipped because this participant already has attendance for the resolved session.
COMMITTED,ATTENDANCE,CALTHORPE|BODY CONDITIONING|2026-01-16|1100|1145|CARD:620,ALREADY_IN_CRM,135,Skipped because this participant already has attendance for the resolved session.
COMMITTED,ATTENDANCE,CALTHORPE|BODY CONDITIONING|2026-01-16|1100|1145|CARD:638,ALREADY_IN_CRM,125,Skipped because this participant already has attendance for the resolved session.
COMMITTED,ATTENDANCE,CALTHORPE|BODY CONDITIONING|2026-01-16|1100|1145|CARD:681,ALREADY_IN_CRM,136,Skipped because this participant already has attendance for the resolved session.
COMMITTED,ATTENDANCE,CALTHORPE|BODY CONDITIONING|2026-01-16|1100|1145|CARD:700,ALREADY_IN_CRM,126,Skipped because this participant already has attendance for the resolved session.
COMMITTED,ATTENDANCE,CALTHORPE|BODY CONDITIONING|2026-01-16|1100|1145|CARD:742,ALREADY_IN_CRM,127,Skipped because this participant already has attendance for the resolved session.
COMMITTED,ATTENDANCE,CALTHORPE|BODY CONDITIONING|2026-01-16|1100|1145|CARD:797,ALREADY_IN_CRM,134,Skipped because this participant already has attendance for the resolved session.
COMMITTED,ATTENDANCE,CALTHORPE|PILATES|2026-01-16|1200|1245|CARD:386,NEW_ATTENDANCE,22266,Inserted inside the current SQL transaction.
COMMITTED,ATTENDANCE,CALTHORPE|PILATES|2026-01-16|1200|1245|CARD:388,NEW_ATTENDANCE,22267,Inserted inside the current SQL transaction.
COMMITTED,ATTENDANCE,CALTHORPE|PILATES|2026-01-16|1200|1245|CARD:395,NEW_ATTENDANCE,22268,Inserted inside the current SQL transaction.
COMMITTED,ATTENDANCE,CALTHORPE|PILATES|2026-01-16|1200|1245|CARD:442,NEW_ATTENDANCE,22269,Inserted inside the current SQL transaction.
COMMITTED,ATTENDANCE,CALTHORPE|PILATES|2026-01-16|1200|1245|CARD:450,NEW_ATTENDANCE,22270,Inserted inside the current SQL transaction.
COMMITTED,ATTENDANCE,CALTHORPE|PILATES|2026-01-16|1200|1245|CARD:451,NEW_ATTENDANCE,22271,Inserted inside the current SQL transaction.
COMMITTED,ATTENDANCE,CALTHORPE|PILATES|2026-01-16|1200|1245|CARD:620,NEW_ATTENDANCE,22272,Inserted inside the current SQL transaction.
COMMITTED,ATTENDANCE,CALTHORPE|PILATES|2026-01-16|1200|1245|CARD:681,NEW_ATTENDANCE,22273,Inserted inside the current SQL transaction.
COMMITTED,ATTENDANCE,CALTHORPE|PILATES|2026-01-16|1200|1245|CARD:707,NEW_ATTENDANCE,22274,Inserted inside the current SQL transaction.
COMMITTED,ATTENDANCE,CALTHORPE|PILATES|2026-01-16|1200|1245|CARD:742,NEW_ATTENDANCE,22275,Inserted inside the current SQL transaction.
COMMITTED,ATTENDANCE,CALTHORPE|PILATES|2026-01-16|1200|1245|CARD:797,NEW_ATTENDANCE,22276,Inserted inside the current SQL transaction.
COMMITTED,ATTENDANCE,CALTHORPE|CHAIR BASED EXERCISE|2026-01-19|1130|1215|CARD:380,ALREADY_IN_CRM,154,Skipped because this participant already has attendance for the resolved session.
COMMITTED,ATTENDANCE,CALTHORPE|CHAIR BASED EXERCISE|2026-01-19|1130|1215|CARD:413,ALREADY_IN_CRM,149,Skipped because this participant already has attendance for the resolved session.
COMMITTED,ATTENDANCE,CALTHORPE|CHAIR BASED EXERCISE|2026-01-19|1130|1215|CARD:416,ALREADY_IN_CRM,152,Skipped because this participant already has attendance for the resolved session.
COMMITTED,ATTENDANCE,CALTHORPE|CHAIR BASED EXERCISE|2026-01-19|1130|1215|CARD:444,ALREADY_IN_CRM,153,Skipped because this participant already has attendance for the resolved session.
COMMITTED,ATTENDANCE,CALTHORPE|CHAIR BASED EXERCISE|2026-01-19|1130|1215|CARD:518,ALREADY_IN_CRM,155,Skipped because this participant already has attendance for the resolved session.
COMMITTED,ATTENDANCE,CALTHORPE|CHAIR BASED EXERCISE|2026-01-19|1130|1215|CARD:638,ALREADY_IN_CRM,151,Skipped because this participant already has attendance for the resolved session.
COMMITTED,ATTENDANCE,CALTHORPE|CHAIR BASED EXERCISE|2026-01-19|1130|1215|CARD:705,ALREADY_IN_CRM,156,Skipped because this participant already has attendance for the resolved session.
COMMITTED,ATTENDANCE,CALTHORPE|CHAIR BASED EXERCISE|2026-01-19|1130|1215|CARD:707,ALREADY_IN_CRM,150,Skipped because this participant already has attendance for the resolved session.
COMMITTED,ATTENDANCE,CALTHORPE|CROCHET|2026-01-19|1230|1430|CARD:416,NEW_ATTENDANCE,22277,Inserted inside the current SQL transaction.
COMMITTED,ATTENDANCE,CALTHORPE|CROCHET|2026-01-19|1230|1430|CARD:436,NEW_ATTENDANCE,22278,Inserted inside the current SQL transaction.
COMMITTED,ATTENDANCE,CALTHORPE|CROCHET|2026-01-19|1230|1430|CARD:493,NEW_ATTENDANCE,22279,Inserted inside the current SQL transaction.
COMMITTED,ATTENDANCE,CALTHORPE|CROCHET|2026-01-19|1230|1430|CARD:509,NEW_ATTENDANCE,22280,Inserted inside the current SQL transaction.
COMMITTED,ATTENDANCE,CALTHORPE|CROCHET|2026-01-19|1230|1430|CARD:638,NEW_ATTENDANCE,22281,Inserted inside the current SQL transaction.
COMMITTED,ATTENDANCE,CALTHORPE|CROCHET|2026-01-19|1230|1430|CARD:794,NEW_ATTENDANCE,22282,Inserted inside the current SQL transaction.
COMMITTED,ATTENDANCE,CALTHORPE|CROCHET|2026-01-19|1230|1430|NAME:halima bibi,NEW_ATTENDANCE,22283,Inserted inside the current SQL transaction.
COMMITTED,ATTENDANCE,CALTHORPE|CROCHET|2026-01-19|1230|1430|NAME:shailla sharif,NEW_ATTENDANCE,22284,Inserted inside the current SQL transaction.
COMMITTED,ATTENDANCE,CALTHORPE|HIIT|2026-01-19|1030|1115|CARD:386,ALREADY_IN_CRM,167,Skipped because this participant already has attendance for the resolved session.
COMMITTED,ATTENDANCE,CALTHORPE|HIIT|2026-01-19|1030|1115|CARD:388,ALREADY_IN_CRM,162,Skipped because this participant already has attendance for the resolved session.
COMMITTED,ATTENDANCE,CALTHORPE|HIIT|2026-01-19|1030|1115|CARD:391,ALREADY_IN_CRM,165,Skipped because this participant already has attendance for the resolved session.
COMMITTED,ATTENDANCE,CALTHORPE|HIIT|2026-01-19|1030|1115|CARD:407,ALREADY_IN_CRM,169,Skipped because this participant already has attendance for the resolved session.
COMMITTED,ATTENDANCE,CALTHORPE|HIIT|2026-01-19|1030|1115|CARD:413,ALREADY_IN_CRM,157,Skipped because this participant already has attendance for the resolved session.
COMMITTED,ATTENDANCE,CALTHORPE|HIIT|2026-01-19|1030|1115|CARD:422,ALREADY_IN_CRM,158,Skipped because this participant already has attendance for the resolved session.
COMMITTED,ATTENDANCE,CALTHORPE|HIIT|2026-01-19|1030|1115|CARD:440,ALREADY_IN_CRM,163,Skipped because this participant already has attendance for the resolved session.
COMMITTED,ATTENDANCE,CALTHORPE|HIIT|2026-01-19|1030|1115|CARD:450,ALREADY_IN_CRM,166,Skipped because this participant already has attendance for the resolved session.
COMMITTED,ATTENDANCE,CALTHORPE|HIIT|2026-01-19|1030|1115|CARD:451,ALREADY_IN_CRM,171,Skipped because this participant already has attendance for the resolved session.
COMMITTED,ATTENDANCE,CALTHORPE|HIIT|2026-01-19|1030|1115|CARD:515,ALREADY_IN_CRM,168,Skipped because this participant already has attendance for the resolved session.
COMMITTED,ATTENDANCE,CALTHORPE|HIIT|2026-01-19|1030|1115|CARD:620,ALREADY_IN_CRM,170,Skipped because this participant already has attendance for the resolved session.
COMMITTED,ATTENDANCE,CALTHORPE|HIIT|2026-01-19|1030|1115|CARD:692,ALREADY_IN_CRM,159,Skipped because this participant already has attendance for the resolved session.
COMMITTED,ATTENDANCE,CALTHORPE|HIIT|2026-01-19|1030|1115|CARD:707,ALREADY_IN_CRM,160,Skipped because this participant already has attendance for the resolved session.
COMMITTED,ATTENDANCE,CALTHORPE|HIIT|2026-01-19|1030|1115|CARD:717,ALREADY_IN_CRM,164,Skipped because this participant already has attendance for the resolved session.
COMMITTED,ATTENDANCE,CALTHORPE|HIIT|2026-01-19|1030|1115|CARD:727,ALREADY_IN_CRM,161,Skipped because this participant already has attendance for the resolved session.
COMMITTED,ATTENDANCE,CALTHORPE|HIIT|2026-01-19|1030|1115|CARD:996,ALREADY_IN_CRM,172,Skipped because this participant already has attendance for the resolved session.
COMMITTED,ATTENDANCE,CALTHORPE|ZUMBA|2026-01-19|0930|1015|CARD:371,ALREADY_IN_CRM,182,Skipped because this participant already has attendance for the resolved session.
COMMITTED,ATTENDANCE,CALTHORPE|ZUMBA|2026-01-19|0930|1015|CARD:402,ALREADY_IN_CRM,176,Skipped because this participant already has attendance for the resolved session.
COMMITTED,ATTENDANCE,CALTHORPE|ZUMBA|2026-01-19|0930|1015|CARD:406,ALREADY_IN_CRM,184,Skipped because this participant already has attendance for the resolved session.
COMMITTED,ATTENDANCE,CALTHORPE|ZUMBA|2026-01-19|0930|1015|CARD:441,ALREADY_IN_CRM,178,Skipped because this participant already has attendance for the resolved session.
COMMITTED,ATTENDANCE,CALTHORPE|ZUMBA|2026-01-19|0930|1015|CARD:515,ALREADY_IN_CRM,181,Skipped because this participant already has attendance for the resolved session.
COMMITTED,ATTENDANCE,CALTHORPE|ZUMBA|2026-01-19|0930|1015|CARD:565,ALREADY_IN_CRM,183,Skipped because this participant already has attendance for the resolved session.
COMMITTED,ATTENDANCE,CALTHORPE|ZUMBA|2026-01-19|0930|1015|CARD:648,ALREADY_IN_CRM,175,Skipped because this participant already has attendance for the resolved session.
COMMITTED,ATTENDANCE,CALTHORPE|ZUMBA|2026-01-19|0930|1015|CARD:654,ALREADY_IN_CRM,177,Skipped because this participant already has attendance for the resolved session.
COMMITTED,ATTENDANCE,CALTHORPE|ZUMBA|2026-01-19|0930|1015|CARD:691,ALREADY_IN_CRM,173,Skipped because this participant already has attendance for the resolved session.
COMMITTED,ATTENDANCE,CALTHORPE|ZUMBA|2026-01-19|0930|1015|CARD:698,ALREADY_IN_CRM,179,Skipped because this participant already has attendance for the resolved session.
COMMITTED,ATTENDANCE,CALTHORPE|ZUMBA|2026-01-19|0930|1015|CARD:699,ALREADY_IN_CRM,180,Skipped because this participant already has attendance for the resolved session.
COMMITTED,ATTENDANCE,CALTHORPE|ZUMBA|2026-01-19|0930|1015|CARD:727,ALREADY_IN_CRM,174,Skipped because this participant already has attendance for the resolved session.
COMMITTED,ATTENDANCE,CALTHORPE|ZUMBA|2026-01-19|0930|1015|CARD:996,ALREADY_IN_CRM,185,Skipped because this participant already has attendance for the resolved session.
COMMITTED,ATTENDANCE,CALTHORPE|ESOL|2026-01-20|1130|1330|CARD:375,NEW_ATTENDANCE,22285,Inserted inside the current SQL transaction.
COMMITTED,ATTENDANCE,CALTHORPE|ESOL|2026-01-20|1130|1330|CARD:455,NEW_ATTENDANCE,22286,Inserted inside the current SQL transaction.
COMMITTED,ATTENDANCE,CALTHORPE|ESOL|2026-01-20|1130|1330|CARD:462,NEW_ATTENDANCE,22287,Inserted inside the current SQL transaction.
COMMITTED,ATTENDANCE,CALTHORPE|ESOL|2026-01-20|1130|1330|CARD:516,NEW_ATTENDANCE,22288,Inserted inside the current SQL transaction.
COMMITTED,ATTENDANCE,CALTHORPE|ESOL|2026-01-20|1130|1330|CARD:647,NEW_ATTENDANCE,22289,Inserted inside the current SQL transaction.
COMMITTED,ATTENDANCE,CALTHORPE|ESOL|2026-01-20|1130|1330|CARD:728,NEW_ATTENDANCE,22290,Inserted inside the current SQL transaction.
COMMITTED,ATTENDANCE,CALTHORPE|ESOL|2026-01-20|1130|1330|CARD:994,NEW_ATTENDANCE,22291,Inserted inside the current SQL transaction.
COMMITTED,ATTENDANCE,CALTHORPE|STRENGTH & STRETCH|2026-01-20|0930|1030|CARD:157,NEW_ATTENDANCE,22292,Inserted inside the current SQL transaction.
COMMITTED,ATTENDANCE,CALTHORPE|STRENGTH & STRETCH|2026-01-20|0930|1030|CARD:386,NEW_ATTENDANCE,22293,Inserted inside the current SQL transaction.
COMMITTED,ATTENDANCE,CALTHORPE|STRENGTH & STRETCH|2026-01-20|0930|1030|CARD:388,NEW_ATTENDANCE,22294,Inserted inside the current SQL transaction.
COMMITTED,ATTENDANCE,CALTHORPE|STRENGTH & STRETCH|2026-01-20|0930|1030|CARD:391,NEW_ATTENDANCE,22295,Inserted inside the current SQL transaction.
COMMITTED,ATTENDANCE,CALTHORPE|STRENGTH & STRETCH|2026-01-20|0930|1030|CARD:396,NEW_ATTENDANCE,22296,Inserted inside the current SQL transaction.
COMMITTED,ATTENDANCE,CALTHORPE|STRENGTH & STRETCH|2026-01-20|0930|1030|CARD:407,NEW_ATTENDANCE,22297,Inserted inside the current SQL transaction.
COMMITTED,ATTENDANCE,CALTHORPE|STRENGTH & STRETCH|2026-01-20|0930|1030|CARD:413,NEW_ATTENDANCE,22298,Inserted inside the current SQL transaction.
COMMITTED,ATTENDANCE,CALTHORPE|STRENGTH & STRETCH|2026-01-20|0930|1030|CARD:416,NEW_ATTENDANCE,22299,Inserted inside the current SQL transaction.
COMMITTED,ATTENDANCE,CALTHORPE|STRENGTH & STRETCH|2026-01-20|0930|1030|CARD:440,NEW_ATTENDANCE,22300,Inserted inside the current SQL transaction.
COMMITTED,ATTENDANCE,CALTHORPE|STRENGTH & STRETCH|2026-01-20|0930|1030|CARD:486,NEW_ATTENDANCE,22301,Inserted inside the current SQL transaction.
COMMITTED,ATTENDANCE,CALTHORPE|STRENGTH & STRETCH|2026-01-20|0930|1030|CARD:515,NEW_ATTENDANCE,22302,Inserted inside the current SQL transaction.
COMMITTED,ATTENDANCE,CALTHORPE|STRENGTH & STRETCH|2026-01-20|0930|1030|CARD:648,NEW_ATTENDANCE,22303,Inserted inside the current SQL transaction.
COMMITTED,ATTENDANCE,CALTHORPE|STRENGTH & STRETCH|2026-01-20|0930|1030|CARD:656,NEW_ATTENDANCE,22304,Inserted inside the current SQL transaction.
COMMITTED,ATTENDANCE,CALTHORPE|STRENGTH & STRETCH|2026-01-20|0930|1030|CARD:691,NEW_ATTENDANCE,22305,Inserted inside the current SQL transaction.
COMMITTED,ATTENDANCE,CALTHORPE|STRENGTH & STRETCH|2026-01-20|0930|1030|CARD:698,NEW_ATTENDANCE,22306,Inserted inside the current SQL transaction.
COMMITTED,ATTENDANCE,CALTHORPE|STRENGTH & STRETCH|2026-01-20|0930|1030|CARD:727,NEW_ATTENDANCE,22307,Inserted inside the current SQL transaction.
COMMITTED,ATTENDANCE,CALTHORPE|STRENGTH & STRETCH|2026-01-20|0930|1030|CARD:764,NEW_ATTENDANCE,22308,Inserted inside the current SQL transaction.
COMMITTED,ATTENDANCE,CALTHORPE|STRENGTH & STRETCH|2026-01-20|0930|1030|CARD:780,NEW_ATTENDANCE,22309,Inserted inside the current SQL transaction.
COMMITTED,ATTENDANCE,CALTHORPE|YOGA|2026-01-20|1715|1815|CARD:156,ALREADY_IN_CRM,188,Skipped because this participant already has attendance for the resolved session.
COMMITTED,ATTENDANCE,CALTHORPE|YOGA|2026-01-20|1715|1815|CARD:204,ALREADY_IN_CRM,189,Skipped because this participant already has attendance for the resolved session.
COMMITTED,ATTENDANCE,CALTHORPE|YOGA|2026-01-20|1715|1815|CARD:617,ALREADY_IN_CRM,190,Skipped because this participant already has attendance for the resolved session.
COMMITTED,ATTENDANCE,CALTHORPE|YOGA|2026-01-20|1715|1815|CARD:625,ALREADY_IN_CRM,191,Skipped because this participant already has attendance for the resolved session.
COMMITTED,ATTENDANCE,CALTHORPE|YOGA|2026-01-20|1715|1815|CARD:703,ALREADY_IN_CRM,187,Skipped because this participant already has attendance for the resolved session.
COMMITTED,ATTENDANCE,CALTHORPE|YOGA|2026-01-20|1715|1815|CARD:727,ALREADY_IN_CRM,186,Skipped because this participant already has attendance for the resolved session.
COMMITTED,ATTENDANCE,CALTHORPE|ESOL|2026-01-21|0930|1030|CARD:455,ALREADY_IN_CRM,194,Skipped because this participant already has attendance for the resolved session.
COMMITTED,ATTENDANCE,CALTHORPE|ESOL|2026-01-21|0930|1030|CARD:462,ALREADY_IN_CRM,198,Skipped because this participant already has attendance for the resolved session.
COMMITTED,ATTENDANCE,CALTHORPE|ESOL|2026-01-21|0930|1030|CARD:516,ALREADY_IN_CRM,197,Skipped because this participant already has attendance for the resolved session.
COMMITTED,ATTENDANCE,CALTHORPE|ESOL|2026-01-21|0930|1030|CARD:709,ALREADY_IN_CRM,192,Skipped because this participant already has attendance for the resolved session.
COMMITTED,ATTENDANCE,CALTHORPE|ESOL|2026-01-21|0930|1030|CARD:715,ALREADY_IN_CRM,195,Skipped because this participant already has attendance for the resolved session.
COMMITTED,ATTENDANCE,CALTHORPE|ESOL|2026-01-21|0930|1030|CARD:727,ALREADY_IN_CRM,193,Skipped because this participant already has attendance for the resolved session.
COMMITTED,ATTENDANCE,CALTHORPE|ESOL|2026-01-21|0930|1030|CARD:728,ALREADY_IN_CRM,196,Skipped because this participant already has attendance for the resolved session.
COMMITTED,ATTENDANCE,CALTHORPE|ESOL|2026-01-21|0930|1030|CARD:785,ALREADY_IN_CRM,199,Skipped because this participant already has attendance for the resolved session.
COMMITTED,ATTENDANCE,CALTHORPE|SALSA/BELLY DANCING|2026-01-21|1100|1200|CARD:402,NEW_ATTENDANCE,22310,Inserted inside the current SQL transaction.
COMMITTED,ATTENDANCE,CALTHORPE|SALSA/BELLY DANCING|2026-01-21|1100|1200|CARD:441,NEW_ATTENDANCE,22311,Inserted inside the current SQL transaction.
COMMITTED,ATTENDANCE,CALTHORPE|SALSA/BELLY DANCING|2026-01-21|1100|1200|CARD:486,NEW_ATTENDANCE,22312,Inserted inside the current SQL transaction.
COMMITTED,ATTENDANCE,CALTHORPE|SALSA/BELLY DANCING|2026-01-21|1100|1200|CARD:638,NEW_ATTENDANCE,22313,Inserted inside the current SQL transaction.
COMMITTED,ATTENDANCE,CALTHORPE|SALSA/BELLY DANCING|2026-01-21|1100|1200|CARD:656,NEW_ATTENDANCE,22314,Inserted inside the current SQL transaction.
COMMITTED,ATTENDANCE,CALTHORPE|SALSA/BELLY DANCING|2026-01-21|1100|1200|CARD:658,NEW_ATTENDANCE,22315,Inserted inside the current SQL transaction.
COMMITTED,ATTENDANCE,CALTHORPE|SALSA/BELLY DANCING|2026-01-21|1100|1200|CARD:681,NEW_ATTENDANCE,22316,Inserted inside the current SQL transaction.
COMMITTED,ATTENDANCE,CALTHORPE|SALSA/BELLY DANCING|2026-01-21|1100|1200|CARD:771,NEW_ATTENDANCE,22317,Inserted inside the current SQL transaction.
COMMITTED,ATTENDANCE,CALTHORPE|SALSA/BELLY DANCING|2026-01-21|1100|1200|CARD:824,NEW_ATTENDANCE,22318,Inserted inside the current SQL transaction.
COMMITTED,ATTENDANCE,CALTHORPE|SALSA/BELLY DANCING|2026-01-21|1100|1200|NAME:jiannua barkley,NEW_ATTENDANCE,22319,Inserted inside the current SQL transaction.
COMMITTED,ATTENDANCE,CALTHORPE|SALSA/BELLY DANCING|2026-01-21|1100|1200|NAME:roduka,NEW_ATTENDANCE,22320,Inserted inside the current SQL transaction.
COMMITTED,ATTENDANCE,CALTHORPE|CHAIR BASED EXERCISE|2026-01-22|1130|1215|CARD:337,ALREADY_IN_CRM,211,Skipped because this participant already has attendance for the resolved session.
COMMITTED,ATTENDANCE,CALTHORPE|CHAIR BASED EXERCISE|2026-01-22|1130|1215|CARD:380,ALREADY_IN_CRM,208,Skipped because this participant already has attendance for the resolved session.
COMMITTED,ATTENDANCE,CALTHORPE|CHAIR BASED EXERCISE|2026-01-22|1130|1215|CARD:416,ALREADY_IN_CRM,203,Skipped because this participant already has attendance for the resolved session.
COMMITTED,ATTENDANCE,CALTHORPE|CHAIR BASED EXERCISE|2026-01-22|1130|1215|CARD:418,ALREADY_IN_CRM,212,Skipped because this participant already has attendance for the resolved session.
COMMITTED,ATTENDANCE,CALTHORPE|CHAIR BASED EXERCISE|2026-01-22|1130|1215|CARD:436,ALREADY_IN_CRM,206,Skipped because this participant already has attendance for the resolved session.
COMMITTED,ATTENDANCE,CALTHORPE|CHAIR BASED EXERCISE|2026-01-22|1130|1215|CARD:444,ALREADY_IN_CRM,204,Skipped because this participant already has attendance for the resolved session.
COMMITTED,ATTENDANCE,CALTHORPE|CHAIR BASED EXERCISE|2026-01-22|1130|1215|CARD:474,ALREADY_IN_CRM,207,Skipped because this participant already has attendance for the resolved session.
COMMITTED,ATTENDANCE,CALTHORPE|CHAIR BASED EXERCISE|2026-01-22|1130|1215|CARD:584,ALREADY_IN_CRM,213,Skipped because this participant already has attendance for the resolved session.
COMMITTED,ATTENDANCE,CALTHORPE|CHAIR BASED EXERCISE|2026-01-22|1130|1215|CARD:586,ALREADY_IN_CRM,205,Skipped because this participant already has attendance for the resolved session.
COMMITTED,ATTENDANCE,CALTHORPE|CHAIR BASED EXERCISE|2026-01-22|1130|1215|CARD:620,ALREADY_IN_CRM,210,Skipped because this participant already has attendance for the resolved session.
COMMITTED,ATTENDANCE,CALTHORPE|CHAIR BASED EXERCISE|2026-01-22|1130|1215|CARD:638,ALREADY_IN_CRM,201,Skipped because this participant already has attendance for the resolved session.
COMMITTED,ATTENDANCE,CALTHORPE|CHAIR BASED EXERCISE|2026-01-22|1130|1215|CARD:640,ALREADY_IN_CRM,202,Skipped because this participant already has attendance for the resolved session.
COMMITTED,ATTENDANCE,CALTHORPE|CHAIR BASED EXERCISE|2026-01-22|1130|1215|CARD:655,ALREADY_IN_CRM,200,Skipped because this participant already has attendance for the resolved session.
COMMITTED,ATTENDANCE,CALTHORPE|CHAIR BASED EXERCISE|2026-01-22|1130|1215|CARD:750,ALREADY_IN_CRM,209,Skipped because this participant already has attendance for the resolved session.
COMMITTED,ATTENDANCE,CALTHORPE|CHAIR BASED EXERCISE|2026-01-22|1130|1215|CARD:873,ALREADY_IN_CRM,214,Skipped because this participant already has attendance for the resolved session.
COMMITTED,ATTENDANCE,CALTHORPE|CIRCUIT TRAINING|2026-01-22|0930|1015|CARD:373,ALREADY_IN_CRM,227,Skipped because this participant already has attendance for the resolved session.
COMMITTED,ATTENDANCE,CALTHORPE|CIRCUIT TRAINING|2026-01-22|0930|1015|CARD:398,ALREADY_IN_CRM,226,Skipped because this participant already has attendance for the resolved session.
COMMITTED,ATTENDANCE,CALTHORPE|CIRCUIT TRAINING|2026-01-22|0930|1015|CARD:413,ALREADY_IN_CRM,215,Skipped because this participant already has attendance for the resolved session.
COMMITTED,ATTENDANCE,CALTHORPE|CIRCUIT TRAINING|2026-01-22|0930|1015|CARD:440,ALREADY_IN_CRM,220,Skipped because this participant already has attendance for the resolved session.
COMMITTED,ATTENDANCE,CALTHORPE|CIRCUIT TRAINING|2026-01-22|0930|1015|CARD:441,ALREADY_IN_CRM,222,Skipped because this participant already has attendance for the resolved session.
COMMITTED,ATTENDANCE,CALTHORPE|CIRCUIT TRAINING|2026-01-22|0930|1015|CARD:470,ALREADY_IN_CRM,223,Skipped because this participant already has attendance for the resolved session.
COMMITTED,ATTENDANCE,CALTHORPE|CIRCUIT TRAINING|2026-01-22|0930|1015|CARD:515,ALREADY_IN_CRM,224,Skipped because this participant already has attendance for the resolved session.
COMMITTED,ATTENDANCE,CALTHORPE|CIRCUIT TRAINING|2026-01-22|0930|1015|CARD:648,ALREADY_IN_CRM,219,Skipped because this participant already has attendance for the resolved session.
COMMITTED,ATTENDANCE,CALTHORPE|CIRCUIT TRAINING|2026-01-22|0930|1015|CARD:691,ALREADY_IN_CRM,217,Skipped because this participant already has attendance for the resolved session.
COMMITTED,ATTENDANCE,CALTHORPE|CIRCUIT TRAINING|2026-01-22|0930|1015|CARD:692,ALREADY_IN_CRM,216,Skipped because this participant already has attendance for the resolved session.
COMMITTED,ATTENDANCE,CALTHORPE|CIRCUIT TRAINING|2026-01-22|0930|1015|CARD:727,ALREADY_IN_CRM,218,Skipped because this participant already has attendance for the resolved session.
COMMITTED,ATTENDANCE,CALTHORPE|CIRCUIT TRAINING|2026-01-22|0930|1015|CARD:770,ALREADY_IN_CRM,221,Skipped because this participant already has attendance for the resolved session.
COMMITTED,ATTENDANCE,CALTHORPE|CIRCUIT TRAINING|2026-01-22|0930|1015|CARD:780,ALREADY_IN_CRM,225,Skipped because this participant already has attendance for the resolved session.
COMMITTED,ATTENDANCE,CALTHORPE|CIRCUIT TRAINING|2026-01-22|0930|1015|CARD:790,ALREADY_IN_CRM,228,Skipped because this participant already has attendance for the resolved session.
COMMITTED,ATTENDANCE,CALTHORPE|CROCHET|2026-01-22|1230|1415|CARD:337,NEW_ATTENDANCE,22321,Inserted inside the current SQL transaction.
COMMITTED,ATTENDANCE,CALTHORPE|CROCHET|2026-01-22|1230|1415|CARD:380,NEW_ATTENDANCE,22322,Inserted inside the current SQL transaction.
COMMITTED,ATTENDANCE,CALTHORPE|CROCHET|2026-01-22|1230|1415|CARD:416,NEW_ATTENDANCE,22323,Inserted inside the current SQL transaction.
COMMITTED,ATTENDANCE,CALTHORPE|CROCHET|2026-01-22|1230|1415|CARD:418,NEW_ATTENDANCE,22324,Inserted inside the current SQL transaction.
COMMITTED,ATTENDANCE,CALTHORPE|CROCHET|2026-01-22|1230|1415|CARD:436,NEW_ATTENDANCE,22325,Inserted inside the current SQL transaction.
COMMITTED,ATTENDANCE,CALTHORPE|CROCHET|2026-01-22|1230|1415|CARD:444,NEW_ATTENDANCE,22326,Inserted inside the current SQL transaction.
COMMITTED,ATTENDANCE,CALTHORPE|CROCHET|2026-01-22|1230|1415|CARD:474,NEW_ATTENDANCE,22327,Inserted inside the current SQL transaction.
COMMITTED,ATTENDANCE,CALTHORPE|CROCHET|2026-01-22|1230|1415|CARD:584,NEW_ATTENDANCE,22328,Inserted inside the current SQL transaction.
COMMITTED,ATTENDANCE,CALTHORPE|CROCHET|2026-01-22|1230|1415|CARD:586,NEW_ATTENDANCE,22329,Inserted inside the current SQL transaction.
COMMITTED,ATTENDANCE,CALTHORPE|CROCHET|2026-01-22|1230|1415|CARD:620,NEW_ATTENDANCE,22330,Inserted inside the current SQL transaction.
COMMITTED,ATTENDANCE,CALTHORPE|CROCHET|2026-01-22|1230|1415|CARD:638,NEW_ATTENDANCE,22331,Inserted inside the current SQL transaction.
COMMITTED,ATTENDANCE,CALTHORPE|CROCHET|2026-01-22|1230|1415|CARD:640,NEW_ATTENDANCE,22332,Inserted inside the current SQL transaction.
COMMITTED,ATTENDANCE,CALTHORPE|CROCHET|2026-01-22|1230|1415|CARD:655,NEW_ATTENDANCE,22333,Inserted inside the current SQL transaction.
COMMITTED,ATTENDANCE,CALTHORPE|CROCHET|2026-01-22|1230|1415|CARD:750,NEW_ATTENDANCE,22334,Inserted inside the current SQL transaction.
COMMITTED,ATTENDANCE,CALTHORPE|CROCHET|2026-01-22|1230|1415|CARD:873,NEW_ATTENDANCE,22335,Inserted inside the current SQL transaction.
COMMITTED,ATTENDANCE,CALTHORPE|MEN'S MULTI SPORTS|2026-01-22|1030|1130|CARD:874,NEW_ATTENDANCE,22336,Inserted inside the current SQL transaction.
COMMITTED,ATTENDANCE,CALTHORPE|ARTS|2026-01-23|1300|1430|CARD:397,NEW_ATTENDANCE,22337,Inserted inside the current SQL transaction.
COMMITTED,ATTENDANCE,CALTHORPE|ARTS|2026-01-23|1300|1430|CARD:416,NEW_ATTENDANCE,22338,Inserted inside the current SQL transaction.
COMMITTED,ATTENDANCE,CALTHORPE|ARTS|2026-01-23|1300|1430|CARD:634,NEW_ATTENDANCE,22339,Inserted inside the current SQL transaction.
COMMITTED,ATTENDANCE,CALTHORPE|ARTS|2026-01-23|1300|1430|CARD:637,NEW_ATTENDANCE,22340,Inserted inside the current SQL transaction.
COMMITTED,ATTENDANCE,CALTHORPE|ARTS|2026-01-23|1300|1430|CARD:658,NEW_ATTENDANCE,22341,Inserted inside the current SQL transaction.
COMMITTED,ATTENDANCE,CALTHORPE|BODY CONDITIONING|2026-01-23|1100|1145|CARD:126,ALREADY_IN_CRM,234,Skipped because this participant already has attendance for the resolved session.
COMMITTED,ATTENDANCE,CALTHORPE|BODY CONDITIONING|2026-01-23|1100|1145|CARD:346,ALREADY_IN_CRM,237,Skipped because this participant already has attendance for the resolved session.
COMMITTED,ATTENDANCE,CALTHORPE|BODY CONDITIONING|2026-01-23|1100|1145|CARD:380,ALREADY_IN_CRM,238,Skipped because this participant already has attendance for the resolved session.
COMMITTED,ATTENDANCE,CALTHORPE|BODY CONDITIONING|2026-01-23|1100|1145|CARD:413,ALREADY_IN_CRM,230,Skipped because this participant already has attendance for the resolved session.
COMMITTED,ATTENDANCE,CALTHORPE|BODY CONDITIONING|2026-01-23|1100|1145|CARD:44,ALREADY_IN_CRM,240,Skipped because this participant already has attendance for the resolved session.
COMMITTED,ATTENDANCE,CALTHORPE|BODY CONDITIONING|2026-01-23|1100|1145|CARD:442,ALREADY_IN_CRM,236,Skipped because this participant already has attendance for the resolved session.
COMMITTED,ATTENDANCE,CALTHORPE|BODY CONDITIONING|2026-01-23|1100|1145|CARD:470,ALREADY_IN_CRM,239,Skipped because this participant already has attendance for the resolved session.
COMMITTED,ATTENDANCE,CALTHORPE|BODY CONDITIONING|2026-01-23|1100|1145|CARD:568,ALREADY_IN_CRM,235,Skipped because this participant already has attendance for the resolved session.
COMMITTED,ATTENDANCE,CALTHORPE|BODY CONDITIONING|2026-01-23|1100|1145|CARD:625,ALREADY_IN_CRM,245,Skipped because this participant already has attendance for the resolved session.
COMMITTED,ATTENDANCE,CALTHORPE|BODY CONDITIONING|2026-01-23|1100|1145|CARD:644,ALREADY_IN_CRM,242,Skipped because this participant already has attendance for the resolved session.
COMMITTED,ATTENDANCE,CALTHORPE|BODY CONDITIONING|2026-01-23|1100|1145|CARD:681,ALREADY_IN_CRM,244,Skipped because this participant already has attendance for the resolved session.
COMMITTED,ATTENDANCE,CALTHORPE|BODY CONDITIONING|2026-01-23|1100|1145|CARD:692,ALREADY_IN_CRM,231,Skipped because this participant already has attendance for the resolved session.
COMMITTED,ATTENDANCE,CALTHORPE|BODY CONDITIONING|2026-01-23|1100|1145|CARD:700,ALREADY_IN_CRM,232,Skipped because this participant already has attendance for the resolved session.
COMMITTED,ATTENDANCE,CALTHORPE|BODY CONDITIONING|2026-01-23|1100|1145|CARD:742,ALREADY_IN_CRM,233,Skipped because this participant already has attendance for the resolved session.
COMMITTED,ATTENDANCE,CALTHORPE|BODY CONDITIONING|2026-01-23|1100|1145|CARD:771,ALREADY_IN_CRM,243,Skipped because this participant already has attendance for the resolved session.
COMMITTED,ATTENDANCE,CALTHORPE|BODY CONDITIONING|2026-01-23|1100|1145|CARD:797,ALREADY_IN_CRM,241,Skipped because this participant already has attendance for the resolved session.
COMMITTED,ATTENDANCE,CALTHORPE|PILATES|2026-01-23|1200|1245|CARD:156,NEW_ATTENDANCE,22342,Inserted inside the current SQL transaction.
COMMITTED,ATTENDANCE,CALTHORPE|PILATES|2026-01-23|1200|1245|CARD:337,NEW_ATTENDANCE,22343,Inserted inside the current SQL transaction.
COMMITTED,ATTENDANCE,CALTHORPE|PILATES|2026-01-23|1200|1245|CARD:390,NEW_ATTENDANCE,22344,Inserted inside the current SQL transaction.
COMMITTED,ATTENDANCE,CALTHORPE|PILATES|2026-01-23|1200|1245|CARD:410,NEW_ATTENDANCE,22345,Inserted inside the current SQL transaction.
COMMITTED,ATTENDANCE,CALTHORPE|PILATES|2026-01-23|1200|1245|CARD:413,NEW_ATTENDANCE,22346,Inserted inside the current SQL transaction.
COMMITTED,ATTENDANCE,CALTHORPE|PILATES|2026-01-23|1200|1245|CARD:440,NEW_ATTENDANCE,22347,Inserted inside the current SQL transaction.
COMMITTED,ATTENDANCE,CALTHORPE|PILATES|2026-01-23|1200|1245|CARD:442,NEW_ATTENDANCE,22348,Inserted inside the current SQL transaction.
COMMITTED,ATTENDANCE,CALTHORPE|PILATES|2026-01-23|1200|1245|CARD:486,NEW_ATTENDANCE,22349,Inserted inside the current SQL transaction.
COMMITTED,ATTENDANCE,CALTHORPE|PILATES|2026-01-23|1200|1245|CARD:606,NEW_ATTENDANCE,22350,Inserted inside the current SQL transaction.
COMMITTED,ATTENDANCE,CALTHORPE|PILATES|2026-01-23|1200|1245|CARD:625,NEW_ATTENDANCE,22351,Inserted inside the current SQL transaction.
COMMITTED,ATTENDANCE,CALTHORPE|PILATES|2026-01-23|1200|1245|CARD:635,NEW_ATTENDANCE,22352,Inserted inside the current SQL transaction.
COMMITTED,ATTENDANCE,CALTHORPE|PILATES|2026-01-23|1200|1245|CARD:644,NEW_ATTENDANCE,22353,Inserted inside the current SQL transaction.
COMMITTED,ATTENDANCE,CALTHORPE|PILATES|2026-01-23|1200|1245|CARD:681,NEW_ATTENDANCE,22354,Inserted inside the current SQL transaction.
COMMITTED,ATTENDANCE,CALTHORPE|PILATES|2026-01-23|1200|1245|CARD:692,NEW_ATTENDANCE,22355,Inserted inside the current SQL transaction.
COMMITTED,ATTENDANCE,CALTHORPE|PILATES|2026-01-23|1200|1245|CARD:707,NEW_ATTENDANCE,22356,Inserted inside the current SQL transaction.
COMMITTED,ATTENDANCE,CALTHORPE|PILATES|2026-01-23|1200|1245|CARD:742,NEW_ATTENDANCE,22357,Inserted inside the current SQL transaction.
COMMITTED,ATTENDANCE,CALTHORPE|CHAIR BASED EXERCISE|2026-01-26|1130|1215|CARD:380,ALREADY_IN_CRM,267,Skipped because this participant already has attendance for the resolved session.
COMMITTED,ATTENDANCE,CALTHORPE|CHAIR BASED EXERCISE|2026-01-26|1130|1215|CARD:410,ALREADY_IN_CRM,265,Skipped because this participant already has attendance for the resolved session.
COMMITTED,ATTENDANCE,CALTHORPE|CHAIR BASED EXERCISE|2026-01-26|1130|1215|CARD:416,ALREADY_IN_CRM,263,Skipped because this participant already has attendance for the resolved session.
COMMITTED,ATTENDANCE,CALTHORPE|CHAIR BASED EXERCISE|2026-01-26|1130|1215|CARD:444,ALREADY_IN_CRM,264,Skipped because this participant already has attendance for the resolved session.
COMMITTED,ATTENDANCE,CALTHORPE|CHAIR BASED EXERCISE|2026-01-26|1130|1215|CARD:485,ALREADY_IN_CRM,272,Skipped because this participant already has attendance for the resolved session.
COMMITTED,ATTENDANCE,CALTHORPE|CHAIR BASED EXERCISE|2026-01-26|1130|1215|CARD:586,ALREADY_IN_CRM,266,Skipped because this participant already has attendance for the resolved session.
COMMITTED,ATTENDANCE,CALTHORPE|CHAIR BASED EXERCISE|2026-01-26|1130|1215|CARD:601,ALREADY_IN_CRM,270,Skipped because this participant already has attendance for the resolved session.
COMMITTED,ATTENDANCE,CALTHORPE|CHAIR BASED EXERCISE|2026-01-26|1130|1215|CARD:620,ALREADY_IN_CRM,269,Skipped because this participant already has attendance for the resolved session.
COMMITTED,ATTENDANCE,CALTHORPE|CHAIR BASED EXERCISE|2026-01-26|1130|1215|CARD:638,ALREADY_IN_CRM,262,Skipped because this participant already has attendance for the resolved session.
COMMITTED,ATTENDANCE,CALTHORPE|CHAIR BASED EXERCISE|2026-01-26|1130|1215|CARD:656,ALREADY_IN_CRM,268,Skipped because this participant already has attendance for the resolved session.
COMMITTED,ATTENDANCE,CALTHORPE|CHAIR BASED EXERCISE|2026-01-26|1130|1215|CARD:681,ALREADY_IN_CRM,271,Skipped because this participant already has attendance for the resolved session.
COMMITTED,ATTENDANCE,CALTHORPE|CHAIR BASED EXERCISE|2026-01-26|1130|1215|CARD:705,ALREADY_IN_CRM,273,Skipped because this participant already has attendance for the resolved session.
COMMITTED,ATTENDANCE,CALTHORPE|CHAIR BASED EXERCISE|2026-01-26|1130|1215|CARD:866,ALREADY_IN_CRM,274,Skipped because this participant already has attendance for the resolved session.
COMMITTED,ATTENDANCE,CALTHORPE|CROCHET|2026-01-26|1230|1430|CARD:418,NEW_ATTENDANCE,22358,Inserted inside the current SQL transaction.
COMMITTED,ATTENDANCE,CALTHORPE|CROCHET|2026-01-26|1230|1430|CARD:436,NEW_ATTENDANCE,22359,Inserted inside the current SQL transaction.
COMMITTED,ATTENDANCE,CALTHORPE|CROCHET|2026-01-26|1230|1430|CARD:468,NEW_ATTENDANCE,22360,Inserted inside the current SQL transaction.
COMMITTED,ATTENDANCE,CALTHORPE|CROCHET|2026-01-26|1230|1430|CARD:493,NEW_ATTENDANCE,22361,Inserted inside the current SQL transaction.
COMMITTED,ATTENDANCE,CALTHORPE|CROCHET|2026-01-26|1230|1430|CARD:509,NEW_ATTENDANCE,22362,Inserted inside the current SQL transaction.
COMMITTED,ATTENDANCE,CALTHORPE|CROCHET|2026-01-26|1230|1430|CARD:586,NEW_ATTENDANCE,22363,Inserted inside the current SQL transaction.
COMMITTED,ATTENDANCE,CALTHORPE|CROCHET|2026-01-26|1230|1430|CARD:638,NEW_ATTENDANCE,22364,Inserted inside the current SQL transaction.
COMMITTED,ATTENDANCE,CALTHORPE|CROCHET|2026-01-26|1230|1430|CARD:708,NEW_ATTENDANCE,22365,Inserted inside the current SQL transaction.
COMMITTED,ATTENDANCE,CALTHORPE|CROCHET|2026-01-26|1230|1430|NAME:shailla sharif,NEW_ATTENDANCE,22366,Inserted inside the current SQL transaction.
COMMITTED,ATTENDANCE,CALTHORPE|HIIT|2026-01-26|1030|1115|CARD:396,ALREADY_IN_CRM,282,Skipped because this participant already has attendance for the resolved session.
COMMITTED,ATTENDANCE,CALTHORPE|HIIT|2026-01-26|1030|1115|CARD:407,ALREADY_IN_CRM,281,Skipped because this participant already has attendance for the resolved session.
COMMITTED,ATTENDANCE,CALTHORPE|HIIT|2026-01-26|1030|1115|CARD:638,ALREADY_IN_CRM,276,Skipped because this participant already has attendance for the resolved session.
COMMITTED,ATTENDANCE,CALTHORPE|HIIT|2026-01-26|1030|1115|CARD:656,ALREADY_IN_CRM,279,Skipped because this participant already has attendance for the resolved session.
COMMITTED,ATTENDANCE,CALTHORPE|HIIT|2026-01-26|1030|1115|CARD:692,ALREADY_IN_CRM,275,Skipped because this participant already has attendance for the resolved session.
COMMITTED,ATTENDANCE,CALTHORPE|HIIT|2026-01-26|1030|1115|CARD:704,ALREADY_IN_CRM,278,Skipped because this participant already has attendance for the resolved session.
COMMITTED,ATTENDANCE,CALTHORPE|HIIT|2026-01-26|1030|1115|CARD:717,ALREADY_IN_CRM,277,Skipped because this participant already has attendance for the resolved session.
COMMITTED,ATTENDANCE,CALTHORPE|HIIT|2026-01-26|1030|1115|CARD:771,ALREADY_IN_CRM,283,Skipped because this participant already has attendance for the resolved session.
COMMITTED,ATTENDANCE,CALTHORPE|HIIT|2026-01-26|1030|1115|CARD:780,ALREADY_IN_CRM,280,Skipped because this participant already has attendance for the resolved session.
COMMITTED,ATTENDANCE,CALTHORPE|HIIT|2026-01-26|1030|1115|CARD:877,ALREADY_IN_CRM,285,Skipped because this participant already has attendance for the resolved session.
COMMITTED,ATTENDANCE,CALTHORPE|HIIT|2026-01-26|1030|1115|CARD:996,ALREADY_IN_CRM,284,Skipped because this participant already has attendance for the resolved session.
COMMITTED,ATTENDANCE,CALTHORPE|HIIT|2026-01-26|1030|1115|NAME:saima begum,NEW_ATTENDANCE,22367,Inserted inside the current SQL transaction.
COMMITTED,ATTENDANCE,CALTHORPE|ZUMBA|2026-01-26|0930|1015|CARD:1236,ALREADY_IN_CRM,288,Skipped because this participant already has attendance for the resolved session.
COMMITTED,ATTENDANCE,CALTHORPE|ZUMBA|2026-01-26|0930|1015|CARD:390,ALREADY_IN_CRM,290,Skipped because this participant already has attendance for the resolved session.
COMMITTED,ATTENDANCE,CALTHORPE|ZUMBA|2026-01-26|0930|1015|CARD:515,ALREADY_IN_CRM,295,Skipped because this participant already has attendance for the resolved session.
COMMITTED,ATTENDANCE,CALTHORPE|ZUMBA|2026-01-26|0930|1015|CARD:565,ALREADY_IN_CRM,297,Skipped because this participant already has attendance for the resolved session.
COMMITTED,ATTENDANCE,CALTHORPE|ZUMBA|2026-01-26|0930|1015|CARD:639,ALREADY_IN_CRM,293,Skipped because this participant already has attendance for the resolved session.
COMMITTED,ATTENDANCE,CALTHORPE|ZUMBA|2026-01-26|0930|1015|CARD:656,ALREADY_IN_CRM,294,Skipped because this participant already has attendance for the resolved session.
COMMITTED,ATTENDANCE,CALTHORPE|ZUMBA|2026-01-26|0930|1015|CARD:691,ALREADY_IN_CRM,287,Skipped because this participant already has attendance for the resolved session.
COMMITTED,ATTENDANCE,CALTHORPE|ZUMBA|2026-01-26|0930|1015|CARD:692,ALREADY_IN_CRM,286,Skipped because this participant already has attendance for the resolved session.
COMMITTED,ATTENDANCE,CALTHORPE|ZUMBA|2026-01-26|0930|1015|CARD:699,ALREADY_IN_CRM,292,Skipped because this participant already has attendance for the resolved session.
COMMITTED,ATTENDANCE,CALTHORPE|ZUMBA|2026-01-26|0930|1015|CARD:703,ALREADY_IN_CRM,291,Skipped because this participant already has attendance for the resolved session.
COMMITTED,ATTENDANCE,CALTHORPE|ZUMBA|2026-01-26|0930|1015|CARD:704,ALREADY_IN_CRM,289,Skipped because this participant already has attendance for the resolved session.
COMMITTED,ATTENDANCE,CALTHORPE|ZUMBA|2026-01-26|0930|1015|CARD:771,ALREADY_IN_CRM,296,Skipped because this participant already has attendance for the resolved session.
COMMITTED,ATTENDANCE,CALTHORPE|ZUMBA|2026-01-26|0930|1015|CARD:996,ALREADY_IN_CRM,298,Skipped because this participant already has attendance for the resolved session.
COMMITTED,ATTENDANCE,CALTHORPE|ZUMBA|2026-01-26|0930|1015|NAME:intether yafai,NEW_ATTENDANCE,22368,Inserted inside the current SQL transaction.
COMMITTED,ATTENDANCE,CALTHORPE|ZUMBA|2026-01-26|0930|1015|NAME:saima begum,NEW_ATTENDANCE,22369,Inserted inside the current SQL transaction.
COMMITTED,ATTENDANCE,CALTHORPE|ESOL|2026-01-27|0930|1030|CARD:455,ALREADY_IN_CRM,302,Skipped because this participant already has attendance for the resolved session.
COMMITTED,ATTENDANCE,CALTHORPE|ESOL|2026-01-27|0930|1030|CARD:457,ALREADY_IN_CRM,307,Skipped because this participant already has attendance for the resolved session.
COMMITTED,ATTENDANCE,CALTHORPE|ESOL|2026-01-27|0930|1030|CARD:458,ALREADY_IN_CRM,306,Skipped because this participant already has attendance for the resolved session.
COMMITTED,ATTENDANCE,CALTHORPE|ESOL|2026-01-27|0930|1030|CARD:459,ALREADY_IN_CRM,300,Skipped because this participant already has attendance for the resolved session.
COMMITTED,ATTENDANCE,CALTHORPE|ESOL|2026-01-27|0930|1030|CARD:516,ALREADY_IN_CRM,304,Skipped because this participant already has attendance for the resolved session.
COMMITTED,ATTENDANCE,CALTHORPE|ESOL|2026-01-27|0930|1030|CARD:622,ALREADY_IN_CRM,305,Skipped because this participant already has attendance for the resolved session.
COMMITTED,ATTENDANCE,CALTHORPE|ESOL|2026-01-27|0930|1030|CARD:715,ALREADY_IN_CRM,303,Skipped because this participant already has attendance for the resolved session.
COMMITTED,ATTENDANCE,CALTHORPE|ESOL|2026-01-27|0930|1030|CARD:754,ALREADY_IN_CRM,301,Skipped because this participant already has attendance for the resolved session.
COMMITTED,ATTENDANCE,CALTHORPE|ESOL|2026-01-27|0930|1030|CARD:803,ALREADY_IN_CRM,299,Skipped because this participant already has attendance for the resolved session.
COMMITTED,ATTENDANCE,CALTHORPE|ESOL|2026-01-27|0930|1030|NAME:sarah abduluwhab,NEW_ATTENDANCE,22370,Inserted inside the current SQL transaction.
COMMITTED,ATTENDANCE,CALTHORPE|STRENGTH & STRETCH|2026-01-27|0930|1030|CARD:386,NEW_ATTENDANCE,22371,Inserted inside the current SQL transaction.
COMMITTED,ATTENDANCE,CALTHORPE|STRENGTH & STRETCH|2026-01-27|0930|1030|CARD:388,NEW_ATTENDANCE,22372,Inserted inside the current SQL transaction.
COMMITTED,ATTENDANCE,CALTHORPE|STRENGTH & STRETCH|2026-01-27|0930|1030|CARD:396,NEW_ATTENDANCE,22373,Inserted inside the current SQL transaction.
COMMITTED,ATTENDANCE,CALTHORPE|STRENGTH & STRETCH|2026-01-27|0930|1030|CARD:406,NEW_ATTENDANCE,22374,Inserted inside the current SQL transaction.
COMMITTED,ATTENDANCE,CALTHORPE|STRENGTH & STRETCH|2026-01-27|0930|1030|CARD:407,NEW_ATTENDANCE,22375,Inserted inside the current SQL transaction.
COMMITTED,ATTENDANCE,CALTHORPE|STRENGTH & STRETCH|2026-01-27|0930|1030|CARD:416,NEW_ATTENDANCE,22376,Inserted inside the current SQL transaction.
COMMITTED,ATTENDANCE,CALTHORPE|STRENGTH & STRETCH|2026-01-27|0930|1030|CARD:441,NEW_ATTENDANCE,22377,Inserted inside the current SQL transaction.
COMMITTED,ATTENDANCE,CALTHORPE|STRENGTH & STRETCH|2026-01-27|0930|1030|CARD:486,NEW_ATTENDANCE,22378,Inserted inside the current SQL transaction.
COMMITTED,ATTENDANCE,CALTHORPE|STRENGTH & STRETCH|2026-01-27|0930|1030|CARD:515,NEW_ATTENDANCE,22379,Inserted inside the current SQL transaction.
COMMITTED,ATTENDANCE,CALTHORPE|STRENGTH & STRETCH|2026-01-27|0930|1030|CARD:625,NEW_ATTENDANCE,22380,Inserted inside the current SQL transaction.
COMMITTED,ATTENDANCE,CALTHORPE|STRENGTH & STRETCH|2026-01-27|0930|1030|CARD:656,NEW_ATTENDANCE,22381,Inserted inside the current SQL transaction.
COMMITTED,ATTENDANCE,CALTHORPE|STRENGTH & STRETCH|2026-01-27|0930|1030|CARD:681,NEW_ATTENDANCE,22382,Inserted inside the current SQL transaction.
COMMITTED,ATTENDANCE,CALTHORPE|STRENGTH & STRETCH|2026-01-27|0930|1030|CARD:692,NEW_ATTENDANCE,22383,Inserted inside the current SQL transaction.
COMMITTED,ATTENDANCE,CALTHORPE|STRENGTH & STRETCH|2026-01-27|0930|1030|CARD:780,NEW_ATTENDANCE,22384,Inserted inside the current SQL transaction.
COMMITTED,ATTENDANCE,CALTHORPE|YOGA|2026-01-27|1715|1815|CARD:617,NEW_ATTENDANCE,22385,Inserted inside the current SQL transaction.
COMMITTED,ATTENDANCE,CALTHORPE|YOGA|2026-01-27|1715|1815|CARD:625,NEW_ATTENDANCE,22386,Inserted inside the current SQL transaction.
COMMITTED,ATTENDANCE,CALTHORPE|YOGA|2026-01-27|1715|1815|CARD:703,NEW_ATTENDANCE,22387,Inserted inside the current SQL transaction.
COMMITTED,ATTENDANCE,CALTHORPE|YOGA|2026-01-27|1715|1815|CARD:704,NEW_ATTENDANCE,22388,Inserted inside the current SQL transaction.
COMMITTED,ATTENDANCE,CALTHORPE|YOGA|2026-01-27|1715|1815|CARD:707,NEW_ATTENDANCE,22389,Inserted inside the current SQL transaction.
COMMITTED,ATTENDANCE,CALTHORPE|YOGA|2026-01-27|1715|1815|CARD:717,NEW_ATTENDANCE,22390,Inserted inside the current SQL transaction.
COMMITTED,ATTENDANCE,CALTHORPE|YOGA|2026-01-27|1715|1815|CARD:727,NEW_ATTENDANCE,22391,Inserted inside the current SQL transaction.
COMMITTED,ATTENDANCE,CALTHORPE|ESOL|2026-01-28|1130|1330|CARD:375,NEW_ATTENDANCE,22392,Inserted inside the current SQL transaction.
COMMITTED,ATTENDANCE,CALTHORPE|ESOL|2026-01-28|1130|1330|CARD:455,NEW_ATTENDANCE,22393,Inserted inside the current SQL transaction.
COMMITTED,ATTENDANCE,CALTHORPE|ESOL|2026-01-28|1130|1330|CARD:462,NEW_ATTENDANCE,22394,Inserted inside the current SQL transaction.
COMMITTED,ATTENDANCE,CALTHORPE|ESOL|2026-01-28|1130|1330|CARD:516,NEW_ATTENDANCE,22395,Inserted inside the current SQL transaction.
COMMITTED,ATTENDANCE,CALTHORPE|ESOL|2026-01-28|1130|1330|CARD:647,NEW_ATTENDANCE,22396,Inserted inside the current SQL transaction.
COMMITTED,ATTENDANCE,CALTHORPE|ESOL|2026-01-28|1130|1330|CARD:709,NEW_ATTENDANCE,22397,Inserted inside the current SQL transaction.
COMMITTED,ATTENDANCE,CALTHORPE|ESOL|2026-01-28|1130|1330|CARD:715,NEW_ATTENDANCE,22398,Inserted inside the current SQL transaction.
COMMITTED,ATTENDANCE,CALTHORPE|ESOL|2026-01-28|1130|1330|CARD:727,NEW_ATTENDANCE,22399,Inserted inside the current SQL transaction.
COMMITTED,ATTENDANCE,CALTHORPE|ESOL|2026-01-28|1130|1330|CARD:728,NEW_ATTENDANCE,22400,Inserted inside the current SQL transaction.
COMMITTED,ATTENDANCE,CALTHORPE|ESOL|2026-01-28|1130|1330|CARD:785,NEW_ATTENDANCE,22401,Inserted inside the current SQL transaction.
COMMITTED,ATTENDANCE,CALTHORPE|ESOL|2026-01-28|1130|1330|CARD:994,NEW_ATTENDANCE,22402,Inserted inside the current SQL transaction.
COMMITTED,ATTENDANCE,CALTHORPE|SALSA/BELLY DANCING|2026-01-28|1100|1200|CARD:416,NEW_ATTENDANCE,22403,Inserted inside the current SQL transaction.
COMMITTED,ATTENDANCE,CALTHORPE|SALSA/BELLY DANCING|2026-01-28|1100|1200|CARD:457,NEW_ATTENDANCE,22404,Inserted inside the current SQL transaction.
COMMITTED,ATTENDANCE,CALTHORPE|SALSA/BELLY DANCING|2026-01-28|1100|1200|CARD:470,NEW_ATTENDANCE,22405,Inserted inside the current SQL transaction.
COMMITTED,ATTENDANCE,CALTHORPE|SALSA/BELLY DANCING|2026-01-28|1100|1200|CARD:486,NEW_ATTENDANCE,22406,Inserted inside the current SQL transaction.
COMMITTED,ATTENDANCE,CALTHORPE|SALSA/BELLY DANCING|2026-01-28|1100|1200|CARD:513,NEW_ATTENDANCE,22407,Inserted inside the current SQL transaction.
COMMITTED,ATTENDANCE,CALTHORPE|SALSA/BELLY DANCING|2026-01-28|1100|1200|CARD:638,NEW_ATTENDANCE,22408,Inserted inside the current SQL transaction.
COMMITTED,ATTENDANCE,CALTHORPE|SALSA/BELLY DANCING|2026-01-28|1100|1200|CARD:647,NEW_ATTENDANCE,22409,Inserted inside the current SQL transaction.
COMMITTED,ATTENDANCE,CALTHORPE|SALSA/BELLY DANCING|2026-01-28|1100|1200|CARD:656,NEW_ATTENDANCE,22410,Inserted inside the current SQL transaction.
COMMITTED,ATTENDANCE,CALTHORPE|SALSA/BELLY DANCING|2026-01-28|1100|1200|CARD:658,NEW_ATTENDANCE,22411,Inserted inside the current SQL transaction.
COMMITTED,ATTENDANCE,CALTHORPE|SALSA/BELLY DANCING|2026-01-28|1100|1200|CARD:691,NEW_ATTENDANCE,22412,Inserted inside the current SQL transaction.
COMMITTED,ATTENDANCE,CALTHORPE|SALSA/BELLY DANCING|2026-01-28|1100|1200|CARD:824,NEW_ATTENDANCE,22413,Inserted inside the current SQL transaction.
COMMITTED,ATTENDANCE,CALTHORPE|CHAIR BASED EXERCISE|2026-01-29|1130|1215|CARD:337,ALREADY_IN_CRM,330,Skipped because this participant already has attendance for the resolved session.
COMMITTED,ATTENDANCE,CALTHORPE|CHAIR BASED EXERCISE|2026-01-29|1130|1215|CARD:380,ALREADY_IN_CRM,326,Skipped because this participant already has attendance for the resolved session.
COMMITTED,ATTENDANCE,CALTHORPE|CHAIR BASED EXERCISE|2026-01-29|1130|1215|CARD:410,ALREADY_IN_CRM,322,Skipped because this participant already has attendance for the resolved session.
COMMITTED,ATTENDANCE,CALTHORPE|CHAIR BASED EXERCISE|2026-01-29|1130|1215|CARD:416,ALREADY_IN_CRM,321,Skipped because this participant already has attendance for the resolved session.
COMMITTED,ATTENDANCE,CALTHORPE|CHAIR BASED EXERCISE|2026-01-29|1130|1215|CARD:418,ALREADY_IN_CRM,331,Skipped because this participant already has attendance for the resolved session.
COMMITTED,ATTENDANCE,CALTHORPE|CHAIR BASED EXERCISE|2026-01-29|1130|1215|CARD:424,ALREADY_IN_CRM,317,Skipped because this participant already has attendance for the resolved session.
COMMITTED,ATTENDANCE,CALTHORPE|CHAIR BASED EXERCISE|2026-01-29|1130|1215|CARD:436,ALREADY_IN_CRM,324,Skipped because this participant already has attendance for the resolved session.
COMMITTED,ATTENDANCE,CALTHORPE|CHAIR BASED EXERCISE|2026-01-29|1130|1215|CARD:485,ALREADY_IN_CRM,332,Skipped because this participant already has attendance for the resolved session.
COMMITTED,ATTENDANCE,CALTHORPE|CHAIR BASED EXERCISE|2026-01-29|1130|1215|CARD:620,ALREADY_IN_CRM,329,Skipped because this participant already has attendance for the resolved session.
COMMITTED,ATTENDANCE,CALTHORPE|CHAIR BASED EXERCISE|2026-01-29|1130|1215|CARD:638,ALREADY_IN_CRM,318,Skipped because this participant already has attendance for the resolved session.
COMMITTED,ATTENDANCE,CALTHORPE|CHAIR BASED EXERCISE|2026-01-29|1130|1215|CARD:640,ALREADY_IN_CRM,319,Skipped because this participant already has attendance for the resolved session.
COMMITTED,ATTENDANCE,CALTHORPE|CHAIR BASED EXERCISE|2026-01-29|1130|1215|CARD:642,ALREADY_IN_CRM,325,Skipped because this participant already has attendance for the resolved session.
COMMITTED,ATTENDANCE,CALTHORPE|CHAIR BASED EXERCISE|2026-01-29|1130|1215|CARD:647,ALREADY_IN_CRM,320,Skipped because this participant already has attendance for the resolved session.
COMMITTED,ATTENDANCE,CALTHORPE|CHAIR BASED EXERCISE|2026-01-29|1130|1215|CARD:655,ALREADY_IN_CRM,316,Skipped because this participant already has attendance for the resolved session.
COMMITTED,ATTENDANCE,CALTHORPE|CHAIR BASED EXERCISE|2026-01-29|1130|1215|CARD:656,ALREADY_IN_CRM,327,Skipped because this participant already has attendance for the resolved session.
COMMITTED,ATTENDANCE,CALTHORPE|CHAIR BASED EXERCISE|2026-01-29|1130|1215|CARD:692,ALREADY_IN_CRM,315,Skipped because this participant already has attendance for the resolved session.
COMMITTED,ATTENDANCE,CALTHORPE|CHAIR BASED EXERCISE|2026-01-29|1130|1215|CARD:706,ALREADY_IN_CRM,323,Skipped because this participant already has attendance for the resolved session.
COMMITTED,ATTENDANCE,CALTHORPE|CHAIR BASED EXERCISE|2026-01-29|1130|1215|CARD:750,ALREADY_IN_CRM,328,Skipped because this participant already has attendance for the resolved session.
COMMITTED,ATTENDANCE,CALTHORPE|CHAIR BASED EXERCISE|2026-01-29|1130|1215|CARD:866,ALREADY_IN_CRM,333,Skipped because this participant already has attendance for the resolved session.
COMMITTED,ATTENDANCE,CALTHORPE|CROCHET|2026-01-29|1230|1415|CARD:337,NEW_ATTENDANCE,22414,Inserted inside the current SQL transaction.
COMMITTED,ATTENDANCE,CALTHORPE|CROCHET|2026-01-29|1230|1415|CARD:380,NEW_ATTENDANCE,22415,Inserted inside the current SQL transaction.
COMMITTED,ATTENDANCE,CALTHORPE|CROCHET|2026-01-29|1230|1415|CARD:410,NEW_ATTENDANCE,22416,Inserted inside the current SQL transaction.
COMMITTED,ATTENDANCE,CALTHORPE|CROCHET|2026-01-29|1230|1415|CARD:416,NEW_ATTENDANCE,22417,Inserted inside the current SQL transaction.
COMMITTED,ATTENDANCE,CALTHORPE|CROCHET|2026-01-29|1230|1415|CARD:418,NEW_ATTENDANCE,22418,Inserted inside the current SQL transaction.
COMMITTED,ATTENDANCE,CALTHORPE|CROCHET|2026-01-29|1230|1415|CARD:424,NEW_ATTENDANCE,22419,Inserted inside the current SQL transaction.
COMMITTED,ATTENDANCE,CALTHORPE|CROCHET|2026-01-29|1230|1415|CARD:436,NEW_ATTENDANCE,22420,Inserted inside the current SQL transaction.
COMMITTED,ATTENDANCE,CALTHORPE|CROCHET|2026-01-29|1230|1415|CARD:485,NEW_ATTENDANCE,22421,Inserted inside the current SQL transaction.
COMMITTED,ATTENDANCE,CALTHORPE|CROCHET|2026-01-29|1230|1415|CARD:620,NEW_ATTENDANCE,22422,Inserted inside the current SQL transaction.
COMMITTED,ATTENDANCE,CALTHORPE|CROCHET|2026-01-29|1230|1415|CARD:638,NEW_ATTENDANCE,22423,Inserted inside the current SQL transaction.
COMMITTED,ATTENDANCE,CALTHORPE|CROCHET|2026-01-29|1230|1415|CARD:640,NEW_ATTENDANCE,22424,Inserted inside the current SQL transaction.
COMMITTED,ATTENDANCE,CALTHORPE|CROCHET|2026-01-29|1230|1415|CARD:642,NEW_ATTENDANCE,22425,Inserted inside the current SQL transaction.
COMMITTED,ATTENDANCE,CALTHORPE|CROCHET|2026-01-29|1230|1415|CARD:647,NEW_ATTENDANCE,22426,Inserted inside the current SQL transaction.
COMMITTED,ATTENDANCE,CALTHORPE|CROCHET|2026-01-29|1230|1415|CARD:655,NEW_ATTENDANCE,22427,Inserted inside the current SQL transaction.
COMMITTED,ATTENDANCE,CALTHORPE|CROCHET|2026-01-29|1230|1415|CARD:656,NEW_ATTENDANCE,22428,Inserted inside the current SQL transaction.
COMMITTED,ATTENDANCE,CALTHORPE|CROCHET|2026-01-29|1230|1415|CARD:692,NEW_ATTENDANCE,22429,Inserted inside the current SQL transaction.
COMMITTED,ATTENDANCE,CALTHORPE|CROCHET|2026-01-29|1230|1415|CARD:706,NEW_ATTENDANCE,22430,Inserted inside the current SQL transaction.
COMMITTED,ATTENDANCE,CALTHORPE|CROCHET|2026-01-29|1230|1415|CARD:750,NEW_ATTENDANCE,22431,Inserted inside the current SQL transaction.
COMMITTED,ATTENDANCE,CALTHORPE|CROCHET|2026-01-29|1230|1415|CARD:866,NEW_ATTENDANCE,22432,Inserted inside the current SQL transaction.
COMMITTED,ATTENDANCE,CALTHORPE|MEN'S MULTI SPORTS|2026-01-29|1030|1130|CARD:789,NEW_ATTENDANCE,22433,Inserted inside the current SQL transaction.
COMMITTED,ATTENDANCE,CALTHORPE|MEN'S MULTI SPORTS|2026-01-29|1030|1130|CARD:791,NEW_ATTENDANCE,22434,Inserted inside the current SQL transaction.
COMMITTED,ATTENDANCE,CALTHORPE|ARTS|2026-01-30|1300|1430|CARD:402,NEW_ATTENDANCE,22435,Inserted inside the current SQL transaction.
COMMITTED,ATTENDANCE,CALTHORPE|ARTS|2026-01-30|1300|1430|CARD:416,NEW_ATTENDANCE,22436,Inserted inside the current SQL transaction.
COMMITTED,ATTENDANCE,CALTHORPE|ARTS|2026-01-30|1300|1430|CARD:444,NEW_ATTENDANCE,22437,Inserted inside the current SQL transaction.
COMMITTED,ATTENDANCE,CALTHORPE|ARTS|2026-01-30|1300|1430|CARD:586,NEW_ATTENDANCE,22438,Inserted inside the current SQL transaction.
COMMITTED,ATTENDANCE,CALTHORPE|ARTS|2026-01-30|1300|1430|CARD:691,NEW_ATTENDANCE,22439,Inserted inside the current SQL transaction.
COMMITTED,ATTENDANCE,CALTHORPE|ARTS|2026-01-30|1300|1430|CARD:700,NEW_ATTENDANCE,22440,Inserted inside the current SQL transaction.
COMMITTED,ATTENDANCE,CALTHORPE|ARTS|2026-01-30|1300|1430|CARD:707,NEW_ATTENDANCE,22441,Inserted inside the current SQL transaction.
COMMITTED,ATTENDANCE,CALTHORPE|ARTS|2026-01-30|1300|1430|CARD:996,NEW_ATTENDANCE,22442,Inserted inside the current SQL transaction.
COMMITTED,ATTENDANCE,CALTHORPE|BODY CONDITIONING|2026-01-30|1100|1145|CARD:346,ALREADY_IN_CRM,346,Skipped because this participant already has attendance for the resolved session.
COMMITTED,ATTENDANCE,CALTHORPE|BODY CONDITIONING|2026-01-30|1100|1145|CARD:380,ALREADY_IN_CRM,347,Skipped because this participant already has attendance for the resolved session.
COMMITTED,ATTENDANCE,CALTHORPE|BODY CONDITIONING|2026-01-30|1100|1145|CARD:390,ALREADY_IN_CRM,341,Skipped because this participant already has attendance for the resolved session.
COMMITTED,ATTENDANCE,CALTHORPE|BODY CONDITIONING|2026-01-30|1100|1145|CARD:410,ALREADY_IN_CRM,343,Skipped because this participant already has attendance for the resolved session.
COMMITTED,ATTENDANCE,CALTHORPE|BODY CONDITIONING|2026-01-30|1100|1145|CARD:413,ALREADY_IN_CRM,336,Skipped because this participant already has attendance for the resolved session.
COMMITTED,ATTENDANCE,CALTHORPE|BODY CONDITIONING|2026-01-30|1100|1145|CARD:440,ALREADY_IN_CRM,338,Skipped because this participant already has attendance for the resolved session.
COMMITTED,ATTENDANCE,CALTHORPE|BODY CONDITIONING|2026-01-30|1100|1145|CARD:442,ALREADY_IN_CRM,345,Skipped because this participant already has attendance for the resolved session.
COMMITTED,ATTENDANCE,CALTHORPE|BODY CONDITIONING|2026-01-30|1100|1145|CARD:470,ALREADY_IN_CRM,348,Skipped because this participant already has attendance for the resolved session.
COMMITTED,ATTENDANCE,CALTHORPE|BODY CONDITIONING|2026-01-30|1100|1145|CARD:557,ALREADY_IN_CRM,344,Skipped because this participant already has attendance for the resolved session.
COMMITTED,ATTENDANCE,CALTHORPE|BODY CONDITIONING|2026-01-30|1100|1145|CARD:568,ALREADY_IN_CRM,342,Skipped because this participant already has attendance for the resolved session.
COMMITTED,ATTENDANCE,CALTHORPE|BODY CONDITIONING|2026-01-30|1100|1145|CARD:620,ALREADY_IN_CRM,349,Skipped because this participant already has attendance for the resolved session.
COMMITTED,ATTENDANCE,CALTHORPE|BODY CONDITIONING|2026-01-30|1100|1145|CARD:681,ALREADY_IN_CRM,350,Skipped because this participant already has attendance for the resolved session.
COMMITTED,ATTENDANCE,CALTHORPE|BODY CONDITIONING|2026-01-30|1100|1145|CARD:691,ALREADY_IN_CRM,337,Skipped because this participant already has attendance for the resolved session.
COMMITTED,ATTENDANCE,CALTHORPE|BODY CONDITIONING|2026-01-30|1100|1145|CARD:700,ALREADY_IN_CRM,339,Skipped because this participant already has attendance for the resolved session.
COMMITTED,ATTENDANCE,CALTHORPE|BODY CONDITIONING|2026-01-30|1100|1145|CARD:742,ALREADY_IN_CRM,340,Skipped because this participant already has attendance for the resolved session.
COMMITTED,ATTENDANCE,CALTHORPE|PILATES|2026-01-30|1200|1245|CARD:337,NEW_ATTENDANCE,22443,Inserted inside the current SQL transaction.
COMMITTED,ATTENDANCE,CALTHORPE|PILATES|2026-01-30|1200|1245|CARD:440,NEW_ATTENDANCE,22444,Inserted inside the current SQL transaction.
COMMITTED,ATTENDANCE,CALTHORPE|PILATES|2026-01-30|1200|1245|CARD:442,NEW_ATTENDANCE,22445,Inserted inside the current SQL transaction.
COMMITTED,ATTENDANCE,CALTHORPE|PILATES|2026-01-30|1200|1245|CARD:606,NEW_ATTENDANCE,22446,Inserted inside the current SQL transaction.
COMMITTED,ATTENDANCE,CALTHORPE|PILATES|2026-01-30|1200|1245|CARD:635,NEW_ATTENDANCE,22447,Inserted inside the current SQL transaction.
COMMITTED,ATTENDANCE,CALTHORPE|PILATES|2026-01-30|1200|1245|CARD:681,NEW_ATTENDANCE,22448,Inserted inside the current SQL transaction.
COMMITTED,ATTENDANCE,CALTHORPE|PILATES|2026-01-30|1200|1245|CARD:691,NEW_ATTENDANCE,22449,Inserted inside the current SQL transaction.
COMMITTED,ATTENDANCE,CALTHORPE|PILATES|2026-01-30|1200|1245|CARD:707,NEW_ATTENDANCE,22450,Inserted inside the current SQL transaction.
COMMITTED,ATTENDANCE,CALTHORPE|PILATES|2026-01-30|1200|1245|CARD:742,NEW_ATTENDANCE,22451,Inserted inside the current SQL transaction.
COMMITTED,ATTENDANCE,CALTHORPE|PILATES|2026-01-30|1200|1245|CARD:77,NEW_ATTENDANCE,22452,Inserted inside the current SQL transaction.
COMMITTED,ATTENDANCE,CALTHORPE|CHAIR BASED EXERCISE|2026-02-02|1130|1215|CARD:380,ALREADY_IN_CRM,366,Skipped because this participant already has attendance for the resolved session.
COMMITTED,ATTENDANCE,CALTHORPE|CHAIR BASED EXERCISE|2026-02-02|1130|1215|CARD:410,ALREADY_IN_CRM,364,Skipped because this participant already has attendance for the resolved session.
COMMITTED,ATTENDANCE,CALTHORPE|CHAIR BASED EXERCISE|2026-02-02|1130|1215|CARD:418,ALREADY_IN_CRM,368,Skipped because this participant already has attendance for the resolved session.
COMMITTED,ATTENDANCE,CALTHORPE|CHAIR BASED EXERCISE|2026-02-02|1130|1215|CARD:444,ALREADY_IN_CRM,363,Skipped because this participant already has attendance for the resolved session.
COMMITTED,ATTENDANCE,CALTHORPE|CHAIR BASED EXERCISE|2026-02-02|1130|1215|CARD:604,ALREADY_IN_CRM,361,Skipped because this participant already has attendance for the resolved session.
COMMITTED,ATTENDANCE,CALTHORPE|CHAIR BASED EXERCISE|2026-02-02|1130|1215|CARD:620,ALREADY_IN_CRM,367,Skipped because this participant already has attendance for the resolved session.
COMMITTED,ATTENDANCE,CALTHORPE|CHAIR BASED EXERCISE|2026-02-02|1130|1215|CARD:642,ALREADY_IN_CRM,365,Skipped because this participant already has attendance for the resolved session.
COMMITTED,ATTENDANCE,CALTHORPE|CHAIR BASED EXERCISE|2026-02-02|1130|1215|CARD:692,ALREADY_IN_CRM,362,Skipped because this participant already has attendance for the resolved session.
COMMITTED,ATTENDANCE,CALTHORPE|CROCHET|2026-02-02|1230|1430|CARD:145,NEW_ATTENDANCE,22453,Inserted inside the current SQL transaction.
COMMITTED,ATTENDANCE,CALTHORPE|CROCHET|2026-02-02|1230|1430|CARD:418,NEW_ATTENDANCE,22454,Inserted inside the current SQL transaction.
COMMITTED,ATTENDANCE,CALTHORPE|CROCHET|2026-02-02|1230|1430|CARD:436,NEW_ATTENDANCE,22455,Inserted inside the current SQL transaction.
COMMITTED,ATTENDANCE,CALTHORPE|CROCHET|2026-02-02|1230|1430|CARD:468,NEW_ATTENDANCE,22456,Inserted inside the current SQL transaction.
COMMITTED,ATTENDANCE,CALTHORPE|CROCHET|2026-02-02|1230|1430|CARD:493,NEW_ATTENDANCE,22457,Inserted inside the current SQL transaction.
COMMITTED,ATTENDANCE,CALTHORPE|CROCHET|2026-02-02|1230|1430|CARD:586,NEW_ATTENDANCE,22458,Inserted inside the current SQL transaction.
COMMITTED,ATTENDANCE,CALTHORPE|CROCHET|2026-02-02|1230|1430|CARD:638,NEW_ATTENDANCE,22459,Inserted inside the current SQL transaction.
COMMITTED,ATTENDANCE,CALTHORPE|CROCHET|2026-02-02|1230|1430|CARD:708,NEW_ATTENDANCE,22460,Inserted inside the current SQL transaction.
COMMITTED,ATTENDANCE,CALTHORPE|CROCHET|2026-02-02|1230|1430|CARD:794,NEW_ATTENDANCE,22461,Inserted inside the current SQL transaction.
COMMITTED,ATTENDANCE,CALTHORPE|CROCHET|2026-02-02|1230|1430|CARD:826,NEW_ATTENDANCE,22462,Inserted inside the current SQL transaction.
COMMITTED,ATTENDANCE,CALTHORPE|CROCHET|2026-02-02|1230|1430|CARD:996,NEW_ATTENDANCE,22463,Inserted inside the current SQL transaction.
COMMITTED,ATTENDANCE,CALTHORPE|CROCHET|2026-02-02|1230|1430|NAME:shailla sharif,NEW_ATTENDANCE,22464,Inserted inside the current SQL transaction.
COMMITTED,ATTENDANCE,CALTHORPE|HIIT|2026-02-02|1030|1115|CARD:402,ALREADY_IN_CRM,371,Skipped because this participant already has attendance for the resolved session.
COMMITTED,ATTENDANCE,CALTHORPE|HIIT|2026-02-02|1030|1115|CARD:429,ALREADY_IN_CRM,375,Skipped because this participant already has attendance for the resolved session.
COMMITTED,ATTENDANCE,CALTHORPE|HIIT|2026-02-02|1030|1115|CARD:440,ALREADY_IN_CRM,372,Skipped because this participant already has attendance for the resolved session.
COMMITTED,ATTENDANCE,CALTHORPE|HIIT|2026-02-02|1030|1115|CARD:470,ALREADY_IN_CRM,376,Skipped because this participant already has attendance for the resolved session.
COMMITTED,ATTENDANCE,CALTHORPE|HIIT|2026-02-02|1030|1115|CARD:486,ALREADY_IN_CRM,374,Skipped because this participant already has attendance for the resolved session.
COMMITTED,ATTENDANCE,CALTHORPE|HIIT|2026-02-02|1030|1115|CARD:515,ALREADY_IN_CRM,377,Skipped because this participant already has attendance for the resolved session.
COMMITTED,ATTENDANCE,CALTHORPE|HIIT|2026-02-02|1030|1115|CARD:653,ALREADY_IN_CRM,379,Skipped because this participant already has attendance for the resolved session.
COMMITTED,ATTENDANCE,CALTHORPE|HIIT|2026-02-02|1030|1115|CARD:691,ALREADY_IN_CRM,370,Skipped because this participant already has attendance for the resolved session.
COMMITTED,ATTENDANCE,CALTHORPE|HIIT|2026-02-02|1030|1115|CARD:692,ALREADY_IN_CRM,369,Skipped because this participant already has attendance for the resolved session.
COMMITTED,ATTENDANCE,CALTHORPE|HIIT|2026-02-02|1030|1115|CARD:704,ALREADY_IN_CRM,373,Skipped because this participant already has attendance for the resolved session.
COMMITTED,ATTENDANCE,CALTHORPE|HIIT|2026-02-02|1030|1115|CARD:780,ALREADY_IN_CRM,378,Skipped because this participant already has attendance for the resolved session.
COMMITTED,ATTENDANCE,CALTHORPE|HIIT|2026-02-02|1030|1115|NAME:aisha saeed,NEW_ATTENDANCE,22465,Inserted inside the current SQL transaction.
COMMITTED,ATTENDANCE,CALTHORPE|ZUMBA|2026-02-02|0930|1015|CARD:402,ALREADY_IN_CRM,382,Skipped because this participant already has attendance for the resolved session.
COMMITTED,ATTENDANCE,CALTHORPE|ZUMBA|2026-02-02|0930|1015|CARD:429,ALREADY_IN_CRM,386,Skipped because this participant already has attendance for the resolved session.
COMMITTED,ATTENDANCE,CALTHORPE|ZUMBA|2026-02-02|0930|1015|CARD:440,ALREADY_IN_CRM,383,Skipped because this participant already has attendance for the resolved session.
COMMITTED,ATTENDANCE,CALTHORPE|ZUMBA|2026-02-02|0930|1015|CARD:470,ALREADY_IN_CRM,387,Skipped because this participant already has attendance for the resolved session.
COMMITTED,ATTENDANCE,CALTHORPE|ZUMBA|2026-02-02|0930|1015|CARD:486,ALREADY_IN_CRM,385,Skipped because this participant already has attendance for the resolved session.
COMMITTED,ATTENDANCE,CALTHORPE|ZUMBA|2026-02-02|0930|1015|CARD:515,ALREADY_IN_CRM,388,Skipped because this participant already has attendance for the resolved session.
COMMITTED,ATTENDANCE,CALTHORPE|ZUMBA|2026-02-02|0930|1015|CARD:653,ALREADY_IN_CRM,390,Skipped because this participant already has attendance for the resolved session.
COMMITTED,ATTENDANCE,CALTHORPE|ZUMBA|2026-02-02|0930|1015|CARD:691,ALREADY_IN_CRM,381,Skipped because this participant already has attendance for the resolved session.
COMMITTED,ATTENDANCE,CALTHORPE|ZUMBA|2026-02-02|0930|1015|CARD:692,ALREADY_IN_CRM,380,Skipped because this participant already has attendance for the resolved session.
COMMITTED,ATTENDANCE,CALTHORPE|ZUMBA|2026-02-02|0930|1015|CARD:704,ALREADY_IN_CRM,384,Skipped because this participant already has attendance for the resolved session.
COMMITTED,ATTENDANCE,CALTHORPE|ZUMBA|2026-02-02|0930|1015|CARD:780,ALREADY_IN_CRM,389,Skipped because this participant already has attendance for the resolved session.
COMMITTED,ATTENDANCE,CALTHORPE|ZUMBA|2026-02-02|0930|1015|NAME:aisha saeed,NEW_ATTENDANCE,22466,Inserted inside the current SQL transaction.
COMMITTED,ATTENDANCE,CALTHORPE|ESOL|2026-02-03|0930|1030|CARD:375,ALREADY_IN_CRM,395,Skipped because this participant already has attendance for the resolved session.
COMMITTED,ATTENDANCE,CALTHORPE|ESOL|2026-02-03|0930|1030|CARD:455,ALREADY_IN_CRM,393,Skipped because this participant already has attendance for the resolved session.
COMMITTED,ATTENDANCE,CALTHORPE|ESOL|2026-02-03|1130|1330|CARD:455,NEW_ATTENDANCE,22467,Inserted inside the current SQL transaction.
COMMITTED,ATTENDANCE,CALTHORPE|ESOL|2026-02-03|0930|1030|CARD:462,ALREADY_IN_CRM,396,Skipped because this participant already has attendance for the resolved session.
COMMITTED,ATTENDANCE,CALTHORPE|ESOL|2026-02-03|0930|1030|CARD:516,ALREADY_IN_CRM,394,Skipped because this participant already has attendance for the resolved session.
COMMITTED,ATTENDANCE,CALTHORPE|ESOL|2026-02-03|0930|1030|CARD:673,ALREADY_IN_CRM,397,Skipped because this participant already has attendance for the resolved session.
COMMITTED,ATTENDANCE,CALTHORPE|ESOL|2026-02-03|0930|1030|CARD:779,ALREADY_IN_CRM,391,Skipped because this participant already has attendance for the resolved session.
COMMITTED,ATTENDANCE,CALTHORPE|STRENGTH & STRETCH|2026-02-03|0930|1030|CARD:156,NEW_ATTENDANCE,22468,Inserted inside the current SQL transaction.
COMMITTED,ATTENDANCE,CALTHORPE|STRENGTH & STRETCH|2026-02-03|0930|1030|CARD:396,NEW_ATTENDANCE,22469,Inserted inside the current SQL transaction.
COMMITTED,ATTENDANCE,CALTHORPE|STRENGTH & STRETCH|2026-02-03|0930|1030|CARD:407,NEW_ATTENDANCE,22470,Inserted inside the current SQL transaction.
COMMITTED,ATTENDANCE,CALTHORPE|STRENGTH & STRETCH|2026-02-03|0930|1030|CARD:429,NEW_ATTENDANCE,22471,Inserted inside the current SQL transaction.
COMMITTED,ATTENDANCE,CALTHORPE|STRENGTH & STRETCH|2026-02-03|0930|1030|CARD:486,NEW_ATTENDANCE,22472,Inserted inside the current SQL transaction.
COMMITTED,ATTENDANCE,CALTHORPE|STRENGTH & STRETCH|2026-02-03|0930|1030|CARD:515,NEW_ATTENDANCE,22473,Inserted inside the current SQL transaction.
COMMITTED,ATTENDANCE,CALTHORPE|STRENGTH & STRETCH|2026-02-03|0930|1030|CARD:604,NEW_ATTENDANCE,22474,Inserted inside the current SQL transaction.
COMMITTED,ATTENDANCE,CALTHORPE|STRENGTH & STRETCH|2026-02-03|0930|1030|CARD:625,NEW_ATTENDANCE,22475,Inserted inside the current SQL transaction.
COMMITTED,ATTENDANCE,CALTHORPE|STRENGTH & STRETCH|2026-02-03|0930|1030|CARD:681,NEW_ATTENDANCE,22476,Inserted inside the current SQL transaction.
COMMITTED,ATTENDANCE,CALTHORPE|STRENGTH & STRETCH|2026-02-03|0930|1030|CARD:692,NEW_ATTENDANCE,22477,Inserted inside the current SQL transaction.
COMMITTED,ATTENDANCE,CALTHORPE|STRENGTH & STRETCH|2026-02-03|0930|1030|CARD:717,NEW_ATTENDANCE,22478,Inserted inside the current SQL transaction.
COMMITTED,ATTENDANCE,CALTHORPE|STRENGTH & STRETCH|2026-02-03|0930|1030|CARD:764,NEW_ATTENDANCE,22479,Inserted inside the current SQL transaction.
COMMITTED,ATTENDANCE,CALTHORPE|STRENGTH & STRETCH|2026-02-03|0930|1030|CARD:780,NEW_ATTENDANCE,22480,Inserted inside the current SQL transaction.
COMMITTED,ATTENDANCE,CALTHORPE|YOGA|2026-02-03|1715|1815|CARD:475,NEW_ATTENDANCE,22481,Inserted inside the current SQL transaction.
COMMITTED,ATTENDANCE,CALTHORPE|YOGA|2026-02-03|1715|1815|CARD:625,NEW_ATTENDANCE,22482,Inserted inside the current SQL transaction.
COMMITTED,ATTENDANCE,CALTHORPE|YOGA|2026-02-03|1715|1815|CARD:704,NEW_ATTENDANCE,22483,Inserted inside the current SQL transaction.
COMMITTED,ATTENDANCE,CALTHORPE|YOGA|2026-02-03|1715|1815|CARD:717,NEW_ATTENDANCE,22484,Inserted inside the current SQL transaction.
COMMITTED,ATTENDANCE,CALTHORPE|YOGA|2026-02-03|1715|1815|NAME:aesha ali,NEW_ATTENDANCE,22485,Inserted inside the current SQL transaction.
COMMITTED,ATTENDANCE,CALTHORPE|SALSA/BELLY DANCING|2026-02-04|1100|1200|CARD:441,NEW_ATTENDANCE,22486,Inserted inside the current SQL transaction.
COMMITTED,ATTENDANCE,CALTHORPE|SALSA/BELLY DANCING|2026-02-04|1100|1200|CARD:470,NEW_ATTENDANCE,22487,Inserted inside the current SQL transaction.
COMMITTED,ATTENDANCE,CALTHORPE|SALSA/BELLY DANCING|2026-02-04|1100|1200|CARD:486,NEW_ATTENDANCE,22488,Inserted inside the current SQL transaction.
COMMITTED,ATTENDANCE,CALTHORPE|SALSA/BELLY DANCING|2026-02-04|1100|1200|CARD:513,NEW_ATTENDANCE,22489,Inserted inside the current SQL transaction.
COMMITTED,ATTENDANCE,CALTHORPE|SALSA/BELLY DANCING|2026-02-04|1100|1200|CARD:634,NEW_ATTENDANCE,22490,Inserted inside the current SQL transaction.
COMMITTED,ATTENDANCE,CALTHORPE|SALSA/BELLY DANCING|2026-02-04|1100|1200|CARD:638,NEW_ATTENDANCE,22491,Inserted inside the current SQL transaction.
COMMITTED,ATTENDANCE,CALTHORPE|SALSA/BELLY DANCING|2026-02-04|1100|1200|CARD:691,NEW_ATTENDANCE,22492,Inserted inside the current SQL transaction.
COMMITTED,ATTENDANCE,CALTHORPE|SALSA/BELLY DANCING|2026-02-04|1100|1200|CARD:693,NEW_ATTENDANCE,22493,Inserted inside the current SQL transaction.
COMMITTED,ATTENDANCE,CALTHORPE|SALSA/BELLY DANCING|2026-02-04|1100|1200|CARD:877,NEW_ATTENDANCE,22494,Inserted inside the current SQL transaction.
COMMITTED,ATTENDANCE,CALTHORPE|WORKSHOPS|2026-02-04|1215|1330|CARD:441,NEW_ATTENDANCE,22495,Inserted inside the current SQL transaction.
COMMITTED,ATTENDANCE,CALTHORPE|WORKSHOPS|2026-02-04|1215|1330|CARD:470,NEW_ATTENDANCE,22496,Inserted inside the current SQL transaction.
COMMITTED,ATTENDANCE,CALTHORPE|WORKSHOPS|2026-02-04|1215|1330|CARD:486,NEW_ATTENDANCE,22497,Inserted inside the current SQL transaction.
COMMITTED,ATTENDANCE,CALTHORPE|WORKSHOPS|2026-02-04|1215|1330|CARD:513,NEW_ATTENDANCE,22498,Inserted inside the current SQL transaction.
COMMITTED,ATTENDANCE,CALTHORPE|WORKSHOPS|2026-02-04|1215|1330|CARD:617,NEW_ATTENDANCE,22499,Inserted inside the current SQL transaction.
COMMITTED,ATTENDANCE,CALTHORPE|WORKSHOPS|2026-02-04|1215|1330|CARD:638,NEW_ATTENDANCE,22500,Inserted inside the current SQL transaction.
COMMITTED,ATTENDANCE,CALTHORPE|WORKSHOPS|2026-02-04|1215|1330|CARD:691,NEW_ATTENDANCE,22501,Inserted inside the current SQL transaction.
COMMITTED,ATTENDANCE,CALTHORPE|CHAIR BASED EXERCISE|2026-02-05|1130|1215|CARD:337,ALREADY_IN_CRM,414,Skipped because this participant already has attendance for the resolved session.
COMMITTED,ATTENDANCE,CALTHORPE|CHAIR BASED EXERCISE|2026-02-05|1130|1215|CARD:380,ALREADY_IN_CRM,413,Skipped because this participant already has attendance for the resolved session.
COMMITTED,ATTENDANCE,CALTHORPE|CHAIR BASED EXERCISE|2026-02-05|1130|1215|CARD:415,ALREADY_IN_CRM,402,Skipped because this participant already has attendance for the resolved session.
COMMITTED,ATTENDANCE,CALTHORPE|CHAIR BASED EXERCISE|2026-02-05|1130|1215|CARD:424,ALREADY_IN_CRM,405,Skipped because this participant already has attendance for the resolved session.
COMMITTED,ATTENDANCE,CALTHORPE|CHAIR BASED EXERCISE|2026-02-05|1130|1215|CARD:436,ALREADY_IN_CRM,410,Skipped because this participant already has attendance for the resolved session.
COMMITTED,ATTENDANCE,CALTHORPE|CHAIR BASED EXERCISE|2026-02-05|1130|1215|CARD:444,ALREADY_IN_CRM,407,Skipped because this participant already has attendance for the resolved session.
COMMITTED,ATTENDANCE,CALTHORPE|CHAIR BASED EXERCISE|2026-02-05|1130|1215|CARD:474,ALREADY_IN_CRM,411,Skipped because this participant already has attendance for the resolved session.
COMMITTED,ATTENDANCE,CALTHORPE|CHAIR BASED EXERCISE|2026-02-05|1130|1215|CARD:586,ALREADY_IN_CRM,409,Skipped because this participant already has attendance for the resolved session.
COMMITTED,ATTENDANCE,CALTHORPE|CHAIR BASED EXERCISE|2026-02-05|1130|1215|CARD:594,ALREADY_IN_CRM,408,Skipped because this participant already has attendance for the resolved session.
COMMITTED,ATTENDANCE,CALTHORPE|CHAIR BASED EXERCISE|2026-02-05|1130|1215|CARD:640,ALREADY_IN_CRM,406,Skipped because this participant already has attendance for the resolved session.
COMMITTED,ATTENDANCE,CALTHORPE|CHAIR BASED EXERCISE|2026-02-05|1130|1215|CARD:642,ALREADY_IN_CRM,412,Skipped because this participant already has attendance for the resolved session.
COMMITTED,ATTENDANCE,CALTHORPE|CHAIR BASED EXERCISE|2026-02-05|1130|1215|CARD:655,ALREADY_IN_CRM,404,Skipped because this participant already has attendance for the resolved session.
COMMITTED,ATTENDANCE,CALTHORPE|CHAIR BASED EXERCISE|2026-02-05|1130|1215|CARD:692,ALREADY_IN_CRM,403,Skipped because this participant already has attendance for the resolved session.
COMMITTED,ATTENDANCE,CALTHORPE|CIRCUIT TRAINING|2026-02-05|0930|1015|CARD:390,ALREADY_IN_CRM,416,Skipped because this participant already has attendance for the resolved session.
COMMITTED,ATTENDANCE,CALTHORPE|CIRCUIT TRAINING|2026-02-05|0930|1015|CARD:398,ALREADY_IN_CRM,422,Skipped because this participant already has attendance for the resolved session.
COMMITTED,ATTENDANCE,CALTHORPE|CIRCUIT TRAINING|2026-02-05|0930|1015|CARD:429,ALREADY_IN_CRM,418,Skipped because this participant already has attendance for the resolved session.
COMMITTED,ATTENDANCE,CALTHORPE|CIRCUIT TRAINING|2026-02-05|0930|1015|CARD:470,ALREADY_IN_CRM,419,Skipped because this participant already has attendance for the resolved session.
COMMITTED,ATTENDANCE,CALTHORPE|CIRCUIT TRAINING|2026-02-05|0930|1015|CARD:515,ALREADY_IN_CRM,420,Skipped because this participant already has attendance for the resolved session.
COMMITTED,ATTENDANCE,CALTHORPE|CIRCUIT TRAINING|2026-02-05|0930|1015|CARD:699,ALREADY_IN_CRM,417,Skipped because this participant already has attendance for the resolved session.
COMMITTED,ATTENDANCE,CALTHORPE|CIRCUIT TRAINING|2026-02-05|0930|1015|CARD:770,ALREADY_IN_CRM,415,Skipped because this participant already has attendance for the resolved session.
COMMITTED,ATTENDANCE,CALTHORPE|CIRCUIT TRAINING|2026-02-05|0930|1015|CARD:780,ALREADY_IN_CRM,421,Skipped because this participant already has attendance for the resolved session.
COMMITTED,ATTENDANCE,CALTHORPE|CIRCUIT TRAINING|2026-02-05|0930|1015|CARD:787,ALREADY_IN_CRM,423,Skipped because this participant already has attendance for the resolved session.
COMMITTED,ATTENDANCE,CALTHORPE|CROCHET|2026-02-05|1230|1415|CARD:424,NEW_ATTENDANCE,22502,Inserted inside the current SQL transaction.
COMMITTED,ATTENDANCE,CALTHORPE|CROCHET|2026-02-05|1230|1415|CARD:436,NEW_ATTENDANCE,22503,Inserted inside the current SQL transaction.
COMMITTED,ATTENDANCE,CALTHORPE|CROCHET|2026-02-05|1230|1415|CARD:586,NEW_ATTENDANCE,22504,Inserted inside the current SQL transaction.
COMMITTED,ATTENDANCE,CALTHORPE|CROCHET|2026-02-05|1230|1415|CARD:640,NEW_ATTENDANCE,22505,Inserted inside the current SQL transaction.
COMMITTED,ATTENDANCE,CALTHORPE|CROCHET|2026-02-05|1230|1415|CARD:655,NEW_ATTENDANCE,22506,Inserted inside the current SQL transaction.
COMMITTED,ATTENDANCE,CALTHORPE|MEN'S MULTI SPORTS|2026-02-05|1030|1130|NAME:ali,NEW_ATTENDANCE,22507,Inserted inside the current SQL transaction.
COMMITTED,ATTENDANCE,CALTHORPE|ARTS|2026-02-06|1300|1430|CARD:416,NEW_ATTENDANCE,22508,Inserted inside the current SQL transaction.
COMMITTED,ATTENDANCE,CALTHORPE|ARTS|2026-02-06|1300|1430|CARD:444,NEW_ATTENDANCE,22509,Inserted inside the current SQL transaction.
COMMITTED,ATTENDANCE,CALTHORPE|ARTS|2026-02-06|1300|1430|CARD:550,NEW_ATTENDANCE,22510,Inserted inside the current SQL transaction.
COMMITTED,ATTENDANCE,CALTHORPE|ARTS|2026-02-06|1300|1430|CARD:658,NEW_ATTENDANCE,22511,Inserted inside the current SQL transaction.
COMMITTED,ATTENDANCE,CALTHORPE|ARTS|2026-02-06|1300|1430|CARD:700,NEW_ATTENDANCE,22512,Inserted inside the current SQL transaction.
COMMITTED,ATTENDANCE,CALTHORPE|ARTS|2026-02-06|1300|1430|CARD:771,NEW_ATTENDANCE,22513,Inserted inside the current SQL transaction.
COMMITTED,ATTENDANCE,CALTHORPE|ARTS|2026-02-06|1300|1430|CARD:799,NEW_ATTENDANCE,22514,Inserted inside the current SQL transaction.
COMMITTED,ATTENDANCE,CALTHORPE|BODY CONDITIONING|2026-02-06|1100|1145|CARD:126,ALREADY_IN_CRM,426,Skipped because this participant already has attendance for the resolved session.
COMMITTED,ATTENDANCE,CALTHORPE|BODY CONDITIONING|2026-02-06|1100|1145|CARD:346,ALREADY_IN_CRM,429,Skipped because this participant already has attendance for the resolved session.
COMMITTED,ATTENDANCE,CALTHORPE|BODY CONDITIONING|2026-02-06|1100|1145|CARD:440,ALREADY_IN_CRM,424,Skipped because this participant already has attendance for the resolved session.
COMMITTED,ATTENDANCE,CALTHORPE|BODY CONDITIONING|2026-02-06|1100|1145|CARD:470,ALREADY_IN_CRM,430,Skipped because this participant already has attendance for the resolved session.
COMMITTED,ATTENDANCE,CALTHORPE|BODY CONDITIONING|2026-02-06|1100|1145|CARD:557,ALREADY_IN_CRM,428,Skipped because this participant already has attendance for the resolved session.
COMMITTED,ATTENDANCE,CALTHORPE|BODY CONDITIONING|2026-02-06|1100|1145|CARD:568,ALREADY_IN_CRM,427,Skipped because this participant already has attendance for the resolved session.
COMMITTED,ATTENDANCE,CALTHORPE|BODY CONDITIONING|2026-02-06|1100|1145|CARD:681,ALREADY_IN_CRM,432,Skipped because this participant already has attendance for the resolved session.
COMMITTED,ATTENDANCE,CALTHORPE|BODY CONDITIONING|2026-02-06|1100|1145|CARD:700,ALREADY_IN_CRM,425,Skipped because this participant already has attendance for the resolved session.
COMMITTED,ATTENDANCE,CALTHORPE|BODY CONDITIONING|2026-02-06|1100|1145|CARD:771,ALREADY_IN_CRM,431,Skipped because this participant already has attendance for the resolved session.
COMMITTED,ATTENDANCE,CALTHORPE|BODY CONDITIONING|2026-02-06|1100|1145|CARD:872,ALREADY_IN_CRM,433,Skipped because this participant already has attendance for the resolved session.
COMMITTED,ATTENDANCE,CALTHORPE|PILATES|2026-02-06|1200|1245|CARD:390,NEW_ATTENDANCE,22515,Inserted inside the current SQL transaction.
COMMITTED,ATTENDANCE,CALTHORPE|PILATES|2026-02-06|1200|1245|CARD:440,NEW_ATTENDANCE,22516,Inserted inside the current SQL transaction.
COMMITTED,ATTENDANCE,CALTHORPE|PILATES|2026-02-06|1200|1245|CARD:550,NEW_ATTENDANCE,22517,Inserted inside the current SQL transaction.
COMMITTED,ATTENDANCE,CALTHORPE|PILATES|2026-02-06|1200|1245|CARD:606,NEW_ATTENDANCE,22518,Inserted inside the current SQL transaction.
COMMITTED,ATTENDANCE,CALTHORPE|PILATES|2026-02-06|1200|1245|CARD:635,NEW_ATTENDANCE,22519,Inserted inside the current SQL transaction.
COMMITTED,ATTENDANCE,CALTHORPE|PILATES|2026-02-06|1200|1245|CARD:644,NEW_ATTENDANCE,22520,Inserted inside the current SQL transaction.
COMMITTED,ATTENDANCE,CALTHORPE|PILATES|2026-02-06|1200|1245|CARD:681,NEW_ATTENDANCE,22521,Inserted inside the current SQL transaction.
COMMITTED,ATTENDANCE,CALTHORPE|PILATES|2026-02-06|1200|1245|CARD:707,NEW_ATTENDANCE,22522,Inserted inside the current SQL transaction.
COMMITTED,ATTENDANCE,CALTHORPE|PILATES|2026-02-06|1200|1245|CARD:742,NEW_ATTENDANCE,22523,Inserted inside the current SQL transaction.
COMMITTED,ATTENDANCE,CALTHORPE|PILATES|2026-02-06|1200|1245|CARD:799,NEW_ATTENDANCE,22524,Inserted inside the current SQL transaction.
COMMITTED,ATTENDANCE,CALTHORPE|PILATES|2026-02-06|1200|1245|CARD:872,NEW_ATTENDANCE,22525,Inserted inside the current SQL transaction.
COMMITTED,ATTENDANCE,CALTHORPE|CHAIR BASED EXERCISE|2026-02-09|1130|1215|CARD:415,ALREADY_IN_CRM,445,Skipped because this participant already has attendance for the resolved session.
COMMITTED,ATTENDANCE,CALTHORPE|CHAIR BASED EXERCISE|2026-02-09|1130|1215|CARD:416,ALREADY_IN_CRM,449,Skipped because this participant already has attendance for the resolved session.
COMMITTED,ATTENDANCE,CALTHORPE|CHAIR BASED EXERCISE|2026-02-09|1130|1215|CARD:444,ALREADY_IN_CRM,450,Skipped because this participant already has attendance for the resolved session.
COMMITTED,ATTENDANCE,CALTHORPE|CHAIR BASED EXERCISE|2026-02-09|1130|1215|CARD:601,ALREADY_IN_CRM,451,Skipped because this participant already has attendance for the resolved session.
COMMITTED,ATTENDANCE,CALTHORPE|CHAIR BASED EXERCISE|2026-02-09|1130|1215|CARD:638,ALREADY_IN_CRM,448,Skipped because this participant already has attendance for the resolved session.
COMMITTED,ATTENDANCE,CALTHORPE|CHAIR BASED EXERCISE|2026-02-09|1130|1215|CARD:681,ALREADY_IN_CRM,452,Skipped because this participant already has attendance for the resolved session.
COMMITTED,ATTENDANCE,CALTHORPE|CHAIR BASED EXERCISE|2026-02-09|1130|1215|CARD:692,ALREADY_IN_CRM,446,Skipped because this participant already has attendance for the resolved session.
COMMITTED,ATTENDANCE,CALTHORPE|CHAIR BASED EXERCISE|2026-02-09|1130|1215|CARD:707,ALREADY_IN_CRM,447,Skipped because this participant already has attendance for the resolved session.
COMMITTED,ATTENDANCE,CALTHORPE|CHAIR BASED EXERCISE|2026-02-09|1130|1215|NAME:k bibi,NEW_ATTENDANCE,22526,Inserted inside the current SQL transaction.
COMMITTED,ATTENDANCE,CALTHORPE|CROCHET|2026-02-09|1230|1430|CARD:436,NEW_ATTENDANCE,22527,Inserted inside the current SQL transaction.
COMMITTED,ATTENDANCE,CALTHORPE|CROCHET|2026-02-09|1230|1430|CARD:468,NEW_ATTENDANCE,22528,Inserted inside the current SQL transaction.
COMMITTED,ATTENDANCE,CALTHORPE|CROCHET|2026-02-09|1230|1430|CARD:509,NEW_ATTENDANCE,22529,Inserted inside the current SQL transaction.
COMMITTED,ATTENDANCE,CALTHORPE|CROCHET|2026-02-09|1230|1430|CARD:586,NEW_ATTENDANCE,22530,Inserted inside the current SQL transaction.
COMMITTED,ATTENDANCE,CALTHORPE|CROCHET|2026-02-09|1230|1430|CARD:616,NEW_ATTENDANCE,22531,Inserted inside the current SQL transaction.
COMMITTED,ATTENDANCE,CALTHORPE|CROCHET|2026-02-09|1230|1430|CARD:638,NEW_ATTENDANCE,22532,Inserted inside the current SQL transaction.
COMMITTED,ATTENDANCE,CALTHORPE|CROCHET|2026-02-09|1230|1430|CARD:657,NEW_ATTENDANCE,22533,Inserted inside the current SQL transaction.
COMMITTED,ATTENDANCE,CALTHORPE|CROCHET|2026-02-09|1230|1430|CARD:708,NEW_ATTENDANCE,22534,Inserted inside the current SQL transaction.
COMMITTED,ATTENDANCE,CALTHORPE|CROCHET|2026-02-09|1230|1430|CARD:794,NEW_ATTENDANCE,22535,Inserted inside the current SQL transaction.
COMMITTED,ATTENDANCE,CALTHORPE|HIIT|2026-02-09|1030|1115|CARD:515,ALREADY_IN_CRM,456,Skipped because this participant already has attendance for the resolved session.
COMMITTED,ATTENDANCE,CALTHORPE|HIIT|2026-02-09|1030|1115|CARD:681,ALREADY_IN_CRM,457,Skipped because this participant already has attendance for the resolved session.
COMMITTED,ATTENDANCE,CALTHORPE|HIIT|2026-02-09|1030|1115|CARD:692,ALREADY_IN_CRM,453,Skipped because this participant already has attendance for the resolved session.
COMMITTED,ATTENDANCE,CALTHORPE|HIIT|2026-02-09|1030|1115|CARD:707,ALREADY_IN_CRM,454,Skipped because this participant already has attendance for the resolved session.
COMMITTED,ATTENDANCE,CALTHORPE|HIIT|2026-02-09|1030|1115|CARD:717,ALREADY_IN_CRM,455,Skipped because this participant already has attendance for the resolved session.
COMMITTED,ATTENDANCE,CALTHORPE|ZUMBA|2026-02-09|0930|1015|CARD:390,ALREADY_IN_CRM,459,Skipped because this participant already has attendance for the resolved session.
COMMITTED,ATTENDANCE,CALTHORPE|ZUMBA|2026-02-09|0930|1015|CARD:429,ALREADY_IN_CRM,460,Skipped because this participant already has attendance for the resolved session.
COMMITTED,ATTENDANCE,CALTHORPE|ZUMBA|2026-02-09|0930|1015|CARD:440,ALREADY_IN_CRM,458,Skipped because this participant already has attendance for the resolved session.
COMMITTED,ATTENDANCE,CALTHORPE|ZUMBA|2026-02-09|0930|1015|CARD:515,ALREADY_IN_CRM,461,Skipped because this participant already has attendance for the resolved session.
COMMITTED,ATTENDANCE,CALTHORPE|ZUMBA|2026-02-09|0930|1015|CARD:780,ALREADY_IN_CRM,462,Skipped because this participant already has attendance for the resolved session.
COMMITTED,ATTENDANCE,CALTHORPE|ZUMBA|2026-02-09|0930|1015|CARD:996,ALREADY_IN_CRM,463,Skipped because this participant already has attendance for the resolved session.
COMMITTED,ATTENDANCE,CALTHORPE|ZUMBA|2026-02-09|0930|1015|NAME:aisha saeed,NEW_ATTENDANCE,22536,Inserted inside the current SQL transaction.
COMMITTED,ATTENDANCE,CALTHORPE|ESOL|2026-02-10|1130|1330|CARD:455,NEW_ATTENDANCE,22537,Inserted inside the current SQL transaction.
COMMITTED,ATTENDANCE,CALTHORPE|ESOL|2026-02-10|1130|1330|CARD:462,NEW_ATTENDANCE,22538,Inserted inside the current SQL transaction.
COMMITTED,ATTENDANCE,CALTHORPE|ESOL|2026-02-10|1130|1330|CARD:516,NEW_ATTENDANCE,22539,Inserted inside the current SQL transaction.
COMMITTED,ATTENDANCE,CALTHORPE|ESOL|2026-02-10|1130|1330|CARD:647,NEW_ATTENDANCE,22540,Inserted inside the current SQL transaction.
COMMITTED,ATTENDANCE,CALTHORPE|ESOL|2026-02-10|1130|1330|CARD:994,NEW_ATTENDANCE,22541,Inserted inside the current SQL transaction.
COMMITTED,ATTENDANCE,CALTHORPE|SALSA/BELLY DANCING|2026-02-10|1715|1815|CARD:305,NEW_ATTENDANCE,22542,Inserted inside the current SQL transaction.
COMMITTED,ATTENDANCE,CALTHORPE|SALSA/BELLY DANCING|2026-02-10|1715|1815|CARD:625,NEW_ATTENDANCE,22543,Inserted inside the current SQL transaction.
COMMITTED,ATTENDANCE,CALTHORPE|SALSA/BELLY DANCING|2026-02-10|1715|1815|CARD:703,NEW_ATTENDANCE,22544,Inserted inside the current SQL transaction.
COMMITTED,ATTENDANCE,CALTHORPE|SALSA/BELLY DANCING|2026-02-10|1715|1815|CARD:704,NEW_ATTENDANCE,22545,Inserted inside the current SQL transaction.
COMMITTED,ATTENDANCE,CALTHORPE|SALSA/BELLY DANCING|2026-02-10|1715|1815|CARD:717,NEW_ATTENDANCE,22546,Inserted inside the current SQL transaction.
COMMITTED,ATTENDANCE,CALTHORPE|SALSA/BELLY DANCING|2026-02-10|1715|1815|NAME:ronnie,NEW_ATTENDANCE,22547,Inserted inside the current SQL transaction.
COMMITTED,ATTENDANCE,CALTHORPE|STRENGTH & STRETCH|2026-02-10|0930|1030|CARD:157,NEW_ATTENDANCE,22548,Inserted inside the current SQL transaction.
COMMITTED,ATTENDANCE,CALTHORPE|STRENGTH & STRETCH|2026-02-10|0930|1030|CARD:386,NEW_ATTENDANCE,22549,Inserted inside the current SQL transaction.
COMMITTED,ATTENDANCE,CALTHORPE|STRENGTH & STRETCH|2026-02-10|0930|1030|CARD:388,NEW_ATTENDANCE,22550,Inserted inside the current SQL transaction.
COMMITTED,ATTENDANCE,CALTHORPE|STRENGTH & STRETCH|2026-02-10|0930|1030|CARD:418,NEW_ATTENDANCE,22551,Inserted inside the current SQL transaction.
COMMITTED,ATTENDANCE,CALTHORPE|STRENGTH & STRETCH|2026-02-10|0930|1030|CARD:422,NEW_ATTENDANCE,22552,Inserted inside the current SQL transaction.
COMMITTED,ATTENDANCE,CALTHORPE|STRENGTH & STRETCH|2026-02-10|0930|1030|CARD:429,NEW_ATTENDANCE,22553,Inserted inside the current SQL transaction.
COMMITTED,ATTENDANCE,CALTHORPE|STRENGTH & STRETCH|2026-02-10|0930|1030|CARD:441,NEW_ATTENDANCE,22554,Inserted inside the current SQL transaction.
COMMITTED,ATTENDANCE,CALTHORPE|STRENGTH & STRETCH|2026-02-10|0930|1030|CARD:515,NEW_ATTENDANCE,22555,Inserted inside the current SQL transaction.
COMMITTED,ATTENDANCE,CALTHORPE|STRENGTH & STRETCH|2026-02-10|0930|1030|CARD:625,NEW_ATTENDANCE,22556,Inserted inside the current SQL transaction.
COMMITTED,ATTENDANCE,CALTHORPE|STRENGTH & STRETCH|2026-02-10|0930|1030|CARD:648,NEW_ATTENDANCE,22557,Inserted inside the current SQL transaction.
COMMITTED,ATTENDANCE,CALTHORPE|STRENGTH & STRETCH|2026-02-10|0930|1030|CARD:692,NEW_ATTENDANCE,22558,Inserted inside the current SQL transaction.
COMMITTED,ATTENDANCE,CALTHORPE|STRENGTH & STRETCH|2026-02-10|0930|1030|CARD:717,NEW_ATTENDANCE,22559,Inserted inside the current SQL transaction.
COMMITTED,ATTENDANCE,CALTHORPE|STRENGTH & STRETCH|2026-02-10|0930|1030|CARD:764,NEW_ATTENDANCE,22560,Inserted inside the current SQL transaction.
COMMITTED,ATTENDANCE,CALTHORPE|STRENGTH & STRETCH|2026-02-10|0930|1030|CARD:780,NEW_ATTENDANCE,22561,Inserted inside the current SQL transaction.
COMMITTED,ATTENDANCE,CALTHORPE|ESOL|2026-02-11|1130|1330|CARD:455,NEW_ATTENDANCE,22562,Inserted inside the current SQL transaction.
COMMITTED,ATTENDANCE,CALTHORPE|ESOL|2026-02-11|1130|1330|CARD:457,NEW_ATTENDANCE,22563,Inserted inside the current SQL transaction.
COMMITTED,ATTENDANCE,CALTHORPE|ESOL|2026-02-11|1130|1330|CARD:462,NEW_ATTENDANCE,22564,Inserted inside the current SQL transaction.
COMMITTED,ATTENDANCE,CALTHORPE|ESOL|2026-02-11|1130|1330|CARD:516,NEW_ATTENDANCE,22565,Inserted inside the current SQL transaction.
COMMITTED,ATTENDANCE,CALTHORPE|ESOL|2026-02-11|1130|1330|CARD:647,NEW_ATTENDANCE,22566,Inserted inside the current SQL transaction.
COMMITTED,ATTENDANCE,CALTHORPE|ESOL|2026-02-11|1130|1330|CARD:709,NEW_ATTENDANCE,22567,Inserted inside the current SQL transaction.
COMMITTED,ATTENDANCE,CALTHORPE|ESOL|2026-02-11|1130|1330|CARD:715,NEW_ATTENDANCE,22568,Inserted inside the current SQL transaction.
COMMITTED,ATTENDANCE,CALTHORPE|ESOL|2026-02-11|1130|1330|CARD:728,NEW_ATTENDANCE,22569,Inserted inside the current SQL transaction.
COMMITTED,ATTENDANCE,CALTHORPE|ESOL|2026-02-11|1130|1330|CARD:785,NEW_ATTENDANCE,22570,Inserted inside the current SQL transaction.
COMMITTED,ATTENDANCE,CALTHORPE|ESOL|2026-02-11|1130|1330|NAME:yasmeen,NEW_ATTENDANCE,22571,Inserted inside the current SQL transaction.
COMMITTED,ATTENDANCE,CALTHORPE|SALSA/BELLY DANCING|2026-02-11|1100|1200|CARD:441,NEW_ATTENDANCE,22572,Inserted inside the current SQL transaction.
COMMITTED,ATTENDANCE,CALTHORPE|SALSA/BELLY DANCING|2026-02-11|1100|1200|CARD:470,NEW_ATTENDANCE,22573,Inserted inside the current SQL transaction.
COMMITTED,ATTENDANCE,CALTHORPE|SALSA/BELLY DANCING|2026-02-11|1100|1200|CARD:513,NEW_ATTENDANCE,22574,Inserted inside the current SQL transaction.
COMMITTED,ATTENDANCE,CALTHORPE|SALSA/BELLY DANCING|2026-02-11|1100|1200|CARD:604,NEW_ATTENDANCE,22575,Inserted inside the current SQL transaction.
COMMITTED,ATTENDANCE,CALTHORPE|SALSA/BELLY DANCING|2026-02-11|1100|1200|CARD:638,NEW_ATTENDANCE,22576,Inserted inside the current SQL transaction.
COMMITTED,ATTENDANCE,CALTHORPE|SALSA/BELLY DANCING|2026-02-11|1100|1200|CARD:658,NEW_ATTENDANCE,22577,Inserted inside the current SQL transaction.
COMMITTED,ATTENDANCE,CALTHORPE|SALSA/BELLY DANCING|2026-02-11|1100|1200|CARD:995,NEW_ATTENDANCE,22578,Inserted inside the current SQL transaction.
COMMITTED,ATTENDANCE,CALTHORPE|CHAIR BASED EXERCISE|2026-02-12|1130|1215|CARD:337,ALREADY_IN_CRM,478,Skipped because this participant already has attendance for the resolved session.
COMMITTED,ATTENDANCE,CALTHORPE|CHAIR BASED EXERCISE|2026-02-12|1130|1215|CARD:380,ALREADY_IN_CRM,477,Skipped because this participant already has attendance for the resolved session.
COMMITTED,ATTENDANCE,CALTHORPE|CHAIR BASED EXERCISE|2026-02-12|1130|1215|CARD:413,ALREADY_IN_CRM,469,Skipped because this participant already has attendance for the resolved session.
COMMITTED,ATTENDANCE,CALTHORPE|CHAIR BASED EXERCISE|2026-02-12|1130|1215|CARD:416,ALREADY_IN_CRM,474,Skipped because this participant already has attendance for the resolved session.
COMMITTED,ATTENDANCE,CALTHORPE|CHAIR BASED EXERCISE|2026-02-12|1130|1215|CARD:440,ALREADY_IN_CRM,472,Skipped because this participant already has attendance for the resolved session.
COMMITTED,ATTENDANCE,CALTHORPE|CHAIR BASED EXERCISE|2026-02-12|1130|1215|CARD:444,ALREADY_IN_CRM,475,Skipped because this participant already has attendance for the resolved session.
COMMITTED,ATTENDANCE,CALTHORPE|CHAIR BASED EXERCISE|2026-02-12|1130|1215|CARD:584,ALREADY_IN_CRM,479,Skipped because this participant already has attendance for the resolved session.
COMMITTED,ATTENDANCE,CALTHORPE|CHAIR BASED EXERCISE|2026-02-12|1130|1215|CARD:586,ALREADY_IN_CRM,476,Skipped because this participant already has attendance for the resolved session.
COMMITTED,ATTENDANCE,CALTHORPE|CHAIR BASED EXERCISE|2026-02-12|1130|1215|CARD:638,ALREADY_IN_CRM,471,Skipped because this participant already has attendance for the resolved session.
COMMITTED,ATTENDANCE,CALTHORPE|CHAIR BASED EXERCISE|2026-02-12|1130|1215|CARD:640,ALREADY_IN_CRM,473,Skipped because this participant already has attendance for the resolved session.
COMMITTED,ATTENDANCE,CALTHORPE|CHAIR BASED EXERCISE|2026-02-12|1130|1215|CARD:692,ALREADY_IN_CRM,470,Skipped because this participant already has attendance for the resolved session.
COMMITTED,ATTENDANCE,CALTHORPE|CIRCUIT TRAINING|2026-02-12|0930|1015|CARD:373,ALREADY_IN_CRM,483,Skipped because this participant already has attendance for the resolved session.
COMMITTED,ATTENDANCE,CALTHORPE|CIRCUIT TRAINING|2026-02-12|0930|1015|CARD:429,ALREADY_IN_CRM,480,Skipped because this participant already has attendance for the resolved session.
COMMITTED,ATTENDANCE,CALTHORPE|CIRCUIT TRAINING|2026-02-12|0930|1015|CARD:470,ALREADY_IN_CRM,481,Skipped because this participant already has attendance for the resolved session.
COMMITTED,ATTENDANCE,CALTHORPE|CIRCUIT TRAINING|2026-02-12|0930|1015|CARD:515,ALREADY_IN_CRM,482,Skipped because this participant already has attendance for the resolved session.
COMMITTED,ATTENDANCE,CALTHORPE|CIRCUIT TRAINING|2026-02-12|0930|1015|CARD:787,ALREADY_IN_CRM,484,Skipped because this participant already has attendance for the resolved session.
COMMITTED,ATTENDANCE,CALTHORPE|CROCHET|2026-02-12|1230|1415|CARD:586,NEW_ATTENDANCE,22579,Inserted inside the current SQL transaction.
COMMITTED,ATTENDANCE,CALTHORPE|CROCHET|2026-02-12|1230|1415|CARD:640,NEW_ATTENDANCE,22580,Inserted inside the current SQL transaction.
COMMITTED,ATTENDANCE,CALTHORPE|CROCHET|2026-02-12|1230|1415|CARD:655,NEW_ATTENDANCE,22581,Inserted inside the current SQL transaction.
COMMITTED,ATTENDANCE,CALTHORPE|CROCHET|2026-02-12|1230|1415|CARD:708,NEW_ATTENDANCE,22582,Inserted inside the current SQL transaction.
COMMITTED,ATTENDANCE,CALTHORPE|CROCHET|2026-02-12|1230|1415|CARD:763,NEW_ATTENDANCE,22583,Inserted inside the current SQL transaction.
COMMITTED,ATTENDANCE,CALTHORPE|CROCHET|2026-02-12|1230|1415|CARD:774,NEW_ATTENDANCE,22584,Inserted inside the current SQL transaction.
COMMITTED,ATTENDANCE,CALTHORPE|MEN'S MULTI SPORTS|2026-02-12|1030|1130|CARD:791,NEW_ATTENDANCE,22585,Inserted inside the current SQL transaction.
COMMITTED,ATTENDANCE,CALTHORPE|MEN'S MULTI SPORTS|2026-02-12|1030|1130|CARD:857,NEW_ATTENDANCE,22586,Inserted inside the current SQL transaction.
COMMITTED,ATTENDANCE,CALTHORPE|MEN'S MULTI SPORTS|2026-02-12|1030|1130|NAME:ali,NEW_ATTENDANCE,22587,Inserted inside the current SQL transaction.
COMMITTED,ATTENDANCE,CALTHORPE|ARTS|2026-02-13|1300|1430|CARD:411,NEW_ATTENDANCE,22588,Inserted inside the current SQL transaction.
COMMITTED,ATTENDANCE,CALTHORPE|ARTS|2026-02-13|1300|1430|CARD:416,NEW_ATTENDANCE,22589,Inserted inside the current SQL transaction.
COMMITTED,ATTENDANCE,CALTHORPE|ARTS|2026-02-13|1300|1430|CARD:444,NEW_ATTENDANCE,22590,Inserted inside the current SQL transaction.
COMMITTED,ATTENDANCE,CALTHORPE|ARTS|2026-02-13|1300|1430|CARD:550,NEW_ATTENDANCE,22591,Inserted inside the current SQL transaction.
COMMITTED,ATTENDANCE,CALTHORPE|ARTS|2026-02-13|1300|1430|CARD:586,NEW_ATTENDANCE,22592,Inserted inside the current SQL transaction.
COMMITTED,ATTENDANCE,CALTHORPE|ARTS|2026-02-13|1300|1430|CARD:700,NEW_ATTENDANCE,22593,Inserted inside the current SQL transaction.
COMMITTED,ATTENDANCE,CALTHORPE|BODY CONDITIONING|2026-02-13|1100|1145|CARD:126,ALREADY_IN_CRM,493,Skipped because this participant already has attendance for the resolved session.
COMMITTED,ATTENDANCE,CALTHORPE|BODY CONDITIONING|2026-02-13|1100|1145|CARD:346,ALREADY_IN_CRM,495,Skipped because this participant already has attendance for the resolved session.
COMMITTED,ATTENDANCE,CALTHORPE|BODY CONDITIONING|2026-02-13|1100|1145|CARD:380,ALREADY_IN_CRM,497,Skipped because this participant already has attendance for the resolved session.
COMMITTED,ATTENDANCE,CALTHORPE|BODY CONDITIONING|2026-02-13|1100|1145|CARD:386,ALREADY_IN_CRM,496,Skipped because this participant already has attendance for the resolved session.
COMMITTED,ATTENDANCE,CALTHORPE|BODY CONDITIONING|2026-02-13|1100|1145|CARD:388,ALREADY_IN_CRM,488,Skipped because this participant already has attendance for the resolved session.
COMMITTED,ATTENDANCE,CALTHORPE|BODY CONDITIONING|2026-02-13|1100|1145|CARD:390,ALREADY_IN_CRM,492,Skipped because this participant already has attendance for the resolved session.
COMMITTED,ATTENDANCE,CALTHORPE|BODY CONDITIONING|2026-02-13|1100|1145|CARD:411,ALREADY_IN_CRM,501,Skipped because this participant already has attendance for the resolved session.
COMMITTED,ATTENDANCE,CALTHORPE|BODY CONDITIONING|2026-02-13|1100|1145|CARD:413,ALREADY_IN_CRM,487,Skipped because this participant already has attendance for the resolved session.
COMMITTED,ATTENDANCE,CALTHORPE|BODY CONDITIONING|2026-02-13|1100|1145|CARD:440,ALREADY_IN_CRM,489,Skipped because this participant already has attendance for the resolved session.
COMMITTED,ATTENDANCE,CALTHORPE|BODY CONDITIONING|2026-02-13|1100|1145|CARD:515,ALREADY_IN_CRM,498,Skipped because this participant already has attendance for the resolved session.
COMMITTED,ATTENDANCE,CALTHORPE|BODY CONDITIONING|2026-02-13|1100|1145|CARD:568,ALREADY_IN_CRM,494,Skipped because this participant already has attendance for the resolved session.
COMMITTED,ATTENDANCE,CALTHORPE|BODY CONDITIONING|2026-02-13|1100|1145|CARD:625,ALREADY_IN_CRM,500,Skipped because this participant already has attendance for the resolved session.
COMMITTED,ATTENDANCE,CALTHORPE|BODY CONDITIONING|2026-02-13|1100|1145|CARD:681,ALREADY_IN_CRM,499,Skipped because this participant already has attendance for the resolved session.
COMMITTED,ATTENDANCE,CALTHORPE|BODY CONDITIONING|2026-02-13|1100|1145|CARD:700,ALREADY_IN_CRM,490,Skipped because this participant already has attendance for the resolved session.
COMMITTED,ATTENDANCE,CALTHORPE|BODY CONDITIONING|2026-02-13|1100|1145|CARD:742,ALREADY_IN_CRM,491,Skipped because this participant already has attendance for the resolved session.
COMMITTED,ATTENDANCE,CALTHORPE|PILATES|2026-02-13|1200|1245|CARD:157,NEW_ATTENDANCE,22594,Inserted inside the current SQL transaction.
COMMITTED,ATTENDANCE,CALTHORPE|PILATES|2026-02-13|1200|1245|CARD:390,NEW_ATTENDANCE,22595,Inserted inside the current SQL transaction.
COMMITTED,ATTENDANCE,CALTHORPE|PILATES|2026-02-13|1200|1245|CARD:413,NEW_ATTENDANCE,22596,Inserted inside the current SQL transaction.
COMMITTED,ATTENDANCE,CALTHORPE|PILATES|2026-02-13|1200|1245|CARD:440,NEW_ATTENDANCE,22597,Inserted inside the current SQL transaction.
COMMITTED,ATTENDANCE,CALTHORPE|PILATES|2026-02-13|1200|1245|CARD:442,NEW_ATTENDANCE,22598,Inserted inside the current SQL transaction.
COMMITTED,ATTENDANCE,CALTHORPE|PILATES|2026-02-13|1200|1245|CARD:486,NEW_ATTENDANCE,22599,Inserted inside the current SQL transaction.
COMMITTED,ATTENDANCE,CALTHORPE|PILATES|2026-02-13|1200|1245|CARD:515,NEW_ATTENDANCE,22600,Inserted inside the current SQL transaction.
COMMITTED,ATTENDANCE,CALTHORPE|PILATES|2026-02-13|1200|1245|CARD:550,NEW_ATTENDANCE,22601,Inserted inside the current SQL transaction.
COMMITTED,ATTENDANCE,CALTHORPE|PILATES|2026-02-13|1200|1245|CARD:625,NEW_ATTENDANCE,22602,Inserted inside the current SQL transaction.
COMMITTED,ATTENDANCE,CALTHORPE|PILATES|2026-02-13|1200|1245|CARD:681,NEW_ATTENDANCE,22603,Inserted inside the current SQL transaction.
COMMITTED,ATTENDANCE,CALTHORPE|PILATES|2026-02-13|1200|1245|CARD:707,NEW_ATTENDANCE,22604,Inserted inside the current SQL transaction.
COMMITTED,ATTENDANCE,CALTHORPE|PILATES|2026-02-13|1200|1245|CARD:742,NEW_ATTENDANCE,22605,Inserted inside the current SQL transaction.
COMMITTED,ATTENDANCE,CALTHORPE|PILATES|2026-02-13|1200|1245|NAME:helen,NEW_ATTENDANCE,22606,Inserted inside the current SQL transaction.
COMMITTED,ATTENDANCE,CALTHORPE|CHAIR BASED EXERCISE|2026-02-16|1130|1215|CARD:416,ALREADY_IN_CRM,516,Skipped because this participant already has attendance for the resolved session.
COMMITTED,ATTENDANCE,CALTHORPE|CHAIR BASED EXERCISE|2026-02-16|1130|1215|CARD:485,ALREADY_IN_CRM,519,Skipped because this participant already has attendance for the resolved session.
COMMITTED,ATTENDANCE,CALTHORPE|CHAIR BASED EXERCISE|2026-02-16|1130|1215|CARD:601,ALREADY_IN_CRM,517,Skipped because this participant already has attendance for the resolved session.
COMMITTED,ATTENDANCE,CALTHORPE|CHAIR BASED EXERCISE|2026-02-16|1130|1215|CARD:681,ALREADY_IN_CRM,518,Skipped because this participant already has attendance for the resolved session.
COMMITTED,ATTENDANCE,CALTHORPE|CHAIR BASED EXERCISE|2026-02-16|1130|1215|CARD:707,ALREADY_IN_CRM,514,Skipped because this participant already has attendance for the resolved session.
COMMITTED,ATTENDANCE,CALTHORPE|CHAIR BASED EXERCISE|2026-02-16|1130|1215|CARD:717,ALREADY_IN_CRM,515,Skipped because this participant already has attendance for the resolved session.
COMMITTED,ATTENDANCE,CALTHORPE|CHAIR BASED EXERCISE|2026-02-16|1130|1215|CARD:855,ALREADY_IN_CRM,520,Skipped because this participant already has attendance for the resolved session.
COMMITTED,ATTENDANCE,CALTHORPE|CROCHET|2026-02-16|1230|1430|CARD:436,NEW_ATTENDANCE,22607,Inserted inside the current SQL transaction.
COMMITTED,ATTENDANCE,CALTHORPE|CROCHET|2026-02-16|1230|1430|CARD:468,NEW_ATTENDANCE,22608,Inserted inside the current SQL transaction.
COMMITTED,ATTENDANCE,CALTHORPE|CROCHET|2026-02-16|1230|1430|CARD:509,NEW_ATTENDANCE,22609,Inserted inside the current SQL transaction.
COMMITTED,ATTENDANCE,CALTHORPE|CROCHET|2026-02-16|1230|1430|CARD:586,NEW_ATTENDANCE,22610,Inserted inside the current SQL transaction.
COMMITTED,ATTENDANCE,CALTHORPE|CROCHET|2026-02-16|1230|1430|CARD:638,NEW_ATTENDANCE,22611,Inserted inside the current SQL transaction.
COMMITTED,ATTENDANCE,CALTHORPE|CROCHET|2026-02-16|1230|1430|CARD:708,NEW_ATTENDANCE,22612,Inserted inside the current SQL transaction.
COMMITTED,ATTENDANCE,CALTHORPE|CROCHET|2026-02-16|1230|1430|NAME:shailla sharif,NEW_ATTENDANCE,22613,Inserted inside the current SQL transaction.
COMMITTED,ATTENDANCE,CALTHORPE|HIIT|2026-02-16|1030|1115|CARD:441,ALREADY_IN_CRM,526,Skipped because this participant already has attendance for the resolved session.
COMMITTED,ATTENDANCE,CALTHORPE|HIIT|2026-02-16|1030|1115|CARD:515,ALREADY_IN_CRM,527,Skipped because this participant already has attendance for the resolved session.
COMMITTED,ATTENDANCE,CALTHORPE|HIIT|2026-02-16|1030|1115|CARD:681,ALREADY_IN_CRM,529,Skipped because this participant already has attendance for the resolved session.
COMMITTED,ATTENDANCE,CALTHORPE|HIIT|2026-02-16|1030|1115|CARD:692,ALREADY_IN_CRM,521,Skipped because this participant already has attendance for the resolved session.
COMMITTED,ATTENDANCE,CALTHORPE|HIIT|2026-02-16|1030|1115|CARD:700,ALREADY_IN_CRM,523,Skipped because this participant already has attendance for the resolved session.
COMMITTED,ATTENDANCE,CALTHORPE|HIIT|2026-02-16|1030|1115|CARD:704,ALREADY_IN_CRM,525,Skipped because this participant already has attendance for the resolved session.
COMMITTED,ATTENDANCE,CALTHORPE|HIIT|2026-02-16|1030|1115|CARD:707,ALREADY_IN_CRM,522,Skipped because this participant already has attendance for the resolved session.
COMMITTED,ATTENDANCE,CALTHORPE|HIIT|2026-02-16|1030|1115|CARD:717,ALREADY_IN_CRM,524,Skipped because this participant already has attendance for the resolved session.
COMMITTED,ATTENDANCE,CALTHORPE|HIIT|2026-02-16|1030|1115|CARD:771,ALREADY_IN_CRM,528,Skipped because this participant already has attendance for the resolved session.
COMMITTED,ATTENDANCE,CALTHORPE|ZUMBA|2026-02-16|0930|1015|CARD:413,ALREADY_IN_CRM,530,Skipped because this participant already has attendance for the resolved session.
COMMITTED,ATTENDANCE,CALTHORPE|ZUMBA|2026-02-16|0930|1015|CARD:429,ALREADY_IN_CRM,536,Skipped because this participant already has attendance for the resolved session.
COMMITTED,ATTENDANCE,CALTHORPE|ZUMBA|2026-02-16|0930|1015|CARD:440,ALREADY_IN_CRM,531,Skipped because this participant already has attendance for the resolved session.
COMMITTED,ATTENDANCE,CALTHORPE|ZUMBA|2026-02-16|0930|1015|CARD:470,ALREADY_IN_CRM,537,Skipped because this participant already has attendance for the resolved session.
COMMITTED,ATTENDANCE,CALTHORPE|ZUMBA|2026-02-16|0930|1015|CARD:498,ALREADY_IN_CRM,540,Skipped because this participant already has attendance for the resolved session.
COMMITTED,ATTENDANCE,CALTHORPE|ZUMBA|2026-02-16|0930|1015|CARD:515,ALREADY_IN_CRM,538,Skipped because this participant already has attendance for the resolved session.
COMMITTED,ATTENDANCE,CALTHORPE|ZUMBA|2026-02-16|0930|1015|CARD:557,ALREADY_IN_CRM,535,Skipped because this participant already has attendance for the resolved session.
COMMITTED,ATTENDANCE,CALTHORPE|ZUMBA|2026-02-16|0930|1015|CARD:700,ALREADY_IN_CRM,532,Skipped because this participant already has attendance for the resolved session.
COMMITTED,ATTENDANCE,CALTHORPE|ZUMBA|2026-02-16|0930|1015|CARD:704,ALREADY_IN_CRM,534,Skipped because this participant already has attendance for the resolved session.
COMMITTED,ATTENDANCE,CALTHORPE|ZUMBA|2026-02-16|0930|1015|CARD:742,ALREADY_IN_CRM,533,Skipped because this participant already has attendance for the resolved session.
COMMITTED,ATTENDANCE,CALTHORPE|ZUMBA|2026-02-16|0930|1015|CARD:771,ALREADY_IN_CRM,539,Skipped because this participant already has attendance for the resolved session.
COMMITTED,ATTENDANCE,CALTHORPE|STRENGTH & STRETCH|2026-02-17|0930|1030|CARD:390,NEW_ATTENDANCE,22614,Inserted inside the current SQL transaction.
COMMITTED,ATTENDANCE,CALTHORPE|STRENGTH & STRETCH|2026-02-17|0930|1030|CARD:411,NEW_ATTENDANCE,22615,Inserted inside the current SQL transaction.
COMMITTED,ATTENDANCE,CALTHORPE|STRENGTH & STRETCH|2026-02-17|0930|1030|CARD:441,NEW_ATTENDANCE,22616,Inserted inside the current SQL transaction.
COMMITTED,ATTENDANCE,CALTHORPE|STRENGTH & STRETCH|2026-02-17|0930|1030|CARD:470,NEW_ATTENDANCE,22617,Inserted inside the current SQL transaction.
COMMITTED,ATTENDANCE,CALTHORPE|STRENGTH & STRETCH|2026-02-17|0930|1030|CARD:515,NEW_ATTENDANCE,22618,Inserted inside the current SQL transaction.
COMMITTED,ATTENDANCE,CALTHORPE|STRENGTH & STRETCH|2026-02-17|0930|1030|CARD:656,NEW_ATTENDANCE,22619,Inserted inside the current SQL transaction.
COMMITTED,ATTENDANCE,CALTHORPE|STRENGTH & STRETCH|2026-02-17|0930|1030|CARD:681,NEW_ATTENDANCE,22620,Inserted inside the current SQL transaction.
COMMITTED,ATTENDANCE,CALTHORPE|STRENGTH & STRETCH|2026-02-17|0930|1030|CARD:717,NEW_ATTENDANCE,22621,Inserted inside the current SQL transaction.
COMMITTED,ATTENDANCE,CALTHORPE|STRENGTH & STRETCH|2026-02-17|0930|1030|CARD:764,NEW_ATTENDANCE,22622,Inserted inside the current SQL transaction.
COMMITTED,ATTENDANCE,CALTHORPE|YOGA|2026-02-17|1715|1815|CARD:612,NEW_ATTENDANCE,22623,Inserted inside the current SQL transaction.
COMMITTED,ATTENDANCE,CALTHORPE|YOGA|2026-02-17|1715|1815|CARD:625,NEW_ATTENDANCE,22624,Inserted inside the current SQL transaction.
COMMITTED,ATTENDANCE,CALTHORPE|YOGA|2026-02-17|1715|1815|CARD:704,NEW_ATTENDANCE,22625,Inserted inside the current SQL transaction.
COMMITTED,ATTENDANCE,CALTHORPE|YOGA|2026-02-17|1715|1815|CARD:717,NEW_ATTENDANCE,22626,Inserted inside the current SQL transaction.
COMMITTED,ATTENDANCE,CALTHORPE|YOGA|2026-02-17|1715|1815|NAME:nasima,NEW_ATTENDANCE,22627,Inserted inside the current SQL transaction.
COMMITTED,ATTENDANCE,CALTHORPE|ESOL|2026-02-18|1130|1330|CARD:455,NEW_ATTENDANCE,22628,Inserted inside the current SQL transaction.
COMMITTED,ATTENDANCE,CALTHORPE|ESOL|2026-02-18|1130|1330|CARD:458,NEW_ATTENDANCE,22629,Inserted inside the current SQL transaction.
COMMITTED,ATTENDANCE,CALTHORPE|ESOL|2026-02-18|1130|1330|CARD:462,NEW_ATTENDANCE,22630,Inserted inside the current SQL transaction.
COMMITTED,ATTENDANCE,CALTHORPE|ESOL|2026-02-18|1130|1330|CARD:647,NEW_ATTENDANCE,22631,Inserted inside the current SQL transaction.
COMMITTED,ATTENDANCE,CALTHORPE|ESOL|2026-02-18|1130|1330|CARD:672,NEW_ATTENDANCE,22632,Inserted inside the current SQL transaction.
COMMITTED,ATTENDANCE,CALTHORPE|ESOL|2026-02-18|1130|1330|CARD:709,NEW_ATTENDANCE,22633,Inserted inside the current SQL transaction.
COMMITTED,ATTENDANCE,CALTHORPE|ESOL|2026-02-18|1130|1330|CARD:715,NEW_ATTENDANCE,22634,Inserted inside the current SQL transaction.
COMMITTED,ATTENDANCE,CALTHORPE|ESOL|2026-02-18|1130|1330|CARD:728,NEW_ATTENDANCE,22635,Inserted inside the current SQL transaction.
COMMITTED,ATTENDANCE,CALTHORPE|ESOL|2026-02-18|1130|1330|CARD:779,NEW_ATTENDANCE,22636,Inserted inside the current SQL transaction.
COMMITTED,ATTENDANCE,CALTHORPE|SALSA/BELLY DANCING|2026-02-18|1100|1200|CARD:416,NEW_ATTENDANCE,22637,Inserted inside the current SQL transaction.
COMMITTED,ATTENDANCE,CALTHORPE|SALSA/BELLY DANCING|2026-02-18|1100|1200|CARD:441,NEW_ATTENDANCE,22638,Inserted inside the current SQL transaction.
COMMITTED,ATTENDANCE,CALTHORPE|SALSA/BELLY DANCING|2026-02-18|1100|1200|CARD:513,NEW_ATTENDANCE,22639,Inserted inside the current SQL transaction.
COMMITTED,ATTENDANCE,CALTHORPE|SALSA/BELLY DANCING|2026-02-18|1100|1200|CARD:638,NEW_ATTENDANCE,22640,Inserted inside the current SQL transaction.
COMMITTED,ATTENDANCE,CALTHORPE|SALSA/BELLY DANCING|2026-02-18|1100|1200|CARD:995,NEW_ATTENDANCE,22641,Inserted inside the current SQL transaction.
COMMITTED,ATTENDANCE,CALTHORPE|CHAIR BASED EXERCISE|2026-02-19|1130|1215|CARD:380,ALREADY_IN_CRM,551,Skipped because this participant already has attendance for the resolved session.
COMMITTED,ATTENDANCE,CALTHORPE|CHAIR BASED EXERCISE|2026-02-19|1130|1215|CARD:416,ALREADY_IN_CRM,547,Skipped because this participant already has attendance for the resolved session.
COMMITTED,ATTENDANCE,CALTHORPE|CHAIR BASED EXERCISE|2026-02-19|1130|1215|CARD:424,ALREADY_IN_CRM,546,Skipped because this participant already has attendance for the resolved session.
COMMITTED,ATTENDANCE,CALTHORPE|CHAIR BASED EXERCISE|2026-02-19|1130|1215|CARD:436,ALREADY_IN_CRM,550,Skipped because this participant already has attendance for the resolved session.
COMMITTED,ATTENDANCE,CALTHORPE|CHAIR BASED EXERCISE|2026-02-19|1130|1215|CARD:444,ALREADY_IN_CRM,548,Skipped because this participant already has attendance for the resolved session.
COMMITTED,ATTENDANCE,CALTHORPE|CHAIR BASED EXERCISE|2026-02-19|1130|1215|CARD:586,ALREADY_IN_CRM,549,Skipped because this participant already has attendance for the resolved session.
COMMITTED,ATTENDANCE,CALTHORPE|CHAIR BASED EXERCISE|2026-02-19|1130|1215|CARD:655,ALREADY_IN_CRM,545,Skipped because this participant already has attendance for the resolved session.
COMMITTED,ATTENDANCE,CALTHORPE|CHAIR BASED EXERCISE|2026-02-19|1130|1215|CARD:855,ALREADY_IN_CRM,552,Skipped because this participant already has attendance for the resolved session.
COMMITTED,ATTENDANCE,CALTHORPE|CHAIR BASED EXERCISE|2026-02-19|1130|1215|NAME:parveen,NEW_ATTENDANCE,22642,Inserted inside the current SQL transaction.
COMMITTED,ATTENDANCE,CALTHORPE|CIRCUIT TRAINING|2026-02-19|0930|1015|CARD:429,ALREADY_IN_CRM,554,Skipped because this participant already has attendance for the resolved session.
COMMITTED,ATTENDANCE,CALTHORPE|CIRCUIT TRAINING|2026-02-19|0930|1015|CARD:441,ALREADY_IN_CRM,553,Skipped because this participant already has attendance for the resolved session.
COMMITTED,ATTENDANCE,CALTHORPE|CIRCUIT TRAINING|2026-02-19|0930|1015|CARD:470,ALREADY_IN_CRM,555,Skipped because this participant already has attendance for the resolved session.
COMMITTED,ATTENDANCE,CALTHORPE|CIRCUIT TRAINING|2026-02-19|0930|1015|CARD:515,ALREADY_IN_CRM,556,Skipped because this participant already has attendance for the resolved session.
COMMITTED,ATTENDANCE,CALTHORPE|CIRCUIT TRAINING|2026-02-19|0930|1015|NAME:nasima,NEW_ATTENDANCE,22643,Inserted inside the current SQL transaction.
COMMITTED,ATTENDANCE,CALTHORPE|CROCHET|2026-02-19|1230|1415|CARD:337,NEW_ATTENDANCE,22644,Inserted inside the current SQL transaction.
COMMITTED,ATTENDANCE,CALTHORPE|CROCHET|2026-02-19|1230|1415|CARD:416,NEW_ATTENDANCE,22645,Inserted inside the current SQL transaction.
COMMITTED,ATTENDANCE,CALTHORPE|CROCHET|2026-02-19|1230|1415|CARD:418,NEW_ATTENDANCE,22646,Inserted inside the current SQL transaction.
COMMITTED,ATTENDANCE,CALTHORPE|CROCHET|2026-02-19|1230|1415|CARD:424,NEW_ATTENDANCE,22647,Inserted inside the current SQL transaction.
COMMITTED,ATTENDANCE,CALTHORPE|CROCHET|2026-02-19|1230|1415|CARD:586,NEW_ATTENDANCE,22648,Inserted inside the current SQL transaction.
COMMITTED,ATTENDANCE,CALTHORPE|CROCHET|2026-02-19|1230|1415|CARD:640,NEW_ATTENDANCE,22649,Inserted inside the current SQL transaction.
COMMITTED,ATTENDANCE,CALTHORPE|CROCHET|2026-02-19|1230|1415|CARD:655,NEW_ATTENDANCE,22650,Inserted inside the current SQL transaction.
COMMITTED,ATTENDANCE,CALTHORPE|MEN'S MULTI SPORTS|2026-02-19|1030|1130|NAME:abdul bashir,NEW_ATTENDANCE,22651,Inserted inside the current SQL transaction.
COMMITTED,ATTENDANCE,CALTHORPE|MEN'S MULTI SPORTS|2026-02-19|1030|1130|NAME:mohd al islam,NEW_ATTENDANCE,22652,Inserted inside the current SQL transaction.
COMMITTED,ATTENDANCE,CALTHORPE|ARTS|2026-02-20|1230|1400|CARD:411,NEW_ATTENDANCE,22653,Inserted inside the current SQL transaction.
COMMITTED,ATTENDANCE,CALTHORPE|ARTS|2026-02-20|1230|1400|CARD:416,NEW_ATTENDANCE,22654,Inserted inside the current SQL transaction.
COMMITTED,ATTENDANCE,CALTHORPE|ARTS|2026-02-20|1230|1400|CARD:444,NEW_ATTENDANCE,22655,Inserted inside the current SQL transaction.
COMMITTED,ATTENDANCE,CALTHORPE|ARTS|2026-02-20|1230|1400|CARD:586,NEW_ATTENDANCE,22656,Inserted inside the current SQL transaction.
COMMITTED,ATTENDANCE,CALTHORPE|ARTS|2026-02-20|1230|1400|CARD:700,NEW_ATTENDANCE,22657,Inserted inside the current SQL transaction.
COMMITTED,ATTENDANCE,CALTHORPE|ARTS|2026-02-20|1230|1400|CARD:720,NEW_ATTENDANCE,22658,Inserted inside the current SQL transaction.
COMMITTED,ATTENDANCE,CALTHORPE|ARTS|2026-02-20|1230|1400|CARD:771,NEW_ATTENDANCE,22659,Inserted inside the current SQL transaction.
COMMITTED,ATTENDANCE,CALTHORPE|BODY CONDITIONING|2026-02-20|1100|1145|CARD:126,ALREADY_IN_CRM,559,Skipped because this participant already has attendance for the resolved session.
COMMITTED,ATTENDANCE,CALTHORPE|BODY CONDITIONING|2026-02-20|1100|1145|CARD:429,ALREADY_IN_CRM,560,Skipped because this participant already has attendance for the resolved session.
COMMITTED,ATTENDANCE,CALTHORPE|BODY CONDITIONING|2026-02-20|1100|1145|CARD:470,ALREADY_IN_CRM,561,Skipped because this participant already has attendance for the resolved session.
COMMITTED,ATTENDANCE,CALTHORPE|BODY CONDITIONING|2026-02-20|1100|1145|CARD:625,ALREADY_IN_CRM,564,Skipped because this participant already has attendance for the resolved session.
COMMITTED,ATTENDANCE,CALTHORPE|BODY CONDITIONING|2026-02-20|1100|1145|CARD:681,ALREADY_IN_CRM,563,Skipped because this participant already has attendance for the resolved session.
COMMITTED,ATTENDANCE,CALTHORPE|BODY CONDITIONING|2026-02-20|1100|1145|CARD:700,ALREADY_IN_CRM,557,Skipped because this participant already has attendance for the resolved session.
COMMITTED,ATTENDANCE,CALTHORPE|BODY CONDITIONING|2026-02-20|1100|1145|CARD:742,ALREADY_IN_CRM,558,Skipped because this participant already has attendance for the resolved session.
COMMITTED,ATTENDANCE,CALTHORPE|BODY CONDITIONING|2026-02-20|1100|1145|CARD:771,ALREADY_IN_CRM,562,Skipped because this participant already has attendance for the resolved session.
COMMITTED,ATTENDANCE,CALTHORPE|PILATES|2026-02-20|1200|1245|CARD:442,NEW_ATTENDANCE,22660,Inserted inside the current SQL transaction.
COMMITTED,ATTENDANCE,CALTHORPE|PILATES|2026-02-20|1200|1245|CARD:515,NEW_ATTENDANCE,22661,Inserted inside the current SQL transaction.
COMMITTED,ATTENDANCE,CALTHORPE|PILATES|2026-02-20|1200|1245|CARD:550,NEW_ATTENDANCE,22662,Inserted inside the current SQL transaction.
COMMITTED,ATTENDANCE,CALTHORPE|PILATES|2026-02-20|1200|1245|CARD:606,NEW_ATTENDANCE,22663,Inserted inside the current SQL transaction.
COMMITTED,ATTENDANCE,CALTHORPE|PILATES|2026-02-20|1200|1245|CARD:635,NEW_ATTENDANCE,22664,Inserted inside the current SQL transaction.
COMMITTED,ATTENDANCE,CALTHORPE|PILATES|2026-02-20|1200|1245|CARD:681,NEW_ATTENDANCE,22665,Inserted inside the current SQL transaction.
COMMITTED,ATTENDANCE,CALTHORPE|PILATES|2026-02-20|1200|1245|CARD:707,NEW_ATTENDANCE,22666,Inserted inside the current SQL transaction.
COMMITTED,ATTENDANCE,CALTHORPE|CHAIR BASED EXERCISE|2026-02-23|1130|1215|CARD:415,ALREADY_IN_CRM,572,Skipped because this participant already has attendance for the resolved session.
COMMITTED,ATTENDANCE,CALTHORPE|CHAIR BASED EXERCISE|2026-02-23|1130|1215|CARD:444,ALREADY_IN_CRM,578,Skipped because this participant already has attendance for the resolved session.
COMMITTED,ATTENDANCE,CALTHORPE|CHAIR BASED EXERCISE|2026-02-23|1130|1215|CARD:586,ALREADY_IN_CRM,579,Skipped because this participant already has attendance for the resolved session.
COMMITTED,ATTENDANCE,CALTHORPE|CHAIR BASED EXERCISE|2026-02-23|1130|1215|CARD:601,ALREADY_IN_CRM,580,Skipped because this participant already has attendance for the resolved session.
COMMITTED,ATTENDANCE,CALTHORPE|CHAIR BASED EXERCISE|2026-02-23|1130|1215|CARD:638,ALREADY_IN_CRM,575,Skipped because this participant already has attendance for the resolved session.
COMMITTED,ATTENDANCE,CALTHORPE|CHAIR BASED EXERCISE|2026-02-23|1130|1215|CARD:704,ALREADY_IN_CRM,577,Skipped because this participant already has attendance for the resolved session.
COMMITTED,ATTENDANCE,CALTHORPE|CHAIR BASED EXERCISE|2026-02-23|1130|1215|CARD:707,ALREADY_IN_CRM,573,Skipped because this participant already has attendance for the resolved session.
COMMITTED,ATTENDANCE,CALTHORPE|CHAIR BASED EXERCISE|2026-02-23|1130|1215|CARD:717,ALREADY_IN_CRM,576,Skipped because this participant already has attendance for the resolved session.
COMMITTED,ATTENDANCE,CALTHORPE|CHAIR BASED EXERCISE|2026-02-23|1130|1215|CARD:806,ALREADY_IN_CRM,574,Skipped because this participant already has attendance for the resolved session.
COMMITTED,ATTENDANCE,CALTHORPE|CHAIR BASED EXERCISE|2026-02-23|1130|1215|CARD:855,ALREADY_IN_CRM,581,Skipped because this participant already has attendance for the resolved session.
COMMITTED,ATTENDANCE,CALTHORPE|CROCHET|2026-02-23|1230|1430|CARD:436,NEW_ATTENDANCE,22667,Inserted inside the current SQL transaction.
COMMITTED,ATTENDANCE,CALTHORPE|CROCHET|2026-02-23|1230|1430|CARD:586,NEW_ATTENDANCE,22668,Inserted inside the current SQL transaction.
COMMITTED,ATTENDANCE,CALTHORPE|CROCHET|2026-02-23|1230|1430|CARD:638,NEW_ATTENDANCE,22669,Inserted inside the current SQL transaction.
COMMITTED,ATTENDANCE,CALTHORPE|CROCHET|2026-02-23|1230|1430|CARD:708,NEW_ATTENDANCE,22670,Inserted inside the current SQL transaction.
COMMITTED,ATTENDANCE,CALTHORPE|CROCHET|2026-02-23|1230|1430|NAME:shailla sharif,NEW_ATTENDANCE,22671,Inserted inside the current SQL transaction.
COMMITTED,ATTENDANCE,CALTHORPE|HIIT|2026-02-23|1030|1115|CARD:68,ALREADY_IN_CRM,584,Skipped because this participant already has attendance for the resolved session.
COMMITTED,ATTENDANCE,CALTHORPE|HIIT|2026-02-23|1030|1115|CARD:704,ALREADY_IN_CRM,583,Skipped because this participant already has attendance for the resolved session.
COMMITTED,ATTENDANCE,CALTHORPE|HIIT|2026-02-23|1030|1115|CARD:707,ALREADY_IN_CRM,582,Skipped because this participant already has attendance for the resolved session.
COMMITTED,ATTENDANCE,CALTHORPE|HIIT|2026-02-23|1030|1115|CARD:771,ALREADY_IN_CRM,585,Skipped because this participant already has attendance for the resolved session.
COMMITTED,ATTENDANCE,CALTHORPE|ZUMBA|2026-02-23|0930|1015|CARD:411,ALREADY_IN_CRM,590,Skipped because this participant already has attendance for the resolved session.
COMMITTED,ATTENDANCE,CALTHORPE|ZUMBA|2026-02-23|0930|1015|CARD:429,ALREADY_IN_CRM,587,Skipped because this participant already has attendance for the resolved session.
COMMITTED,ATTENDANCE,CALTHORPE|ZUMBA|2026-02-23|0930|1015|CARD:470,ALREADY_IN_CRM,588,Skipped because this participant already has attendance for the resolved session.
COMMITTED,ATTENDANCE,CALTHORPE|ZUMBA|2026-02-23|0930|1015|CARD:498,ALREADY_IN_CRM,591,Skipped because this participant already has attendance for the resolved session.
COMMITTED,ATTENDANCE,CALTHORPE|ZUMBA|2026-02-23|0930|1015|CARD:704,ALREADY_IN_CRM,586,Skipped because this participant already has attendance for the resolved session.
COMMITTED,ATTENDANCE,CALTHORPE|ZUMBA|2026-02-23|0930|1015|CARD:771,ALREADY_IN_CRM,589,Skipped because this participant already has attendance for the resolved session.
COMMITTED,ATTENDANCE,CALTHORPE|ESOL|2026-02-24|1130|1330|CARD:375,NEW_ATTENDANCE,22672,Inserted inside the current SQL transaction.
COMMITTED,ATTENDANCE,CALTHORPE|ESOL|2026-02-24|1130|1330|CARD:455,NEW_ATTENDANCE,22673,Inserted inside the current SQL transaction.
COMMITTED,ATTENDANCE,CALTHORPE|ESOL|2026-02-24|1130|1330|CARD:462,NEW_ATTENDANCE,22674,Inserted inside the current SQL transaction.
COMMITTED,ATTENDANCE,CALTHORPE|ESOL|2026-02-24|1130|1330|CARD:516,NEW_ATTENDANCE,22675,Inserted inside the current SQL transaction.
COMMITTED,ATTENDANCE,CALTHORPE|ESOL|2026-02-24|1130|1330|CARD:672,NEW_ATTENDANCE,22676,Inserted inside the current SQL transaction.
COMMITTED,ATTENDANCE,CALTHORPE|ESOL|2026-02-24|1130|1330|CARD:673,NEW_ATTENDANCE,22677,Inserted inside the current SQL transaction.
COMMITTED,ATTENDANCE,CALTHORPE|ESOL|2026-02-24|1130|1330|CARD:728,NEW_ATTENDANCE,22678,Inserted inside the current SQL transaction.
COMMITTED,ATTENDANCE,CALTHORPE|ESOL|2026-02-24|1130|1330|CARD:994,NEW_ATTENDANCE,22679,Inserted inside the current SQL transaction.
COMMITTED,ATTENDANCE,CALTHORPE|STRENGTH & STRETCH|2026-02-24|0930|1030|CARD:390,NEW_ATTENDANCE,22680,Inserted inside the current SQL transaction.
COMMITTED,ATTENDANCE,CALTHORPE|STRENGTH & STRETCH|2026-02-24|0930|1030|CARD:411,NEW_ATTENDANCE,22681,Inserted inside the current SQL transaction.
COMMITTED,ATTENDANCE,CALTHORPE|STRENGTH & STRETCH|2026-02-24|0930|1030|CARD:429,NEW_ATTENDANCE,22682,Inserted inside the current SQL transaction.
COMMITTED,ATTENDANCE,CALTHORPE|STRENGTH & STRETCH|2026-02-24|0930|1030|CARD:470,NEW_ATTENDANCE,22683,Inserted inside the current SQL transaction.
COMMITTED,ATTENDANCE,CALTHORPE|STRENGTH & STRETCH|2026-02-24|0930|1030|CARD:515,NEW_ATTENDANCE,22684,Inserted inside the current SQL transaction.
COMMITTED,ATTENDANCE,CALTHORPE|STRENGTH & STRETCH|2026-02-24|0930|1030|CARD:625,NEW_ATTENDANCE,22685,Inserted inside the current SQL transaction.
COMMITTED,ATTENDANCE,CALTHORPE|STRENGTH & STRETCH|2026-02-24|0930|1030|CARD:681,NEW_ATTENDANCE,22686,Inserted inside the current SQL transaction.
COMMITTED,ATTENDANCE,CALTHORPE|STRENGTH & STRETCH|2026-02-24|0930|1030|CARD:717,NEW_ATTENDANCE,22687,Inserted inside the current SQL transaction.
COMMITTED,ATTENDANCE,CALTHORPE|STRENGTH & STRETCH|2026-02-24|0930|1030|CARD:780,NEW_ATTENDANCE,22688,Inserted inside the current SQL transaction.
COMMITTED,ATTENDANCE,CALTHORPE|ESOL|2026-02-25|1130|1330|CARD:455,NEW_ATTENDANCE,22689,Inserted inside the current SQL transaction.
COMMITTED,ATTENDANCE,CALTHORPE|ESOL|2026-02-25|1130|1330|CARD:458,NEW_ATTENDANCE,22690,Inserted inside the current SQL transaction.
COMMITTED,ATTENDANCE,CALTHORPE|ESOL|2026-02-25|1130|1330|CARD:462,NEW_ATTENDANCE,22691,Inserted inside the current SQL transaction.
COMMITTED,ATTENDANCE,CALTHORPE|ESOL|2026-02-25|1130|1330|CARD:647,NEW_ATTENDANCE,22692,Inserted inside the current SQL transaction.
COMMITTED,ATTENDANCE,CALTHORPE|ESOL|2026-02-25|1130|1330|CARD:672,NEW_ATTENDANCE,22693,Inserted inside the current SQL transaction.
COMMITTED,ATTENDANCE,CALTHORPE|ESOL|2026-02-25|1130|1330|CARD:709,NEW_ATTENDANCE,22694,Inserted inside the current SQL transaction.
COMMITTED,ATTENDANCE,CALTHORPE|ESOL|2026-02-25|1130|1330|CARD:715,NEW_ATTENDANCE,22695,Inserted inside the current SQL transaction.
COMMITTED,ATTENDANCE,CALTHORPE|ESOL|2026-02-25|1130|1330|CARD:728,NEW_ATTENDANCE,22696,Inserted inside the current SQL transaction.
COMMITTED,ATTENDANCE,CALTHORPE|ESOL|2026-02-25|1130|1330|CARD:779,NEW_ATTENDANCE,22697,Inserted inside the current SQL transaction.
COMMITTED,ATTENDANCE,CALTHORPE|ESOL|2026-02-25|1130|1330|NAME:sarah abdualwlhd,NEW_ATTENDANCE,22698,Inserted inside the current SQL transaction.
COMMITTED,ATTENDANCE,CALTHORPE|SALSA/BELLY DANCING|2026-02-25|1100|1200|CARD:411,NEW_ATTENDANCE,22699,Inserted inside the current SQL transaction.
COMMITTED,ATTENDANCE,CALTHORPE|SALSA/BELLY DANCING|2026-02-25|1100|1200|CARD:691,NEW_ATTENDANCE,22700,Inserted inside the current SQL transaction.
COMMITTED,ATTENDANCE,CALTHORPE|SALSA/BELLY DANCING|2026-02-25|1100|1200|CARD:700,NEW_ATTENDANCE,22701,Inserted inside the current SQL transaction.
COMMITTED,ATTENDANCE,CALTHORPE|SALSA/BELLY DANCING|2026-02-25|1100|1200|CARD:851,NEW_ATTENDANCE,22702,Inserted inside the current SQL transaction.
COMMITTED,ATTENDANCE,CALTHORPE|CHAIR BASED EXERCISE|2026-02-26|1130|1215|CARD:380,ALREADY_IN_CRM,599,Skipped because this participant already has attendance for the resolved session.
COMMITTED,ATTENDANCE,CALTHORPE|CHAIR BASED EXERCISE|2026-02-26|1130|1215|CARD:416,ALREADY_IN_CRM,596,Skipped because this participant already has attendance for the resolved session.
COMMITTED,ATTENDANCE,CALTHORPE|CHAIR BASED EXERCISE|2026-02-26|1130|1215|CARD:418,ALREADY_IN_CRM,600,Skipped because this participant already has attendance for the resolved session.
COMMITTED,ATTENDANCE,CALTHORPE|CHAIR BASED EXERCISE|2026-02-26|1130|1215|CARD:424,ALREADY_IN_CRM,594,Skipped because this participant already has attendance for the resolved session.
COMMITTED,ATTENDANCE,CALTHORPE|CHAIR BASED EXERCISE|2026-02-26|1130|1215|CARD:444,ALREADY_IN_CRM,597,Skipped because this participant already has attendance for the resolved session.
COMMITTED,ATTENDANCE,CALTHORPE|CHAIR BASED EXERCISE|2026-02-26|1130|1215|CARD:474,ALREADY_IN_CRM,598,Skipped because this participant already has attendance for the resolved session.
COMMITTED,ATTENDANCE,CALTHORPE|CHAIR BASED EXERCISE|2026-02-26|1130|1215|CARD:640,ALREADY_IN_CRM,595,Skipped because this participant already has attendance for the resolved session.
COMMITTED,ATTENDANCE,CALTHORPE|CHAIR BASED EXERCISE|2026-02-26|1130|1215|CARD:655,ALREADY_IN_CRM,593,Skipped because this participant already has attendance for the resolved session.
COMMITTED,ATTENDANCE,CALTHORPE|CHAIR BASED EXERCISE|2026-02-26|1130|1215|CARD:692,ALREADY_IN_CRM,592,Skipped because this participant already has attendance for the resolved session.
COMMITTED,ATTENDANCE,CALTHORPE|CHAIR BASED EXERCISE|2026-02-26|1130|1215|CARD:855,ALREADY_IN_CRM,601,Skipped because this participant already has attendance for the resolved session.
COMMITTED,ATTENDANCE,CALTHORPE|CHAIR BASED EXERCISE|2026-02-26|1130|1215|CARD:862,ALREADY_IN_CRM,602,Skipped because this participant already has attendance for the resolved session.
COMMITTED,ATTENDANCE,CALTHORPE|CHAIR BASED EXERCISE|2026-02-26|1130|1215|CARD:866,ALREADY_IN_CRM,603,Skipped because this participant already has attendance for the resolved session.
COMMITTED,ATTENDANCE,CALTHORPE|CIRCUIT TRAINING|2026-02-26|0930|1015|CARD:470,ALREADY_IN_CRM,604,Skipped because this participant already has attendance for the resolved session.
COMMITTED,ATTENDANCE,CALTHORPE|CIRCUIT TRAINING|2026-02-26|0930|1015|CARD:515,ALREADY_IN_CRM,605,Skipped because this participant already has attendance for the resolved session.
COMMITTED,ATTENDANCE,CALTHORPE|CROCHET|2026-02-26|1230|1415|CARD:261,NEW_ATTENDANCE,22703,Inserted inside the current SQL transaction.
COMMITTED,ATTENDANCE,CALTHORPE|CROCHET|2026-02-26|1230|1415|CARD:337,NEW_ATTENDANCE,22704,Inserted inside the current SQL transaction.
COMMITTED,ATTENDANCE,CALTHORPE|CROCHET|2026-02-26|1230|1415|CARD:418,NEW_ATTENDANCE,22705,Inserted inside the current SQL transaction.
COMMITTED,ATTENDANCE,CALTHORPE|CROCHET|2026-02-26|1230|1415|CARD:424,NEW_ATTENDANCE,22706,Inserted inside the current SQL transaction.
COMMITTED,ATTENDANCE,CALTHORPE|CROCHET|2026-02-26|1230|1415|CARD:586,NEW_ATTENDANCE,22707,Inserted inside the current SQL transaction.
COMMITTED,ATTENDANCE,CALTHORPE|CROCHET|2026-02-26|1230|1415|CARD:640,NEW_ATTENDANCE,22708,Inserted inside the current SQL transaction.
COMMITTED,ATTENDANCE,CALTHORPE|CROCHET|2026-02-26|1230|1415|CARD:655,NEW_ATTENDANCE,22709,Inserted inside the current SQL transaction.
COMMITTED,ATTENDANCE,CALTHORPE|CROCHET|2026-02-26|1230|1415|CARD:708,NEW_ATTENDANCE,22710,Inserted inside the current SQL transaction.
COMMITTED,ATTENDANCE,CALTHORPE|CROCHET|2026-02-26|1230|1415|CARD:763,NEW_ATTENDANCE,22711,Inserted inside the current SQL transaction.
COMMITTED,ATTENDANCE,CALTHORPE|CROCHET|2026-02-26|1230|1415|CARD:774,NEW_ATTENDANCE,22712,Inserted inside the current SQL transaction.
COMMITTED,ATTENDANCE,CALTHORPE|CROCHET|2026-02-26|1230|1415|CARD:799,NEW_ATTENDANCE,22714,Inserted inside the current SQL transaction.
COMMITTED,ATTENDANCE,CALTHORPE|ARTS|2026-02-27|1230|1400|CARD:416,NEW_ATTENDANCE,22715,Inserted inside the current SQL transaction.
COMMITTED,ATTENDANCE,CALTHORPE|ARTS|2026-02-27|1230|1400|CARD:550,NEW_ATTENDANCE,22716,Inserted inside the current SQL transaction.
COMMITTED,ATTENDANCE,CALTHORPE|ARTS|2026-02-27|1230|1400|CARD:586,NEW_ATTENDANCE,22717,Inserted inside the current SQL transaction.
COMMITTED,ATTENDANCE,CALTHORPE|ARTS|2026-02-27|1230|1400|CARD:700,NEW_ATTENDANCE,22718,Inserted inside the current SQL transaction.
COMMITTED,ATTENDANCE,CALTHORPE|ARTS|2026-02-27|1230|1400|CARD:771,NEW_ATTENDANCE,22719,Inserted inside the current SQL transaction.
COMMITTED,ATTENDANCE,CALTHORPE|BODY CONDITIONING|2026-02-27|1100|1145|CARD:126,ALREADY_IN_CRM,607,Skipped because this participant already has attendance for the resolved session.
COMMITTED,ATTENDANCE,CALTHORPE|BODY CONDITIONING|2026-02-27|1100|1145|CARD:346,ALREADY_IN_CRM,610,Skipped because this participant already has attendance for the resolved session.
COMMITTED,ATTENDANCE,CALTHORPE|BODY CONDITIONING|2026-02-27|1100|1145|CARD:380,ALREADY_IN_CRM,611,Skipped because this participant already has attendance for the resolved session.
COMMITTED,ATTENDANCE,CALTHORPE|BODY CONDITIONING|2026-02-27|1100|1145|CARD:441,ALREADY_IN_CRM,609,Skipped because this participant already has attendance for the resolved session.
COMMITTED,ATTENDANCE,CALTHORPE|BODY CONDITIONING|2026-02-27|1100|1145|CARD:470,ALREADY_IN_CRM,612,Skipped because this participant already has attendance for the resolved session.
COMMITTED,ATTENDANCE,CALTHORPE|BODY CONDITIONING|2026-02-27|1100|1145|CARD:568,ALREADY_IN_CRM,608,Skipped because this participant already has attendance for the resolved session.
COMMITTED,ATTENDANCE,CALTHORPE|BODY CONDITIONING|2026-02-27|1100|1145|CARD:625,ALREADY_IN_CRM,616,Skipped because this participant already has attendance for the resolved session.
COMMITTED,ATTENDANCE,CALTHORPE|BODY CONDITIONING|2026-02-27|1100|1145|CARD:656,ALREADY_IN_CRM,613,Skipped because this participant already has attendance for the resolved session.
COMMITTED,ATTENDANCE,CALTHORPE|BODY CONDITIONING|2026-02-27|1100|1145|CARD:681,ALREADY_IN_CRM,615,Skipped because this participant already has attendance for the resolved session.
COMMITTED,ATTENDANCE,CALTHORPE|BODY CONDITIONING|2026-02-27|1100|1145|CARD:700,ALREADY_IN_CRM,606,Skipped because this participant already has attendance for the resolved session.
COMMITTED,ATTENDANCE,CALTHORPE|BODY CONDITIONING|2026-02-27|1100|1145|CARD:771,ALREADY_IN_CRM,614,Skipped because this participant already has attendance for the resolved session.
COMMITTED,ATTENDANCE,CALTHORPE|PILATES|2026-02-27|1200|1245|CARD:129,NEW_ATTENDANCE,22720,Inserted inside the current SQL transaction.
COMMITTED,ATTENDANCE,CALTHORPE|PILATES|2026-02-27|1200|1245|CARD:157,NEW_ATTENDANCE,22721,Inserted inside the current SQL transaction.
COMMITTED,ATTENDANCE,CALTHORPE|PILATES|2026-02-27|1200|1245|CARD:337,NEW_ATTENDANCE,22722,Inserted inside the current SQL transaction.
COMMITTED,ATTENDANCE,CALTHORPE|PILATES|2026-02-27|1200|1245|CARD:385,NEW_ATTENDANCE,22723,Inserted inside the current SQL transaction.
COMMITTED,ATTENDANCE,CALTHORPE|PILATES|2026-02-27|1200|1245|CARD:515,NEW_ATTENDANCE,22724,Inserted inside the current SQL transaction.
COMMITTED,ATTENDANCE,CALTHORPE|PILATES|2026-02-27|1200|1245|CARD:550,NEW_ATTENDANCE,22725,Inserted inside the current SQL transaction.
COMMITTED,ATTENDANCE,CALTHORPE|PILATES|2026-02-27|1200|1245|CARD:606,NEW_ATTENDANCE,22726,Inserted inside the current SQL transaction.
COMMITTED,ATTENDANCE,CALTHORPE|PILATES|2026-02-27|1200|1245|CARD:635,NEW_ATTENDANCE,22727,Inserted inside the current SQL transaction.
COMMITTED,ATTENDANCE,CALTHORPE|PILATES|2026-02-27|1200|1245|NAME:lubna anwar,NEW_ATTENDANCE,22728,Inserted inside the current SQL transaction.
COMMITTED,ATTENDANCE,CALTHORPE|CHAIR BASED EXERCISE|2026-03-02|1130|1215|CARD:380,ALREADY_IN_CRM,629,Skipped because this participant already has attendance for the resolved session.
COMMITTED,ATTENDANCE,CALTHORPE|CHAIR BASED EXERCISE|2026-03-02|1130|1215|CARD:416,ALREADY_IN_CRM,628,Skipped because this participant already has attendance for the resolved session.
COMMITTED,ATTENDANCE,CALTHORPE|CHAIR BASED EXERCISE|2026-03-02|1130|1215|CARD:418,ALREADY_IN_CRM,630,Skipped because this participant already has attendance for the resolved session.
COMMITTED,ATTENDANCE,CALTHORPE|CHAIR BASED EXERCISE|2026-03-02|1130|1215|CARD:640,ALREADY_IN_CRM,627,Skipped because this participant already has attendance for the resolved session.
COMMITTED,ATTENDANCE,CALTHORPE|CHAIR BASED EXERCISE|2026-03-02|1130|1215|CARD:655,ALREADY_IN_CRM,625,Skipped because this participant already has attendance for the resolved session.
COMMITTED,ATTENDANCE,CALTHORPE|CHAIR BASED EXERCISE|2026-03-02|1130|1215|CARD:717,ALREADY_IN_CRM,626,Skipped because this participant already has attendance for the resolved session.
COMMITTED,ATTENDANCE,CALTHORPE|CROCHET|2026-03-02|1230|1430|CARD:418,NEW_ATTENDANCE,22729,Inserted inside the current SQL transaction.
COMMITTED,ATTENDANCE,CALTHORPE|CROCHET|2026-03-02|1230|1430|CARD:436,NEW_ATTENDANCE,22730,Inserted inside the current SQL transaction.
COMMITTED,ATTENDANCE,CALTHORPE|CROCHET|2026-03-02|1230|1430|CARD:468,NEW_ATTENDANCE,22731,Inserted inside the current SQL transaction.
COMMITTED,ATTENDANCE,CALTHORPE|CROCHET|2026-03-02|1230|1430|CARD:586,NEW_ATTENDANCE,22732,Inserted inside the current SQL transaction.
COMMITTED,ATTENDANCE,CALTHORPE|CROCHET|2026-03-02|1230|1430|CARD:613,NEW_ATTENDANCE,22733,Inserted inside the current SQL transaction.
COMMITTED,ATTENDANCE,CALTHORPE|CROCHET|2026-03-02|1230|1430|CARD:638,NEW_ATTENDANCE,22734,Inserted inside the current SQL transaction.
COMMITTED,ATTENDANCE,CALTHORPE|CROCHET|2026-03-02|1230|1430|CARD:708,NEW_ATTENDANCE,22735,Inserted inside the current SQL transaction.
COMMITTED,ATTENDANCE,CALTHORPE|CROCHET|2026-03-02|1230|1430|CARD:794,NEW_ATTENDANCE,22736,Inserted inside the current SQL transaction.
COMMITTED,ATTENDANCE,CALTHORPE|HIIT|2026-03-02|1030|1115|CARD:515,ALREADY_IN_CRM,634,Skipped because this participant already has attendance for the resolved session.
COMMITTED,ATTENDANCE,CALTHORPE|HIIT|2026-03-02|1030|1115|CARD:681,ALREADY_IN_CRM,636,Skipped because this participant already has attendance for the resolved session.
COMMITTED,ATTENDANCE,CALTHORPE|HIIT|2026-03-02|1030|1115|CARD:704,ALREADY_IN_CRM,633,Skipped because this participant already has attendance for the resolved session.
COMMITTED,ATTENDANCE,CALTHORPE|HIIT|2026-03-02|1030|1115|CARD:707,ALREADY_IN_CRM,631,Skipped because this participant already has attendance for the resolved session.
COMMITTED,ATTENDANCE,CALTHORPE|HIIT|2026-03-02|1030|1115|CARD:717,ALREADY_IN_CRM,632,Skipped because this participant already has attendance for the resolved session.
COMMITTED,ATTENDANCE,CALTHORPE|HIIT|2026-03-02|1030|1115|CARD:771,ALREADY_IN_CRM,635,Skipped because this participant already has attendance for the resolved session.
COMMITTED,ATTENDANCE,CALTHORPE|HIIT|2026-03-02|1030|1115|CARD:996,ALREADY_IN_CRM,637,Skipped because this participant already has attendance for the resolved session.
COMMITTED,ATTENDANCE,CALTHORPE|ZUMBA|2026-03-02|0930|1015|CARD:411,ALREADY_IN_CRM,644,Skipped because this participant already has attendance for the resolved session.
COMMITTED,ATTENDANCE,CALTHORPE|ZUMBA|2026-03-02|0930|1015|CARD:429,ALREADY_IN_CRM,640,Skipped because this participant already has attendance for the resolved session.
COMMITTED,ATTENDANCE,CALTHORPE|ZUMBA|2026-03-02|0930|1015|CARD:470,ALREADY_IN_CRM,641,Skipped because this participant already has attendance for the resolved session.
COMMITTED,ATTENDANCE,CALTHORPE|ZUMBA|2026-03-02|0930|1015|CARD:681,ALREADY_IN_CRM,643,Skipped because this participant already has attendance for the resolved session.
COMMITTED,ATTENDANCE,CALTHORPE|ZUMBA|2026-03-02|0930|1015|CARD:691,ALREADY_IN_CRM,638,Skipped because this participant already has attendance for the resolved session.
COMMITTED,ATTENDANCE,CALTHORPE|ZUMBA|2026-03-02|0930|1015|CARD:704,ALREADY_IN_CRM,639,Skipped because this participant already has attendance for the resolved session.
COMMITTED,ATTENDANCE,CALTHORPE|ZUMBA|2026-03-02|0930|1015|CARD:771,ALREADY_IN_CRM,642,Skipped because this participant already has attendance for the resolved session.
COMMITTED,ATTENDANCE,CALTHORPE|ZUMBA|2026-03-02|0930|1015|CARD:846,ALREADY_IN_CRM,646,Skipped because this participant already has attendance for the resolved session.
COMMITTED,ATTENDANCE,CALTHORPE|ZUMBA|2026-03-02|0930|1015|CARD:996,ALREADY_IN_CRM,645,Skipped because this participant already has attendance for the resolved session.
COMMITTED,ATTENDANCE,CALTHORPE|ESOL|2026-03-03|1130|1330|CARD:455,NEW_ATTENDANCE,22737,Inserted inside the current SQL transaction.
COMMITTED,ATTENDANCE,CALTHORPE|ESOL|2026-03-03|1130|1330|CARD:462,NEW_ATTENDANCE,22738,Inserted inside the current SQL transaction.
COMMITTED,ATTENDANCE,CALTHORPE|ESOL|2026-03-03|1130|1330|CARD:516,NEW_ATTENDANCE,22739,Inserted inside the current SQL transaction.
COMMITTED,ATTENDANCE,CALTHORPE|ESOL|2026-03-03|1130|1330|CARD:647,NEW_ATTENDANCE,22740,Inserted inside the current SQL transaction.
COMMITTED,ATTENDANCE,CALTHORPE|ESOL|2026-03-03|1130|1330|CARD:672,NEW_ATTENDANCE,22741,Inserted inside the current SQL transaction.
COMMITTED,ATTENDANCE,CALTHORPE|ESOL|2026-03-03|1130|1330|CARD:673,NEW_ATTENDANCE,22742,Inserted inside the current SQL transaction.
COMMITTED,ATTENDANCE,CALTHORPE|ESOL|2026-03-03|1130|1330|CARD:779,NEW_ATTENDANCE,22743,Inserted inside the current SQL transaction.
COMMITTED,ATTENDANCE,CALTHORPE|STRENGTH & STRETCH|2026-03-03|0930|1030|CARD:416,NEW_ATTENDANCE,22744,Inserted inside the current SQL transaction.
COMMITTED,ATTENDANCE,CALTHORPE|STRENGTH & STRETCH|2026-03-03|0930|1030|CARD:429,NEW_ATTENDANCE,22745,Inserted inside the current SQL transaction.
COMMITTED,ATTENDANCE,CALTHORPE|STRENGTH & STRETCH|2026-03-03|0930|1030|CARD:441,NEW_ATTENDANCE,22746,Inserted inside the current SQL transaction.
COMMITTED,ATTENDANCE,CALTHORPE|STRENGTH & STRETCH|2026-03-03|0930|1030|CARD:470,NEW_ATTENDANCE,22747,Inserted inside the current SQL transaction.
COMMITTED,ATTENDANCE,CALTHORPE|STRENGTH & STRETCH|2026-03-03|0930|1030|CARD:486,NEW_ATTENDANCE,22748,Inserted inside the current SQL transaction.
COMMITTED,ATTENDANCE,CALTHORPE|STRENGTH & STRETCH|2026-03-03|0930|1030|CARD:515,NEW_ATTENDANCE,22749,Inserted inside the current SQL transaction.
COMMITTED,ATTENDANCE,CALTHORPE|STRENGTH & STRETCH|2026-03-03|0930|1030|CARD:656,NEW_ATTENDANCE,22750,Inserted inside the current SQL transaction.
COMMITTED,ATTENDANCE,CALTHORPE|STRENGTH & STRETCH|2026-03-03|0930|1030|CARD:681,NEW_ATTENDANCE,22751,Inserted inside the current SQL transaction.
COMMITTED,ATTENDANCE,CALTHORPE|STRENGTH & STRETCH|2026-03-03|0930|1030|CARD:717,NEW_ATTENDANCE,22752,Inserted inside the current SQL transaction.
COMMITTED,ATTENDANCE,CALTHORPE|STRENGTH & STRETCH|2026-03-03|0930|1030|CARD:764,NEW_ATTENDANCE,22753,Inserted inside the current SQL transaction.
COMMITTED,ATTENDANCE,CALTHORPE|STRENGTH & STRETCH|2026-03-03|0930|1030|CARD:780,NEW_ATTENDANCE,22754,Inserted inside the current SQL transaction.
COMMITTED,ATTENDANCE,CALTHORPE|STRENGTH & STRETCH|2026-03-03|0930|1030|CARD:851,NEW_ATTENDANCE,22755,Inserted inside the current SQL transaction.
COMMITTED,ATTENDANCE,CALTHORPE|ESOL|2026-03-04|1130|1330|CARD:455,NEW_ATTENDANCE,22756,Inserted inside the current SQL transaction.
COMMITTED,ATTENDANCE,CALTHORPE|ESOL|2026-03-04|1130|1330|CARD:457,NEW_ATTENDANCE,22757,Inserted inside the current SQL transaction.
COMMITTED,ATTENDANCE,CALTHORPE|ESOL|2026-03-04|1130|1330|CARD:458,NEW_ATTENDANCE,22758,Inserted inside the current SQL transaction.
COMMITTED,ATTENDANCE,CALTHORPE|ESOL|2026-03-04|1130|1330|CARD:459,NEW_ATTENDANCE,22759,Inserted inside the current SQL transaction.
COMMITTED,ATTENDANCE,CALTHORPE|ESOL|2026-03-04|1130|1330|CARD:462,NEW_ATTENDANCE,22760,Inserted inside the current SQL transaction.
COMMITTED,ATTENDANCE,CALTHORPE|ESOL|2026-03-04|1130|1330|CARD:672,NEW_ATTENDANCE,22761,Inserted inside the current SQL transaction.
COMMITTED,ATTENDANCE,CALTHORPE|ESOL|2026-03-04|1130|1330|CARD:715,NEW_ATTENDANCE,22762,Inserted inside the current SQL transaction.
COMMITTED,ATTENDANCE,CALTHORPE|ESOL|2026-03-04|1130|1330|CARD:727,NEW_ATTENDANCE,22763,Inserted inside the current SQL transaction.
COMMITTED,ATTENDANCE,CALTHORPE|ESOL|2026-03-04|1130|1330|CARD:728,NEW_ATTENDANCE,22764,Inserted inside the current SQL transaction.
COMMITTED,ATTENDANCE,CALTHORPE|ESOL|2026-03-04|1130|1330|CARD:754,NEW_ATTENDANCE,22765,Inserted inside the current SQL transaction.
COMMITTED,ATTENDANCE,CALTHORPE|ESOL|2026-03-04|1130|1330|CARD:779,NEW_ATTENDANCE,22766,Inserted inside the current SQL transaction.
COMMITTED,ATTENDANCE,CALTHORPE|ESOL|2026-03-04|1130|1330|CARD:994,NEW_ATTENDANCE,22767,Inserted inside the current SQL transaction.
COMMITTED,ATTENDANCE,CALTHORPE|CHAIR BASED EXERCISE|2026-03-05|1130|1215|CARD:337,ALREADY_IN_CRM,656,Skipped because this participant already has attendance for the resolved session.
COMMITTED,ATTENDANCE,CALTHORPE|CHAIR BASED EXERCISE|2026-03-05|1130|1215|CARD:380,ALREADY_IN_CRM,650,Skipped because this participant already has attendance for the resolved session.
COMMITTED,ATTENDANCE,CALTHORPE|CHAIR BASED EXERCISE|2026-03-05|1130|1215|CARD:382,ALREADY_IN_CRM,655,Skipped because this participant already has attendance for the resolved session.
COMMITTED,ATTENDANCE,CALTHORPE|CHAIR BASED EXERCISE|2026-03-05|1130|1215|CARD:416,ALREADY_IN_CRM,651,Skipped because this participant already has attendance for the resolved session.
COMMITTED,ATTENDANCE,CALTHORPE|CHAIR BASED EXERCISE|2026-03-05|1130|1215|CARD:418,ALREADY_IN_CRM,653,Skipped because this participant already has attendance for the resolved session.
COMMITTED,ATTENDANCE,CALTHORPE|CHAIR BASED EXERCISE|2026-03-05|1130|1215|CARD:424,ALREADY_IN_CRM,648,Skipped because this participant already has attendance for the resolved session.
COMMITTED,ATTENDANCE,CALTHORPE|CHAIR BASED EXERCISE|2026-03-05|1130|1215|CARD:515,ALREADY_IN_CRM,654,Skipped because this participant already has attendance for the resolved session.
COMMITTED,ATTENDANCE,CALTHORPE|CHAIR BASED EXERCISE|2026-03-05|1130|1215|CARD:586,ALREADY_IN_CRM,652,Skipped because this participant already has attendance for the resolved session.
COMMITTED,ATTENDANCE,CALTHORPE|CHAIR BASED EXERCISE|2026-03-05|1130|1215|CARD:601,ALREADY_IN_CRM,657,Skipped because this participant already has attendance for the resolved session.
COMMITTED,ATTENDANCE,CALTHORPE|CHAIR BASED EXERCISE|2026-03-05|1130|1215|CARD:640,ALREADY_IN_CRM,649,Skipped because this participant already has attendance for the resolved session.
COMMITTED,ATTENDANCE,CALTHORPE|CHAIR BASED EXERCISE|2026-03-05|1130|1215|CARD:655,ALREADY_IN_CRM,647,Skipped because this participant already has attendance for the resolved session.
COMMITTED,ATTENDANCE,CALTHORPE|CHAIR BASED EXERCISE|2026-03-05|1130|1215|CARD:855,ALREADY_IN_CRM,658,Skipped because this participant already has attendance for the resolved session.
COMMITTED,ATTENDANCE,CALTHORPE|CHAIR BASED EXERCISE|2026-03-05|1130|1215|CARD:866,ALREADY_IN_CRM,659,Skipped because this participant already has attendance for the resolved session.
COMMITTED,ATTENDANCE,CALTHORPE|CIRCUIT TRAINING|2026-03-05|0930|1015|CARD:429,ALREADY_IN_CRM,660,Skipped because this participant already has attendance for the resolved session.
COMMITTED,ATTENDANCE,CALTHORPE|CIRCUIT TRAINING|2026-03-05|0930|1015|CARD:470,ALREADY_IN_CRM,661,Skipped because this participant already has attendance for the resolved session.
COMMITTED,ATTENDANCE,CALTHORPE|CROCHET|2026-03-05|1230|1415|CARD:416,NEW_ATTENDANCE,22768,Inserted inside the current SQL transaction.
COMMITTED,ATTENDANCE,CALTHORPE|CROCHET|2026-03-05|1230|1415|CARD:418,NEW_ATTENDANCE,22769,Inserted inside the current SQL transaction.
COMMITTED,ATTENDANCE,CALTHORPE|CROCHET|2026-03-05|1230|1415|CARD:424,NEW_ATTENDANCE,22770,Inserted inside the current SQL transaction.
COMMITTED,ATTENDANCE,CALTHORPE|CROCHET|2026-03-05|1230|1415|CARD:586,NEW_ATTENDANCE,22771,Inserted inside the current SQL transaction.
COMMITTED,ATTENDANCE,CALTHORPE|CROCHET|2026-03-05|1230|1415|CARD:640,NEW_ATTENDANCE,22772,Inserted inside the current SQL transaction.
COMMITTED,ATTENDANCE,CALTHORPE|CROCHET|2026-03-05|1230|1415|CARD:655,NEW_ATTENDANCE,22773,Inserted inside the current SQL transaction.
COMMITTED,ATTENDANCE,CALTHORPE|CROCHET|2026-03-05|1230|1415|CARD:708,NEW_ATTENDANCE,22774,Inserted inside the current SQL transaction.
COMMITTED,ATTENDANCE,CALTHORPE|CROCHET|2026-03-05|1230|1415|CARD:774,NEW_ATTENDANCE,22775,Inserted inside the current SQL transaction.
COMMITTED,ATTENDANCE,CALTHORPE|ARTS|2026-03-06|1230|1400|CARD:411,NEW_ATTENDANCE,22776,Inserted inside the current SQL transaction.
COMMITTED,ATTENDANCE,CALTHORPE|ARTS|2026-03-06|1230|1400|CARD:416,NEW_ATTENDANCE,22777,Inserted inside the current SQL transaction.
COMMITTED,ATTENDANCE,CALTHORPE|ARTS|2026-03-06|1230|1400|CARD:586,NEW_ATTENDANCE,22778,Inserted inside the current SQL transaction.
COMMITTED,ATTENDANCE,CALTHORPE|ARTS|2026-03-06|1230|1400|CARD:700,NEW_ATTENDANCE,22779,Inserted inside the current SQL transaction.
COMMITTED,ATTENDANCE,CALTHORPE|SALSA/BELLY DANCING|2026-03-06|1000|1100|CARD:411,ALREADY_IN_CRM,664,Skipped because this participant already has attendance for the resolved session.
COMMITTED,ATTENDANCE,CALTHORPE|SALSA/BELLY DANCING|2026-03-06|1000|1100|CARD:700,ALREADY_IN_CRM,663,Skipped because this participant already has attendance for the resolved session.
COMMITTED,ATTENDANCE,CALTHORPE|SALSA/BELLY DANCING|2026-03-06|1000|1100|CARD:708,ALREADY_IN_CRM,662,Skipped because this participant already has attendance for the resolved session.
COMMITTED,ATTENDANCE,CALTHORPE|SALSA/BELLY DANCING|2026-03-06|1000|1100|NAME:christie charley,NEW_ATTENDANCE,22780,Inserted inside the current SQL transaction.
COMMITTED,ATTENDANCE,CALTHORPE|CHAIR BASED EXERCISE|2026-03-09|1130|1215|CARD:380,ALREADY_IN_CRM,668,Skipped because this participant already has attendance for the resolved session.
COMMITTED,ATTENDANCE,CALTHORPE|CHAIR BASED EXERCISE|2026-03-09|1130|1215|CARD:444,ALREADY_IN_CRM,667,Skipped because this participant already has attendance for the resolved session.
COMMITTED,ATTENDANCE,CALTHORPE|CHAIR BASED EXERCISE|2026-03-09|1130|1215|CARD:704,ALREADY_IN_CRM,666,Skipped because this participant already has attendance for the resolved session.
COMMITTED,ATTENDANCE,CALTHORPE|CHAIR BASED EXERCISE|2026-03-09|1130|1215|CARD:806,ALREADY_IN_CRM,665,Skipped because this participant already has attendance for the resolved session.
COMMITTED,ATTENDANCE,CALTHORPE|CROCHET|2026-03-09|1230|1430|CARD:416,NEW_ATTENDANCE,22781,Inserted inside the current SQL transaction.
COMMITTED,ATTENDANCE,CALTHORPE|CROCHET|2026-03-09|1230|1430|CARD:436,NEW_ATTENDANCE,22782,Inserted inside the current SQL transaction.
COMMITTED,ATTENDANCE,CALTHORPE|CROCHET|2026-03-09|1230|1430|CARD:468,NEW_ATTENDANCE,22783,Inserted inside the current SQL transaction.
COMMITTED,ATTENDANCE,CALTHORPE|CROCHET|2026-03-09|1230|1430|CARD:513,NEW_ATTENDANCE,22784,Inserted inside the current SQL transaction.
COMMITTED,ATTENDANCE,CALTHORPE|CROCHET|2026-03-09|1230|1430|CARD:586,NEW_ATTENDANCE,22785,Inserted inside the current SQL transaction.
COMMITTED,ATTENDANCE,CALTHORPE|CROCHET|2026-03-09|1230|1430|CARD:613,NEW_ATTENDANCE,22786,Inserted inside the current SQL transaction.
COMMITTED,ATTENDANCE,CALTHORPE|CROCHET|2026-03-09|1230|1430|CARD:638,NEW_ATTENDANCE,22787,Inserted inside the current SQL transaction.
COMMITTED,ATTENDANCE,CALTHORPE|HIIT|2026-03-09|1030|1115|CARD:515,ALREADY_IN_CRM,671,Skipped because this participant already has attendance for the resolved session.
COMMITTED,ATTENDANCE,CALTHORPE|HIIT|2026-03-09|1030|1115|CARD:638,ALREADY_IN_CRM,669,Skipped because this participant already has attendance for the resolved session.
COMMITTED,ATTENDANCE,CALTHORPE|HIIT|2026-03-09|1030|1115|CARD:681,ALREADY_IN_CRM,673,Skipped because this participant already has attendance for the resolved session.
COMMITTED,ATTENDANCE,CALTHORPE|HIIT|2026-03-09|1030|1115|CARD:704,ALREADY_IN_CRM,670,Skipped because this participant already has attendance for the resolved session.
COMMITTED,ATTENDANCE,CALTHORPE|HIIT|2026-03-09|1030|1115|CARD:771,ALREADY_IN_CRM,672,Skipped because this participant already has attendance for the resolved session.
COMMITTED,ATTENDANCE,CALTHORPE|HIIT|2026-03-09|1030|1115|NAME:farhat,NEW_ATTENDANCE,22788,Inserted inside the current SQL transaction.
COMMITTED,ATTENDANCE,CALTHORPE|ZUMBA|2026-03-09|0930|1015|CARD:470,ALREADY_IN_CRM,676,Skipped because this participant already has attendance for the resolved session.
COMMITTED,ATTENDANCE,CALTHORPE|ZUMBA|2026-03-09|0930|1015|CARD:498,ALREADY_IN_CRM,679,Skipped because this participant already has attendance for the resolved session.
COMMITTED,ATTENDANCE,CALTHORPE|ZUMBA|2026-03-09|0930|1015|CARD:681,ALREADY_IN_CRM,678,Skipped because this participant already has attendance for the resolved session.
COMMITTED,ATTENDANCE,CALTHORPE|ZUMBA|2026-03-09|0930|1015|CARD:691,ALREADY_IN_CRM,674,Skipped because this participant already has attendance for the resolved session.
COMMITTED,ATTENDANCE,CALTHORPE|ZUMBA|2026-03-09|0930|1015|CARD:704,ALREADY_IN_CRM,675,Skipped because this participant already has attendance for the resolved session.
COMMITTED,ATTENDANCE,CALTHORPE|ZUMBA|2026-03-09|0930|1015|CARD:771,ALREADY_IN_CRM,677,Skipped because this participant already has attendance for the resolved session.
COMMITTED,ATTENDANCE,CALTHORPE|ZUMBA|2026-03-09|0930|1015|CARD:996,ALREADY_IN_CRM,680,Skipped because this participant already has attendance for the resolved session.
COMMITTED,ATTENDANCE,CALTHORPE|ESOL|2026-03-10|1130|1330|CARD:455,NEW_ATTENDANCE,22789,Inserted inside the current SQL transaction.
COMMITTED,ATTENDANCE,CALTHORPE|ESOL|2026-03-10|1130|1330|CARD:462,NEW_ATTENDANCE,22790,Inserted inside the current SQL transaction.
COMMITTED,ATTENDANCE,CALTHORPE|ESOL|2026-03-10|1130|1330|CARD:516,NEW_ATTENDANCE,22791,Inserted inside the current SQL transaction.
COMMITTED,ATTENDANCE,CALTHORPE|ESOL|2026-03-10|1130|1330|CARD:672,NEW_ATTENDANCE,22792,Inserted inside the current SQL transaction.
COMMITTED,ATTENDANCE,CALTHORPE|ESOL|2026-03-10|1130|1330|CARD:673,NEW_ATTENDANCE,22793,Inserted inside the current SQL transaction.
COMMITTED,ATTENDANCE,CALTHORPE|ESOL|2026-03-10|1130|1330|CARD:779,NEW_ATTENDANCE,22794,Inserted inside the current SQL transaction.
COMMITTED,ATTENDANCE,CALTHORPE|STRENGTH & STRETCH|2026-03-10|0930|1030|CARD:315,NEW_ATTENDANCE,22795,Inserted inside the current SQL transaction.
COMMITTED,ATTENDANCE,CALTHORPE|STRENGTH & STRETCH|2026-03-10|0930|1030|CARD:411,NEW_ATTENDANCE,22796,Inserted inside the current SQL transaction.
COMMITTED,ATTENDANCE,CALTHORPE|STRENGTH & STRETCH|2026-03-10|0930|1030|CARD:429,NEW_ATTENDANCE,22797,Inserted inside the current SQL transaction.
COMMITTED,ATTENDANCE,CALTHORPE|STRENGTH & STRETCH|2026-03-10|0930|1030|CARD:470,NEW_ATTENDANCE,22798,Inserted inside the current SQL transaction.
COMMITTED,ATTENDANCE,CALTHORPE|STRENGTH & STRETCH|2026-03-10|0930|1030|CARD:658,NEW_ATTENDANCE,22799,Inserted inside the current SQL transaction.
COMMITTED,ATTENDANCE,CALTHORPE|STRENGTH & STRETCH|2026-03-10|0930|1030|CARD:717,NEW_ATTENDANCE,22800,Inserted inside the current SQL transaction.
COMMITTED,ATTENDANCE,CALTHORPE|STRENGTH & STRETCH|2026-03-10|0930|1030|CARD:764,NEW_ATTENDANCE,22801,Inserted inside the current SQL transaction.
COMMITTED,ATTENDANCE,CALTHORPE|STRENGTH & STRETCH|2026-03-10|0930|1030|CARD:780,NEW_ATTENDANCE,22802,Inserted inside the current SQL transaction.
COMMITTED,ATTENDANCE,CALTHORPE|STRENGTH & STRETCH|2026-03-10|0930|1030|CARD:851,NEW_ATTENDANCE,22803,Inserted inside the current SQL transaction.
COMMITTED,ATTENDANCE,CALTHORPE|CHAIR BASED EXERCISE|2026-03-12|1130|1215|CARD:337,ALREADY_IN_CRM,691,Skipped because this participant already has attendance for the resolved session.
COMMITTED,ATTENDANCE,CALTHORPE|CHAIR BASED EXERCISE|2026-03-12|1130|1215|CARD:380,ALREADY_IN_CRM,689,Skipped because this participant already has attendance for the resolved session.
COMMITTED,ATTENDANCE,CALTHORPE|CHAIR BASED EXERCISE|2026-03-12|1130|1215|CARD:382,ALREADY_IN_CRM,690,Skipped because this participant already has attendance for the resolved session.
COMMITTED,ATTENDANCE,CALTHORPE|CHAIR BASED EXERCISE|2026-03-12|1130|1215|CARD:415,ALREADY_IN_CRM,681,Skipped because this participant already has attendance for the resolved session.
COMMITTED,ATTENDANCE,CALTHORPE|CHAIR BASED EXERCISE|2026-03-12|1130|1215|CARD:416,ALREADY_IN_CRM,686,Skipped because this participant already has attendance for the resolved session.
COMMITTED,ATTENDANCE,CALTHORPE|CHAIR BASED EXERCISE|2026-03-12|1130|1215|CARD:418,ALREADY_IN_CRM,692,Skipped because this participant already has attendance for the resolved session.
COMMITTED,ATTENDANCE,CALTHORPE|CHAIR BASED EXERCISE|2026-03-12|1130|1215|CARD:444,ALREADY_IN_CRM,687,Skipped because this participant already has attendance for the resolved session.
COMMITTED,ATTENDANCE,CALTHORPE|CHAIR BASED EXERCISE|2026-03-12|1130|1215|CARD:493,ALREADY_IN_CRM,684,Skipped because this participant already has attendance for the resolved session.
COMMITTED,ATTENDANCE,CALTHORPE|CHAIR BASED EXERCISE|2026-03-12|1130|1215|CARD:586,ALREADY_IN_CRM,688,Skipped because this participant already has attendance for the resolved session.
COMMITTED,ATTENDANCE,CALTHORPE|CHAIR BASED EXERCISE|2026-03-12|1130|1215|CARD:638,ALREADY_IN_CRM,683,Skipped because this participant already has attendance for the resolved session.
COMMITTED,ATTENDANCE,CALTHORPE|CHAIR BASED EXERCISE|2026-03-12|1130|1215|CARD:640,ALREADY_IN_CRM,685,Skipped because this participant already has attendance for the resolved session.
COMMITTED,ATTENDANCE,CALTHORPE|CHAIR BASED EXERCISE|2026-03-12|1130|1215|CARD:655,ALREADY_IN_CRM,682,Skipped because this participant already has attendance for the resolved session.
COMMITTED,ATTENDANCE,CALTHORPE|CHAIR BASED EXERCISE|2026-03-12|1130|1215|CARD:855,ALREADY_IN_CRM,693,Skipped because this participant already has attendance for the resolved session.
COMMITTED,ATTENDANCE,CALTHORPE|CIRCUIT TRAINING|2026-03-12|0930|1015|CARD:411,ALREADY_IN_CRM,698,Skipped because this participant already has attendance for the resolved session.
COMMITTED,ATTENDANCE,CALTHORPE|CIRCUIT TRAINING|2026-03-12|0930|1015|CARD:429,ALREADY_IN_CRM,695,Skipped because this participant already has attendance for the resolved session.
COMMITTED,ATTENDANCE,CALTHORPE|CIRCUIT TRAINING|2026-03-12|0930|1015|CARD:515,ALREADY_IN_CRM,696,Skipped because this participant already has attendance for the resolved session.
COMMITTED,ATTENDANCE,CALTHORPE|CIRCUIT TRAINING|2026-03-12|0930|1015|CARD:681,ALREADY_IN_CRM,697,Skipped because this participant already has attendance for the resolved session.
COMMITTED,ATTENDANCE,CALTHORPE|CIRCUIT TRAINING|2026-03-12|0930|1015|CARD:717,ALREADY_IN_CRM,694,Skipped because this participant already has attendance for the resolved session.
COMMITTED,ATTENDANCE,CALTHORPE|CROCHET|2026-03-12|1230|1415|CARD:337,NEW_ATTENDANCE,22804,Inserted inside the current SQL transaction.
COMMITTED,ATTENDANCE,CALTHORPE|CROCHET|2026-03-12|1230|1415|CARD:418,NEW_ATTENDANCE,22805,Inserted inside the current SQL transaction.
COMMITTED,ATTENDANCE,CALTHORPE|CROCHET|2026-03-12|1230|1415|CARD:586,NEW_ATTENDANCE,22806,Inserted inside the current SQL transaction.
COMMITTED,ATTENDANCE,CALTHORPE|CROCHET|2026-03-12|1230|1415|CARD:640,NEW_ATTENDANCE,22807,Inserted inside the current SQL transaction.
COMMITTED,ATTENDANCE,CALTHORPE|CROCHET|2026-03-12|1230|1415|CARD:655,NEW_ATTENDANCE,22808,Inserted inside the current SQL transaction.
COMMITTED,ATTENDANCE,CALTHORPE|CROCHET|2026-03-12|1230|1415|CARD:763,NEW_ATTENDANCE,22809,Inserted inside the current SQL transaction.
COMMITTED,ATTENDANCE,CALTHORPE|ARTS|2026-03-13|1230|1400|CARD:416,NEW_ATTENDANCE,22810,Inserted inside the current SQL transaction.
COMMITTED,ATTENDANCE,CALTHORPE|ARTS|2026-03-13|1230|1400|CARD:586,NEW_ATTENDANCE,22811,Inserted inside the current SQL transaction.
COMMITTED,ATTENDANCE,CALTHORPE|ARTS|2026-03-13|1230|1400|CARD:700,NEW_ATTENDANCE,22812,Inserted inside the current SQL transaction.
COMMITTED,ATTENDANCE,CALTHORPE|BODY CONDITIONING|2026-03-13|1100|1145|CARD:126,ALREADY_IN_CRM,702,Skipped because this participant already has attendance for the resolved session.
COMMITTED,ATTENDANCE,CALTHORPE|BODY CONDITIONING|2026-03-13|1100|1145|CARD:346,ALREADY_IN_CRM,706,Skipped because this participant already has attendance for the resolved session.
COMMITTED,ATTENDANCE,CALTHORPE|BODY CONDITIONING|2026-03-13|1100|1145|CARD:411,ALREADY_IN_CRM,711,Skipped because this participant already has attendance for the resolved session.
COMMITTED,ATTENDANCE,CALTHORPE|BODY CONDITIONING|2026-03-13|1100|1145|CARD:418,ALREADY_IN_CRM,709,Skipped because this participant already has attendance for the resolved session.
COMMITTED,ATTENDANCE,CALTHORPE|BODY CONDITIONING|2026-03-13|1100|1145|CARD:429,ALREADY_IN_CRM,705,Skipped because this participant already has attendance for the resolved session.
COMMITTED,ATTENDANCE,CALTHORPE|BODY CONDITIONING|2026-03-13|1100|1145|CARD:441,ALREADY_IN_CRM,704,Skipped because this participant already has attendance for the resolved session.
COMMITTED,ATTENDANCE,CALTHORPE|BODY CONDITIONING|2026-03-13|1100|1145|CARD:470,ALREADY_IN_CRM,707,Skipped because this participant already has attendance for the resolved session.
COMMITTED,ATTENDANCE,CALTHORPE|BODY CONDITIONING|2026-03-13|1100|1145|CARD:515,ALREADY_IN_CRM,708,Skipped because this participant already has attendance for the resolved session.
COMMITTED,ATTENDANCE,CALTHORPE|BODY CONDITIONING|2026-03-13|1100|1145|CARD:568,ALREADY_IN_CRM,703,Skipped because this participant already has attendance for the resolved session.
COMMITTED,ATTENDANCE,CALTHORPE|BODY CONDITIONING|2026-03-13|1100|1145|CARD:625,ALREADY_IN_CRM,710,Skipped because this participant already has attendance for the resolved session.
COMMITTED,ATTENDANCE,CALTHORPE|BODY CONDITIONING|2026-03-13|1100|1145|CARD:700,ALREADY_IN_CRM,699,Skipped because this participant already has attendance for the resolved session.
COMMITTED,ATTENDANCE,CALTHORPE|BODY CONDITIONING|2026-03-13|1100|1145|CARD:717,ALREADY_IN_CRM,700,Skipped because this participant already has attendance for the resolved session.
COMMITTED,ATTENDANCE,CALTHORPE|BODY CONDITIONING|2026-03-13|1100|1145|CARD:742,ALREADY_IN_CRM,701,Skipped because this participant already has attendance for the resolved session.
COMMITTED,ATTENDANCE,CALTHORPE|BODY CONDITIONING|2026-03-13|1100|1145|NAME:jamila,NEW_ATTENDANCE,22813,Inserted inside the current SQL transaction.
COMMITTED,ATTENDANCE,CALTHORPE|PILATES|2026-03-13|1200|1245|CARD:337,NEW_ATTENDANCE,22814,Inserted inside the current SQL transaction.
COMMITTED,ATTENDANCE,CALTHORPE|PILATES|2026-03-13|1200|1245|CARD:515,NEW_ATTENDANCE,22815,Inserted inside the current SQL transaction.
COMMITTED,ATTENDANCE,CALTHORPE|PILATES|2026-03-13|1200|1245|CARD:606,NEW_ATTENDANCE,22816,Inserted inside the current SQL transaction.
COMMITTED,ATTENDANCE,CALTHORPE|PILATES|2026-03-13|1200|1245|CARD:625,NEW_ATTENDANCE,22817,Inserted inside the current SQL transaction.
COMMITTED,ATTENDANCE,CALTHORPE|PILATES|2026-03-13|1200|1245|CARD:635,NEW_ATTENDANCE,22818,Inserted inside the current SQL transaction.
COMMITTED,ATTENDANCE,CALTHORPE|PILATES|2026-03-13|1200|1245|CARD:681,NEW_ATTENDANCE,22819,Inserted inside the current SQL transaction.
COMMITTED,ATTENDANCE,CALTHORPE|PILATES|2026-03-13|1200|1245|CARD:707,NEW_ATTENDANCE,22820,Inserted inside the current SQL transaction.
COMMITTED,ATTENDANCE,CALTHORPE|PILATES|2026-03-13|1200|1245|CARD:849,NEW_ATTENDANCE,22821,Inserted inside the current SQL transaction.
COMMITTED,ATTENDANCE,CALTHORPE|PILATES|2026-03-13|1200|1245|CARD:856,NEW_ATTENDANCE,22822,Inserted inside the current SQL transaction.
COMMITTED,ATTENDANCE,CALTHORPE|PILATES|2026-03-13|1200|1245|NAME:lubna,NEW_ATTENDANCE,22823,Inserted inside the current SQL transaction.
COMMITTED,ATTENDANCE,CALTHORPE|CHAIR BASED EXERCISE|2026-03-16|1130|1215|CARD:380,NEW_ATTENDANCE,22824,Inserted inside the current SQL transaction.
COMMITTED,ATTENDANCE,CALTHORPE|CHAIR BASED EXERCISE|2026-03-16|1130|1215|CARD:411,NEW_ATTENDANCE,22825,Inserted inside the current SQL transaction.
COMMITTED,ATTENDANCE,CALTHORPE|CHAIR BASED EXERCISE|2026-03-16|1130|1215|CARD:416,NEW_ATTENDANCE,22826,Inserted inside the current SQL transaction.
COMMITTED,ATTENDANCE,CALTHORPE|CHAIR BASED EXERCISE|2026-03-16|1130|1215|CARD:444,NEW_ATTENDANCE,22827,Inserted inside the current SQL transaction.
COMMITTED,ATTENDANCE,CALTHORPE|CHAIR BASED EXERCISE|2026-03-16|1130|1215|CARD:485,NEW_ATTENDANCE,22828,Inserted inside the current SQL transaction.
COMMITTED,ATTENDANCE,CALTHORPE|CHAIR BASED EXERCISE|2026-03-16|1130|1215|CARD:586,NEW_ATTENDANCE,22829,Inserted inside the current SQL transaction.
COMMITTED,ATTENDANCE,CALTHORPE|CHAIR BASED EXERCISE|2026-03-16|1130|1215|CARD:704,ALREADY_IN_CRM,721,Skipped because this participant already has attendance for the resolved session.
COMMITTED,ATTENDANCE,CALTHORPE|CHAIR BASED EXERCISE|2026-03-16|1130|1215|CARD:708,NEW_ATTENDANCE,22830,Inserted inside the current SQL transaction.
COMMITTED,ATTENDANCE,CALTHORPE|CHAIR BASED EXERCISE|2026-03-16|1130|1215|CARD:806,NEW_ATTENDANCE,22831,Inserted inside the current SQL transaction.
COMMITTED,ATTENDANCE,CALTHORPE|CHAIR BASED EXERCISE|2026-03-16|1130|1215|CARD:852,NEW_ATTENDANCE,22832,Inserted inside the current SQL transaction.
COMMITTED,ATTENDANCE,CALTHORPE|CHAIR BASED EXERCISE|2026-03-16|1130|1215|CARD:853,NEW_ATTENDANCE,22833,Inserted inside the current SQL transaction.
COMMITTED,ATTENDANCE,CALTHORPE|CHAIR BASED EXERCISE|2026-03-16|1130|1215|CARD:855,NEW_ATTENDANCE,22834,Inserted inside the current SQL transaction.
COMMITTED,ATTENDANCE,CALTHORPE|CROCHET|2026-03-16|1230|1430|CARD:416,NEW_ATTENDANCE,22835,Inserted inside the current SQL transaction.
COMMITTED,ATTENDANCE,CALTHORPE|CROCHET|2026-03-16|1230|1430|CARD:436,NEW_ATTENDANCE,22836,Inserted inside the current SQL transaction.
COMMITTED,ATTENDANCE,CALTHORPE|CROCHET|2026-03-16|1230|1430|CARD:468,NEW_ATTENDANCE,22837,Inserted inside the current SQL transaction.
COMMITTED,ATTENDANCE,CALTHORPE|CROCHET|2026-03-16|1230|1430|CARD:493,NEW_ATTENDANCE,22838,Inserted inside the current SQL transaction.
COMMITTED,ATTENDANCE,CALTHORPE|CROCHET|2026-03-16|1230|1430|CARD:513,NEW_ATTENDANCE,22839,Inserted inside the current SQL transaction.
COMMITTED,ATTENDANCE,CALTHORPE|CROCHET|2026-03-16|1230|1430|CARD:586,NEW_ATTENDANCE,22840,Inserted inside the current SQL transaction.
COMMITTED,ATTENDANCE,CALTHORPE|CROCHET|2026-03-16|1230|1430|CARD:613,NEW_ATTENDANCE,22841,Inserted inside the current SQL transaction.
COMMITTED,ATTENDANCE,CALTHORPE|CROCHET|2026-03-16|1230|1430|CARD:638,NEW_ATTENDANCE,22842,Inserted inside the current SQL transaction.
COMMITTED,ATTENDANCE,CALTHORPE|CROCHET|2026-03-16|1230|1430|CARD:657,NEW_ATTENDANCE,22843,Inserted inside the current SQL transaction.
COMMITTED,ATTENDANCE,CALTHORPE|CROCHET|2026-03-16|1230|1430|CARD:708,NEW_ATTENDANCE,22844,Inserted inside the current SQL transaction.
COMMITTED,ATTENDANCE,CALTHORPE|HIIT|2026-03-16|1030|1115|CARD:441,ALREADY_IN_CRM,726,Skipped because this participant already has attendance for the resolved session.
COMMITTED,ATTENDANCE,CALTHORPE|HIIT|2026-03-16|1030|1115|CARD:515,ALREADY_IN_CRM,727,Skipped because this participant already has attendance for the resolved session.
COMMITTED,ATTENDANCE,CALTHORPE|HIIT|2026-03-16|1030|1115|CARD:681,ALREADY_IN_CRM,729,Skipped because this participant already has attendance for the resolved session.
COMMITTED,ATTENDANCE,CALTHORPE|HIIT|2026-03-16|1030|1115|CARD:691,ALREADY_IN_CRM,722,Skipped because this participant already has attendance for the resolved session.
COMMITTED,ATTENDANCE,CALTHORPE|HIIT|2026-03-16|1030|1115|CARD:704,ALREADY_IN_CRM,725,Skipped because this participant already has attendance for the resolved session.
COMMITTED,ATTENDANCE,CALTHORPE|HIIT|2026-03-16|1030|1115|CARD:707,ALREADY_IN_CRM,723,Skipped because this participant already has attendance for the resolved session.
COMMITTED,ATTENDANCE,CALTHORPE|HIIT|2026-03-16|1030|1115|CARD:717,ALREADY_IN_CRM,724,Skipped because this participant already has attendance for the resolved session.
COMMITTED,ATTENDANCE,CALTHORPE|HIIT|2026-03-16|1030|1115|CARD:771,ALREADY_IN_CRM,728,Skipped because this participant already has attendance for the resolved session.
COMMITTED,ATTENDANCE,CALTHORPE|HIIT|2026-03-16|1030|1115|NAME:farhat,NEW_ATTENDANCE,22845,Inserted inside the current SQL transaction.
COMMITTED,ATTENDANCE,CALTHORPE|ZUMBA|2026-03-16|0930|1015|CARD:411,ALREADY_IN_CRM,737,Skipped because this participant already has attendance for the resolved session.
COMMITTED,ATTENDANCE,CALTHORPE|ZUMBA|2026-03-16|0930|1015|CARD:418,ALREADY_IN_CRM,735,Skipped because this participant already has attendance for the resolved session.
COMMITTED,ATTENDANCE,CALTHORPE|ZUMBA|2026-03-16|0930|1015|CARD:429,ALREADY_IN_CRM,733,Skipped because this participant already has attendance for the resolved session.
COMMITTED,ATTENDANCE,CALTHORPE|ZUMBA|2026-03-16|0930|1015|CARD:441,ALREADY_IN_CRM,732,Skipped because this participant already has attendance for the resolved session.
COMMITTED,ATTENDANCE,CALTHORPE|ZUMBA|2026-03-16|0930|1015|CARD:681,ALREADY_IN_CRM,736,Skipped because this participant already has attendance for the resolved session.
COMMITTED,ATTENDANCE,CALTHORPE|ZUMBA|2026-03-16|0930|1015|CARD:691,ALREADY_IN_CRM,730,Skipped because this participant already has attendance for the resolved session.
COMMITTED,ATTENDANCE,CALTHORPE|ZUMBA|2026-03-16|0930|1015|CARD:704,ALREADY_IN_CRM,731,Skipped because this participant already has attendance for the resolved session.
COMMITTED,ATTENDANCE,CALTHORPE|ZUMBA|2026-03-16|0930|1015|CARD:771,ALREADY_IN_CRM,734,Skipped because this participant already has attendance for the resolved session.
COMMITTED,ATTENDANCE,CALTHORPE|ZUMBA|2026-03-16|0930|1015|CARD:846,ALREADY_IN_CRM,739,Skipped because this participant already has attendance for the resolved session.
COMMITTED,ATTENDANCE,CALTHORPE|ZUMBA|2026-03-16|0930|1015|CARD:996,ALREADY_IN_CRM,738,Skipped because this participant already has attendance for the resolved session.
COMMITTED,ATTENDANCE,CALTHORPE|ESOL|2026-03-17|1130|1330|CARD:455,NEW_ATTENDANCE,22846,Inserted inside the current SQL transaction.
COMMITTED,ATTENDANCE,CALTHORPE|ESOL|2026-03-17|1130|1330|CARD:462,NEW_ATTENDANCE,22847,Inserted inside the current SQL transaction.
COMMITTED,ATTENDANCE,CALTHORPE|ESOL|2026-03-17|1130|1330|CARD:672,NEW_ATTENDANCE,22848,Inserted inside the current SQL transaction.
COMMITTED,ATTENDANCE,CALTHORPE|ESOL|2026-03-17|1130|1330|CARD:715,NEW_ATTENDANCE,22849,Inserted inside the current SQL transaction.
COMMITTED,ATTENDANCE,CALTHORPE|ESOL|2026-03-17|1130|1330|CARD:728,NEW_ATTENDANCE,22850,Inserted inside the current SQL transaction.
COMMITTED,ATTENDANCE,CALTHORPE|ESOL|2026-03-17|1130|1330|CARD:779,NEW_ATTENDANCE,22851,Inserted inside the current SQL transaction.
COMMITTED,ATTENDANCE,CALTHORPE|STRENGTH & STRETCH|2026-03-17|0930|1030|CARD:1418,NEW_ATTENDANCE,22852,Inserted inside the current SQL transaction.
COMMITTED,ATTENDANCE,CALTHORPE|STRENGTH & STRETCH|2026-03-17|0930|1030|CARD:411,NEW_ATTENDANCE,22853,Inserted inside the current SQL transaction.
COMMITTED,ATTENDANCE,CALTHORPE|STRENGTH & STRETCH|2026-03-17|0930|1030|CARD:418,ALREADY_IN_CRM,748,Skipped because this participant already has attendance for the resolved session.
COMMITTED,ATTENDANCE,CALTHORPE|STRENGTH & STRETCH|2026-03-17|0930|1030|CARD:429,NEW_ATTENDANCE,22854,Inserted inside the current SQL transaction.
COMMITTED,ATTENDANCE,CALTHORPE|STRENGTH & STRETCH|2026-03-17|0930|1030|CARD:470,ALREADY_IN_CRM,752,Skipped because this participant already has attendance for the resolved session.
COMMITTED,ATTENDANCE,CALTHORPE|STRENGTH & STRETCH|2026-03-17|0930|1030|CARD:515,ALREADY_IN_CRM,751,Skipped because this participant already has attendance for the resolved session.
COMMITTED,ATTENDANCE,CALTHORPE|STRENGTH & STRETCH|2026-03-17|0930|1030|CARD:764,ALREADY_IN_CRM,749,Skipped because this participant already has attendance for the resolved session.
COMMITTED,ATTENDANCE,CALTHORPE|STRENGTH & STRETCH|2026-03-17|0930|1030|CARD:851,ALREADY_IN_CRM,750,Skipped because this participant already has attendance for the resolved session.
COMMITTED,ATTENDANCE,CALTHORPE|STRENGTH & STRETCH|2026-03-17|0930|1030|CARD:868,NEW_ATTENDANCE,22855,Inserted inside the current SQL transaction.
COMMITTED,ATTENDANCE,CALTHORPE|SALSA/BELLY DANCING|2026-03-18|1100|1200|CARD:658,NEW_ATTENDANCE,22856,Inserted inside the current SQL transaction.
COMMITTED,ATTENDANCE,CALTHORPE|SALSA/BELLY DANCING|2026-03-18|1100|1200|CARD:681,ALREADY_IN_CRM,742,Skipped because this participant already has attendance for the resolved session.
COMMITTED,ATTENDANCE,CALTHORPE|SALSA/BELLY DANCING|2026-03-18|1100|1200|CARD:691,ALREADY_IN_CRM,740,Skipped because this participant already has attendance for the resolved session.
COMMITTED,ATTENDANCE,CALTHORPE|SALSA/BELLY DANCING|2026-03-18|1100|1200|CARD:995,ALREADY_IN_CRM,741,Skipped because this participant already has attendance for the resolved session.
COMMITTED,ATTENDANCE,CALTHORPE|SALSA/BELLY DANCING|2026-03-18|1100|1200|NAME:adele grant,NEW_ATTENDANCE,22857,Inserted inside the current SQL transaction.
COMMITTED,ATTENDANCE,CALTHORPE|CHAIR BASED EXERCISE|2026-03-19|1130|1215|CARD:380,NEW_ATTENDANCE,22858,Inserted inside the current SQL transaction.
COMMITTED,ATTENDANCE,CALTHORPE|CHAIR BASED EXERCISE|2026-03-19|1130|1215|CARD:382,NEW_ATTENDANCE,22859,Inserted inside the current SQL transaction.
COMMITTED,ATTENDANCE,CALTHORPE|CHAIR BASED EXERCISE|2026-03-19|1130|1215|CARD:416,NEW_ATTENDANCE,22860,Inserted inside the current SQL transaction.
COMMITTED,ATTENDANCE,CALTHORPE|CHAIR BASED EXERCISE|2026-03-19|1130|1215|CARD:418,NEW_ATTENDANCE,22861,Inserted inside the current SQL transaction.
COMMITTED,ATTENDANCE,CALTHORPE|CHAIR BASED EXERCISE|2026-03-19|1130|1215|CARD:424,NEW_ATTENDANCE,22862,Inserted inside the current SQL transaction.
COMMITTED,ATTENDANCE,CALTHORPE|CHAIR BASED EXERCISE|2026-03-19|1130|1215|CARD:434,NEW_ATTENDANCE,22863,Inserted inside the current SQL transaction.
COMMITTED,ATTENDANCE,CALTHORPE|CHAIR BASED EXERCISE|2026-03-19|1130|1215|CARD:586,NEW_ATTENDANCE,22864,Inserted inside the current SQL transaction.
COMMITTED,ATTENDANCE,CALTHORPE|CHAIR BASED EXERCISE|2026-03-19|1130|1215|CARD:640,NEW_ATTENDANCE,22865,Inserted inside the current SQL transaction.
COMMITTED,ATTENDANCE,CALTHORPE|CHAIR BASED EXERCISE|2026-03-19|1130|1215|CARD:655,NEW_ATTENDANCE,22866,Inserted inside the current SQL transaction.
COMMITTED,ATTENDANCE,CALTHORPE|CHAIR BASED EXERCISE|2026-03-19|1130|1215|CARD:855,NEW_ATTENDANCE,22867,Inserted inside the current SQL transaction.
COMMITTED,ATTENDANCE,CALTHORPE|CHAIR BASED EXERCISE|2026-03-19|1130|1215|CARD:866,NEW_ATTENDANCE,22868,Inserted inside the current SQL transaction.
COMMITTED,ATTENDANCE,CALTHORPE|CIRCUIT TRAINING|2026-03-19|0930|1015|CARD:429,ALREADY_IN_CRM,744,Skipped because this participant already has attendance for the resolved session.
COMMITTED,ATTENDANCE,CALTHORPE|CIRCUIT TRAINING|2026-03-19|0930|1015|CARD:470,NEW_ATTENDANCE,22869,Inserted inside the current SQL transaction.
COMMITTED,ATTENDANCE,CALTHORPE|CIRCUIT TRAINING|2026-03-19|0930|1015|CARD:486,ALREADY_IN_CRM,746,Skipped because this participant already has attendance for the resolved session.
COMMITTED,ATTENDANCE,CALTHORPE|CIRCUIT TRAINING|2026-03-19|0930|1015|CARD:515,NEW_ATTENDANCE,22870,Inserted inside the current SQL transaction.
COMMITTED,ATTENDANCE,CALTHORPE|CIRCUIT TRAINING|2026-03-19|0930|1015|CARD:681,NEW_ATTENDANCE,22871,Inserted inside the current SQL transaction.
COMMITTED,ATTENDANCE,CALTHORPE|CIRCUIT TRAINING|2026-03-19|0930|1015|CARD:717,ALREADY_IN_CRM,745,Skipped because this participant already has attendance for the resolved session.
COMMITTED,ATTENDANCE,CALTHORPE|CROCHET|2026-03-19|1230|1415|CARD:416,NEW_ATTENDANCE,22872,Inserted inside the current SQL transaction.
COMMITTED,ATTENDANCE,CALTHORPE|CROCHET|2026-03-19|1230|1415|CARD:418,NEW_ATTENDANCE,22873,Inserted inside the current SQL transaction.
COMMITTED,ATTENDANCE,CALTHORPE|CROCHET|2026-03-19|1230|1415|CARD:424,NEW_ATTENDANCE,22874,Inserted inside the current SQL transaction.
COMMITTED,ATTENDANCE,CALTHORPE|CROCHET|2026-03-19|1230|1415|CARD:586,NEW_ATTENDANCE,22875,Inserted inside the current SQL transaction.
COMMITTED,ATTENDANCE,CALTHORPE|CROCHET|2026-03-19|1230|1415|CARD:640,NEW_ATTENDANCE,22876,Inserted inside the current SQL transaction.
COMMITTED,ATTENDANCE,CALTHORPE|CROCHET|2026-03-19|1230|1415|CARD:655,NEW_ATTENDANCE,22877,Inserted inside the current SQL transaction.
COMMITTED,ATTENDANCE,CALTHORPE|CHAIR BASED EXERCISE|2026-03-23|1130|1215|CARD:415,NEW_ATTENDANCE,22878,Inserted inside the current SQL transaction.
COMMITTED,ATTENDANCE,CALTHORPE|CHAIR BASED EXERCISE|2026-03-23|1130|1215|CARD:416,NEW_ATTENDANCE,22879,Inserted inside the current SQL transaction.
COMMITTED,ATTENDANCE,CALTHORPE|CHAIR BASED EXERCISE|2026-03-23|1130|1215|CARD:418,NEW_ATTENDANCE,22880,Inserted inside the current SQL transaction.
COMMITTED,ATTENDANCE,CALTHORPE|CHAIR BASED EXERCISE|2026-03-23|1130|1215|CARD:427,NEW_ATTENDANCE,22881,Inserted inside the current SQL transaction.
COMMITTED,ATTENDANCE,CALTHORPE|CHAIR BASED EXERCISE|2026-03-23|1130|1215|CARD:638,NEW_ATTENDANCE,22882,Inserted inside the current SQL transaction.
COMMITTED,ATTENDANCE,CALTHORPE|CHAIR BASED EXERCISE|2026-03-23|1130|1215|CARD:764,NEW_ATTENDANCE,22883,Inserted inside the current SQL transaction.
COMMITTED,ATTENDANCE,CALTHORPE|CHAIR BASED EXERCISE|2026-03-23|1130|1215|CARD:855,NEW_ATTENDANCE,22884,Inserted inside the current SQL transaction.
COMMITTED,ATTENDANCE,CALTHORPE|CHAIR BASED EXERCISE|2026-03-23|1130|1215|NAME:bennice,NEW_ATTENDANCE,22885,Inserted inside the current SQL transaction.
COMMITTED,ATTENDANCE,CALTHORPE|CHAIR BASED EXERCISE|2026-03-23|1130|1215|NAME:nasra,NEW_ATTENDANCE,22886,Inserted inside the current SQL transaction.
COMMITTED,ATTENDANCE,CALTHORPE|CROCHET|2026-03-23|1230|1430|CARD:416,NEW_ATTENDANCE,22887,Inserted inside the current SQL transaction.
COMMITTED,ATTENDANCE,CALTHORPE|CROCHET|2026-03-23|1230|1430|CARD:418,NEW_ATTENDANCE,22888,Inserted inside the current SQL transaction.
COMMITTED,ATTENDANCE,CALTHORPE|CROCHET|2026-03-23|1230|1430|CARD:436,NEW_ATTENDANCE,22889,Inserted inside the current SQL transaction.
COMMITTED,ATTENDANCE,CALTHORPE|CROCHET|2026-03-23|1230|1430|CARD:468,NEW_ATTENDANCE,22890,Inserted inside the current SQL transaction.
COMMITTED,ATTENDANCE,CALTHORPE|CROCHET|2026-03-23|1230|1430|CARD:513,NEW_ATTENDANCE,22891,Inserted inside the current SQL transaction.
COMMITTED,ATTENDANCE,CALTHORPE|CROCHET|2026-03-23|1230|1430|CARD:586,NEW_ATTENDANCE,22892,Inserted inside the current SQL transaction.
COMMITTED,ATTENDANCE,CALTHORPE|CROCHET|2026-03-23|1230|1430|CARD:638,NEW_ATTENDANCE,22893,Inserted inside the current SQL transaction.
COMMITTED,ATTENDANCE,CALTHORPE|CROCHET|2026-03-23|1230|1430|CARD:794,NEW_ATTENDANCE,22894,Inserted inside the current SQL transaction.
COMMITTED,ATTENDANCE,CALTHORPE|CROCHET|2026-03-23|1230|1430|CARD:996,NEW_ATTENDANCE,22895,Inserted inside the current SQL transaction.
COMMITTED,ATTENDANCE,CALTHORPE|CROCHET|2026-03-23|1230|1430|NAME:shailla sharif,NEW_ATTENDANCE,22896,Inserted inside the current SQL transaction.
COMMITTED,ATTENDANCE,CALTHORPE|HIIT|2026-03-23|1030|1115|CARD:411,NEW_ATTENDANCE,22897,Inserted inside the current SQL transaction.
COMMITTED,ATTENDANCE,CALTHORPE|HIIT|2026-03-23|1030|1115|CARD:771,NEW_ATTENDANCE,22898,Inserted inside the current SQL transaction.
COMMITTED,ATTENDANCE,CALTHORPE|HIIT|2026-03-23|1030|1115|CARD:996,NEW_ATTENDANCE,22899,Inserted inside the current SQL transaction.
COMMITTED,ATTENDANCE,CALTHORPE|ZUMBA|2026-03-23|0930|1015|CARD:1518,NEW_ATTENDANCE,22900,Inserted inside the current SQL transaction.
COMMITTED,ATTENDANCE,CALTHORPE|ZUMBA|2026-03-23|0930|1015|CARD:411,ALREADY_IN_CRM,30,Skipped because this participant already has attendance for the resolved session.
COMMITTED,ATTENDANCE,CALTHORPE|ZUMBA|2026-03-23|0930|1015|CARD:429,ALREADY_IN_CRM,31,Skipped because this participant already has attendance for the resolved session.
COMMITTED,ATTENDANCE,CALTHORPE|ZUMBA|2026-03-23|0930|1015|CARD:470,NEW_ATTENDANCE,22901,Inserted inside the current SQL transaction.
COMMITTED,ATTENDANCE,CALTHORPE|ZUMBA|2026-03-23|0930|1015|CARD:486,ALREADY_IN_CRM,32,Skipped because this participant already has attendance for the resolved session.
COMMITTED,ATTENDANCE,CALTHORPE|ZUMBA|2026-03-23|0930|1015|CARD:515,ALREADY_IN_CRM,29,Skipped because this participant already has attendance for the resolved session.
COMMITTED,ATTENDANCE,CALTHORPE|ZUMBA|2026-03-23|0930|1015|CARD:681,ALREADY_IN_CRM,50,Skipped because this participant already has attendance for the resolved session.
COMMITTED,ATTENDANCE,CALTHORPE|ZUMBA|2026-03-23|0930|1015|CARD:691,ALREADY_IN_CRM,33,Skipped because this participant already has attendance for the resolved session.
COMMITTED,ATTENDANCE,CALTHORPE|ZUMBA|2026-03-23|0930|1015|CARD:771,ALREADY_IN_CRM,35,Skipped because this participant already has attendance for the resolved session.
COMMITTED,ATTENDANCE,CALTHORPE|ZUMBA|2026-03-23|0930|1015|CARD:851,ALREADY_IN_CRM,34,Skipped because this participant already has attendance for the resolved session.
COMMITTED,ATTENDANCE,CALTHORPE|ZUMBA|2026-03-23|0930|1015|CARD:996,NEW_ATTENDANCE,22902,Inserted inside the current SQL transaction.
COMMITTED,ATTENDANCE,CALTHORPE|ESOL|2026-03-24|1130|1330|CARD:455,NEW_ATTENDANCE,22903,Inserted inside the current SQL transaction.
COMMITTED,ATTENDANCE,CALTHORPE|ESOL|2026-03-24|1130|1330|CARD:462,NEW_ATTENDANCE,22904,Inserted inside the current SQL transaction.
COMMITTED,ATTENDANCE,CALTHORPE|ESOL|2026-03-24|1130|1330|CARD:516,NEW_ATTENDANCE,22905,Inserted inside the current SQL transaction.
COMMITTED,ATTENDANCE,CALTHORPE|ESOL|2026-03-24|1130|1330|CARD:647,NEW_ATTENDANCE,22906,Inserted inside the current SQL transaction.
COMMITTED,ATTENDANCE,CALTHORPE|ESOL|2026-03-24|1130|1330|CARD:672,NEW_ATTENDANCE,22907,Inserted inside the current SQL transaction.
COMMITTED,ATTENDANCE,CALTHORPE|ESOL|2026-03-24|1130|1330|CARD:673,NEW_ATTENDANCE,22908,Inserted inside the current SQL transaction.
COMMITTED,ATTENDANCE,CALTHORPE|ESOL|2026-03-24|1130|1330|CARD:728,NEW_ATTENDANCE,22909,Inserted inside the current SQL transaction.
COMMITTED,ATTENDANCE,CALTHORPE|ESOL|2026-03-24|1130|1330|CARD:779,NEW_ATTENDANCE,22910,Inserted inside the current SQL transaction.
COMMITTED,ATTENDANCE,CALTHORPE|STRENGTH & STRETCH|2026-03-24|0930|1030|CARD:157,ALREADY_IN_CRM,49,Skipped because this participant already has attendance for the resolved session.
COMMITTED,ATTENDANCE,CALTHORPE|STRENGTH & STRETCH|2026-03-24|0930|1030|CARD:386,ALREADY_IN_CRM,42,Skipped because this participant already has attendance for the resolved session.
COMMITTED,ATTENDANCE,CALTHORPE|STRENGTH & STRETCH|2026-03-24|0930|1030|CARD:391,ALREADY_IN_CRM,47,Skipped because this participant already has attendance for the resolved session.
COMMITTED,ATTENDANCE,CALTHORPE|STRENGTH & STRETCH|2026-03-24|0930|1030|CARD:413,ALREADY_IN_CRM,40,Skipped because this participant already has attendance for the resolved session.
COMMITTED,ATTENDANCE,CALTHORPE|STRENGTH & STRETCH|2026-03-24|0930|1030|CARD:416,ALREADY_IN_CRM,45,Skipped because this participant already has attendance for the resolved session.
COMMITTED,ATTENDANCE,CALTHORPE|STRENGTH & STRETCH|2026-03-24|0930|1030|CARD:429,ALREADY_IN_CRM,41,Skipped because this participant already has attendance for the resolved session.
COMMITTED,ATTENDANCE,CALTHORPE|STRENGTH & STRETCH|2026-03-24|0930|1030|CARD:440,ALREADY_IN_CRM,39,Skipped because this participant already has attendance for the resolved session.
COMMITTED,ATTENDANCE,CALTHORPE|STRENGTH & STRETCH|2026-03-24|0930|1030|CARD:441,ALREADY_IN_CRM,48,Skipped because this participant already has attendance for the resolved session.
COMMITTED,ATTENDANCE,CALTHORPE|STRENGTH & STRETCH|2026-03-24|0930|1030|CARD:470,ALREADY_IN_CRM,743,Skipped because this participant already has attendance for the resolved session.
COMMITTED,ATTENDANCE,CALTHORPE|STRENGTH & STRETCH|2026-03-24|0930|1030|CARD:515,ALREADY_IN_CRM,38,Skipped because this participant already has attendance for the resolved session.
COMMITTED,ATTENDANCE,CALTHORPE|STRENGTH & STRETCH|2026-03-24|0930|1030|CARD:717,ALREADY_IN_CRM,44,Skipped because this participant already has attendance for the resolved session.
COMMITTED,ATTENDANCE,CALTHORPE|STRENGTH & STRETCH|2026-03-24|0930|1030|CARD:764,ALREADY_IN_CRM,46,Skipped because this participant already has attendance for the resolved session.
COMMITTED,ATTENDANCE,CALTHORPE|STRENGTH & STRETCH|2026-03-24|0930|1030|CARD:780,ALREADY_IN_CRM,43,Skipped because this participant already has attendance for the resolved session.
COMMITTED,ATTENDANCE,CALTHORPE|SALSA/BELLY DANCING|2026-03-25|1100|1200|CARD:681,NEW_ATTENDANCE,22911,Inserted inside the current SQL transaction.
COMMITTED,ATTENDANCE,CALTHORPE|ARTS|2026-03-27|1230|1400|CARD:402,NEW_ATTENDANCE,22912,Inserted inside the current SQL transaction.
COMMITTED,ATTENDANCE,CALTHORPE|ARTS|2026-03-27|1230|1400|CARD:444,NEW_ATTENDANCE,22913,Inserted inside the current SQL transaction.
COMMITTED,ATTENDANCE,CALTHORPE|ARTS|2026-03-27|1230|1400|CARD:586,NEW_ATTENDANCE,22914,Inserted inside the current SQL transaction.
COMMITTED,ATTENDANCE,CALTHORPE|ARTS|2026-03-27|1230|1400|CARD:700,NEW_ATTENDANCE,22915,Inserted inside the current SQL transaction.
COMMITTED,ATTENDANCE,CALTHORPE|ARTS|2026-03-27|1230|1400|CARD:771,NEW_ATTENDANCE,22916,Inserted inside the current SQL transaction.
COMMITTED,ATTENDANCE,CALTHORPE|BODY CONDITIONING|2026-03-27|1100|1145|CARD:126,NEW_ATTENDANCE,22917,Inserted inside the current SQL transaction.
COMMITTED,ATTENDANCE,CALTHORPE|BODY CONDITIONING|2026-03-27|1100|1145|CARD:1418,NEW_ATTENDANCE,22918,Inserted inside the current SQL transaction.
COMMITTED,ATTENDANCE,CALTHORPE|BODY CONDITIONING|2026-03-27|1100|1145|CARD:346,NEW_ATTENDANCE,22919,Inserted inside the current SQL transaction.
COMMITTED,ATTENDANCE,CALTHORPE|BODY CONDITIONING|2026-03-27|1100|1145|CARD:380,NEW_ATTENDANCE,22920,Inserted inside the current SQL transaction.
COMMITTED,ATTENDANCE,CALTHORPE|BODY CONDITIONING|2026-03-27|1100|1145|CARD:429,NEW_ATTENDANCE,22921,Inserted inside the current SQL transaction.
COMMITTED,ATTENDANCE,CALTHORPE|BODY CONDITIONING|2026-03-27|1100|1145|CARD:470,NEW_ATTENDANCE,22922,Inserted inside the current SQL transaction.
COMMITTED,ATTENDANCE,CALTHORPE|BODY CONDITIONING|2026-03-27|1100|1145|CARD:515,NEW_ATTENDANCE,22923,Inserted inside the current SQL transaction.
COMMITTED,ATTENDANCE,CALTHORPE|BODY CONDITIONING|2026-03-27|1100|1145|CARD:625,NEW_ATTENDANCE,22924,Inserted inside the current SQL transaction.
COMMITTED,ATTENDANCE,CALTHORPE|BODY CONDITIONING|2026-03-27|1100|1145|CARD:700,NEW_ATTENDANCE,22925,Inserted inside the current SQL transaction.
COMMITTED,ATTENDANCE,CALTHORPE|BODY CONDITIONING|2026-03-27|1100|1145|CARD:740,NEW_ATTENDANCE,22926,Inserted inside the current SQL transaction.
COMMITTED,ATTENDANCE,CALTHORPE|BODY CONDITIONING|2026-03-27|1100|1145|CARD:761,NEW_ATTENDANCE,22927,Inserted inside the current SQL transaction.
COMMITTED,ATTENDANCE,CALTHORPE|BODY CONDITIONING|2026-03-27|1100|1145|CARD:771,NEW_ATTENDANCE,22928,Inserted inside the current SQL transaction.
COMMITTED,ATTENDANCE,CALTHORPE|BODY CONDITIONING|2026-03-27|1100|1145|CARD:851,NEW_ATTENDANCE,22929,Inserted inside the current SQL transaction.
COMMITTED,ATTENDANCE,CALTHORPE|BODY CONDITIONING|2026-03-27|1100|1145|CARD:996,NEW_ATTENDANCE,22930,Inserted inside the current SQL transaction.
COMMITTED,ATTENDANCE,CALTHORPE|BODY CONDITIONING|2026-03-27|1100|1145|NAME:marziah taleb,NEW_ATTENDANCE,22931,Inserted inside the current SQL transaction.
COMMITTED,ATTENDANCE,CALTHORPE|PILATES|2026-03-27|1200|1245|CARD:157,NEW_ATTENDANCE,22932,Inserted inside the current SQL transaction.
COMMITTED,ATTENDANCE,CALTHORPE|PILATES|2026-03-27|1200|1245|CARD:416,NEW_ATTENDANCE,22933,Inserted inside the current SQL transaction.
COMMITTED,ATTENDANCE,CALTHORPE|PILATES|2026-03-27|1200|1245|CARD:440,NEW_ATTENDANCE,22934,Inserted inside the current SQL transaction.
COMMITTED,ATTENDANCE,CALTHORPE|PILATES|2026-03-27|1200|1245|CARD:441,NEW_ATTENDANCE,22935,Inserted inside the current SQL transaction.
COMMITTED,ATTENDANCE,CALTHORPE|PILATES|2026-03-27|1200|1245|CARD:486,NEW_ATTENDANCE,22936,Inserted inside the current SQL transaction.
COMMITTED,ATTENDANCE,CALTHORPE|PILATES|2026-03-27|1200|1245|CARD:515,NEW_ATTENDANCE,22937,Inserted inside the current SQL transaction.
COMMITTED,ATTENDANCE,CALTHORPE|PILATES|2026-03-27|1200|1245|CARD:625,NEW_ATTENDANCE,22938,Inserted inside the current SQL transaction.
COMMITTED,ATTENDANCE,CALTHORPE|PILATES|2026-03-27|1200|1245|CARD:629,NEW_ATTENDANCE,22939,Inserted inside the current SQL transaction.
COMMITTED,ATTENDANCE,CALTHORPE|PILATES|2026-03-27|1200|1245|CARD:707,NEW_ATTENDANCE,22940,Inserted inside the current SQL transaction.
COMMITTED,ATTENDANCE,CALTHORPE|PILATES|2026-03-27|1200|1245|CARD:732,NEW_ATTENDANCE,22941,Inserted inside the current SQL transaction.
COMMITTED,ATTENDANCE,CALTHORPE|PILATES|2026-03-27|1200|1245|CARD:856,NEW_ATTENDANCE,22942,Inserted inside the current SQL transaction.
COMMITTED,ATTENDANCE,CALTHORPE|CHAIR BASED EXERCISE|2026-03-30|1130|1215|CARD:416,NEW_ATTENDANCE,22943,Inserted inside the current SQL transaction.
COMMITTED,ATTENDANCE,CALTHORPE|CHAIR BASED EXERCISE|2026-03-30|1130|1215|CARD:427,NEW_ATTENDANCE,22944,Inserted inside the current SQL transaction.
COMMITTED,ATTENDANCE,CALTHORPE|CHAIR BASED EXERCISE|2026-03-30|1130|1215|CARD:485,NEW_ATTENDANCE,22945,Inserted inside the current SQL transaction.
COMMITTED,ATTENDANCE,CALTHORPE|CHAIR BASED EXERCISE|2026-03-30|1130|1215|CARD:515,NEW_ATTENDANCE,22946,Inserted inside the current SQL transaction.
COMMITTED,ATTENDANCE,CALTHORPE|CHAIR BASED EXERCISE|2026-03-30|1130|1215|CARD:700,NEW_ATTENDANCE,22947,Inserted inside the current SQL transaction.
COMMITTED,ATTENDANCE,CALTHORPE|CHAIR BASED EXERCISE|2026-03-30|1130|1215|CARD:717,NEW_ATTENDANCE,22948,Inserted inside the current SQL transaction.
COMMITTED,ATTENDANCE,CALTHORPE|CHAIR BASED EXERCISE|2026-03-30|1130|1215|CARD:747,NEW_ATTENDANCE,22949,Inserted inside the current SQL transaction.
COMMITTED,ATTENDANCE,CALTHORPE|CHAIR BASED EXERCISE|2026-03-30|1130|1215|CARD:852,NEW_ATTENDANCE,22950,Inserted inside the current SQL transaction.
COMMITTED,ATTENDANCE,CALTHORPE|CHAIR BASED EXERCISE|2026-03-30|1130|1215|CARD:853,NEW_ATTENDANCE,22951,Inserted inside the current SQL transaction.
COMMITTED,ATTENDANCE,CALTHORPE|CHAIR BASED EXERCISE|2026-03-30|1130|1215|CARD:855,NEW_ATTENDANCE,22952,Inserted inside the current SQL transaction.
COMMITTED,ATTENDANCE,CALTHORPE|CROCHET|2026-03-30|1230|1430|CARD:436,NEW_ATTENDANCE,22953,Inserted inside the current SQL transaction.
COMMITTED,ATTENDANCE,CALTHORPE|CROCHET|2026-03-30|1230|1430|CARD:468,NEW_ATTENDANCE,22954,Inserted inside the current SQL transaction.
COMMITTED,ATTENDANCE,CALTHORPE|CROCHET|2026-03-30|1230|1430|CARD:586,NEW_ATTENDANCE,22955,Inserted inside the current SQL transaction.
COMMITTED,ATTENDANCE,CALTHORPE|CROCHET|2026-03-30|1230|1430|CARD:616,NEW_ATTENDANCE,22956,Inserted inside the current SQL transaction.
COMMITTED,ATTENDANCE,CALTHORPE|CROCHET|2026-03-30|1230|1430|CARD:657,NEW_ATTENDANCE,22957,Inserted inside the current SQL transaction.
COMMITTED,ATTENDANCE,CALTHORPE|HIIT|2026-03-30|1030|1115|CARD:1418,NEW_ATTENDANCE,22958,Inserted inside the current SQL transaction.
COMMITTED,ATTENDANCE,CALTHORPE|HIIT|2026-03-30|1030|1115|CARD:415,NEW_ATTENDANCE,22959,Inserted inside the current SQL transaction.
COMMITTED,ATTENDANCE,CALTHORPE|HIIT|2026-03-30|1030|1115|CARD:515,NEW_ATTENDANCE,22960,Inserted inside the current SQL transaction.
COMMITTED,ATTENDANCE,CALTHORPE|HIIT|2026-03-30|1030|1115|CARD:586,NEW_ATTENDANCE,22961,Inserted inside the current SQL transaction.
COMMITTED,ATTENDANCE,CALTHORPE|HIIT|2026-03-30|1030|1115|CARD:642,NEW_ATTENDANCE,22962,Inserted inside the current SQL transaction.
COMMITTED,ATTENDANCE,CALTHORPE|HIIT|2026-03-30|1030|1115|CARD:681,NEW_ATTENDANCE,22963,Inserted inside the current SQL transaction.
COMMITTED,ATTENDANCE,CALTHORPE|HIIT|2026-03-30|1030|1115|CARD:761,NEW_ATTENDANCE,22964,Inserted inside the current SQL transaction.
COMMITTED,ATTENDANCE,CALTHORPE|ZUMBA|2026-03-30|0930|1015|CARD:1418,NEW_ATTENDANCE,22965,Inserted inside the current SQL transaction.
COMMITTED,ATTENDANCE,CALTHORPE|ZUMBA|2026-03-30|0930|1015|CARD:429,NEW_ATTENDANCE,22966,Inserted inside the current SQL transaction.
COMMITTED,ATTENDANCE,CALTHORPE|ZUMBA|2026-03-30|0930|1015|CARD:470,NEW_ATTENDANCE,22967,Inserted inside the current SQL transaction.
COMMITTED,ATTENDANCE,CALTHORPE|ZUMBA|2026-03-30|0930|1015|CARD:515,NEW_ATTENDANCE,22968,Inserted inside the current SQL transaction.
COMMITTED,ATTENDANCE,CALTHORPE|ZUMBA|2026-03-30|0930|1015|CARD:557,NEW_ATTENDANCE,22969,Inserted inside the current SQL transaction.
COMMITTED,ATTENDANCE,CALTHORPE|ZUMBA|2026-03-30|0930|1015|CARD:656,NEW_ATTENDANCE,22970,Inserted inside the current SQL transaction.
COMMITTED,ATTENDANCE,CALTHORPE|ZUMBA|2026-03-30|0930|1015|CARD:681,NEW_ATTENDANCE,22971,Inserted inside the current SQL transaction.
COMMITTED,ATTENDANCE,CALTHORPE|ZUMBA|2026-03-30|0930|1015|CARD:691,NEW_ATTENDANCE,22972,Inserted inside the current SQL transaction.
COMMITTED,ATTENDANCE,CALTHORPE|STRENGTH & STRETCH|2026-03-31|0930|1030|CARD:411,NEW_ATTENDANCE,22973,Inserted inside the current SQL transaction.
COMMITTED,ATTENDANCE,CALTHORPE|STRENGTH & STRETCH|2026-03-31|0930|1030|CARD:415,NEW_ATTENDANCE,22974,Inserted inside the current SQL transaction.
COMMITTED,ATTENDANCE,CALTHORPE|STRENGTH & STRETCH|2026-03-31|0930|1030|CARD:418,NEW_ATTENDANCE,22975,Inserted inside the current SQL transaction.
COMMITTED,ATTENDANCE,CALTHORPE|STRENGTH & STRETCH|2026-03-31|0930|1030|CARD:429,NEW_ATTENDANCE,22976,Inserted inside the current SQL transaction.
COMMITTED,ATTENDANCE,CALTHORPE|STRENGTH & STRETCH|2026-03-31|0930|1030|CARD:441,NEW_ATTENDANCE,22977,Inserted inside the current SQL transaction.
COMMITTED,ATTENDANCE,CALTHORPE|STRENGTH & STRETCH|2026-03-31|0930|1030|CARD:470,NEW_ATTENDANCE,22978,Inserted inside the current SQL transaction.
COMMITTED,ATTENDANCE,CALTHORPE|STRENGTH & STRETCH|2026-03-31|0930|1030|CARD:515,NEW_ATTENDANCE,22979,Inserted inside the current SQL transaction.
COMMITTED,ATTENDANCE,CALTHORPE|STRENGTH & STRETCH|2026-03-31|0930|1030|CARD:604,NEW_ATTENDANCE,22980,Inserted inside the current SQL transaction.
COMMITTED,ATTENDANCE,CALTHORPE|STRENGTH & STRETCH|2026-03-31|0930|1030|CARD:625,NEW_ATTENDANCE,22981,Inserted inside the current SQL transaction.
COMMITTED,ATTENDANCE,CALTHORPE|STRENGTH & STRETCH|2026-03-31|0930|1030|CARD:642,NEW_ATTENDANCE,22982,Inserted inside the current SQL transaction.
COMMITTED,ATTENDANCE,CALTHORPE|STRENGTH & STRETCH|2026-03-31|0930|1030|CARD:681,NEW_ATTENDANCE,22983,Inserted inside the current SQL transaction.
COMMITTED,ATTENDANCE,CALTHORPE|STRENGTH & STRETCH|2026-03-31|0930|1030|CARD:761,NEW_ATTENDANCE,22984,Inserted inside the current SQL transaction.
COMMITTED,ATTENDANCE,CALTHORPE|STRENGTH & STRETCH|2026-03-31|0930|1030|CARD:764,NEW_ATTENDANCE,22985,Inserted inside the current SQL transaction.
COMMITTED,ATTENDANCE,CALTHORPE|STRENGTH & STRETCH|2026-03-31|0930|1030|CARD:851,NEW_ATTENDANCE,22986,Inserted inside the current SQL transaction.
COMMITTED,ATTENDANCE,CALTHORPE|SALSA/BELLY DANCING|2026-04-01|1100|1200|CARD:416,NEW_ATTENDANCE,22987,Inserted inside the current SQL transaction.
COMMITTED,ATTENDANCE,CALTHORPE|SALSA/BELLY DANCING|2026-04-01|1100|1200|CARD:441,NEW_ATTENDANCE,22988,Inserted inside the current SQL transaction.
COMMITTED,ATTENDANCE,CALTHORPE|SALSA/BELLY DANCING|2026-04-01|1100|1200|CARD:656,NEW_ATTENDANCE,22989,Inserted inside the current SQL transaction.
COMMITTED,ATTENDANCE,CALTHORPE|SALSA/BELLY DANCING|2026-04-01|1100|1200|CARD:691,NEW_ATTENDANCE,22990,Inserted inside the current SQL transaction.
COMMITTED,ATTENDANCE,CALTHORPE|SALSA/BELLY DANCING|2026-04-01|1100|1200|CARD:700,NEW_ATTENDANCE,22991,Inserted inside the current SQL transaction.
COMMITTED,ATTENDANCE,CALTHORPE|SALSA/BELLY DANCING|2026-04-01|1100|1200|CARD:771,NEW_ATTENDANCE,22992,Inserted inside the current SQL transaction.
COMMITTED,ATTENDANCE,CALTHORPE|CHAIR BASED EXERCISE|2026-04-02|1130|1215|CARD:380,NEW_ATTENDANCE,22993,Inserted inside the current SQL transaction.
COMMITTED,ATTENDANCE,CALTHORPE|CHAIR BASED EXERCISE|2026-04-02|1130|1215|CARD:410,NEW_ATTENDANCE,22994,Inserted inside the current SQL transaction.
COMMITTED,ATTENDANCE,CALTHORPE|CHAIR BASED EXERCISE|2026-04-02|1130|1215|CARD:415,NEW_ATTENDANCE,22995,Inserted inside the current SQL transaction.
COMMITTED,ATTENDANCE,CALTHORPE|CHAIR BASED EXERCISE|2026-04-02|1130|1215|CARD:416,NEW_ATTENDANCE,22996,Inserted inside the current SQL transaction.
COMMITTED,ATTENDANCE,CALTHORPE|CHAIR BASED EXERCISE|2026-04-02|1130|1215|CARD:418,NEW_ATTENDANCE,22997,Inserted inside the current SQL transaction.
COMMITTED,ATTENDANCE,CALTHORPE|CHAIR BASED EXERCISE|2026-04-02|1130|1215|CARD:436,NEW_ATTENDANCE,22998,Inserted inside the current SQL transaction.
COMMITTED,ATTENDANCE,CALTHORPE|CHAIR BASED EXERCISE|2026-04-02|1130|1215|CARD:474,NEW_ATTENDANCE,22999,Inserted inside the current SQL transaction.
COMMITTED,ATTENDANCE,CALTHORPE|CHAIR BASED EXERCISE|2026-04-02|1130|1215|CARD:586,NEW_ATTENDANCE,23000,Inserted inside the current SQL transaction.
COMMITTED,ATTENDANCE,CALTHORPE|CHAIR BASED EXERCISE|2026-04-02|1130|1215|CARD:620,NEW_ATTENDANCE,23001,Inserted inside the current SQL transaction.
COMMITTED,ATTENDANCE,CALTHORPE|CHAIR BASED EXERCISE|2026-04-02|1130|1215|CARD:638,NEW_ATTENDANCE,23002,Inserted inside the current SQL transaction.
COMMITTED,ATTENDANCE,CALTHORPE|CHAIR BASED EXERCISE|2026-04-02|1130|1215|CARD:639,NEW_ATTENDANCE,23003,Inserted inside the current SQL transaction.
COMMITTED,ATTENDANCE,CALTHORPE|CHAIR BASED EXERCISE|2026-04-02|1130|1215|CARD:640,NEW_ATTENDANCE,23004,Inserted inside the current SQL transaction.
COMMITTED,ATTENDANCE,CALTHORPE|CHAIR BASED EXERCISE|2026-04-02|1130|1215|CARD:642,NEW_ATTENDANCE,23005,Inserted inside the current SQL transaction.
COMMITTED,ATTENDANCE,CALTHORPE|CHAIR BASED EXERCISE|2026-04-02|1130|1215|CARD:655,NEW_ATTENDANCE,23006,Inserted inside the current SQL transaction.
COMMITTED,ATTENDANCE,CALTHORPE|CHAIR BASED EXERCISE|2026-04-02|1130|1215|CARD:700,NEW_ATTENDANCE,23007,Inserted inside the current SQL transaction.
COMMITTED,ATTENDANCE,CALTHORPE|CHAIR BASED EXERCISE|2026-04-02|1130|1215|CARD:706,NEW_ATTENDANCE,23008,Inserted inside the current SQL transaction.
COMMITTED,ATTENDANCE,CALTHORPE|CHAIR BASED EXERCISE|2026-04-02|1130|1215|CARD:753,NEW_ATTENDANCE,23009,Inserted inside the current SQL transaction.
COMMITTED,ATTENDANCE,CALTHORPE|CHAIR BASED EXERCISE|2026-04-02|1130|1215|CARD:771,NEW_ATTENDANCE,23010,Inserted inside the current SQL transaction.
COMMITTED,ATTENDANCE,CALTHORPE|CHAIR BASED EXERCISE|2026-04-02|1130|1215|CARD:855,NEW_ATTENDANCE,23011,Inserted inside the current SQL transaction.
COMMITTED,ATTENDANCE,CALTHORPE|CHAIR BASED EXERCISE|2026-04-02|1130|1215|CARD:866,NEW_ATTENDANCE,23012,Inserted inside the current SQL transaction.
COMMITTED,ATTENDANCE,CALTHORPE|CIRCUIT TRAINING|2026-04-02|0930|1015|CARD:411,NEW_ATTENDANCE,23013,Inserted inside the current SQL transaction.
COMMITTED,ATTENDANCE,CALTHORPE|CIRCUIT TRAINING|2026-04-02|0930|1015|CARD:515,NEW_ATTENDANCE,23014,Inserted inside the current SQL transaction.
COMMITTED,ATTENDANCE,CALTHORPE|CIRCUIT TRAINING|2026-04-02|0930|1015|CARD:851,NEW_ATTENDANCE,23015,Inserted inside the current SQL transaction.
COMMITTED,ATTENDANCE,CALTHORPE|CROCHET|2026-04-02|1230|1415|CARD:416,NEW_ATTENDANCE,23016,Inserted inside the current SQL transaction.
COMMITTED,ATTENDANCE,CALTHORPE|CROCHET|2026-04-02|1230|1415|CARD:418,NEW_ATTENDANCE,23017,Inserted inside the current SQL transaction.
COMMITTED,ATTENDANCE,CALTHORPE|CROCHET|2026-04-02|1230|1415|CARD:424,NEW_ATTENDANCE,23018,Inserted inside the current SQL transaction.
COMMITTED,ATTENDANCE,CALTHORPE|CROCHET|2026-04-02|1230|1415|CARD:586,NEW_ATTENDANCE,23019,Inserted inside the current SQL transaction.
COMMITTED,ATTENDANCE,CALTHORPE|CROCHET|2026-04-02|1230|1415|CARD:655,NEW_ATTENDANCE,23020,Inserted inside the current SQL transaction.
COMMITTED,ATTENDANCE,CALTHORPE|STRENGTH & STRETCH|2026-04-07|0930|1030|CARD:411,NEW_ATTENDANCE,23021,Inserted inside the current SQL transaction.
COMMITTED,ATTENDANCE,CALTHORPE|STRENGTH & STRETCH|2026-04-07|0930|1030|CARD:415,NEW_ATTENDANCE,23022,Inserted inside the current SQL transaction.
COMMITTED,ATTENDANCE,CALTHORPE|STRENGTH & STRETCH|2026-04-07|0930|1030|CARD:416,NEW_ATTENDANCE,23023,Inserted inside the current SQL transaction.
COMMITTED,ATTENDANCE,CALTHORPE|STRENGTH & STRETCH|2026-04-07|0930|1030|CARD:418,NEW_ATTENDANCE,23024,Inserted inside the current SQL transaction.
COMMITTED,ATTENDANCE,CALTHORPE|STRENGTH & STRETCH|2026-04-07|0930|1030|CARD:429,NEW_ATTENDANCE,23025,Inserted inside the current SQL transaction.
COMMITTED,ATTENDANCE,CALTHORPE|STRENGTH & STRETCH|2026-04-07|0930|1030|CARD:470,NEW_ATTENDANCE,23026,Inserted inside the current SQL transaction.
COMMITTED,ATTENDANCE,CALTHORPE|STRENGTH & STRETCH|2026-04-07|0930|1030|CARD:498,NEW_ATTENDANCE,23027,Inserted inside the current SQL transaction.
COMMITTED,ATTENDANCE,CALTHORPE|STRENGTH & STRETCH|2026-04-07|0930|1030|CARD:515,NEW_ATTENDANCE,23028,Inserted inside the current SQL transaction.
COMMITTED,ATTENDANCE,CALTHORPE|STRENGTH & STRETCH|2026-04-07|0930|1030|CARD:604,NEW_ATTENDANCE,23029,Inserted inside the current SQL transaction.
COMMITTED,ATTENDANCE,CALTHORPE|STRENGTH & STRETCH|2026-04-07|0930|1030|CARD:625,NEW_ATTENDANCE,23030,Inserted inside the current SQL transaction.
COMMITTED,ATTENDANCE,CALTHORPE|STRENGTH & STRETCH|2026-04-07|0930|1030|CARD:639,NEW_ATTENDANCE,23031,Inserted inside the current SQL transaction.
COMMITTED,ATTENDANCE,CALTHORPE|STRENGTH & STRETCH|2026-04-07|0930|1030|CARD:642,NEW_ATTENDANCE,23032,Inserted inside the current SQL transaction.
COMMITTED,ATTENDANCE,CALTHORPE|STRENGTH & STRETCH|2026-04-07|0930|1030|CARD:681,NEW_ATTENDANCE,23033,Inserted inside the current SQL transaction.
COMMITTED,ATTENDANCE,CALTHORPE|STRENGTH & STRETCH|2026-04-07|0930|1030|CARD:761,NEW_ATTENDANCE,23034,Inserted inside the current SQL transaction.
COMMITTED,ATTENDANCE,CALTHORPE|STRENGTH & STRETCH|2026-04-07|0930|1030|CARD:764,NEW_ATTENDANCE,23035,Inserted inside the current SQL transaction.
COMMITTED,ATTENDANCE,CALTHORPE|STRENGTH & STRETCH|2026-04-07|0930|1030|CARD:851,NEW_ATTENDANCE,23036,Inserted inside the current SQL transaction.
COMMITTED,ATTENDANCE,CALTHORPE|YOGA|2026-04-07|1715|1815|CARD:429,NEW_ATTENDANCE,23037,Inserted inside the current SQL transaction.
COMMITTED,ATTENDANCE,CALTHORPE|YOGA|2026-04-07|1715|1815|CARD:513,NEW_ATTENDANCE,23038,Inserted inside the current SQL transaction.
COMMITTED,ATTENDANCE,CALTHORPE|YOGA|2026-04-07|1715|1815|CARD:538,NEW_ATTENDANCE,23039,Inserted inside the current SQL transaction.
COMMITTED,ATTENDANCE,CALTHORPE|YOGA|2026-04-07|1715|1815|CARD:617,NEW_ATTENDANCE,23040,Inserted inside the current SQL transaction.
COMMITTED,ATTENDANCE,CALTHORPE|YOGA|2026-04-07|1715|1815|CARD:625,NEW_ATTENDANCE,23041,Inserted inside the current SQL transaction.
COMMITTED,ATTENDANCE,CALTHORPE|YOGA|2026-04-07|1715|1815|CARD:629,NEW_ATTENDANCE,23042,Inserted inside the current SQL transaction.
COMMITTED,ATTENDANCE,CALTHORPE|YOGA|2026-04-07|1715|1815|CARD:704,NEW_ATTENDANCE,23043,Inserted inside the current SQL transaction.
COMMITTED,ATTENDANCE,CALTHORPE|YOGA|2026-04-07|1715|1815|CARD:717,NEW_ATTENDANCE,23044,Inserted inside the current SQL transaction.
COMMITTED,ATTENDANCE,CALTHORPE|YOGA|2026-04-07|1715|1815|CARD:851,NEW_ATTENDANCE,23045,Inserted inside the current SQL transaction.
COMMITTED,ATTENDANCE,CALTHORPE|SALSA/BELLY DANCING|2026-04-08|1100|1200|CARD:416,NEW_ATTENDANCE,23046,Inserted inside the current SQL transaction.
COMMITTED,ATTENDANCE,CALTHORPE|SALSA/BELLY DANCING|2026-04-08|1100|1200|CARD:441,NEW_ATTENDANCE,23047,Inserted inside the current SQL transaction.
COMMITTED,ATTENDANCE,CALTHORPE|SALSA/BELLY DANCING|2026-04-08|1100|1200|CARD:513,NEW_ATTENDANCE,23048,Inserted inside the current SQL transaction.
COMMITTED,ATTENDANCE,CALTHORPE|SALSA/BELLY DANCING|2026-04-08|1100|1200|CARD:638,NEW_ATTENDANCE,23049,Inserted inside the current SQL transaction.
COMMITTED,ATTENDANCE,CALTHORPE|SALSA/BELLY DANCING|2026-04-08|1100|1200|CARD:656,NEW_ATTENDANCE,23050,Inserted inside the current SQL transaction.
COMMITTED,ATTENDANCE,CALTHORPE|SALSA/BELLY DANCING|2026-04-08|1100|1200|CARD:681,NEW_ATTENDANCE,23051,Inserted inside the current SQL transaction.
COMMITTED,ATTENDANCE,CALTHORPE|SALSA/BELLY DANCING|2026-04-08|1100|1200|CARD:691,NEW_ATTENDANCE,23052,Inserted inside the current SQL transaction.
COMMITTED,ATTENDANCE,CALTHORPE|SALSA/BELLY DANCING|2026-04-08|1100|1200|CARD:700,NEW_ATTENDANCE,23053,Inserted inside the current SQL transaction.
COMMITTED,ATTENDANCE,CALTHORPE|SALSA/BELLY DANCING|2026-04-08|1100|1200|CARD:771,NEW_ATTENDANCE,23054,Inserted inside the current SQL transaction.
COMMITTED,ATTENDANCE,CALTHORPE|SALSA/BELLY DANCING|2026-04-08|1100|1200|CARD:995,NEW_ATTENDANCE,23055,Inserted inside the current SQL transaction.
COMMITTED,ATTENDANCE,CALTHORPE|SALSA/BELLY DANCING|2026-04-08|1100|1200|NAME:patti,NEW_ATTENDANCE,23056,Inserted inside the current SQL transaction.
COMMITTED,ATTENDANCE,CALTHORPE|CIRCUIT TRAINING|2026-04-09|0930|1015|CARD:429,NEW_ATTENDANCE,23057,Inserted inside the current SQL transaction.
COMMITTED,ATTENDANCE,CALTHORPE|CIRCUIT TRAINING|2026-04-09|0930|1015|CARD:441,NEW_ATTENDANCE,23058,Inserted inside the current SQL transaction.
COMMITTED,ATTENDANCE,CALTHORPE|CIRCUIT TRAINING|2026-04-09|0930|1015|CARD:470,NEW_ATTENDANCE,23059,Inserted inside the current SQL transaction.
COMMITTED,ATTENDANCE,CALTHORPE|CIRCUIT TRAINING|2026-04-09|0930|1015|CARD:515,NEW_ATTENDANCE,23060,Inserted inside the current SQL transaction.
COMMITTED,ATTENDANCE,CALTHORPE|CIRCUIT TRAINING|2026-04-09|0930|1015|CARD:577,NEW_ATTENDANCE,23061,Inserted inside the current SQL transaction.
COMMITTED,ATTENDANCE,CALTHORPE|CIRCUIT TRAINING|2026-04-09|0930|1015|CARD:681,NEW_ATTENDANCE,23062,Inserted inside the current SQL transaction.
COMMITTED,ATTENDANCE,CALTHORPE|CIRCUIT TRAINING|2026-04-09|0930|1015|CARD:691,NEW_ATTENDANCE,23063,Inserted inside the current SQL transaction.
COMMITTED,ATTENDANCE,CALTHORPE|CIRCUIT TRAINING|2026-04-09|0930|1015|CARD:717,NEW_ATTENDANCE,23064,Inserted inside the current SQL transaction.
COMMITTED,ATTENDANCE,CALTHORPE|CIRCUIT TRAINING|2026-04-09|0930|1015|CARD:761,NEW_ATTENDANCE,23065,Inserted inside the current SQL transaction.
COMMITTED,ATTENDANCE,CALTHORPE|CIRCUIT TRAINING|2026-04-09|0930|1015|CARD:851,NEW_ATTENDANCE,23066,Inserted inside the current SQL transaction.
COMMITTED,ATTENDANCE,CALTHORPE|CIRCUIT TRAINING|2026-04-09|0930|1015|NAME:nicky,NEW_ATTENDANCE,23067,Inserted inside the current SQL transaction.
COMMITTED,ATTENDANCE,CALTHORPE|MEN'S MULTI SPORTS|2026-04-09|1030|1130|CARD:791,NEW_ATTENDANCE,23068,Inserted inside the current SQL transaction.
COMMITTED,ATTENDANCE,CALTHORPE|MEN'S MULTI SPORTS|2026-04-09|1030|1130|NAME:gulzar menmood,NEW_ATTENDANCE,23069,Inserted inside the current SQL transaction.
COMMITTED,ATTENDANCE,CALTHORPE|MEN'S MULTI SPORTS|2026-04-09|1030|1130|NAME:waleed khan,NEW_ATTENDANCE,23070,Inserted inside the current SQL transaction.
COMMITTED,ATTENDANCE,CALTHORPE|ARTS|2026-04-10|1230|1400|CARD:416,NEW_ATTENDANCE,23071,Inserted inside the current SQL transaction.
COMMITTED,ATTENDANCE,CALTHORPE|ARTS|2026-04-10|1230|1400|CARD:444,NEW_ATTENDANCE,23072,Inserted inside the current SQL transaction.
COMMITTED,ATTENDANCE,CALTHORPE|ARTS|2026-04-10|1230|1400|CARD:586,NEW_ATTENDANCE,23073,Inserted inside the current SQL transaction.
COMMITTED,ATTENDANCE,CALTHORPE|ARTS|2026-04-10|1230|1400|CARD:771,NEW_ATTENDANCE,23074,Inserted inside the current SQL transaction.
COMMITTED,ATTENDANCE,CALTHORPE|CHAIR BASED EXERCISE|2026-04-13|1130|1215|CARD:1447,NEW_ATTENDANCE,23075,Inserted inside the current SQL transaction.
COMMITTED,ATTENDANCE,CALTHORPE|CHAIR BASED EXERCISE|2026-04-13|1130|1215|CARD:373,NEW_ATTENDANCE,23076,Inserted inside the current SQL transaction.
COMMITTED,ATTENDANCE,CALTHORPE|CHAIR BASED EXERCISE|2026-04-13|1130|1215|CARD:415,NEW_ATTENDANCE,23077,Inserted inside the current SQL transaction.
COMMITTED,ATTENDANCE,CALTHORPE|CHAIR BASED EXERCISE|2026-04-13|1130|1215|CARD:416,NEW_ATTENDANCE,23078,Inserted inside the current SQL transaction.
COMMITTED,ATTENDANCE,CALTHORPE|CHAIR BASED EXERCISE|2026-04-13|1130|1215|CARD:418,NEW_ATTENDANCE,23079,Inserted inside the current SQL transaction.
COMMITTED,ATTENDANCE,CALTHORPE|CHAIR BASED EXERCISE|2026-04-13|1130|1215|CARD:434,NEW_ATTENDANCE,23080,Inserted inside the current SQL transaction.
COMMITTED,ATTENDANCE,CALTHORPE|CHAIR BASED EXERCISE|2026-04-13|1130|1215|CARD:444,NEW_ATTENDANCE,23081,Inserted inside the current SQL transaction.
COMMITTED,ATTENDANCE,CALTHORPE|CHAIR BASED EXERCISE|2026-04-13|1130|1215|CARD:485,NEW_ATTENDANCE,23082,Inserted inside the current SQL transaction.
COMMITTED,ATTENDANCE,CALTHORPE|CHAIR BASED EXERCISE|2026-04-13|1130|1215|CARD:540,NEW_ATTENDANCE,23083,Inserted inside the current SQL transaction.
COMMITTED,ATTENDANCE,CALTHORPE|CHAIR BASED EXERCISE|2026-04-13|1130|1215|CARD:586,NEW_ATTENDANCE,23084,Inserted inside the current SQL transaction.
COMMITTED,ATTENDANCE,CALTHORPE|CHAIR BASED EXERCISE|2026-04-13|1130|1215|CARD:620,NEW_ATTENDANCE,23085,Inserted inside the current SQL transaction.
COMMITTED,ATTENDANCE,CALTHORPE|CHAIR BASED EXERCISE|2026-04-13|1130|1215|CARD:638,NEW_ATTENDANCE,23086,Inserted inside the current SQL transaction.
COMMITTED,ATTENDANCE,CALTHORPE|CHAIR BASED EXERCISE|2026-04-13|1130|1215|CARD:642,NEW_ATTENDANCE,23087,Inserted inside the current SQL transaction.
COMMITTED,ATTENDANCE,CALTHORPE|CHAIR BASED EXERCISE|2026-04-13|1130|1215|CARD:704,NEW_ATTENDANCE,23088,Inserted inside the current SQL transaction.
COMMITTED,ATTENDANCE,CALTHORPE|CHAIR BASED EXERCISE|2026-04-13|1130|1215|CARD:753,NEW_ATTENDANCE,23089,Inserted inside the current SQL transaction.
COMMITTED,ATTENDANCE,CALTHORPE|CHAIR BASED EXERCISE|2026-04-13|1130|1215|CARD:852,NEW_ATTENDANCE,23090,Inserted inside the current SQL transaction.
COMMITTED,ATTENDANCE,CALTHORPE|CHAIR BASED EXERCISE|2026-04-13|1130|1215|CARD:853,NEW_ATTENDANCE,23091,Inserted inside the current SQL transaction.
COMMITTED,ATTENDANCE,CALTHORPE|CHAIR BASED EXERCISE|2026-04-13|1130|1215|CARD:855,NEW_ATTENDANCE,23092,Inserted inside the current SQL transaction.
COMMITTED,ATTENDANCE,CALTHORPE|CROCHET|2026-04-13|1230|1430|CARD:1567,NEW_ATTENDANCE,23093,Inserted inside the current SQL transaction.
COMMITTED,ATTENDANCE,CALTHORPE|CROCHET|2026-04-13|1230|1430|CARD:416,NEW_ATTENDANCE,23094,Inserted inside the current SQL transaction.
COMMITTED,ATTENDANCE,CALTHORPE|CROCHET|2026-04-13|1230|1430|CARD:418,NEW_ATTENDANCE,23095,Inserted inside the current SQL transaction.
COMMITTED,ATTENDANCE,CALTHORPE|CROCHET|2026-04-13|1230|1430|CARD:436,NEW_ATTENDANCE,23096,Inserted inside the current SQL transaction.
COMMITTED,ATTENDANCE,CALTHORPE|CROCHET|2026-04-13|1230|1430|CARD:468,NEW_ATTENDANCE,23097,Inserted inside the current SQL transaction.
COMMITTED,ATTENDANCE,CALTHORPE|CROCHET|2026-04-13|1230|1430|CARD:513,NEW_ATTENDANCE,23098,Inserted inside the current SQL transaction.
COMMITTED,ATTENDANCE,CALTHORPE|CROCHET|2026-04-13|1230|1430|CARD:586,NEW_ATTENDANCE,23099,Inserted inside the current SQL transaction.
COMMITTED,ATTENDANCE,CALTHORPE|CROCHET|2026-04-13|1230|1430|CARD:616,NEW_ATTENDANCE,23100,Inserted inside the current SQL transaction.
COMMITTED,ATTENDANCE,CALTHORPE|CROCHET|2026-04-13|1230|1430|CARD:638,NEW_ATTENDANCE,23101,Inserted inside the current SQL transaction.
COMMITTED,ATTENDANCE,CALTHORPE|CROCHET|2026-04-13|1230|1430|CARD:657,NEW_ATTENDANCE,23102,Inserted inside the current SQL transaction.
COMMITTED,ATTENDANCE,CALTHORPE|CROCHET|2026-04-13|1230|1430|CARD:708,NEW_ATTENDANCE,23103,Inserted inside the current SQL transaction.
COMMITTED,ATTENDANCE,CALTHORPE|CROCHET|2026-04-13|1230|1430|CARD:794,NEW_ATTENDANCE,23104,Inserted inside the current SQL transaction.
COMMITTED,ATTENDANCE,CALTHORPE|CROCHET|2026-04-13|1230|1430|CARD:996,NEW_ATTENDANCE,23105,Inserted inside the current SQL transaction.
COMMITTED,ATTENDANCE,CALTHORPE|HIIT|2026-04-13|1030|1115|CARD:1418,NEW_ATTENDANCE,23106,Inserted inside the current SQL transaction.
COMMITTED,ATTENDANCE,CALTHORPE|HIIT|2026-04-13|1030|1115|CARD:411,NEW_ATTENDANCE,23107,Inserted inside the current SQL transaction.
COMMITTED,ATTENDANCE,CALTHORPE|HIIT|2026-04-13|1030|1115|CARD:426,NEW_ATTENDANCE,23108,Inserted inside the current SQL transaction.
COMMITTED,ATTENDANCE,CALTHORPE|HIIT|2026-04-13|1030|1115|CARD:441,NEW_ATTENDANCE,23109,Inserted inside the current SQL transaction.
COMMITTED,ATTENDANCE,CALTHORPE|HIIT|2026-04-13|1030|1115|CARD:515,NEW_ATTENDANCE,23110,Inserted inside the current SQL transaction.
COMMITTED,ATTENDANCE,CALTHORPE|HIIT|2026-04-13|1030|1115|CARD:692,NEW_ATTENDANCE,23111,Inserted inside the current SQL transaction.
COMMITTED,ATTENDANCE,CALTHORPE|HIIT|2026-04-13|1030|1115|CARD:704,NEW_ATTENDANCE,23112,Inserted inside the current SQL transaction.
COMMITTED,ATTENDANCE,CALTHORPE|HIIT|2026-04-13|1030|1115|CARD:707,NEW_ATTENDANCE,23113,Inserted inside the current SQL transaction.
COMMITTED,ATTENDANCE,CALTHORPE|HIIT|2026-04-13|1030|1115|CARD:851,NEW_ATTENDANCE,23114,Inserted inside the current SQL transaction.
COMMITTED,ATTENDANCE,CALTHORPE|HIIT|2026-04-13|1030|1115|CARD:996,NEW_ATTENDANCE,23115,Inserted inside the current SQL transaction.
COMMITTED,ATTENDANCE,CALTHORPE|ZUMBA|2026-04-13|0930|1015|CARD:1418,NEW_ATTENDANCE,23116,Inserted inside the current SQL transaction.
COMMITTED,ATTENDANCE,CALTHORPE|ZUMBA|2026-04-13|0930|1015|CARD:371,NEW_ATTENDANCE,23117,Inserted inside the current SQL transaction.
COMMITTED,ATTENDANCE,CALTHORPE|ZUMBA|2026-04-13|0930|1015|CARD:411,NEW_ATTENDANCE,23118,Inserted inside the current SQL transaction.
COMMITTED,ATTENDANCE,CALTHORPE|ZUMBA|2026-04-13|0930|1015|CARD:426,NEW_ATTENDANCE,23119,Inserted inside the current SQL transaction.
COMMITTED,ATTENDANCE,CALTHORPE|ZUMBA|2026-04-13|0930|1015|CARD:429,NEW_ATTENDANCE,23120,Inserted inside the current SQL transaction.
COMMITTED,ATTENDANCE,CALTHORPE|ZUMBA|2026-04-13|0930|1015|CARD:441,NEW_ATTENDANCE,23121,Inserted inside the current SQL transaction.
COMMITTED,ATTENDANCE,CALTHORPE|ZUMBA|2026-04-13|0930|1015|CARD:470,NEW_ATTENDANCE,23122,Inserted inside the current SQL transaction.
COMMITTED,ATTENDANCE,CALTHORPE|ZUMBA|2026-04-13|0930|1015|CARD:515,NEW_ATTENDANCE,23123,Inserted inside the current SQL transaction.
COMMITTED,ATTENDANCE,CALTHORPE|ZUMBA|2026-04-13|0930|1015|CARD:691,NEW_ATTENDANCE,23124,Inserted inside the current SQL transaction.
COMMITTED,ATTENDANCE,CALTHORPE|ZUMBA|2026-04-13|0930|1015|CARD:692,NEW_ATTENDANCE,23125,Inserted inside the current SQL transaction.
COMMITTED,ATTENDANCE,CALTHORPE|ZUMBA|2026-04-13|0930|1015|CARD:704,NEW_ATTENDANCE,23126,Inserted inside the current SQL transaction.
COMMITTED,ATTENDANCE,CALTHORPE|ZUMBA|2026-04-13|0930|1015|CARD:761,NEW_ATTENDANCE,23127,Inserted inside the current SQL transaction.
COMMITTED,ATTENDANCE,CALTHORPE|ZUMBA|2026-04-13|0930|1015|CARD:780,NEW_ATTENDANCE,23128,Inserted inside the current SQL transaction.
COMMITTED,ATTENDANCE,CALTHORPE|ZUMBA|2026-04-13|0930|1015|CARD:851,NEW_ATTENDANCE,23129,Inserted inside the current SQL transaction.
COMMITTED,ATTENDANCE,CALTHORPE|ZUMBA|2026-04-13|0930|1015|CARD:996,NEW_ATTENDANCE,23130,Inserted inside the current SQL transaction.
COMMITTED,ATTENDANCE,CALTHORPE|ESOL|2026-04-14|1130|1330|CARD:455,NEW_ATTENDANCE,23131,Inserted inside the current SQL transaction.
COMMITTED,ATTENDANCE,CALTHORPE|ESOL|2026-04-14|1130|1330|CARD:462,NEW_ATTENDANCE,23132,Inserted inside the current SQL transaction.
COMMITTED,ATTENDANCE,CALTHORPE|ESOL|2026-04-14|1130|1330|CARD:516,NEW_ATTENDANCE,23133,Inserted inside the current SQL transaction.
COMMITTED,ATTENDANCE,CALTHORPE|ESOL|2026-04-14|1130|1330|CARD:647,NEW_ATTENDANCE,23134,Inserted inside the current SQL transaction.
COMMITTED,ATTENDANCE,CALTHORPE|ESOL|2026-04-14|1130|1330|CARD:672,NEW_ATTENDANCE,23135,Inserted inside the current SQL transaction.
COMMITTED,ATTENDANCE,CALTHORPE|ESOL|2026-04-14|1130|1330|CARD:728,NEW_ATTENDANCE,23136,Inserted inside the current SQL transaction.
COMMITTED,ATTENDANCE,CALTHORPE|ESOL|2026-04-14|1130|1330|CARD:994,NEW_ATTENDANCE,23137,Inserted inside the current SQL transaction.
COMMITTED,ATTENDANCE,CALTHORPE|ESOL|2026-04-14|1130|1330|NAME:safia,NEW_ATTENDANCE,23138,Inserted inside the current SQL transaction.
COMMITTED,ATTENDANCE,CALTHORPE|STRENGTH & STRETCH|2026-04-14|0930|1030|CARD:1565,NEW_ATTENDANCE,23139,Inserted inside the current SQL transaction.
COMMITTED,ATTENDANCE,CALTHORPE|STRENGTH & STRETCH|2026-04-14|0930|1030|CARD:390,NEW_ATTENDANCE,23140,Inserted inside the current SQL transaction.
COMMITTED,ATTENDANCE,CALTHORPE|STRENGTH & STRETCH|2026-04-14|0930|1030|CARD:416,NEW_ATTENDANCE,23141,Inserted inside the current SQL transaction.
COMMITTED,ATTENDANCE,CALTHORPE|STRENGTH & STRETCH|2026-04-14|0930|1030|CARD:429,NEW_ATTENDANCE,23142,Inserted inside the current SQL transaction.
COMMITTED,ATTENDANCE,CALTHORPE|STRENGTH & STRETCH|2026-04-14|0930|1030|CARD:441,NEW_ATTENDANCE,23143,Inserted inside the current SQL transaction.
COMMITTED,ATTENDANCE,CALTHORPE|STRENGTH & STRETCH|2026-04-14|0930|1030|CARD:486,NEW_ATTENDANCE,23144,Inserted inside the current SQL transaction.
COMMITTED,ATTENDANCE,CALTHORPE|STRENGTH & STRETCH|2026-04-14|0930|1030|CARD:515,NEW_ATTENDANCE,23145,Inserted inside the current SQL transaction.
COMMITTED,ATTENDANCE,CALTHORPE|STRENGTH & STRETCH|2026-04-14|0930|1030|CARD:604,NEW_ATTENDANCE,23146,Inserted inside the current SQL transaction.
COMMITTED,ATTENDANCE,CALTHORPE|STRENGTH & STRETCH|2026-04-14|0930|1030|CARD:625,NEW_ATTENDANCE,23147,Inserted inside the current SQL transaction.
COMMITTED,ATTENDANCE,CALTHORPE|STRENGTH & STRETCH|2026-04-14|0930|1030|CARD:656,NEW_ATTENDANCE,23148,Inserted inside the current SQL transaction.
COMMITTED,ATTENDANCE,CALTHORPE|STRENGTH & STRETCH|2026-04-14|0930|1030|CARD:681,NEW_ATTENDANCE,23149,Inserted inside the current SQL transaction.
COMMITTED,ATTENDANCE,CALTHORPE|STRENGTH & STRETCH|2026-04-14|0930|1030|CARD:692,NEW_ATTENDANCE,23150,Inserted inside the current SQL transaction.
COMMITTED,ATTENDANCE,CALTHORPE|STRENGTH & STRETCH|2026-04-14|0930|1030|CARD:717,NEW_ATTENDANCE,23151,Inserted inside the current SQL transaction.
COMMITTED,ATTENDANCE,CALTHORPE|STRENGTH & STRETCH|2026-04-14|0930|1030|CARD:740,NEW_ATTENDANCE,23152,Inserted inside the current SQL transaction.
COMMITTED,ATTENDANCE,CALTHORPE|STRENGTH & STRETCH|2026-04-14|0930|1030|CARD:780,NEW_ATTENDANCE,23153,Inserted inside the current SQL transaction.
COMMITTED,ATTENDANCE,CALTHORPE|STRENGTH & STRETCH|2026-04-14|0930|1030|CARD:851,NEW_ATTENDANCE,23154,Inserted inside the current SQL transaction.
COMMITTED,ATTENDANCE,CALTHORPE|YOGA|2026-04-14|1715|1815|CARD:1447,NEW_ATTENDANCE,23155,Inserted inside the current SQL transaction.
COMMITTED,ATTENDANCE,CALTHORPE|YOGA|2026-04-14|1715|1815|CARD:540,NEW_ATTENDANCE,23156,Inserted inside the current SQL transaction.
COMMITTED,ATTENDANCE,CALTHORPE|YOGA|2026-04-14|1715|1815|CARD:625,NEW_ATTENDANCE,23157,Inserted inside the current SQL transaction.
COMMITTED,ATTENDANCE,CALTHORPE|YOGA|2026-04-14|1715|1815|CARD:629,NEW_ATTENDANCE,23158,Inserted inside the current SQL transaction.
COMMITTED,ATTENDANCE,CALTHORPE|YOGA|2026-04-14|1715|1815|CARD:663,NEW_ATTENDANCE,23159,Inserted inside the current SQL transaction.
COMMITTED,ATTENDANCE,CALTHORPE|YOGA|2026-04-14|1715|1815|CARD:704,NEW_ATTENDANCE,23160,Inserted inside the current SQL transaction.
COMMITTED,ATTENDANCE,CALTHORPE|YOGA|2026-04-14|1715|1815|CARD:717,NEW_ATTENDANCE,23161,Inserted inside the current SQL transaction.
COMMITTED,ATTENDANCE,CALTHORPE|ESOL|2026-04-15|1130|1330|CARD:452,NEW_ATTENDANCE,23162,Inserted inside the current SQL transaction.
COMMITTED,ATTENDANCE,CALTHORPE|ESOL|2026-04-15|1130|1330|CARD:455,NEW_ATTENDANCE,23163,Inserted inside the current SQL transaction.
COMMITTED,ATTENDANCE,CALTHORPE|ESOL|2026-04-15|1130|1330|CARD:457,NEW_ATTENDANCE,23164,Inserted inside the current SQL transaction.
COMMITTED,ATTENDANCE,CALTHORPE|ESOL|2026-04-15|1130|1330|CARD:458,NEW_ATTENDANCE,23165,Inserted inside the current SQL transaction.
COMMITTED,ATTENDANCE,CALTHORPE|ESOL|2026-04-15|1130|1330|CARD:459,NEW_ATTENDANCE,23166,Inserted inside the current SQL transaction.
COMMITTED,ATTENDANCE,CALTHORPE|ESOL|2026-04-15|1130|1330|CARD:462,NEW_ATTENDANCE,23167,Inserted inside the current SQL transaction.
COMMITTED,ATTENDANCE,CALTHORPE|ESOL|2026-04-15|1130|1330|CARD:516,NEW_ATTENDANCE,23168,Inserted inside the current SQL transaction.
COMMITTED,ATTENDANCE,CALTHORPE|ESOL|2026-04-15|1130|1330|CARD:647,NEW_ATTENDANCE,23169,Inserted inside the current SQL transaction.
COMMITTED,ATTENDANCE,CALTHORPE|ESOL|2026-04-15|1130|1330|CARD:672,NEW_ATTENDANCE,23170,Inserted inside the current SQL transaction.
COMMITTED,ATTENDANCE,CALTHORPE|ESOL|2026-04-15|1130|1330|CARD:709,NEW_ATTENDANCE,23171,Inserted inside the current SQL transaction.
COMMITTED,ATTENDANCE,CALTHORPE|ESOL|2026-04-15|1130|1330|CARD:785,NEW_ATTENDANCE,23172,Inserted inside the current SQL transaction.
COMMITTED,ATTENDANCE,CALTHORPE|ESOL|2026-04-15|1130|1330|CARD:803,NEW_ATTENDANCE,23173,Inserted inside the current SQL transaction.
COMMITTED,ATTENDANCE,CALTHORPE|ESOL|2026-04-15|1130|1330|NAME:malak shubri,NEW_ATTENDANCE,23174,Inserted inside the current SQL transaction.
COMMITTED,ATTENDANCE,CALTHORPE|SALSA/BELLY DANCING|2026-04-15|1100|1200|CARD:1418,NEW_ATTENDANCE,23175,Inserted inside the current SQL transaction.
COMMITTED,ATTENDANCE,CALTHORPE|SALSA/BELLY DANCING|2026-04-15|1100|1200|CARD:416,NEW_ATTENDANCE,23176,Inserted inside the current SQL transaction.
COMMITTED,ATTENDANCE,CALTHORPE|SALSA/BELLY DANCING|2026-04-15|1100|1200|CARD:441,NEW_ATTENDANCE,23177,Inserted inside the current SQL transaction.
COMMITTED,ATTENDANCE,CALTHORPE|SALSA/BELLY DANCING|2026-04-15|1100|1200|CARD:513,NEW_ATTENDANCE,23178,Inserted inside the current SQL transaction.
COMMITTED,ATTENDANCE,CALTHORPE|SALSA/BELLY DANCING|2026-04-15|1100|1200|CARD:538,NEW_ATTENDANCE,23179,Inserted inside the current SQL transaction.
COMMITTED,ATTENDANCE,CALTHORPE|SALSA/BELLY DANCING|2026-04-15|1100|1200|CARD:604,NEW_ATTENDANCE,23180,Inserted inside the current SQL transaction.
COMMITTED,ATTENDANCE,CALTHORPE|SALSA/BELLY DANCING|2026-04-15|1100|1200|CARD:656,NEW_ATTENDANCE,23181,Inserted inside the current SQL transaction.
COMMITTED,ATTENDANCE,CALTHORPE|SALSA/BELLY DANCING|2026-04-15|1100|1200|CARD:681,NEW_ATTENDANCE,23182,Inserted inside the current SQL transaction.
COMMITTED,ATTENDANCE,CALTHORPE|SALSA/BELLY DANCING|2026-04-15|1100|1200|CARD:691,NEW_ATTENDANCE,23183,Inserted inside the current SQL transaction.
COMMITTED,ATTENDANCE,CALTHORPE|SALSA/BELLY DANCING|2026-04-15|1100|1200|CARD:995,NEW_ATTENDANCE,23184,Inserted inside the current SQL transaction.
COMMITTED,ATTENDANCE,CALTHORPE|SALSA/BELLY DANCING|2026-04-15|1100|1200|NAME:quenny,NEW_ATTENDANCE,23185,Inserted inside the current SQL transaction.
COMMITTED,ATTENDANCE,CALTHORPE|CIRCUIT TRAINING|2026-04-16|0930|1015|CARD:411,NEW_ATTENDANCE,23186,Inserted inside the current SQL transaction.
COMMITTED,ATTENDANCE,CALTHORPE|CIRCUIT TRAINING|2026-04-16|0930|1015|CARD:412,NEW_ATTENDANCE,23187,Inserted inside the current SQL transaction.
COMMITTED,ATTENDANCE,CALTHORPE|CIRCUIT TRAINING|2026-04-16|0930|1015|CARD:429,NEW_ATTENDANCE,23188,Inserted inside the current SQL transaction.
COMMITTED,ATTENDANCE,CALTHORPE|CIRCUIT TRAINING|2026-04-16|0930|1015|CARD:470,NEW_ATTENDANCE,23189,Inserted inside the current SQL transaction.
COMMITTED,ATTENDANCE,CALTHORPE|CIRCUIT TRAINING|2026-04-16|0930|1015|CARD:486,NEW_ATTENDANCE,23190,Inserted inside the current SQL transaction.
COMMITTED,ATTENDANCE,CALTHORPE|CIRCUIT TRAINING|2026-04-16|0930|1015|CARD:619,NEW_ATTENDANCE,23191,Inserted inside the current SQL transaction.
COMMITTED,ATTENDANCE,CALTHORPE|CIRCUIT TRAINING|2026-04-16|0930|1015|CARD:761,NEW_ATTENDANCE,23192,Inserted inside the current SQL transaction.
COMMITTED,ATTENDANCE,CALTHORPE|CIRCUIT TRAINING|2026-04-16|0930|1015|CARD:780,NEW_ATTENDANCE,23193,Inserted inside the current SQL transaction.
COMMITTED,ATTENDANCE,CALTHORPE|CIRCUIT TRAINING|2026-04-16|0930|1015|CARD:846,NEW_ATTENDANCE,23194,Inserted inside the current SQL transaction.
COMMITTED,ATTENDANCE,CALTHORPE|CIRCUIT TRAINING|2026-04-16|0930|1015|CARD:851,NEW_ATTENDANCE,23195,Inserted inside the current SQL transaction.
COMMITTED,ATTENDANCE,CALTHORPE|CROCHET|2026-04-16|1230|1415|CARD:416,NEW_ATTENDANCE,23196,Inserted inside the current SQL transaction.
COMMITTED,ATTENDANCE,CALTHORPE|CROCHET|2026-04-16|1230|1415|CARD:418,NEW_ATTENDANCE,23197,Inserted inside the current SQL transaction.
COMMITTED,ATTENDANCE,CALTHORPE|CROCHET|2026-04-16|1230|1415|CARD:424,NEW_ATTENDANCE,23198,Inserted inside the current SQL transaction.
COMMITTED,ATTENDANCE,CALTHORPE|CROCHET|2026-04-16|1230|1415|CARD:436,NEW_ATTENDANCE,23199,Inserted inside the current SQL transaction.
COMMITTED,ATTENDANCE,CALTHORPE|CROCHET|2026-04-16|1230|1415|CARD:586,NEW_ATTENDANCE,23200,Inserted inside the current SQL transaction.
COMMITTED,ATTENDANCE,CALTHORPE|CROCHET|2026-04-16|1230|1415|CARD:638,NEW_ATTENDANCE,23201,Inserted inside the current SQL transaction.
COMMITTED,ATTENDANCE,CALTHORPE|CROCHET|2026-04-16|1230|1415|CARD:640,NEW_ATTENDANCE,23202,Inserted inside the current SQL transaction.
COMMITTED,ATTENDANCE,CALTHORPE|CROCHET|2026-04-16|1230|1415|CARD:655,NEW_ATTENDANCE,23203,Inserted inside the current SQL transaction.
COMMITTED,ATTENDANCE,CALTHORPE|CROCHET|2026-04-16|1230|1415|CARD:763,NEW_ATTENDANCE,23204,Inserted inside the current SQL transaction.
COMMITTED,ATTENDANCE,CALTHORPE|CROCHET|2026-04-16|1230|1415|CARD:774,NEW_ATTENDANCE,23205,Inserted inside the current SQL transaction.
COMMITTED,ATTENDANCE,CALTHORPE|MEN'S MULTI SPORTS|2026-04-16|1030|1130|CARD:1599,NEW_ATTENDANCE,23206,Inserted inside the current SQL transaction.
COMMITTED,ATTENDANCE,CALTHORPE|WALK WITH ABI|2026-04-16|1015|1115|CARD:1447,NEW_ATTENDANCE,23207,Inserted inside the current SQL transaction.
COMMITTED,ATTENDANCE,CALTHORPE|WALK WITH ABI|2026-04-16|1015|1115|CARD:373,NEW_ATTENDANCE,23208,Inserted inside the current SQL transaction.
COMMITTED,ATTENDANCE,CALTHORPE|WALK WITH ABI|2026-04-16|1015|1115|CARD:604,NEW_ATTENDANCE,23209,Inserted inside the current SQL transaction.
COMMITTED,ATTENDANCE,CALTHORPE|WALK WITH ABI|2026-04-16|1015|1115|NAME:pcsd alexa evans,NEW_ATTENDANCE,23210,Inserted inside the current SQL transaction.
COMMITTED,ATTENDANCE,CALTHORPE|ARTS|2026-04-17|1230|1400|CARD:586,NEW_ATTENDANCE,23211,Inserted inside the current SQL transaction.
COMMITTED,ATTENDANCE,CALTHORPE|ARTS|2026-04-17|1230|1400|CARD:700,NEW_ATTENDANCE,23212,Inserted inside the current SQL transaction.
COMMITTED,ATTENDANCE,CALTHORPE|ARTS|2026-04-17|1230|1400|NAME:gwen,NEW_ATTENDANCE,23213,Inserted inside the current SQL transaction.
COMMITTED,ATTENDANCE,CALTHORPE|ARTS|2026-04-17|1230|1400|NAME:yannmei,NEW_ATTENDANCE,23214,Inserted inside the current SQL transaction.
COMMITTED,ATTENDANCE,CALTHORPE|BODY CONDITIONING|2026-04-17|1100|1145|CARD:1418,NEW_ATTENDANCE,23215,Inserted inside the current SQL transaction.
COMMITTED,ATTENDANCE,CALTHORPE|BODY CONDITIONING|2026-04-17|1100|1145|CARD:346,NEW_ATTENDANCE,23216,Inserted inside the current SQL transaction.
COMMITTED,ATTENDANCE,CALTHORPE|BODY CONDITIONING|2026-04-17|1100|1145|CARD:380,NEW_ATTENDANCE,23217,Inserted inside the current SQL transaction.
COMMITTED,ATTENDANCE,CALTHORPE|BODY CONDITIONING|2026-04-17|1100|1145|CARD:411,NEW_ATTENDANCE,23218,Inserted inside the current SQL transaction.
COMMITTED,ATTENDANCE,CALTHORPE|BODY CONDITIONING|2026-04-17|1100|1145|CARD:429,NEW_ATTENDANCE,23219,Inserted inside the current SQL transaction.
COMMITTED,ATTENDANCE,CALTHORPE|BODY CONDITIONING|2026-04-17|1100|1145|CARD:441,NEW_ATTENDANCE,23220,Inserted inside the current SQL transaction.
COMMITTED,ATTENDANCE,CALTHORPE|BODY CONDITIONING|2026-04-17|1100|1145|CARD:470,NEW_ATTENDANCE,23221,Inserted inside the current SQL transaction.
COMMITTED,ATTENDANCE,CALTHORPE|BODY CONDITIONING|2026-04-17|1100|1145|CARD:515,NEW_ATTENDANCE,23222,Inserted inside the current SQL transaction.
COMMITTED,ATTENDANCE,CALTHORPE|BODY CONDITIONING|2026-04-17|1100|1145|CARD:568,NEW_ATTENDANCE,23223,Inserted inside the current SQL transaction.
COMMITTED,ATTENDANCE,CALTHORPE|BODY CONDITIONING|2026-04-17|1100|1145|CARD:625,NEW_ATTENDANCE,23224,Inserted inside the current SQL transaction.
COMMITTED,ATTENDANCE,CALTHORPE|BODY CONDITIONING|2026-04-17|1100|1145|CARD:698,NEW_ATTENDANCE,23225,Inserted inside the current SQL transaction.
COMMITTED,ATTENDANCE,CALTHORPE|BODY CONDITIONING|2026-04-17|1100|1145|CARD:700,NEW_ATTENDANCE,23226,Inserted inside the current SQL transaction.
COMMITTED,ATTENDANCE,CALTHORPE|BODY CONDITIONING|2026-04-17|1100|1145|CARD:851,NEW_ATTENDANCE,23227,Inserted inside the current SQL transaction.
COMMITTED,ATTENDANCE,CALTHORPE|PILATES|2026-04-17|1200|1245|CARD:1601,NEW_ATTENDANCE,23228,Inserted inside the current SQL transaction.
COMMITTED,ATTENDANCE,CALTHORPE|PILATES|2026-04-17|1200|1245|CARD:390,NEW_ATTENDANCE,23229,Inserted inside the current SQL transaction.
COMMITTED,ATTENDANCE,CALTHORPE|PILATES|2026-04-17|1200|1245|CARD:410,NEW_ATTENDANCE,23230,Inserted inside the current SQL transaction.
COMMITTED,ATTENDANCE,CALTHORPE|PILATES|2026-04-17|1200|1245|CARD:441,NEW_ATTENDANCE,23231,Inserted inside the current SQL transaction.
COMMITTED,ATTENDANCE,CALTHORPE|PILATES|2026-04-17|1200|1245|CARD:507,NEW_ATTENDANCE,23232,Inserted inside the current SQL transaction.
COMMITTED,ATTENDANCE,CALTHORPE|PILATES|2026-04-17|1200|1245|CARD:629,NEW_ATTENDANCE,23233,Inserted inside the current SQL transaction.
COMMITTED,ATTENDANCE,CALTHORPE|PILATES|2026-04-17|1200|1245|CARD:635,NEW_ATTENDANCE,23234,Inserted inside the current SQL transaction.
COMMITTED,ATTENDANCE,CALTHORPE|PILATES|2026-04-17|1200|1245|CARD:644,NEW_ATTENDANCE,23235,Inserted inside the current SQL transaction.
COMMITTED,ATTENDANCE,CALTHORPE|PILATES|2026-04-17|1200|1245|CARD:691,NEW_ATTENDANCE,23236,Inserted inside the current SQL transaction.
COMMITTED,ATTENDANCE,CALTHORPE|PILATES|2026-04-17|1200|1245|CARD:707,NEW_ATTENDANCE,23237,Inserted inside the current SQL transaction.
COMMITTED,ATTENDANCE,CALTHORPE|PILATES|2026-04-17|1200|1245|CARD:799,NEW_ATTENDANCE,23238,Inserted inside the current SQL transaction.
COMMITTED,ATTENDANCE,CALTHORPE|PILATES|2026-04-17|1200|1245|CARD:856,NEW_ATTENDANCE,23239,Inserted inside the current SQL transaction.
COMMITTED,ATTENDANCE,CALTHORPE|PILATES|2026-04-17|1200|1245|NAME:anna,NEW_ATTENDANCE,23240,Inserted inside the current SQL transaction.
COMMITTED,ATTENDANCE,CALTHORPE|CHAIR BASED EXERCISE|2026-04-20|1130|1215|CARD:373,NEW_ATTENDANCE,23241,Inserted inside the current SQL transaction.
COMMITTED,ATTENDANCE,CALTHORPE|CHAIR BASED EXERCISE|2026-04-20|1130|1215|CARD:380,NEW_ATTENDANCE,23242,Inserted inside the current SQL transaction.
COMMITTED,ATTENDANCE,CALTHORPE|CHAIR BASED EXERCISE|2026-04-20|1130|1215|CARD:410,NEW_ATTENDANCE,23243,Inserted inside the current SQL transaction.
COMMITTED,ATTENDANCE,CALTHORPE|CHAIR BASED EXERCISE|2026-04-20|1130|1215|CARD:415,NEW_ATTENDANCE,23244,Inserted inside the current SQL transaction.
COMMITTED,ATTENDANCE,CALTHORPE|CHAIR BASED EXERCISE|2026-04-20|1130|1215|CARD:416,NEW_ATTENDANCE,23245,Inserted inside the current SQL transaction.
COMMITTED,ATTENDANCE,CALTHORPE|CHAIR BASED EXERCISE|2026-04-20|1130|1215|CARD:418,NEW_ATTENDANCE,23246,Inserted inside the current SQL transaction.
COMMITTED,ATTENDANCE,CALTHORPE|CHAIR BASED EXERCISE|2026-04-20|1130|1215|CARD:444,NEW_ATTENDANCE,23247,Inserted inside the current SQL transaction.
COMMITTED,ATTENDANCE,CALTHORPE|CHAIR BASED EXERCISE|2026-04-20|1130|1215|CARD:485,NEW_ATTENDANCE,23248,Inserted inside the current SQL transaction.
COMMITTED,ATTENDANCE,CALTHORPE|CHAIR BASED EXERCISE|2026-04-20|1130|1215|CARD:584,NEW_ATTENDANCE,23249,Inserted inside the current SQL transaction.
COMMITTED,ATTENDANCE,CALTHORPE|CHAIR BASED EXERCISE|2026-04-20|1130|1215|CARD:601,NEW_ATTENDANCE,23250,Inserted inside the current SQL transaction.
COMMITTED,ATTENDANCE,CALTHORPE|CHAIR BASED EXERCISE|2026-04-20|1130|1215|CARD:620,NEW_ATTENDANCE,23251,Inserted inside the current SQL transaction.
COMMITTED,ATTENDANCE,CALTHORPE|CHAIR BASED EXERCISE|2026-04-20|1130|1215|CARD:642,NEW_ATTENDANCE,23252,Inserted inside the current SQL transaction.
COMMITTED,ATTENDANCE,CALTHORPE|CHAIR BASED EXERCISE|2026-04-20|1130|1215|CARD:704,NEW_ATTENDANCE,23253,Inserted inside the current SQL transaction.
COMMITTED,ATTENDANCE,CALTHORPE|CHAIR BASED EXERCISE|2026-04-20|1130|1215|CARD:852,NEW_ATTENDANCE,23254,Inserted inside the current SQL transaction.
COMMITTED,ATTENDANCE,CALTHORPE|CHAIR BASED EXERCISE|2026-04-20|1130|1215|CARD:853,NEW_ATTENDANCE,23255,Inserted inside the current SQL transaction.
COMMITTED,ATTENDANCE,CALTHORPE|CHAIR BASED EXERCISE|2026-04-20|1130|1215|CARD:855,NEW_ATTENDANCE,23256,Inserted inside the current SQL transaction.
COMMITTED,ATTENDANCE,CALTHORPE|CROCHET|2026-04-20|1230|1430|CARD:1567,NEW_ATTENDANCE,23257,Inserted inside the current SQL transaction.
COMMITTED,ATTENDANCE,CALTHORPE|CROCHET|2026-04-20|1230|1430|CARD:416,NEW_ATTENDANCE,23258,Inserted inside the current SQL transaction.
COMMITTED,ATTENDANCE,CALTHORPE|CROCHET|2026-04-20|1230|1430|CARD:418,NEW_ATTENDANCE,23259,Inserted inside the current SQL transaction.
COMMITTED,ATTENDANCE,CALTHORPE|CROCHET|2026-04-20|1230|1430|CARD:468,NEW_ATTENDANCE,23260,Inserted inside the current SQL transaction.
COMMITTED,ATTENDANCE,CALTHORPE|CROCHET|2026-04-20|1230|1430|CARD:586,NEW_ATTENDANCE,23261,Inserted inside the current SQL transaction.
COMMITTED,ATTENDANCE,CALTHORPE|CROCHET|2026-04-20|1230|1430|CARD:708,NEW_ATTENDANCE,23262,Inserted inside the current SQL transaction.
COMMITTED,ATTENDANCE,CALTHORPE|CROCHET|2026-04-20|1230|1430|CARD:794,NEW_ATTENDANCE,23263,Inserted inside the current SQL transaction.
COMMITTED,ATTENDANCE,CALTHORPE|HIIT|2026-04-20|1030|1115|CARD:411,NEW_ATTENDANCE,23264,Inserted inside the current SQL transaction.
COMMITTED,ATTENDANCE,CALTHORPE|HIIT|2026-04-20|1030|1115|CARD:426,NEW_ATTENDANCE,23265,Inserted inside the current SQL transaction.
COMMITTED,ATTENDANCE,CALTHORPE|HIIT|2026-04-20|1030|1115|CARD:441,NEW_ATTENDANCE,23266,Inserted inside the current SQL transaction.
COMMITTED,ATTENDANCE,CALTHORPE|HIIT|2026-04-20|1030|1115|CARD:486,NEW_ATTENDANCE,23267,Inserted inside the current SQL transaction.
COMMITTED,ATTENDANCE,CALTHORPE|HIIT|2026-04-20|1030|1115|CARD:515,NEW_ATTENDANCE,23268,Inserted inside the current SQL transaction.
COMMITTED,ATTENDANCE,CALTHORPE|HIIT|2026-04-20|1030|1115|CARD:681,NEW_ATTENDANCE,23269,Inserted inside the current SQL transaction.
COMMITTED,ATTENDANCE,CALTHORPE|HIIT|2026-04-20|1030|1115|CARD:704,NEW_ATTENDANCE,23270,Inserted inside the current SQL transaction.
COMMITTED,ATTENDANCE,CALTHORPE|HIIT|2026-04-20|1030|1115|CARD:717,NEW_ATTENDANCE,23271,Inserted inside the current SQL transaction.
COMMITTED,ATTENDANCE,CALTHORPE|HIIT|2026-04-20|1030|1115|CARD:996,NEW_ATTENDANCE,23272,Inserted inside the current SQL transaction.
COMMITTED,ATTENDANCE,CALTHORPE|ZUMBA|2026-04-20|0930|1015|CARD:411,NEW_ATTENDANCE,23273,Inserted inside the current SQL transaction.
COMMITTED,ATTENDANCE,CALTHORPE|ZUMBA|2026-04-20|0930|1015|CARD:426,NEW_ATTENDANCE,23274,Inserted inside the current SQL transaction.
COMMITTED,ATTENDANCE,CALTHORPE|ZUMBA|2026-04-20|0930|1015|CARD:429,NEW_ATTENDANCE,23275,Inserted inside the current SQL transaction.
COMMITTED,ATTENDANCE,CALTHORPE|ZUMBA|2026-04-20|0930|1015|CARD:441,NEW_ATTENDANCE,23276,Inserted inside the current SQL transaction.
COMMITTED,ATTENDANCE,CALTHORPE|ZUMBA|2026-04-20|0930|1015|CARD:470,NEW_ATTENDANCE,23277,Inserted inside the current SQL transaction.
COMMITTED,ATTENDANCE,CALTHORPE|ZUMBA|2026-04-20|0930|1015|CARD:486,NEW_ATTENDANCE,23278,Inserted inside the current SQL transaction.
COMMITTED,ATTENDANCE,CALTHORPE|ZUMBA|2026-04-20|0930|1015|CARD:515,NEW_ATTENDANCE,23279,Inserted inside the current SQL transaction.
COMMITTED,ATTENDANCE,CALTHORPE|ZUMBA|2026-04-20|0930|1015|CARD:689,NEW_ATTENDANCE,23280,Inserted inside the current SQL transaction.
COMMITTED,ATTENDANCE,CALTHORPE|ZUMBA|2026-04-20|0930|1015|CARD:704,NEW_ATTENDANCE,23281,Inserted inside the current SQL transaction.
COMMITTED,ATTENDANCE,CALTHORPE|ZUMBA|2026-04-20|0930|1015|CARD:780,NEW_ATTENDANCE,23282,Inserted inside the current SQL transaction.
COMMITTED,ATTENDANCE,CALTHORPE|ZUMBA|2026-04-20|0930|1015|CARD:851,NEW_ATTENDANCE,23283,Inserted inside the current SQL transaction.
COMMITTED,ATTENDANCE,CALTHORPE|ZUMBA|2026-04-20|0930|1015|CARD:996,NEW_ATTENDANCE,23284,Inserted inside the current SQL transaction.
COMMITTED,ATTENDANCE,CALTHORPE|ESOL|2026-04-21|1130|1330|CARD:375,NEW_ATTENDANCE,23285,Inserted inside the current SQL transaction.
COMMITTED,ATTENDANCE,CALTHORPE|ESOL|2026-04-21|1130|1330|CARD:455,NEW_ATTENDANCE,23286,Inserted inside the current SQL transaction.
COMMITTED,ATTENDANCE,CALTHORPE|ESOL|2026-04-21|1130|1330|CARD:462,NEW_ATTENDANCE,23287,Inserted inside the current SQL transaction.
COMMITTED,ATTENDANCE,CALTHORPE|ESOL|2026-04-21|1130|1330|CARD:647,NEW_ATTENDANCE,23288,Inserted inside the current SQL transaction.
COMMITTED,ATTENDANCE,CALTHORPE|ESOL|2026-04-21|1130|1330|CARD:672,NEW_ATTENDANCE,23289,Inserted inside the current SQL transaction.
COMMITTED,ATTENDANCE,CALTHORPE|ESOL|2026-04-21|1130|1330|CARD:673,NEW_ATTENDANCE,23290,Inserted inside the current SQL transaction.
COMMITTED,ATTENDANCE,CALTHORPE|ESOL|2026-04-21|1130|1330|CARD:994,NEW_ATTENDANCE,23291,Inserted inside the current SQL transaction.
COMMITTED,ATTENDANCE,CALTHORPE|STRENGTH & STRETCH|2026-04-21|0930|1030|CARD:386,NEW_ATTENDANCE,23292,Inserted inside the current SQL transaction.
COMMITTED,ATTENDANCE,CALTHORPE|STRENGTH & STRETCH|2026-04-21|0930|1030|CARD:388,NEW_ATTENDANCE,23293,Inserted inside the current SQL transaction.
COMMITTED,ATTENDANCE,CALTHORPE|STRENGTH & STRETCH|2026-04-21|0930|1030|CARD:390,NEW_ATTENDANCE,23294,Inserted inside the current SQL transaction.
COMMITTED,ATTENDANCE,CALTHORPE|STRENGTH & STRETCH|2026-04-21|0930|1030|CARD:429,NEW_ATTENDANCE,23295,Inserted inside the current SQL transaction.
COMMITTED,ATTENDANCE,CALTHORPE|STRENGTH & STRETCH|2026-04-21|0930|1030|CARD:441,NEW_ATTENDANCE,23296,Inserted inside the current SQL transaction.
COMMITTED,ATTENDANCE,CALTHORPE|STRENGTH & STRETCH|2026-04-21|0930|1030|CARD:468,NEW_ATTENDANCE,23297,Inserted inside the current SQL transaction.
COMMITTED,ATTENDANCE,CALTHORPE|STRENGTH & STRETCH|2026-04-21|0930|1030|CARD:470,NEW_ATTENDANCE,23298,Inserted inside the current SQL transaction.
COMMITTED,ATTENDANCE,CALTHORPE|STRENGTH & STRETCH|2026-04-21|0930|1030|CARD:486,NEW_ATTENDANCE,23299,Inserted inside the current SQL transaction.
COMMITTED,ATTENDANCE,CALTHORPE|STRENGTH & STRETCH|2026-04-21|0930|1030|CARD:498,NEW_ATTENDANCE,23300,Inserted inside the current SQL transaction.
COMMITTED,ATTENDANCE,CALTHORPE|STRENGTH & STRETCH|2026-04-21|0930|1030|CARD:515,NEW_ATTENDANCE,23301,Inserted inside the current SQL transaction.
COMMITTED,ATTENDANCE,CALTHORPE|STRENGTH & STRETCH|2026-04-21|0930|1030|CARD:596,NEW_ATTENDANCE,23302,Inserted inside the current SQL transaction.
COMMITTED,ATTENDANCE,CALTHORPE|STRENGTH & STRETCH|2026-04-21|0930|1030|CARD:625,NEW_ATTENDANCE,23303,Inserted inside the current SQL transaction.
COMMITTED,ATTENDANCE,CALTHORPE|STRENGTH & STRETCH|2026-04-21|0930|1030|CARD:639,NEW_ATTENDANCE,23304,Inserted inside the current SQL transaction.
COMMITTED,ATTENDANCE,CALTHORPE|STRENGTH & STRETCH|2026-04-21|0930|1030|CARD:717,NEW_ATTENDANCE,23305,Inserted inside the current SQL transaction.
COMMITTED,ATTENDANCE,CALTHORPE|STRENGTH & STRETCH|2026-04-21|0930|1030|CARD:764,NEW_ATTENDANCE,23306,Inserted inside the current SQL transaction.
COMMITTED,ATTENDANCE,CALTHORPE|STRENGTH & STRETCH|2026-04-21|0930|1030|CARD:851,NEW_ATTENDANCE,23307,Inserted inside the current SQL transaction.
COMMITTED,ATTENDANCE,CALTHORPE|ESOL|2026-04-22|1130|1330|CARD:452,NEW_ATTENDANCE,23308,Inserted inside the current SQL transaction.
COMMITTED,ATTENDANCE,CALTHORPE|ESOL|2026-04-22|1130|1330|CARD:455,NEW_ATTENDANCE,23309,Inserted inside the current SQL transaction.
COMMITTED,ATTENDANCE,CALTHORPE|ESOL|2026-04-22|1130|1330|CARD:457,NEW_ATTENDANCE,23310,Inserted inside the current SQL transaction.
COMMITTED,ATTENDANCE,CALTHORPE|ESOL|2026-04-22|1130|1330|CARD:458,NEW_ATTENDANCE,23311,Inserted inside the current SQL transaction.
COMMITTED,ATTENDANCE,CALTHORPE|ESOL|2026-04-22|1130|1330|CARD:462,NEW_ATTENDANCE,23312,Inserted inside the current SQL transaction.
COMMITTED,ATTENDANCE,CALTHORPE|ESOL|2026-04-22|1130|1330|CARD:647,NEW_ATTENDANCE,23313,Inserted inside the current SQL transaction.
COMMITTED,ATTENDANCE,CALTHORPE|ESOL|2026-04-22|1130|1330|CARD:672,NEW_ATTENDANCE,23314,Inserted inside the current SQL transaction.
COMMITTED,ATTENDANCE,CALTHORPE|ESOL|2026-04-22|1130|1330|CARD:709,NEW_ATTENDANCE,23315,Inserted inside the current SQL transaction.
COMMITTED,ATTENDANCE,CALTHORPE|ESOL|2026-04-22|1130|1330|CARD:715,NEW_ATTENDANCE,23316,Inserted inside the current SQL transaction.
COMMITTED,ATTENDANCE,CALTHORPE|ESOL|2026-04-22|1130|1330|CARD:728,NEW_ATTENDANCE,23317,Inserted inside the current SQL transaction.
COMMITTED,ATTENDANCE,CALTHORPE|ESOL|2026-04-22|1130|1330|CARD:803,NEW_ATTENDANCE,23318,Inserted inside the current SQL transaction.
COMMITTED,ATTENDANCE,CALTHORPE|ESOL|2026-04-22|1130|1330|CARD:994,NEW_ATTENDANCE,23319,Inserted inside the current SQL transaction.
COMMITTED,ATTENDANCE,CALTHORPE|CHAIR BASED EXERCISE|2026-04-23|1130|1215|CARD:337,NEW_ATTENDANCE,23320,Inserted inside the current SQL transaction.
COMMITTED,ATTENDANCE,CALTHORPE|CHAIR BASED EXERCISE|2026-04-23|1130|1215|CARD:380,NEW_ATTENDANCE,23321,Inserted inside the current SQL transaction.
COMMITTED,ATTENDANCE,CALTHORPE|CHAIR BASED EXERCISE|2026-04-23|1130|1215|CARD:415,NEW_ATTENDANCE,23322,Inserted inside the current SQL transaction.
COMMITTED,ATTENDANCE,CALTHORPE|CHAIR BASED EXERCISE|2026-04-23|1130|1215|CARD:416,NEW_ATTENDANCE,23323,Inserted inside the current SQL transaction.
COMMITTED,ATTENDANCE,CALTHORPE|CHAIR BASED EXERCISE|2026-04-23|1130|1215|CARD:424,NEW_ATTENDANCE,23324,Inserted inside the current SQL transaction.
COMMITTED,ATTENDANCE,CALTHORPE|CHAIR BASED EXERCISE|2026-04-23|1130|1215|CARD:515,NEW_ATTENDANCE,23325,Inserted inside the current SQL transaction.
COMMITTED,ATTENDANCE,CALTHORPE|CHAIR BASED EXERCISE|2026-04-23|1130|1215|CARD:516,NEW_ATTENDANCE,23326,Inserted inside the current SQL transaction.
COMMITTED,ATTENDANCE,CALTHORPE|CHAIR BASED EXERCISE|2026-04-23|1130|1215|CARD:586,NEW_ATTENDANCE,23327,Inserted inside the current SQL transaction.
COMMITTED,ATTENDANCE,CALTHORPE|CHAIR BASED EXERCISE|2026-04-23|1130|1215|CARD:604,NEW_ATTENDANCE,23328,Inserted inside the current SQL transaction.
COMMITTED,ATTENDANCE,CALTHORPE|CHAIR BASED EXERCISE|2026-04-23|1130|1215|CARD:620,NEW_ATTENDANCE,23329,Inserted inside the current SQL transaction.
COMMITTED,ATTENDANCE,CALTHORPE|CHAIR BASED EXERCISE|2026-04-23|1130|1215|CARD:638,NEW_ATTENDANCE,23330,Inserted inside the current SQL transaction.
COMMITTED,ATTENDANCE,CALTHORPE|CHAIR BASED EXERCISE|2026-04-23|1130|1215|CARD:640,NEW_ATTENDANCE,23331,Inserted inside the current SQL transaction.
COMMITTED,ATTENDANCE,CALTHORPE|CHAIR BASED EXERCISE|2026-04-23|1130|1215|CARD:642,NEW_ATTENDANCE,23332,Inserted inside the current SQL transaction.
COMMITTED,ATTENDANCE,CALTHORPE|CHAIR BASED EXERCISE|2026-04-23|1130|1215|CARD:647,NEW_ATTENDANCE,23333,Inserted inside the current SQL transaction.
COMMITTED,ATTENDANCE,CALTHORPE|CHAIR BASED EXERCISE|2026-04-23|1130|1215|CARD:655,NEW_ATTENDANCE,23334,Inserted inside the current SQL transaction.
COMMITTED,ATTENDANCE,CALTHORPE|CHAIR BASED EXERCISE|2026-04-23|1130|1215|CARD:663,NEW_ATTENDANCE,23335,Inserted inside the current SQL transaction.
COMMITTED,ATTENDANCE,CALTHORPE|CHAIR BASED EXERCISE|2026-04-23|1130|1215|CARD:706,NEW_ATTENDANCE,23336,Inserted inside the current SQL transaction.
COMMITTED,ATTENDANCE,CALTHORPE|CHAIR BASED EXERCISE|2026-04-23|1130|1215|CARD:753,NEW_ATTENDANCE,23337,Inserted inside the current SQL transaction.
COMMITTED,ATTENDANCE,CALTHORPE|CHAIR BASED EXERCISE|2026-04-23|1130|1215|CARD:855,NEW_ATTENDANCE,23338,Inserted inside the current SQL transaction.
COMMITTED,ATTENDANCE,CALTHORPE|CHAIR BASED EXERCISE|2026-04-23|1130|1215|CARD:866,NEW_ATTENDANCE,23339,Inserted inside the current SQL transaction.
COMMITTED,ATTENDANCE,CALTHORPE|CIRCUIT TRAINING|2026-04-23|0930|1015|CARD:411,NEW_ATTENDANCE,23340,Inserted inside the current SQL transaction.
COMMITTED,ATTENDANCE,CALTHORPE|CIRCUIT TRAINING|2026-04-23|0930|1015|CARD:413,NEW_ATTENDANCE,23341,Inserted inside the current SQL transaction.
COMMITTED,ATTENDANCE,CALTHORPE|CIRCUIT TRAINING|2026-04-23|0930|1015|CARD:429,NEW_ATTENDANCE,23342,Inserted inside the current SQL transaction.
COMMITTED,ATTENDANCE,CALTHORPE|CIRCUIT TRAINING|2026-04-23|0930|1015|CARD:440,NEW_ATTENDANCE,23343,Inserted inside the current SQL transaction.
COMMITTED,ATTENDANCE,CALTHORPE|CIRCUIT TRAINING|2026-04-23|0930|1015|CARD:593,NEW_ATTENDANCE,23344,Inserted inside the current SQL transaction.
COMMITTED,ATTENDANCE,CALTHORPE|CIRCUIT TRAINING|2026-04-23|0930|1015|CARD:639,NEW_ATTENDANCE,23345,Inserted inside the current SQL transaction.
COMMITTED,ATTENDANCE,CALTHORPE|CIRCUIT TRAINING|2026-04-23|0930|1015|CARD:761,NEW_ATTENDANCE,23346,Inserted inside the current SQL transaction.
COMMITTED,ATTENDANCE,CALTHORPE|CIRCUIT TRAINING|2026-04-23|0930|1015|CARD:851,NEW_ATTENDANCE,23347,Inserted inside the current SQL transaction.
COMMITTED,ATTENDANCE,CALTHORPE|CROCHET|2026-04-23|1230|1415|CARD:416,NEW_ATTENDANCE,23348,Inserted inside the current SQL transaction.
COMMITTED,ATTENDANCE,CALTHORPE|CROCHET|2026-04-23|1230|1415|CARD:424,NEW_ATTENDANCE,23349,Inserted inside the current SQL transaction.
COMMITTED,ATTENDANCE,CALTHORPE|CROCHET|2026-04-23|1230|1415|CARD:586,NEW_ATTENDANCE,23350,Inserted inside the current SQL transaction.
COMMITTED,ATTENDANCE,CALTHORPE|CROCHET|2026-04-23|1230|1415|CARD:640,NEW_ATTENDANCE,23351,Inserted inside the current SQL transaction.
COMMITTED,ATTENDANCE,CALTHORPE|CROCHET|2026-04-23|1230|1415|CARD:655,NEW_ATTENDANCE,23352,Inserted inside the current SQL transaction.
COMMITTED,ATTENDANCE,CALTHORPE|CROCHET|2026-04-23|1230|1415|CARD:708,NEW_ATTENDANCE,23353,Inserted inside the current SQL transaction.
COMMITTED,ATTENDANCE,CALTHORPE|CROCHET|2026-04-23|1230|1415|CARD:763,NEW_ATTENDANCE,23354,Inserted inside the current SQL transaction.
COMMITTED,ATTENDANCE,CALTHORPE|CROCHET|2026-04-23|1230|1415|CARD:774,NEW_ATTENDANCE,23355,Inserted inside the current SQL transaction.
COMMITTED,ATTENDANCE,CALTHORPE|MEN'S MULTI SPORTS|2026-04-23|1030|1130|CARD:1599,NEW_ATTENDANCE,23356,Inserted inside the current SQL transaction.
COMMITTED,ATTENDANCE,CALTHORPE|MEN'S MULTI SPORTS|2026-04-23|1030|1130|CARD:487,NEW_ATTENDANCE,23357,Inserted inside the current SQL transaction.
COMMITTED,ATTENDANCE,CALTHORPE|MEN'S MULTI SPORTS|2026-04-23|1030|1130|NAME:gulzar menmood,NEW_ATTENDANCE,23358,Inserted inside the current SQL transaction.
COMMITTED,ATTENDANCE,CALTHORPE|WALK WITH ABI|2026-04-23|1015|1115|CARD:373,NEW_ATTENDANCE,23359,Inserted inside the current SQL transaction.
COMMITTED,ATTENDANCE,CALTHORPE|WALK WITH ABI|2026-04-23|1015|1115|CARD:593,NEW_ATTENDANCE,23360,Inserted inside the current SQL transaction.
COMMITTED,ATTENDANCE,CALTHORPE|WALK WITH ABI|2026-04-23|1015|1115|CARD:761,NEW_ATTENDANCE,23361,Inserted inside the current SQL transaction.
COMMITTED,ATTENDANCE,CALTHORPE|WALK WITH ABI|2026-04-23|1015|1115|NAME:pcsd alexa evans,NEW_ATTENDANCE,23362,Inserted inside the current SQL transaction.
COMMITTED,ATTENDANCE,CALTHORPE|WALK WITH ABI|2026-04-23|1015|1115|NAME:pcsd loz whelan,NEW_ATTENDANCE,23363,Inserted inside the current SQL transaction.
COMMITTED,ATTENDANCE,CALTHORPE|ARTS|2026-04-24|1230|1400|CARD:402,NEW_ATTENDANCE,23364,Inserted inside the current SQL transaction.
COMMITTED,ATTENDANCE,CALTHORPE|ARTS|2026-04-24|1230|1400|CARD:416,NEW_ATTENDANCE,23365,Inserted inside the current SQL transaction.
COMMITTED,ATTENDANCE,CALTHORPE|ARTS|2026-04-24|1230|1400|CARD:444,NEW_ATTENDANCE,23366,Inserted inside the current SQL transaction.
COMMITTED,ATTENDANCE,CALTHORPE|ARTS|2026-04-24|1230|1400|CARD:691,NEW_ATTENDANCE,23367,Inserted inside the current SQL transaction.
COMMITTED,ATTENDANCE,CALTHORPE|ARTS|2026-04-24|1230|1400|CARD:700,NEW_ATTENDANCE,23368,Inserted inside the current SQL transaction.
COMMITTED,ATTENDANCE,CALTHORPE|ARTS|2026-04-24|1230|1400|CARD:771,NEW_ATTENDANCE,23369,Inserted inside the current SQL transaction.
COMMITTED,ATTENDANCE,CALTHORPE|ARTS|2026-04-24|1230|1400|CARD:849,NEW_ATTENDANCE,23370,Inserted inside the current SQL transaction.
COMMITTED,ATTENDANCE,CALTHORPE|BODY CONDITIONING|2026-04-24|1100|1145|CARD:1418,NEW_ATTENDANCE,23371,Inserted inside the current SQL transaction.
COMMITTED,ATTENDANCE,CALTHORPE|BODY CONDITIONING|2026-04-24|1100|1145|CARD:346,NEW_ATTENDANCE,23372,Inserted inside the current SQL transaction.
COMMITTED,ATTENDANCE,CALTHORPE|BODY CONDITIONING|2026-04-24|1100|1145|CARD:411,NEW_ATTENDANCE,23373,Inserted inside the current SQL transaction.
COMMITTED,ATTENDANCE,CALTHORPE|BODY CONDITIONING|2026-04-24|1100|1145|CARD:413,NEW_ATTENDANCE,23374,Inserted inside the current SQL transaction.
COMMITTED,ATTENDANCE,CALTHORPE|BODY CONDITIONING|2026-04-24|1100|1145|CARD:440,NEW_ATTENDANCE,23375,Inserted inside the current SQL transaction.
COMMITTED,ATTENDANCE,CALTHORPE|BODY CONDITIONING|2026-04-24|1100|1145|CARD:470,NEW_ATTENDANCE,23376,Inserted inside the current SQL transaction.
COMMITTED,ATTENDANCE,CALTHORPE|BODY CONDITIONING|2026-04-24|1100|1145|CARD:568,NEW_ATTENDANCE,23377,Inserted inside the current SQL transaction.
COMMITTED,ATTENDANCE,CALTHORPE|BODY CONDITIONING|2026-04-24|1100|1145|CARD:593,NEW_ATTENDANCE,23378,Inserted inside the current SQL transaction.
COMMITTED,ATTENDANCE,CALTHORPE|BODY CONDITIONING|2026-04-24|1100|1145|CARD:629,NEW_ATTENDANCE,23379,Inserted inside the current SQL transaction.
COMMITTED,ATTENDANCE,CALTHORPE|BODY CONDITIONING|2026-04-24|1100|1145|CARD:700,NEW_ATTENDANCE,23380,Inserted inside the current SQL transaction.
COMMITTED,ATTENDANCE,CALTHORPE|BODY CONDITIONING|2026-04-24|1100|1145|CARD:771,NEW_ATTENDANCE,23381,Inserted inside the current SQL transaction.
COMMITTED,ATTENDANCE,CALTHORPE|BODY CONDITIONING|2026-04-24|1100|1145|CARD:806,NEW_ATTENDANCE,23382,Inserted inside the current SQL transaction.
COMMITTED,ATTENDANCE,CALTHORPE|BODY CONDITIONING|2026-04-24|1100|1145|CARD:851,NEW_ATTENDANCE,23383,Inserted inside the current SQL transaction.
COMMITTED,ATTENDANCE,CALTHORPE|PILATES|2026-04-24|1200|1245|CARD:1418,NEW_ATTENDANCE,23384,Inserted inside the current SQL transaction.
COMMITTED,ATTENDANCE,CALTHORPE|PILATES|2026-04-24|1200|1245|CARD:1548,NEW_ATTENDANCE,23385,Inserted inside the current SQL transaction.
COMMITTED,ATTENDANCE,CALTHORPE|PILATES|2026-04-24|1200|1245|CARD:1601,NEW_ATTENDANCE,23386,Inserted inside the current SQL transaction.
COMMITTED,ATTENDANCE,CALTHORPE|PILATES|2026-04-24|1200|1245|CARD:413,NEW_ATTENDANCE,23387,Inserted inside the current SQL transaction.
COMMITTED,ATTENDANCE,CALTHORPE|PILATES|2026-04-24|1200|1245|CARD:440,NEW_ATTENDANCE,23388,Inserted inside the current SQL transaction.
COMMITTED,ATTENDANCE,CALTHORPE|PILATES|2026-04-24|1200|1245|CARD:442,NEW_ATTENDANCE,23389,Inserted inside the current SQL transaction.
COMMITTED,ATTENDANCE,CALTHORPE|PILATES|2026-04-24|1200|1245|CARD:486,NEW_ATTENDANCE,23390,Inserted inside the current SQL transaction.
COMMITTED,ATTENDANCE,CALTHORPE|PILATES|2026-04-24|1200|1245|CARD:515,NEW_ATTENDANCE,23391,Inserted inside the current SQL transaction.
COMMITTED,ATTENDANCE,CALTHORPE|PILATES|2026-04-24|1200|1245|CARD:606,NEW_ATTENDANCE,23392,Inserted inside the current SQL transaction.
COMMITTED,ATTENDANCE,CALTHORPE|PILATES|2026-04-24|1200|1245|CARD:635,NEW_ATTENDANCE,23393,Inserted inside the current SQL transaction.
COMMITTED,ATTENDANCE,CALTHORPE|PILATES|2026-04-24|1200|1245|CARD:644,NEW_ATTENDANCE,23394,Inserted inside the current SQL transaction.
COMMITTED,ATTENDANCE,CALTHORPE|PILATES|2026-04-24|1200|1245|CARD:691,NEW_ATTENDANCE,23395,Inserted inside the current SQL transaction.
COMMITTED,ATTENDANCE,CALTHORPE|PILATES|2026-04-24|1200|1245|CARD:707,NEW_ATTENDANCE,23396,Inserted inside the current SQL transaction.
COMMITTED,ATTENDANCE,CALTHORPE|CHAIR BASED EXERCISE|2026-04-27|1130|1215|CARD:373,NEW_ATTENDANCE,23397,Inserted inside the current SQL transaction.
COMMITTED,ATTENDANCE,CALTHORPE|CHAIR BASED EXERCISE|2026-04-27|1130|1215|CARD:410,NEW_ATTENDANCE,23398,Inserted inside the current SQL transaction.
COMMITTED,ATTENDANCE,CALTHORPE|CHAIR BASED EXERCISE|2026-04-27|1130|1215|CARD:415,NEW_ATTENDANCE,23399,Inserted inside the current SQL transaction.
COMMITTED,ATTENDANCE,CALTHORPE|CHAIR BASED EXERCISE|2026-04-27|1130|1215|CARD:416,NEW_ATTENDANCE,23400,Inserted inside the current SQL transaction.
COMMITTED,ATTENDANCE,CALTHORPE|CHAIR BASED EXERCISE|2026-04-27|1130|1215|CARD:418,NEW_ATTENDANCE,23401,Inserted inside the current SQL transaction.
COMMITTED,ATTENDANCE,CALTHORPE|CHAIR BASED EXERCISE|2026-04-27|1130|1215|CARD:434,NEW_ATTENDANCE,23402,Inserted inside the current SQL transaction.
COMMITTED,ATTENDANCE,CALTHORPE|CHAIR BASED EXERCISE|2026-04-27|1130|1215|CARD:444,NEW_ATTENDANCE,23403,Inserted inside the current SQL transaction.
COMMITTED,ATTENDANCE,CALTHORPE|CHAIR BASED EXERCISE|2026-04-27|1130|1215|CARD:485,NEW_ATTENDANCE,23404,Inserted inside the current SQL transaction.
COMMITTED,ATTENDANCE,CALTHORPE|CHAIR BASED EXERCISE|2026-04-27|1130|1215|CARD:601,NEW_ATTENDANCE,23405,Inserted inside the current SQL transaction.
COMMITTED,ATTENDANCE,CALTHORPE|CHAIR BASED EXERCISE|2026-04-27|1130|1215|CARD:642,NEW_ATTENDANCE,23406,Inserted inside the current SQL transaction.
COMMITTED,ATTENDANCE,CALTHORPE|CHAIR BASED EXERCISE|2026-04-27|1130|1215|CARD:761,NEW_ATTENDANCE,23407,Inserted inside the current SQL transaction.
COMMITTED,ATTENDANCE,CALTHORPE|CHAIR BASED EXERCISE|2026-04-27|1130|1215|CARD:806,NEW_ATTENDANCE,23408,Inserted inside the current SQL transaction.
COMMITTED,ATTENDANCE,CALTHORPE|CHAIR BASED EXERCISE|2026-04-27|1130|1215|CARD:852,NEW_ATTENDANCE,23409,Inserted inside the current SQL transaction.
COMMITTED,ATTENDANCE,CALTHORPE|CHAIR BASED EXERCISE|2026-04-27|1130|1215|CARD:853,NEW_ATTENDANCE,23410,Inserted inside the current SQL transaction.
COMMITTED,ATTENDANCE,CALTHORPE|CHAIR BASED EXERCISE|2026-04-27|1130|1215|CARD:855,NEW_ATTENDANCE,23411,Inserted inside the current SQL transaction.
COMMITTED,ATTENDANCE,CALTHORPE|CROCHET|2026-04-27|1230|1430|CARD:1567,NEW_ATTENDANCE,23412,Inserted inside the current SQL transaction.
COMMITTED,ATTENDANCE,CALTHORPE|CROCHET|2026-04-27|1230|1430|CARD:416,NEW_ATTENDANCE,23413,Inserted inside the current SQL transaction.
COMMITTED,ATTENDANCE,CALTHORPE|CROCHET|2026-04-27|1230|1430|CARD:418,NEW_ATTENDANCE,23414,Inserted inside the current SQL transaction.
COMMITTED,ATTENDANCE,CALTHORPE|CROCHET|2026-04-27|1230|1430|CARD:436,NEW_ATTENDANCE,23415,Inserted inside the current SQL transaction.
COMMITTED,ATTENDANCE,CALTHORPE|CROCHET|2026-04-27|1230|1430|CARD:468,NEW_ATTENDANCE,23416,Inserted inside the current SQL transaction.
COMMITTED,ATTENDANCE,CALTHORPE|CROCHET|2026-04-27|1230|1430|CARD:513,NEW_ATTENDANCE,23417,Inserted inside the current SQL transaction.
COMMITTED,ATTENDANCE,CALTHORPE|CROCHET|2026-04-27|1230|1430|CARD:638,NEW_ATTENDANCE,23418,Inserted inside the current SQL transaction.
COMMITTED,ATTENDANCE,CALTHORPE|CROCHET|2026-04-27|1230|1430|CARD:996,NEW_ATTENDANCE,23419,Inserted inside the current SQL transaction.
COMMITTED,ATTENDANCE,CALTHORPE|HIIT|2026-04-27|1030|1115|CARD:427,NEW_ATTENDANCE,23420,Inserted inside the current SQL transaction.
COMMITTED,ATTENDANCE,CALTHORPE|HIIT|2026-04-27|1030|1115|CARD:707,NEW_ATTENDANCE,23421,Inserted inside the current SQL transaction.
COMMITTED,ATTENDANCE,CALTHORPE|HIIT|2026-04-27|1030|1115|CARD:727,NEW_ATTENDANCE,23422,Inserted inside the current SQL transaction.
COMMITTED,ATTENDANCE,CALTHORPE|HIIT|2026-04-27|1030|1115|CARD:806,NEW_ATTENDANCE,23423,Inserted inside the current SQL transaction.
COMMITTED,ATTENDANCE,CALTHORPE|ZUMBA|2026-04-27|0930|1015|CARD:1503,NEW_ATTENDANCE,23424,Inserted inside the current SQL transaction.
COMMITTED,ATTENDANCE,CALTHORPE|ZUMBA|2026-04-27|0930|1015|CARD:1549,NEW_ATTENDANCE,23425,Inserted inside the current SQL transaction.
COMMITTED,ATTENDANCE,CALTHORPE|ZUMBA|2026-04-27|0930|1015|CARD:413,NEW_ATTENDANCE,23426,Inserted inside the current SQL transaction.
COMMITTED,ATTENDANCE,CALTHORPE|ZUMBA|2026-04-27|0930|1015|CARD:429,NEW_ATTENDANCE,23427,Inserted inside the current SQL transaction.
COMMITTED,ATTENDANCE,CALTHORPE|ZUMBA|2026-04-27|0930|1015|CARD:440,NEW_ATTENDANCE,23428,Inserted inside the current SQL transaction.
COMMITTED,ATTENDANCE,CALTHORPE|ZUMBA|2026-04-27|0930|1015|CARD:441,NEW_ATTENDANCE,23429,Inserted inside the current SQL transaction.
COMMITTED,ATTENDANCE,CALTHORPE|ZUMBA|2026-04-27|0930|1015|CARD:515,NEW_ATTENDANCE,23430,Inserted inside the current SQL transaction.
COMMITTED,ATTENDANCE,CALTHORPE|ZUMBA|2026-04-27|0930|1015|CARD:638,NEW_ATTENDANCE,23431,Inserted inside the current SQL transaction.
COMMITTED,ATTENDANCE,CALTHORPE|ZUMBA|2026-04-27|0930|1015|CARD:653,NEW_ATTENDANCE,23432,Inserted inside the current SQL transaction.
COMMITTED,ATTENDANCE,CALTHORPE|ZUMBA|2026-04-27|0930|1015|CARD:681,NEW_ATTENDANCE,23433,Inserted inside the current SQL transaction.
COMMITTED,ATTENDANCE,CALTHORPE|ZUMBA|2026-04-27|0930|1015|CARD:691,NEW_ATTENDANCE,23434,Inserted inside the current SQL transaction.
COMMITTED,ATTENDANCE,CALTHORPE|ZUMBA|2026-04-27|0930|1015|CARD:717,NEW_ATTENDANCE,23435,Inserted inside the current SQL transaction.
COMMITTED,ATTENDANCE,CALTHORPE|ZUMBA|2026-04-27|0930|1015|CARD:727,NEW_ATTENDANCE,23436,Inserted inside the current SQL transaction.
COMMITTED,ATTENDANCE,CALTHORPE|ZUMBA|2026-04-27|0930|1015|CARD:761,NEW_ATTENDANCE,23437,Inserted inside the current SQL transaction.
COMMITTED,ATTENDANCE,CALTHORPE|ZUMBA|2026-04-27|0930|1015|CARD:780,NEW_ATTENDANCE,23438,Inserted inside the current SQL transaction.
COMMITTED,ATTENDANCE,CALTHORPE|ZUMBA|2026-04-27|0930|1015|CARD:996,NEW_ATTENDANCE,23439,Inserted inside the current SQL transaction.
COMMITTED,ATTENDANCE,CALTHORPE|ESOL|2026-04-28|1130|1330|CARD:375,NEW_ATTENDANCE,23440,Inserted inside the current SQL transaction.
COMMITTED,ATTENDANCE,CALTHORPE|STRENGTH & STRETCH|2026-04-28|0930|1030|CARD:386,NEW_ATTENDANCE,23441,Inserted inside the current SQL transaction.
COMMITTED,ATTENDANCE,CALTHORPE|STRENGTH & STRETCH|2026-04-28|0930|1030|CARD:388,NEW_ATTENDANCE,23442,Inserted inside the current SQL transaction.
COMMITTED,ATTENDANCE,CALTHORPE|STRENGTH & STRETCH|2026-04-28|0930|1030|CARD:391,NEW_ATTENDANCE,23443,Inserted inside the current SQL transaction.
COMMITTED,ATTENDANCE,CALTHORPE|STRENGTH & STRETCH|2026-04-28|0930|1030|CARD:413,NEW_ATTENDANCE,23444,Inserted inside the current SQL transaction.
COMMITTED,ATTENDANCE,CALTHORPE|STRENGTH & STRETCH|2026-04-28|0930|1030|CARD:416,NEW_ATTENDANCE,23445,Inserted inside the current SQL transaction.
COMMITTED,ATTENDANCE,CALTHORPE|STRENGTH & STRETCH|2026-04-28|0930|1030|CARD:418,NEW_ATTENDANCE,23446,Inserted inside the current SQL transaction.
COMMITTED,ATTENDANCE,CALTHORPE|STRENGTH & STRETCH|2026-04-28|0930|1030|CARD:429,NEW_ATTENDANCE,23447,Inserted inside the current SQL transaction.
COMMITTED,ATTENDANCE,CALTHORPE|STRENGTH & STRETCH|2026-04-28|0930|1030|CARD:440,NEW_ATTENDANCE,23448,Inserted inside the current SQL transaction.
COMMITTED,ATTENDANCE,CALTHORPE|STRENGTH & STRETCH|2026-04-28|0930|1030|CARD:486,NEW_ATTENDANCE,23449,Inserted inside the current SQL transaction.
COMMITTED,ATTENDANCE,CALTHORPE|STRENGTH & STRETCH|2026-04-28|0930|1030|CARD:515,NEW_ATTENDANCE,23450,Inserted inside the current SQL transaction.
COMMITTED,ATTENDANCE,CALTHORPE|STRENGTH & STRETCH|2026-04-28|0930|1030|CARD:653,NEW_ATTENDANCE,23451,Inserted inside the current SQL transaction.
COMMITTED,ATTENDANCE,CALTHORPE|STRENGTH & STRETCH|2026-04-28|0930|1030|CARD:691,NEW_ATTENDANCE,23452,Inserted inside the current SQL transaction.
COMMITTED,ATTENDANCE,CALTHORPE|STRENGTH & STRETCH|2026-04-28|0930|1030|CARD:717,NEW_ATTENDANCE,23453,Inserted inside the current SQL transaction.
COMMITTED,ATTENDANCE,CALTHORPE|STRENGTH & STRETCH|2026-04-28|0930|1030|CARD:727,NEW_ATTENDANCE,23454,Inserted inside the current SQL transaction.
COMMITTED,ATTENDANCE,CALTHORPE|STRENGTH & STRETCH|2026-04-28|0930|1030|CARD:764,NEW_ATTENDANCE,23455,Inserted inside the current SQL transaction.
COMMITTED,ATTENDANCE,CALTHORPE|STRENGTH & STRETCH|2026-04-28|0930|1030|CARD:780,NEW_ATTENDANCE,23456,Inserted inside the current SQL transaction.
COMMITTED,ATTENDANCE,CALTHORPE|YOGA|2026-04-28|1715|1815|CARD:373,NEW_ATTENDANCE,23457,Inserted inside the current SQL transaction.
COMMITTED,ATTENDANCE,CALTHORPE|YOGA|2026-04-28|1715|1815|CARD:415,NEW_ATTENDANCE,23458,Inserted inside the current SQL transaction.
COMMITTED,ATTENDANCE,CALTHORPE|YOGA|2026-04-28|1715|1815|CARD:498,NEW_ATTENDANCE,23459,Inserted inside the current SQL transaction.
COMMITTED,ATTENDANCE,CALTHORPE|YOGA|2026-04-28|1715|1815|CARD:617,NEW_ATTENDANCE,23460,Inserted inside the current SQL transaction.
COMMITTED,ATTENDANCE,CALTHORPE|YOGA|2026-04-28|1715|1815|CARD:642,NEW_ATTENDANCE,23461,Inserted inside the current SQL transaction.
COMMITTED,ATTENDANCE,CALTHORPE|YOGA|2026-04-28|1715|1815|CARD:663,NEW_ATTENDANCE,23462,Inserted inside the current SQL transaction.
COMMITTED,ATTENDANCE,CALTHORPE|YOGA|2026-04-28|1715|1815|CARD:717,NEW_ATTENDANCE,23463,Inserted inside the current SQL transaction.
COMMITTED,ATTENDANCE,CALTHORPE|YOGA|2026-04-28|1715|1815|NAME:nasima,NEW_ATTENDANCE,23464,Inserted inside the current SQL transaction.
COMMITTED,ATTENDANCE,CALTHORPE|CHAIR BASED EXERCISE|2026-04-30|1130|1215|CARD:337,NEW_ATTENDANCE,23465,Inserted inside the current SQL transaction.
COMMITTED,ATTENDANCE,CALTHORPE|CHAIR BASED EXERCISE|2026-04-30|1130|1215|CARD:380,NEW_ATTENDANCE,23466,Inserted inside the current SQL transaction.
COMMITTED,ATTENDANCE,CALTHORPE|CHAIR BASED EXERCISE|2026-04-30|1130|1215|CARD:415,NEW_ATTENDANCE,23467,Inserted inside the current SQL transaction.
COMMITTED,ATTENDANCE,CALTHORPE|CHAIR BASED EXERCISE|2026-04-30|1130|1215|CARD:416,NEW_ATTENDANCE,23468,Inserted inside the current SQL transaction.
COMMITTED,ATTENDANCE,CALTHORPE|CHAIR BASED EXERCISE|2026-04-30|1130|1215|CARD:418,NEW_ATTENDANCE,23469,Inserted inside the current SQL transaction.
COMMITTED,ATTENDANCE,CALTHORPE|CHAIR BASED EXERCISE|2026-04-30|1130|1215|CARD:424,NEW_ATTENDANCE,23470,Inserted inside the current SQL transaction.
COMMITTED,ATTENDANCE,CALTHORPE|CHAIR BASED EXERCISE|2026-04-30|1130|1215|CARD:434,NEW_ATTENDANCE,23471,Inserted inside the current SQL transaction.
COMMITTED,ATTENDANCE,CALTHORPE|CHAIR BASED EXERCISE|2026-04-30|1130|1215|CARD:436,NEW_ATTENDANCE,23472,Inserted inside the current SQL transaction.
COMMITTED,ATTENDANCE,CALTHORPE|CHAIR BASED EXERCISE|2026-04-30|1130|1215|CARD:444,NEW_ATTENDANCE,23473,Inserted inside the current SQL transaction.
COMMITTED,ATTENDANCE,CALTHORPE|CHAIR BASED EXERCISE|2026-04-30|1130|1215|CARD:491,NEW_ATTENDANCE,23474,Inserted inside the current SQL transaction.
COMMITTED,ATTENDANCE,CALTHORPE|CHAIR BASED EXERCISE|2026-04-30|1130|1215|CARD:586,NEW_ATTENDANCE,23475,Inserted inside the current SQL transaction.
COMMITTED,ATTENDANCE,CALTHORPE|CHAIR BASED EXERCISE|2026-04-30|1130|1215|CARD:620,NEW_ATTENDANCE,23476,Inserted inside the current SQL transaction.
COMMITTED,ATTENDANCE,CALTHORPE|CHAIR BASED EXERCISE|2026-04-30|1130|1215|CARD:638,NEW_ATTENDANCE,23477,Inserted inside the current SQL transaction.
COMMITTED,ATTENDANCE,CALTHORPE|CHAIR BASED EXERCISE|2026-04-30|1130|1215|CARD:642,NEW_ATTENDANCE,23478,Inserted inside the current SQL transaction.
COMMITTED,ATTENDANCE,CALTHORPE|CHAIR BASED EXERCISE|2026-04-30|1130|1215|CARD:655,NEW_ATTENDANCE,23479,Inserted inside the current SQL transaction.
COMMITTED,ATTENDANCE,CALTHORPE|CHAIR BASED EXERCISE|2026-04-30|1130|1215|CARD:663,NEW_ATTENDANCE,23480,Inserted inside the current SQL transaction.
COMMITTED,ATTENDANCE,CALTHORPE|CHAIR BASED EXERCISE|2026-04-30|1130|1215|CARD:706,NEW_ATTENDANCE,23481,Inserted inside the current SQL transaction.
COMMITTED,ATTENDANCE,CALTHORPE|CHAIR BASED EXERCISE|2026-04-30|1130|1215|CARD:866,NEW_ATTENDANCE,23482,Inserted inside the current SQL transaction.
COMMITTED,ATTENDANCE,CALTHORPE|CIRCUIT TRAINING|2026-04-30|0930|1015|CARD:1541,NEW_ATTENDANCE,23483,Inserted inside the current SQL transaction.
COMMITTED,ATTENDANCE,CALTHORPE|CIRCUIT TRAINING|2026-04-30|0930|1015|CARD:1603,NEW_ATTENDANCE,23484,Inserted inside the current SQL transaction.
COMMITTED,ATTENDANCE,CALTHORPE|CIRCUIT TRAINING|2026-04-30|0930|1015|CARD:412,NEW_ATTENDANCE,23485,Inserted inside the current SQL transaction.
COMMITTED,ATTENDANCE,CALTHORPE|CIRCUIT TRAINING|2026-04-30|0930|1015|CARD:429,NEW_ATTENDANCE,23486,Inserted inside the current SQL transaction.
COMMITTED,ATTENDANCE,CALTHORPE|CIRCUIT TRAINING|2026-04-30|0930|1015|CARD:486,NEW_ATTENDANCE,23487,Inserted inside the current SQL transaction.
COMMITTED,ATTENDANCE,CALTHORPE|CIRCUIT TRAINING|2026-04-30|0930|1015|CARD:593,NEW_ATTENDANCE,23488,Inserted inside the current SQL transaction.
COMMITTED,ATTENDANCE,CALTHORPE|CIRCUIT TRAINING|2026-04-30|0930|1015|CARD:681,NEW_ATTENDANCE,23489,Inserted inside the current SQL transaction.
COMMITTED,ATTENDANCE,CALTHORPE|CIRCUIT TRAINING|2026-04-30|0930|1015|CARD:691,NEW_ATTENDANCE,23490,Inserted inside the current SQL transaction.
COMMITTED,ATTENDANCE,CALTHORPE|CIRCUIT TRAINING|2026-04-30|0930|1015|CARD:761,NEW_ATTENDANCE,23491,Inserted inside the current SQL transaction.
COMMITTED,ATTENDANCE,CALTHORPE|CIRCUIT TRAINING|2026-04-30|0930|1015|CARD:851,NEW_ATTENDANCE,23492,Inserted inside the current SQL transaction.
COMMITTED,ATTENDANCE,CALTHORPE|CROCHET|2026-04-30|1230|1415|CARD:416,NEW_ATTENDANCE,23493,Inserted inside the current SQL transaction.
COMMITTED,ATTENDANCE,CALTHORPE|CROCHET|2026-04-30|1230|1415|CARD:418,NEW_ATTENDANCE,23494,Inserted inside the current SQL transaction.
COMMITTED,ATTENDANCE,CALTHORPE|CROCHET|2026-04-30|1230|1415|CARD:436,NEW_ATTENDANCE,23495,Inserted inside the current SQL transaction.
COMMITTED,ATTENDANCE,CALTHORPE|CROCHET|2026-04-30|1230|1415|CARD:526,NEW_ATTENDANCE,23496,Inserted inside the current SQL transaction.
COMMITTED,ATTENDANCE,CALTHORPE|CROCHET|2026-04-30|1230|1415|CARD:586,NEW_ATTENDANCE,23497,Inserted inside the current SQL transaction.
COMMITTED,ATTENDANCE,CALTHORPE|CROCHET|2026-04-30|1230|1415|CARD:638,NEW_ATTENDANCE,23498,Inserted inside the current SQL transaction.
COMMITTED,ATTENDANCE,CALTHORPE|CROCHET|2026-04-30|1230|1415|CARD:655,NEW_ATTENDANCE,23499,Inserted inside the current SQL transaction.
COMMITTED,ATTENDANCE,CALTHORPE|CROCHET|2026-04-30|1230|1415|CARD:763,NEW_ATTENDANCE,23500,Inserted inside the current SQL transaction.
COMMITTED,ATTENDANCE,CALTHORPE|CROCHET|2026-04-30|1230|1415|CARD:849,NEW_ATTENDANCE,23501,Inserted inside the current SQL transaction.
COMMITTED,ATTENDANCE,CALTHORPE|MEN'S MULTI SPORTS|2026-04-30|1030|1130|CARD:1550,NEW_ATTENDANCE,23502,Inserted inside the current SQL transaction.
COMMITTED,ATTENDANCE,CALTHORPE|MEN'S MULTI SPORTS|2026-04-30|1030|1130|CARD:1599,NEW_ATTENDANCE,23503,Inserted inside the current SQL transaction.
COMMITTED,ATTENDANCE,CALTHORPE|MEN'S MULTI SPORTS|2026-04-30|1030|1130|CARD:487,NEW_ATTENDANCE,23504,Inserted inside the current SQL transaction.
COMMITTED,ATTENDANCE,CALTHORPE|MEN'S MULTI SPORTS|2026-04-30|1030|1130|CARD:689,NEW_ATTENDANCE,23505,Inserted inside the current SQL transaction.
COMMITTED,ATTENDANCE,CALTHORPE|MEN'S MULTI SPORTS|2026-04-30|1030|1130|CARD:791,NEW_ATTENDANCE,23506,Inserted inside the current SQL transaction.
COMMITTED,ATTENDANCE,CALTHORPE|WALK WITH ABI|2026-04-30|1015|1115|CARD:1447,NEW_ATTENDANCE,23507,Inserted inside the current SQL transaction.
COMMITTED,ATTENDANCE,CALTHORPE|WALK WITH ABI|2026-04-30|1015|1115|CARD:486,NEW_ATTENDANCE,23508,Inserted inside the current SQL transaction.
COMMITTED,ATTENDANCE,CALTHORPE|WALK WITH ABI|2026-04-30|1015|1115|NAME:nasima,NEW_ATTENDANCE,23509,Inserted inside the current SQL transaction.
COMMITTED,ATTENDANCE,CALTHORPE|ARTS|2026-05-01|1230|1400|CARD:376,NEW_ATTENDANCE,23510,Inserted inside the current SQL transaction.
COMMITTED,ATTENDANCE,CALTHORPE|ARTS|2026-05-01|1230|1400|CARD:402,NEW_ATTENDANCE,23511,Inserted inside the current SQL transaction.
COMMITTED,ATTENDANCE,CALTHORPE|ARTS|2026-05-01|1230|1400|CARD:416,NEW_ATTENDANCE,23512,Inserted inside the current SQL transaction.
COMMITTED,ATTENDANCE,CALTHORPE|ARTS|2026-05-01|1230|1400|CARD:444,NEW_ATTENDANCE,23513,Inserted inside the current SQL transaction.
COMMITTED,ATTENDANCE,CALTHORPE|ARTS|2026-05-01|1230|1400|CARD:586,NEW_ATTENDANCE,23514,Inserted inside the current SQL transaction.
COMMITTED,ATTENDANCE,CALTHORPE|ARTS|2026-05-01|1230|1400|CARD:849,NEW_ATTENDANCE,23515,Inserted inside the current SQL transaction.
COMMITTED,ATTENDANCE,CALTHORPE|BODY CONDITIONING|2026-05-01|1100|1145|CARD:1603,NEW_ATTENDANCE,23516,Inserted inside the current SQL transaction.
COMMITTED,ATTENDANCE,CALTHORPE|BODY CONDITIONING|2026-05-01|1100|1145|CARD:1815,NEW_ATTENDANCE,23517,Inserted inside the current SQL transaction.
COMMITTED,ATTENDANCE,CALTHORPE|BODY CONDITIONING|2026-05-01|1100|1145|CARD:346,NEW_ATTENDANCE,23518,Inserted inside the current SQL transaction.
COMMITTED,ATTENDANCE,CALTHORPE|BODY CONDITIONING|2026-05-01|1100|1145|CARD:380,NEW_ATTENDANCE,23519,Inserted inside the current SQL transaction.
COMMITTED,ATTENDANCE,CALTHORPE|BODY CONDITIONING|2026-05-01|1100|1145|CARD:416,NEW_ATTENDANCE,23520,Inserted inside the current SQL transaction.
COMMITTED,ATTENDANCE,CALTHORPE|BODY CONDITIONING|2026-05-01|1100|1145|CARD:440,NEW_ATTENDANCE,23521,Inserted inside the current SQL transaction.
COMMITTED,ATTENDANCE,CALTHORPE|BODY CONDITIONING|2026-05-01|1100|1145|CARD:441,NEW_ATTENDANCE,23522,Inserted inside the current SQL transaction.
COMMITTED,ATTENDANCE,CALTHORPE|BODY CONDITIONING|2026-05-01|1100|1145|CARD:470,NEW_ATTENDANCE,23523,Inserted inside the current SQL transaction.
COMMITTED,ATTENDANCE,CALTHORPE|BODY CONDITIONING|2026-05-01|1100|1145|CARD:593,NEW_ATTENDANCE,23524,Inserted inside the current SQL transaction.
COMMITTED,ATTENDANCE,CALTHORPE|BODY CONDITIONING|2026-05-01|1100|1145|CARD:647,NEW_ATTENDANCE,23525,Inserted inside the current SQL transaction.
COMMITTED,ATTENDANCE,CALTHORPE|BODY CONDITIONING|2026-05-01|1100|1145|CARD:656,NEW_ATTENDANCE,23526,Inserted inside the current SQL transaction.
COMMITTED,ATTENDANCE,CALTHORPE|BODY CONDITIONING|2026-05-01|1100|1145|CARD:700,NEW_ATTENDANCE,23527,Inserted inside the current SQL transaction.
COMMITTED,ATTENDANCE,CALTHORPE|BODY CONDITIONING|2026-05-01|1100|1145|CARD:727,NEW_ATTENDANCE,23528,Inserted inside the current SQL transaction.
COMMITTED,ATTENDANCE,CALTHORPE|BODY CONDITIONING|2026-05-01|1100|1145|CARD:771,NEW_ATTENDANCE,23529,Inserted inside the current SQL transaction.
COMMITTED,ATTENDANCE,CALTHORPE|BODY CONDITIONING|2026-05-01|1100|1145|CARD:806,NEW_ATTENDANCE,23530,Inserted inside the current SQL transaction.
COMMITTED,ATTENDANCE,CALTHORPE|BODY CONDITIONING|2026-05-01|1100|1145|CARD:851,NEW_ATTENDANCE,23531,Inserted inside the current SQL transaction.
COMMITTED,ATTENDANCE,CALTHORPE|PILATES|2026-05-01|1200|1245|CARD:1531,NEW_ATTENDANCE,23532,Inserted inside the current SQL transaction.
COMMITTED,ATTENDANCE,CALTHORPE|PILATES|2026-05-01|1200|1245|CARD:442,NEW_ATTENDANCE,23533,Inserted inside the current SQL transaction.
COMMITTED,ATTENDANCE,CALTHORPE|PILATES|2026-05-01|1200|1245|CARD:486,NEW_ATTENDANCE,23534,Inserted inside the current SQL transaction.
COMMITTED,ATTENDANCE,CALTHORPE|PILATES|2026-05-01|1200|1245|CARD:543,NEW_ATTENDANCE,23535,Inserted inside the current SQL transaction.
COMMITTED,ATTENDANCE,CALTHORPE|PILATES|2026-05-01|1200|1245|CARD:549,NEW_ATTENDANCE,23536,Inserted inside the current SQL transaction.
COMMITTED,ATTENDANCE,CALTHORPE|PILATES|2026-05-01|1200|1245|CARD:631,NEW_ATTENDANCE,23537,Inserted inside the current SQL transaction.
COMMITTED,ATTENDANCE,CALTHORPE|PILATES|2026-05-01|1200|1245|CARD:727,NEW_ATTENDANCE,23538,Inserted inside the current SQL transaction.
COMMITTED,ATTENDANCE,CALTHORPE|PILATES|2026-05-01|1200|1245|CARD:851,NEW_ATTENDANCE,23539,Inserted inside the current SQL transaction.
COMMITTED,ATTENDANCE,CALTHORPE|PILATES|2026-05-01|1200|1245|CARD:930,NEW_ATTENDANCE,23540,Inserted inside the current SQL transaction.
COMMITTED,ATTENDANCE,CALTHORPE|PILATES|2026-05-01|1200|1245|CARD:961,NEW_ATTENDANCE,23541,Inserted inside the current SQL transaction.
COMMITTED,ATTENDANCE,CALTHORPE|STRENGTH & STRETCH|2026-05-05|0930|1030|CARD:1532,ALREADY_IN_CRM,800,Skipped because this participant already has attendance for the resolved session.
COMMITTED,ATTENDANCE,CALTHORPE|STRENGTH & STRETCH|2026-05-05|0930|1030|CARD:1541,ALREADY_IN_CRM,799,Skipped because this participant already has attendance for the resolved session.
COMMITTED,ATTENDANCE,CALTHORPE|STRENGTH & STRETCH|2026-05-05|0930|1030|CARD:157,ALREADY_IN_CRM,804,Skipped because this participant already has attendance for the resolved session.
COMMITTED,ATTENDANCE,CALTHORPE|STRENGTH & STRETCH|2026-05-05|0930|1030|CARD:416,ALREADY_IN_CRM,803,Skipped because this participant already has attendance for the resolved session.
COMMITTED,ATTENDANCE,CALTHORPE|STRENGTH & STRETCH|2026-05-05|0930|1030|CARD:429,ALREADY_IN_CRM,802,Skipped because this participant already has attendance for the resolved session.
COMMITTED,ATTENDANCE,CALTHORPE|STRENGTH & STRETCH|2026-05-05|0930|1030|CARD:468,ALREADY_IN_CRM,806,Skipped because this participant already has attendance for the resolved session.
COMMITTED,ATTENDANCE,CALTHORPE|STRENGTH & STRETCH|2026-05-05|0930|1030|CARD:470,ALREADY_IN_CRM,793,Skipped because this participant already has attendance for the resolved session.
COMMITTED,ATTENDANCE,CALTHORPE|STRENGTH & STRETCH|2026-05-05|0930|1030|CARD:486,ALREADY_IN_CRM,794,Skipped because this participant already has attendance for the resolved session.
COMMITTED,ATTENDANCE,CALTHORPE|STRENGTH & STRETCH|2026-05-05|0930|1030|CARD:596,ALREADY_IN_CRM,792,Skipped because this participant already has attendance for the resolved session.
COMMITTED,ATTENDANCE,CALTHORPE|STRENGTH & STRETCH|2026-05-05|0930|1030|CARD:604,ALREADY_IN_CRM,791,Skipped because this participant already has attendance for the resolved session.
COMMITTED,ATTENDANCE,CALTHORPE|STRENGTH & STRETCH|2026-05-05|0930|1030|CARD:642,ALREADY_IN_CRM,795,Skipped because this participant already has attendance for the resolved session.
COMMITTED,ATTENDANCE,CALTHORPE|STRENGTH & STRETCH|2026-05-05|0930|1030|CARD:653,ALREADY_IN_CRM,796,Skipped because this participant already has attendance for the resolved session.
COMMITTED,ATTENDANCE,CALTHORPE|STRENGTH & STRETCH|2026-05-05|0930|1030|CARD:717,ALREADY_IN_CRM,797,Skipped because this participant already has attendance for the resolved session.
COMMITTED,ATTENDANCE,CALTHORPE|STRENGTH & STRETCH|2026-05-05|0930|1030|CARD:764,ALREADY_IN_CRM,805,Skipped because this participant already has attendance for the resolved session.
COMMITTED,ATTENDANCE,CALTHORPE|STRENGTH & STRETCH|2026-05-05|0930|1030|CARD:780,ALREADY_IN_CRM,801,Skipped because this participant already has attendance for the resolved session.
COMMITTED,ATTENDANCE,CALTHORPE|STRENGTH & STRETCH|2026-05-05|0930|1030|CARD:851,ALREADY_IN_CRM,798,Skipped because this participant already has attendance for the resolved session.
COMMITTED,ATTENDANCE,CALTHORPE|YOGA|2026-05-05|1715|1815|CARD:373,NEW_ATTENDANCE,23542,Inserted inside the current SQL transaction.
COMMITTED,ATTENDANCE,CALTHORPE|YOGA|2026-05-05|1715|1815|CARD:415,NEW_ATTENDANCE,23543,Inserted inside the current SQL transaction.
COMMITTED,ATTENDANCE,CALTHORPE|YOGA|2026-05-05|1715|1815|CARD:498,NEW_ATTENDANCE,23544,Inserted inside the current SQL transaction.
COMMITTED,ATTENDANCE,CALTHORPE|YOGA|2026-05-05|1715|1815|CARD:617,NEW_ATTENDANCE,23545,Inserted inside the current SQL transaction.
COMMITTED,ATTENDANCE,CALTHORPE|YOGA|2026-05-05|1715|1815|CARD:642,NEW_ATTENDANCE,23546,Inserted inside the current SQL transaction.
COMMITTED,ATTENDANCE,CALTHORPE|YOGA|2026-05-05|1715|1815|CARD:663,NEW_ATTENDANCE,23547,Inserted inside the current SQL transaction.
COMMITTED,ATTENDANCE,CALTHORPE|YOGA|2026-05-05|1715|1815|CARD:717,NEW_ATTENDANCE,23548,Inserted inside the current SQL transaction.
COMMITTED,ATTENDANCE,CALTHORPE|SALSA/BELLY DANCING|2026-05-06|1100|1200|CARD:1527,NEW_ATTENDANCE,23549,Inserted inside the current SQL transaction.
COMMITTED,ATTENDANCE,CALTHORPE|SALSA/BELLY DANCING|2026-05-06|1100|1200|CARD:1541,NEW_ATTENDANCE,23550,Inserted inside the current SQL transaction.
COMMITTED,ATTENDANCE,CALTHORPE|SALSA/BELLY DANCING|2026-05-06|1100|1200|CARD:457,NEW_ATTENDANCE,23551,Inserted inside the current SQL transaction.
COMMITTED,ATTENDANCE,CALTHORPE|SALSA/BELLY DANCING|2026-05-06|1100|1200|CARD:513,NEW_ATTENDANCE,23552,Inserted inside the current SQL transaction.
COMMITTED,ATTENDANCE,CALTHORPE|SALSA/BELLY DANCING|2026-05-06|1100|1200|CARD:638,NEW_ATTENDANCE,23553,Inserted inside the current SQL transaction.
COMMITTED,ATTENDANCE,CALTHORPE|SALSA/BELLY DANCING|2026-05-06|1100|1200|CARD:647,NEW_ATTENDANCE,23554,Inserted inside the current SQL transaction.
COMMITTED,ATTENDANCE,CALTHORPE|SALSA/BELLY DANCING|2026-05-06|1100|1200|CARD:656,NEW_ATTENDANCE,23555,Inserted inside the current SQL transaction.
COMMITTED,ATTENDANCE,CALTHORPE|SALSA/BELLY DANCING|2026-05-06|1100|1200|CARD:691,NEW_ATTENDANCE,23556,Inserted inside the current SQL transaction.
COMMITTED,ATTENDANCE,CALTHORPE|SALSA/BELLY DANCING|2026-05-06|1100|1200|CARD:803,NEW_ATTENDANCE,23557,Inserted inside the current SQL transaction.
COMMITTED,ATTENDANCE,CALTHORPE|SALSA/BELLY DANCING|2026-05-06|1100|1200|CARD:994,NEW_ATTENDANCE,23558,Inserted inside the current SQL transaction.
COMMITTED,ATTENDANCE,CALTHORPE|SALSA/BELLY DANCING|2026-05-06|1100|1200|CARD:995,NEW_ATTENDANCE,23559,Inserted inside the current SQL transaction.
COMMITTED,ATTENDANCE,CALTHORPE|SALSA/BELLY DANCING|2026-05-06|1100|1200|NAME:fadhiah sah,NEW_ATTENDANCE,23560,Inserted inside the current SQL transaction.
COMMITTED,ATTENDANCE,CALTHORPE|SALSA/BELLY DANCING|2026-05-06|1100|1200|NAME:malak amar,ALREADY_IN_CRM,23554,Skipped because this participant already has attendance for the resolved session.
COMMITTED,ATTENDANCE,CALTHORPE|SALSA/BELLY DANCING|2026-05-06|1100|1200|NAME:simiri,NEW_ATTENDANCE,23561,Inserted inside the current SQL transaction.
COMMITTED,ATTENDANCE,CALTHORPE|CHAIR BASED EXERCISE|2026-05-07|1130|1215|CARD:337,NEW_ATTENDANCE,23562,Inserted inside the current SQL transaction.
COMMITTED,ATTENDANCE,CALTHORPE|CHAIR BASED EXERCISE|2026-05-07|1130|1215|CARD:380,NEW_ATTENDANCE,23563,Inserted inside the current SQL transaction.
COMMITTED,ATTENDANCE,CALTHORPE|CHAIR BASED EXERCISE|2026-05-07|1130|1215|CARD:416,NEW_ATTENDANCE,23564,Inserted inside the current SQL transaction.
COMMITTED,ATTENDANCE,CALTHORPE|CHAIR BASED EXERCISE|2026-05-07|1130|1215|CARD:418,NEW_ATTENDANCE,23565,Inserted inside the current SQL transaction.
COMMITTED,ATTENDANCE,CALTHORPE|CHAIR BASED EXERCISE|2026-05-07|1130|1215|CARD:424,NEW_ATTENDANCE,23566,Inserted inside the current SQL transaction.
COMMITTED,ATTENDANCE,CALTHORPE|CHAIR BASED EXERCISE|2026-05-07|1130|1215|CARD:485,NEW_ATTENDANCE,23567,Inserted inside the current SQL transaction.
COMMITTED,ATTENDANCE,CALTHORPE|CHAIR BASED EXERCISE|2026-05-07|1130|1215|CARD:584,NEW_ATTENDANCE,23568,Inserted inside the current SQL transaction.
COMMITTED,ATTENDANCE,CALTHORPE|CHAIR BASED EXERCISE|2026-05-07|1130|1215|CARD:586,NEW_ATTENDANCE,23569,Inserted inside the current SQL transaction.
COMMITTED,ATTENDANCE,CALTHORPE|CHAIR BASED EXERCISE|2026-05-07|1130|1215|CARD:620,NEW_ATTENDANCE,23570,Inserted inside the current SQL transaction.
COMMITTED,ATTENDANCE,CALTHORPE|CHAIR BASED EXERCISE|2026-05-07|1130|1215|CARD:638,NEW_ATTENDANCE,23571,Inserted inside the current SQL transaction.
COMMITTED,ATTENDANCE,CALTHORPE|CHAIR BASED EXERCISE|2026-05-07|1130|1215|CARD:655,NEW_ATTENDANCE,23572,Inserted inside the current SQL transaction.
COMMITTED,ATTENDANCE,CALTHORPE|CHAIR BASED EXERCISE|2026-05-07|1130|1215|CARD:706,NEW_ATTENDANCE,23573,Inserted inside the current SQL transaction.
COMMITTED,ATTENDANCE,CALTHORPE|CHAIR BASED EXERCISE|2026-05-07|1130|1215|CARD:855,NEW_ATTENDANCE,23574,Inserted inside the current SQL transaction.
COMMITTED,ATTENDANCE,CALTHORPE|CHAIR BASED EXERCISE|2026-05-07|1130|1215|CARD:866,NEW_ATTENDANCE,23575,Inserted inside the current SQL transaction.
COMMITTED,ATTENDANCE,CALTHORPE|CIRCUIT TRAINING|2026-05-07|0930|1015|CARD:1541,NEW_ATTENDANCE,23576,Inserted inside the current SQL transaction.
COMMITTED,ATTENDANCE,CALTHORPE|CIRCUIT TRAINING|2026-05-07|0930|1015|CARD:412,NEW_ATTENDANCE,23577,Inserted inside the current SQL transaction.
COMMITTED,ATTENDANCE,CALTHORPE|CIRCUIT TRAINING|2026-05-07|0930|1015|CARD:429,NEW_ATTENDANCE,23578,Inserted inside the current SQL transaction.
COMMITTED,ATTENDANCE,CALTHORPE|CIRCUIT TRAINING|2026-05-07|0930|1015|CARD:470,NEW_ATTENDANCE,23579,Inserted inside the current SQL transaction.
COMMITTED,ATTENDANCE,CALTHORPE|CIRCUIT TRAINING|2026-05-07|0930|1015|CARD:486,NEW_ATTENDANCE,23580,Inserted inside the current SQL transaction.
COMMITTED,ATTENDANCE,CALTHORPE|CIRCUIT TRAINING|2026-05-07|0930|1015|CARD:593,NEW_ATTENDANCE,23581,Inserted inside the current SQL transaction.
COMMITTED,ATTENDANCE,CALTHORPE|CIRCUIT TRAINING|2026-05-07|0930|1015|CARD:681,NEW_ATTENDANCE,23582,Inserted inside the current SQL transaction.
COMMITTED,ATTENDANCE,CALTHORPE|CIRCUIT TRAINING|2026-05-07|0930|1015|CARD:690,NEW_ATTENDANCE,23583,Inserted inside the current SQL transaction.
COMMITTED,ATTENDANCE,CALTHORPE|CIRCUIT TRAINING|2026-05-07|0930|1015|CARD:691,NEW_ATTENDANCE,23584,Inserted inside the current SQL transaction.
COMMITTED,ATTENDANCE,CALTHORPE|CROCHET|2026-05-07|1230|1415|CARD:416,NEW_ATTENDANCE,23585,Inserted inside the current SQL transaction.
COMMITTED,ATTENDANCE,CALTHORPE|CROCHET|2026-05-07|1230|1415|CARD:418,NEW_ATTENDANCE,23586,Inserted inside the current SQL transaction.
COMMITTED,ATTENDANCE,CALTHORPE|CROCHET|2026-05-07|1230|1415|CARD:436,NEW_ATTENDANCE,23587,Inserted inside the current SQL transaction.
COMMITTED,ATTENDANCE,CALTHORPE|CROCHET|2026-05-07|1230|1415|CARD:586,NEW_ATTENDANCE,23588,Inserted inside the current SQL transaction.
COMMITTED,ATTENDANCE,CALTHORPE|CROCHET|2026-05-07|1230|1415|CARD:638,NEW_ATTENDANCE,23589,Inserted inside the current SQL transaction.
COMMITTED,ATTENDANCE,CALTHORPE|CROCHET|2026-05-07|1230|1415|CARD:655,NEW_ATTENDANCE,23590,Inserted inside the current SQL transaction.
COMMITTED,ATTENDANCE,CALTHORPE|CROCHET|2026-05-07|1230|1415|CARD:763,NEW_ATTENDANCE,23591,Inserted inside the current SQL transaction.
COMMITTED,ATTENDANCE,CALTHORPE|CROCHET|2026-05-07|1230|1415|CARD:849,NEW_ATTENDANCE,23592,Inserted inside the current SQL transaction.
COMMITTED,ATTENDANCE,CALTHORPE|MEN'S MULTI SPORTS|2026-05-07|1030|1130|CARD:1550,NEW_ATTENDANCE,23593,Inserted inside the current SQL transaction.
COMMITTED,ATTENDANCE,CALTHORPE|MEN'S MULTI SPORTS|2026-05-07|1030|1130|CARD:1599,NEW_ATTENDANCE,23594,Inserted inside the current SQL transaction.
COMMITTED,ATTENDANCE,CALTHORPE|MEN'S MULTI SPORTS|2026-05-07|1030|1130|CARD:487,NEW_ATTENDANCE,23595,Inserted inside the current SQL transaction.
COMMITTED,ATTENDANCE,CALTHORPE|MEN'S MULTI SPORTS|2026-05-07|1030|1130|CARD:689,NEW_ATTENDANCE,23596,Inserted inside the current SQL transaction.
COMMITTED,ATTENDANCE,CALTHORPE|MEN'S MULTI SPORTS|2026-05-07|1030|1130|CARD:791,NEW_ATTENDANCE,23597,Inserted inside the current SQL transaction.
COMMITTED,ATTENDANCE,CALTHORPE|WALK WITH ABI|2026-05-07|1015|1115|CARD:1447,NEW_ATTENDANCE,23598,Inserted inside the current SQL transaction.
COMMITTED,ATTENDANCE,CALTHORPE|WALK WITH ABI|2026-05-07|1015|1115|CARD:1617,NEW_ATTENDANCE,23599,Inserted inside the current SQL transaction.
COMMITTED,ATTENDANCE,CALTHORPE|WALK WITH ABI|2026-05-07|1015|1115|CARD:373,NEW_ATTENDANCE,23600,Inserted inside the current SQL transaction.
COMMITTED,ATTENDANCE,CALTHORPE|WALK WITH ABI|2026-05-07|1015|1115|CARD:441,NEW_ATTENDANCE,23601,Inserted inside the current SQL transaction.
COMMITTED,ATTENDANCE,CALTHORPE|WALK WITH ABI|2026-05-07|1015|1115|CARD:561,NEW_ATTENDANCE,23602,Inserted inside the current SQL transaction.
COMMITTED,ATTENDANCE,CALTHORPE|WALK WITH ABI|2026-05-07|1015|1115|CARD:727,NEW_ATTENDANCE,23603,Inserted inside the current SQL transaction.
COMMITTED,ATTENDANCE,CALTHORPE|ARTS|2026-05-08|1230|1400|CARD:416,NEW_ATTENDANCE,23604,Inserted inside the current SQL transaction.
COMMITTED,ATTENDANCE,CALTHORPE|ARTS|2026-05-08|1230|1400|CARD:444,NEW_ATTENDANCE,23605,Inserted inside the current SQL transaction.
COMMITTED,ATTENDANCE,CALTHORPE|ARTS|2026-05-08|1230|1400|CARD:691,NEW_ATTENDANCE,23606,Inserted inside the current SQL transaction.
COMMITTED,ATTENDANCE,CALTHORPE|ARTS|2026-05-08|1230|1400|CARD:700,NEW_ATTENDANCE,23607,Inserted inside the current SQL transaction.
COMMITTED,ATTENDANCE,CALTHORPE|ARTS|2026-05-08|1230|1400|CARD:849,NEW_ATTENDANCE,23608,Inserted inside the current SQL transaction.
COMMITTED,ATTENDANCE,CALTHORPE|BODY CONDITIONING|2026-05-08|1100|1145|CARD:346,NEW_ATTENDANCE,23609,Inserted inside the current SQL transaction.
COMMITTED,ATTENDANCE,CALTHORPE|BODY CONDITIONING|2026-05-08|1100|1145|CARD:380,NEW_ATTENDANCE,23610,Inserted inside the current SQL transaction.
COMMITTED,ATTENDANCE,CALTHORPE|BODY CONDITIONING|2026-05-08|1100|1145|CARD:413,NEW_ATTENDANCE,23611,Inserted inside the current SQL transaction.
COMMITTED,ATTENDANCE,CALTHORPE|BODY CONDITIONING|2026-05-08|1100|1145|CARD:429,NEW_ATTENDANCE,23612,Inserted inside the current SQL transaction.
COMMITTED,ATTENDANCE,CALTHORPE|BODY CONDITIONING|2026-05-08|1100|1145|CARD:440,NEW_ATTENDANCE,23613,Inserted inside the current SQL transaction.
COMMITTED,ATTENDANCE,CALTHORPE|BODY CONDITIONING|2026-05-08|1100|1145|CARD:470,NEW_ATTENDANCE,23614,Inserted inside the current SQL transaction.
COMMITTED,ATTENDANCE,CALTHORPE|BODY CONDITIONING|2026-05-08|1100|1145|CARD:516,NEW_ATTENDANCE,23615,Inserted inside the current SQL transaction.
COMMITTED,ATTENDANCE,CALTHORPE|BODY CONDITIONING|2026-05-08|1100|1145|CARD:557,NEW_ATTENDANCE,23616,Inserted inside the current SQL transaction.
COMMITTED,ATTENDANCE,CALTHORPE|BODY CONDITIONING|2026-05-08|1100|1145|CARD:568,NEW_ATTENDANCE,23617,Inserted inside the current SQL transaction.
COMMITTED,ATTENDANCE,CALTHORPE|BODY CONDITIONING|2026-05-08|1100|1145|CARD:656,NEW_ATTENDANCE,23618,Inserted inside the current SQL transaction.
COMMITTED,ATTENDANCE,CALTHORPE|BODY CONDITIONING|2026-05-08|1100|1145|CARD:700,NEW_ATTENDANCE,23619,Inserted inside the current SQL transaction.
COMMITTED,ATTENDANCE,CALTHORPE|BODY CONDITIONING|2026-05-08|1100|1145|CARD:727,NEW_ATTENDANCE,23620,Inserted inside the current SQL transaction.
COMMITTED,ATTENDANCE,CALTHORPE|BODY CONDITIONING|2026-05-08|1100|1145|CARD:742,NEW_ATTENDANCE,23621,Inserted inside the current SQL transaction.
COMMITTED,ATTENDANCE,CALTHORPE|BODY CONDITIONING|2026-05-08|1100|1145|CARD:761,NEW_ATTENDANCE,23622,Inserted inside the current SQL transaction.
COMMITTED,ATTENDANCE,CALTHORPE|PILATES|2026-05-08|1200|1245|CARD:1502,NEW_ATTENDANCE,23623,Inserted inside the current SQL transaction.
COMMITTED,ATTENDANCE,CALTHORPE|PILATES|2026-05-08|1200|1245|CARD:1541,NEW_ATTENDANCE,23624,Inserted inside the current SQL transaction.
COMMITTED,ATTENDANCE,CALTHORPE|PILATES|2026-05-08|1200|1245|CARD:1548,NEW_ATTENDANCE,23625,Inserted inside the current SQL transaction.
COMMITTED,ATTENDANCE,CALTHORPE|PILATES|2026-05-08|1200|1245|CARD:157,NEW_ATTENDANCE,23626,Inserted inside the current SQL transaction.
COMMITTED,ATTENDANCE,CALTHORPE|PILATES|2026-05-08|1200|1245|CARD:1616,NEW_ATTENDANCE,23627,Inserted inside the current SQL transaction.
COMMITTED,ATTENDANCE,CALTHORPE|PILATES|2026-05-08|1200|1245|CARD:390,NEW_ATTENDANCE,23628,Inserted inside the current SQL transaction.
COMMITTED,ATTENDANCE,CALTHORPE|PILATES|2026-05-08|1200|1245|CARD:413,NEW_ATTENDANCE,23629,Inserted inside the current SQL transaction.
COMMITTED,ATTENDANCE,CALTHORPE|PILATES|2026-05-08|1200|1245|CARD:440,NEW_ATTENDANCE,23630,Inserted inside the current SQL transaction.
COMMITTED,ATTENDANCE,CALTHORPE|PILATES|2026-05-08|1200|1245|CARD:442,NEW_ATTENDANCE,23631,Inserted inside the current SQL transaction.
COMMITTED,ATTENDANCE,CALTHORPE|PILATES|2026-05-08|1200|1245|CARD:606,NEW_ATTENDANCE,23632,Inserted inside the current SQL transaction.
COMMITTED,ATTENDANCE,CALTHORPE|PILATES|2026-05-08|1200|1245|CARD:628,NEW_ATTENDANCE,23633,Inserted inside the current SQL transaction.
COMMITTED,ATTENDANCE,CALTHORPE|PILATES|2026-05-08|1200|1245|CARD:691,NEW_ATTENDANCE,23634,Inserted inside the current SQL transaction.
COMMITTED,ATTENDANCE,CALTHORPE|PILATES|2026-05-08|1200|1245|CARD:727,NEW_ATTENDANCE,23635,Inserted inside the current SQL transaction.
COMMITTED,ATTENDANCE,CALTHORPE|CHAIR BASED EXERCISE|2026-05-11|1130|1215|CARD:413,NEW_ATTENDANCE,23636,Inserted inside the current SQL transaction.
COMMITTED,ATTENDANCE,CALTHORPE|CHAIR BASED EXERCISE|2026-05-11|1130|1215|CARD:429,NEW_ATTENDANCE,23637,Inserted inside the current SQL transaction.
COMMITTED,ATTENDANCE,CALTHORPE|CHAIR BASED EXERCISE|2026-05-11|1130|1215|CARD:440,NEW_ATTENDANCE,23638,Inserted inside the current SQL transaction.
COMMITTED,ATTENDANCE,CALTHORPE|CHAIR BASED EXERCISE|2026-05-11|1130|1215|CARD:441,NEW_ATTENDANCE,23639,Inserted inside the current SQL transaction.
COMMITTED,ATTENDANCE,CALTHORPE|CHAIR BASED EXERCISE|2026-05-11|1130|1215|CARD:486,NEW_ATTENDANCE,23640,Inserted inside the current SQL transaction.
COMMITTED,ATTENDANCE,CALTHORPE|CHAIR BASED EXERCISE|2026-05-11|1130|1215|CARD:498,NEW_ATTENDANCE,23641,Inserted inside the current SQL transaction.
COMMITTED,ATTENDANCE,CALTHORPE|CHAIR BASED EXERCISE|2026-05-11|1130|1215|CARD:691,NEW_ATTENDANCE,23642,Inserted inside the current SQL transaction.
COMMITTED,ATTENDANCE,CALTHORPE|CHAIR BASED EXERCISE|2026-05-11|1130|1215|CARD:717,NEW_ATTENDANCE,23643,Inserted inside the current SQL transaction.
COMMITTED,ATTENDANCE,CALTHORPE|CHAIR BASED EXERCISE|2026-05-11|1130|1215|CARD:727,NEW_ATTENDANCE,23644,Inserted inside the current SQL transaction.
COMMITTED,ATTENDANCE,CALTHORPE|CROCHET|2026-05-11|1230|1415|CARD:430,NEW_ATTENDANCE,23645,Inserted inside the current SQL transaction.
COMMITTED,ATTENDANCE,CALTHORPE|CROCHET|2026-05-11|1230|1415|CARD:436,NEW_ATTENDANCE,23646,Inserted inside the current SQL transaction.
COMMITTED,ATTENDANCE,CALTHORPE|CROCHET|2026-05-11|1230|1415|CARD:475,NEW_ATTENDANCE,23647,Inserted inside the current SQL transaction.
COMMITTED,ATTENDANCE,CALTHORPE|CROCHET|2026-05-11|1230|1415|CARD:513,NEW_ATTENDANCE,23648,Inserted inside the current SQL transaction.
COMMITTED,ATTENDANCE,CALTHORPE|CROCHET|2026-05-11|1230|1415|CARD:616,NEW_ATTENDANCE,23649,Inserted inside the current SQL transaction.
COMMITTED,ATTENDANCE,CALTHORPE|CROCHET|2026-05-11|1230|1415|CARD:638,NEW_ATTENDANCE,23650,Inserted inside the current SQL transaction.
COMMITTED,ATTENDANCE,CALTHORPE|CROCHET|2026-05-11|1230|1415|CARD:657,NEW_ATTENDANCE,23651,Inserted inside the current SQL transaction.
COMMITTED,ATTENDANCE,CALTHORPE|CROCHET|2026-05-11|1230|1415|CARD:996,NEW_ATTENDANCE,23652,Inserted inside the current SQL transaction.
COMMITTED,ATTENDANCE,CALTHORPE|STRENGTH & STRETCH|2026-05-11|1030|1115|CARD:413,NEW_ATTENDANCE,23653,Inserted inside the current SQL transaction.
COMMITTED,ATTENDANCE,CALTHORPE|STRENGTH & STRETCH|2026-05-11|1030|1115|CARD:429,NEW_ATTENDANCE,23654,Inserted inside the current SQL transaction.
COMMITTED,ATTENDANCE,CALTHORPE|STRENGTH & STRETCH|2026-05-11|1030|1115|CARD:440,NEW_ATTENDANCE,23655,Inserted inside the current SQL transaction.
COMMITTED,ATTENDANCE,CALTHORPE|STRENGTH & STRETCH|2026-05-11|1030|1115|CARD:441,NEW_ATTENDANCE,23656,Inserted inside the current SQL transaction.
COMMITTED,ATTENDANCE,CALTHORPE|STRENGTH & STRETCH|2026-05-11|1030|1115|CARD:486,NEW_ATTENDANCE,23657,Inserted inside the current SQL transaction.
COMMITTED,ATTENDANCE,CALTHORPE|STRENGTH & STRETCH|2026-05-11|1030|1115|CARD:498,NEW_ATTENDANCE,23658,Inserted inside the current SQL transaction.
COMMITTED,ATTENDANCE,CALTHORPE|STRENGTH & STRETCH|2026-05-11|1030|1115|CARD:691,NEW_ATTENDANCE,23659,Inserted inside the current SQL transaction.
COMMITTED,ATTENDANCE,CALTHORPE|STRENGTH & STRETCH|2026-05-11|1030|1115|CARD:717,NEW_ATTENDANCE,23660,Inserted inside the current SQL transaction.
COMMITTED,ATTENDANCE,CALTHORPE|STRENGTH & STRETCH|2026-05-11|1030|1115|CARD:727,NEW_ATTENDANCE,23661,Inserted inside the current SQL transaction.
COMMITTED,ATTENDANCE,CALTHORPE|STRENGTH & STRETCH|2026-05-12|0930|1030|CARD:264,NEW_ATTENDANCE,23662,Inserted inside the current SQL transaction.
COMMITTED,ATTENDANCE,CALTHORPE|STRENGTH & STRETCH|2026-05-12|0930|1030|CARD:391,NEW_ATTENDANCE,23663,Inserted inside the current SQL transaction.
COMMITTED,ATTENDANCE,CALTHORPE|STRENGTH & STRETCH|2026-05-12|0930|1030|CARD:413,NEW_ATTENDANCE,23664,Inserted inside the current SQL transaction.
COMMITTED,ATTENDANCE,CALTHORPE|STRENGTH & STRETCH|2026-05-12|0930|1030|CARD:416,NEW_ATTENDANCE,23665,Inserted inside the current SQL transaction.
COMMITTED,ATTENDANCE,CALTHORPE|STRENGTH & STRETCH|2026-05-12|0930|1030|CARD:441,NEW_ATTENDANCE,23666,Inserted inside the current SQL transaction.
COMMITTED,ATTENDANCE,CALTHORPE|STRENGTH & STRETCH|2026-05-12|0930|1030|CARD:486,NEW_ATTENDANCE,23667,Inserted inside the current SQL transaction.
COMMITTED,ATTENDANCE,CALTHORPE|STRENGTH & STRETCH|2026-05-12|0930|1030|CARD:727,NEW_ATTENDANCE,23668,Inserted inside the current SQL transaction.
COMMITTED,ATTENDANCE,CALTHORPE|STRENGTH & STRETCH|2026-05-12|0930|1030|CARD:780,NEW_ATTENDANCE,23669,Inserted inside the current SQL transaction.
COMMITTED,ATTENDANCE,CALTHORPE|YOGA|2026-05-12|1715|1815|CARD:1634,NEW_ATTENDANCE,23670,Inserted inside the current SQL transaction.
COMMITTED,ATTENDANCE,CALTHORPE|YOGA|2026-05-12|1715|1815|CARD:429,NEW_ATTENDANCE,23671,Inserted inside the current SQL transaction.
COMMITTED,ATTENDANCE,CALTHORPE|YOGA|2026-05-12|1715|1815|CARD:617,NEW_ATTENDANCE,23672,Inserted inside the current SQL transaction.
COMMITTED,ATTENDANCE,CALTHORPE|YOGA|2026-05-12|1715|1815|CARD:704,NEW_ATTENDANCE,23673,Inserted inside the current SQL transaction.
COMMITTED,ATTENDANCE,CALTHORPE|YOGA|2026-05-12|1715|1815|CARD:717,NEW_ATTENDANCE,23674,Inserted inside the current SQL transaction.
COMMITTED,ATTENDANCE,CALTHORPE|YOGA|2026-05-12|1715|1815|CARD:727,NEW_ATTENDANCE,23675,Inserted inside the current SQL transaction.
COMMITTED,ATTENDANCE,CALTHORPE|SALSA/BELLY DANCING|2026-05-13|1100|1200|CARD:137,NEW_ATTENDANCE,23676,Inserted inside the current SQL transaction.
COMMITTED,ATTENDANCE,CALTHORPE|SALSA/BELLY DANCING|2026-05-13|1100|1200|CARD:1531,NEW_ATTENDANCE,23677,Inserted inside the current SQL transaction.
COMMITTED,ATTENDANCE,CALTHORPE|SALSA/BELLY DANCING|2026-05-13|1100|1200|CARD:1633,NEW_ATTENDANCE,23678,Inserted inside the current SQL transaction.
COMMITTED,ATTENDANCE,CALTHORPE|SALSA/BELLY DANCING|2026-05-13|1100|1200|CARD:441,NEW_ATTENDANCE,23679,Inserted inside the current SQL transaction.
COMMITTED,ATTENDANCE,CALTHORPE|SALSA/BELLY DANCING|2026-05-13|1100|1200|CARD:457,NEW_ATTENDANCE,23680,Inserted inside the current SQL transaction.
COMMITTED,ATTENDANCE,CALTHORPE|SALSA/BELLY DANCING|2026-05-13|1100|1200|CARD:549,NEW_ATTENDANCE,23681,Inserted inside the current SQL transaction.
COMMITTED,ATTENDANCE,CALTHORPE|SALSA/BELLY DANCING|2026-05-13|1100|1200|CARD:647,NEW_ATTENDANCE,23682,Inserted inside the current SQL transaction.
COMMITTED,ATTENDANCE,CALTHORPE|SALSA/BELLY DANCING|2026-05-13|1100|1200|CARD:656,NEW_ATTENDANCE,23683,Inserted inside the current SQL transaction.
COMMITTED,ATTENDANCE,CALTHORPE|SALSA/BELLY DANCING|2026-05-13|1100|1200|CARD:658,NEW_ATTENDANCE,23684,Inserted inside the current SQL transaction.
COMMITTED,ATTENDANCE,CALTHORPE|SALSA/BELLY DANCING|2026-05-13|1100|1200|CARD:672,NEW_ATTENDANCE,23685,Inserted inside the current SQL transaction.
COMMITTED,ATTENDANCE,CALTHORPE|SALSA/BELLY DANCING|2026-05-13|1100|1200|CARD:681,NEW_ATTENDANCE,23686,Inserted inside the current SQL transaction.
COMMITTED,ATTENDANCE,CALTHORPE|SALSA/BELLY DANCING|2026-05-13|1100|1200|CARD:691,NEW_ATTENDANCE,23687,Inserted inside the current SQL transaction.
COMMITTED,ATTENDANCE,CALTHORPE|SALSA/BELLY DANCING|2026-05-13|1100|1200|CARD:779,NEW_ATTENDANCE,23688,Inserted inside the current SQL transaction.
COMMITTED,ATTENDANCE,CALTHORPE|SALSA/BELLY DANCING|2026-05-13|1100|1200|NAME:panna begum,NEW_ATTENDANCE,23689,Inserted inside the current SQL transaction.
COMMITTED,ATTENDANCE,CALTHORPE|CHAIR BASED EXERCISE|2026-05-14|1130|1215|CARD:105,NEW_ATTENDANCE,23690,Inserted inside the current SQL transaction.
COMMITTED,ATTENDANCE,CALTHORPE|CHAIR BASED EXERCISE|2026-05-14|1130|1215|CARD:416,NEW_ATTENDANCE,23691,Inserted inside the current SQL transaction.
COMMITTED,ATTENDANCE,CALTHORPE|CHAIR BASED EXERCISE|2026-05-14|1130|1215|CARD:418,NEW_ATTENDANCE,23692,Inserted inside the current SQL transaction.
COMMITTED,ATTENDANCE,CALTHORPE|CHAIR BASED EXERCISE|2026-05-14|1130|1215|CARD:424,NEW_ATTENDANCE,23693,Inserted inside the current SQL transaction.
COMMITTED,ATTENDANCE,CALTHORPE|CHAIR BASED EXERCISE|2026-05-14|1130|1215|CARD:434,NEW_ATTENDANCE,23694,Inserted inside the current SQL transaction.
COMMITTED,ATTENDANCE,CALTHORPE|CHAIR BASED EXERCISE|2026-05-14|1130|1215|CARD:436,NEW_ATTENDANCE,23695,Inserted inside the current SQL transaction.
COMMITTED,ATTENDANCE,CALTHORPE|CHAIR BASED EXERCISE|2026-05-14|1130|1215|CARD:444,NEW_ATTENDANCE,23696,Inserted inside the current SQL transaction.
COMMITTED,ATTENDANCE,CALTHORPE|CHAIR BASED EXERCISE|2026-05-14|1130|1215|CARD:491,NEW_ATTENDANCE,23697,Inserted inside the current SQL transaction.
COMMITTED,ATTENDANCE,CALTHORPE|CHAIR BASED EXERCISE|2026-05-14|1130|1215|CARD:531,NEW_ATTENDANCE,23698,Inserted inside the current SQL transaction.
COMMITTED,ATTENDANCE,CALTHORPE|CHAIR BASED EXERCISE|2026-05-14|1130|1215|CARD:549,NEW_ATTENDANCE,23699,Inserted inside the current SQL transaction.
COMMITTED,ATTENDANCE,CALTHORPE|CHAIR BASED EXERCISE|2026-05-14|1130|1215|CARD:572,NEW_ATTENDANCE,23700,Inserted inside the current SQL transaction.
COMMITTED,ATTENDANCE,CALTHORPE|CHAIR BASED EXERCISE|2026-05-14|1130|1215|CARD:638,NEW_ATTENDANCE,23701,Inserted inside the current SQL transaction.
COMMITTED,ATTENDANCE,CALTHORPE|CHAIR BASED EXERCISE|2026-05-14|1130|1215|CARD:655,NEW_ATTENDANCE,23702,Inserted inside the current SQL transaction.
COMMITTED,ATTENDANCE,CALTHORPE|CHAIR BASED EXERCISE|2026-05-14|1130|1215|CARD:855,NEW_ATTENDANCE,23703,Inserted inside the current SQL transaction.
COMMITTED,ATTENDANCE,CALTHORPE|CIRCUIT TRAINING|2026-05-14|0930|1015|CARD:412,ALREADY_IN_CRM,5317,Skipped because this participant already has attendance for the resolved session.
COMMITTED,ATTENDANCE,CALTHORPE|CIRCUIT TRAINING|2026-05-14|0930|1015|CARD:429,ALREADY_IN_CRM,5320,Skipped because this participant already has attendance for the resolved session.
COMMITTED,ATTENDANCE,CALTHORPE|CIRCUIT TRAINING|2026-05-14|0930|1015|CARD:441,ALREADY_IN_CRM,5321,Skipped because this participant already has attendance for the resolved session.
COMMITTED,ATTENDANCE,CALTHORPE|CIRCUIT TRAINING|2026-05-14|0930|1015|CARD:470,ALREADY_IN_CRM,5322,Skipped because this participant already has attendance for the resolved session.
COMMITTED,ATTENDANCE,CALTHORPE|CIRCUIT TRAINING|2026-05-14|0930|1015|CARD:486,ALREADY_IN_CRM,5314,Skipped because this participant already has attendance for the resolved session.
COMMITTED,ATTENDANCE,CALTHORPE|CIRCUIT TRAINING|2026-05-14|0930|1015|CARD:648,ALREADY_IN_CRM,5313,Skipped because this participant already has attendance for the resolved session.
COMMITTED,ATTENDANCE,CALTHORPE|CIRCUIT TRAINING|2026-05-14|0930|1015|CARD:690,ALREADY_IN_CRM,5318,Skipped because this participant already has attendance for the resolved session.
COMMITTED,ATTENDANCE,CALTHORPE|CIRCUIT TRAINING|2026-05-14|0930|1015|CARD:691,ALREADY_IN_CRM,5315,Skipped because this participant already has attendance for the resolved session.
COMMITTED,ATTENDANCE,CALTHORPE|CIRCUIT TRAINING|2026-05-14|0930|1015|CARD:698,NEW_ATTENDANCE,23704,Inserted inside the current SQL transaction.
COMMITTED,ATTENDANCE,CALTHORPE|CIRCUIT TRAINING|2026-05-14|0930|1015|CARD:727,ALREADY_IN_CRM,5316,Skipped because this participant already has attendance for the resolved session.
COMMITTED,ATTENDANCE,CALTHORPE|CIRCUIT TRAINING|2026-05-14|0930|1015|CARD:761,ALREADY_IN_CRM,5323,Skipped because this participant already has attendance for the resolved session.
COMMITTED,ATTENDANCE,CALTHORPE|CROCHET|2026-05-14|1230|1415|CARD:418,NEW_ATTENDANCE,23705,Inserted inside the current SQL transaction.
COMMITTED,ATTENDANCE,CALTHORPE|CROCHET|2026-05-14|1230|1415|CARD:424,NEW_ATTENDANCE,23706,Inserted inside the current SQL transaction.
COMMITTED,ATTENDANCE,CALTHORPE|CROCHET|2026-05-14|1230|1415|CARD:491,NEW_ATTENDANCE,23707,Inserted inside the current SQL transaction.
COMMITTED,ATTENDANCE,CALTHORPE|CROCHET|2026-05-14|1230|1415|CARD:586,NEW_ATTENDANCE,23708,Inserted inside the current SQL transaction.
COMMITTED,ATTENDANCE,CALTHORPE|CROCHET|2026-05-14|1230|1415|CARD:638,NEW_ATTENDANCE,23709,Inserted inside the current SQL transaction.
COMMITTED,ATTENDANCE,CALTHORPE|CROCHET|2026-05-14|1230|1415|CARD:655,NEW_ATTENDANCE,23710,Inserted inside the current SQL transaction.
COMMITTED,ATTENDANCE,CALTHORPE|CROCHET|2026-05-14|1230|1415|CARD:849,NEW_ATTENDANCE,23711,Inserted inside the current SQL transaction.
COMMITTED,ATTENDANCE,CALTHORPE|MEN'S MULTI SPORTS|2026-05-14|1030|1130|CARD:1550,NEW_ATTENDANCE,23712,Inserted inside the current SQL transaction.
COMMITTED,ATTENDANCE,CALTHORPE|MEN'S MULTI SPORTS|2026-05-14|1030|1130|CARD:1599,NEW_ATTENDANCE,23713,Inserted inside the current SQL transaction.
COMMITTED,ATTENDANCE,CALTHORPE|MEN'S MULTI SPORTS|2026-05-14|1030|1130|CARD:487,NEW_ATTENDANCE,23714,Inserted inside the current SQL transaction.
COMMITTED,ATTENDANCE,CALTHORPE|MEN'S MULTI SPORTS|2026-05-14|1030|1130|CARD:689,NEW_ATTENDANCE,23715,Inserted inside the current SQL transaction.
COMMITTED,ATTENDANCE,CALTHORPE|MEN'S MULTI SPORTS|2026-05-14|1030|1130|CARD:791,NEW_ATTENDANCE,23716,Inserted inside the current SQL transaction.
COMMITTED,ATTENDANCE,CALTHORPE|WALK WITH ABI|2026-05-14|1015|1115|CARD:1447,NEW_ATTENDANCE,23717,Inserted inside the current SQL transaction.
COMMITTED,ATTENDANCE,CALTHORPE|WALK WITH ABI|2026-05-14|1015|1115|CARD:1617,NEW_ATTENDANCE,23718,Inserted inside the current SQL transaction.
COMMITTED,ATTENDANCE,CALTHORPE|WALK WITH ABI|2026-05-14|1015|1115|CARD:373,NEW_ATTENDANCE,23719,Inserted inside the current SQL transaction.
COMMITTED,ATTENDANCE,CALTHORPE|WALK WITH ABI|2026-05-14|1015|1115|CARD:441,NEW_ATTENDANCE,23720,Inserted inside the current SQL transaction.
COMMITTED,ATTENDANCE,CALTHORPE|WALK WITH ABI|2026-05-14|1015|1115|CARD:727,NEW_ATTENDANCE,23721,Inserted inside the current SQL transaction.
COMMITTED,ATTENDANCE,CALTHORPE|ARTS|2026-05-15|1230|1400|CARD:376,NEW_ATTENDANCE,23722,Inserted inside the current SQL transaction.
COMMITTED,ATTENDANCE,CALTHORPE|ARTS|2026-05-15|1230|1400|CARD:416,NEW_ATTENDANCE,23723,Inserted inside the current SQL transaction.
COMMITTED,ATTENDANCE,CALTHORPE|ARTS|2026-05-15|1230|1400|CARD:440,NEW_ATTENDANCE,23724,Inserted inside the current SQL transaction.
COMMITTED,ATTENDANCE,CALTHORPE|ARTS|2026-05-15|1230|1400|CARD:518,NEW_ATTENDANCE,23725,Inserted inside the current SQL transaction.
COMMITTED,ATTENDANCE,CALTHORPE|ARTS|2026-05-15|1230|1400|CARD:541,NEW_ATTENDANCE,23726,Inserted inside the current SQL transaction.
COMMITTED,ATTENDANCE,CALTHORPE|ARTS|2026-05-15|1230|1400|CARD:691,NEW_ATTENDANCE,23727,Inserted inside the current SQL transaction.
COMMITTED,ATTENDANCE,CALTHORPE|ARTS|2026-05-15|1230|1400|CARD:849,NEW_ATTENDANCE,23728,Inserted inside the current SQL transaction.
COMMITTED,ATTENDANCE,CALTHORPE|BODY CONDITIONING|2026-05-15|1100|1145|CARD:1531,NEW_ATTENDANCE,23729,Inserted inside the current SQL transaction.
COMMITTED,ATTENDANCE,CALTHORPE|BODY CONDITIONING|2026-05-15|1100|1145|CARD:1532,NEW_ATTENDANCE,23730,Inserted inside the current SQL transaction.
COMMITTED,ATTENDANCE,CALTHORPE|BODY CONDITIONING|2026-05-15|1100|1145|CARD:1549,NEW_ATTENDANCE,23731,Inserted inside the current SQL transaction.
COMMITTED,ATTENDANCE,CALTHORPE|BODY CONDITIONING|2026-05-15|1100|1145|CARD:346,NEW_ATTENDANCE,23732,Inserted inside the current SQL transaction.
COMMITTED,ATTENDANCE,CALTHORPE|BODY CONDITIONING|2026-05-15|1100|1145|CARD:377,NEW_ATTENDANCE,23733,Inserted inside the current SQL transaction.
COMMITTED,ATTENDANCE,CALTHORPE|BODY CONDITIONING|2026-05-15|1100|1145|CARD:380,NEW_ATTENDANCE,23734,Inserted inside the current SQL transaction.
COMMITTED,ATTENDANCE,CALTHORPE|BODY CONDITIONING|2026-05-15|1100|1145|CARD:470,NEW_ATTENDANCE,23735,Inserted inside the current SQL transaction.
COMMITTED,ATTENDANCE,CALTHORPE|BODY CONDITIONING|2026-05-15|1100|1145|CARD:568,NEW_ATTENDANCE,23736,Inserted inside the current SQL transaction.
COMMITTED,ATTENDANCE,CALTHORPE|BODY CONDITIONING|2026-05-15|1100|1145|CARD:625,NEW_ATTENDANCE,23737,Inserted inside the current SQL transaction.
COMMITTED,ATTENDANCE,CALTHORPE|BODY CONDITIONING|2026-05-15|1100|1145|CARD:727,NEW_ATTENDANCE,23738,Inserted inside the current SQL transaction.
COMMITTED,ATTENDANCE,CALTHORPE|BODY CONDITIONING|2026-05-15|1100|1145|CARD:797,NEW_ATTENDANCE,23739,Inserted inside the current SQL transaction.
COMMITTED,ATTENDANCE,CALTHORPE|BODY CONDITIONING|2026-05-15|1100|1145|CARD:851,NEW_ATTENDANCE,23740,Inserted inside the current SQL transaction.
COMMITTED,ATTENDANCE,CALTHORPE|PILATES|2026-05-15|1200|1245|CARD:1502,NEW_ATTENDANCE,23741,Inserted inside the current SQL transaction.
COMMITTED,ATTENDANCE,CALTHORPE|PILATES|2026-05-15|1200|1245|CARD:1531,NEW_ATTENDANCE,23742,Inserted inside the current SQL transaction.
COMMITTED,ATTENDANCE,CALTHORPE|PILATES|2026-05-15|1200|1245|CARD:1536,NEW_ATTENDANCE,23743,Inserted inside the current SQL transaction.
COMMITTED,ATTENDANCE,CALTHORPE|PILATES|2026-05-15|1200|1245|CARD:1549,NEW_ATTENDANCE,23744,Inserted inside the current SQL transaction.
COMMITTED,ATTENDANCE,CALTHORPE|PILATES|2026-05-15|1200|1245|CARD:157,NEW_ATTENDANCE,23745,Inserted inside the current SQL transaction.
COMMITTED,ATTENDANCE,CALTHORPE|PILATES|2026-05-15|1200|1245|CARD:1631,NEW_ATTENDANCE,23746,Inserted inside the current SQL transaction.
COMMITTED,ATTENDANCE,CALTHORPE|PILATES|2026-05-15|1200|1245|CARD:1632,NEW_ATTENDANCE,23747,Inserted inside the current SQL transaction.
COMMITTED,ATTENDANCE,CALTHORPE|PILATES|2026-05-15|1200|1245|CARD:337,NEW_ATTENDANCE,23748,Inserted inside the current SQL transaction.
COMMITTED,ATTENDANCE,CALTHORPE|PILATES|2026-05-15|1200|1245|CARD:385,NEW_ATTENDANCE,23749,Inserted inside the current SQL transaction.
COMMITTED,ATTENDANCE,CALTHORPE|PILATES|2026-05-15|1200|1245|CARD:390,NEW_ATTENDANCE,23750,Inserted inside the current SQL transaction.
COMMITTED,ATTENDANCE,CALTHORPE|PILATES|2026-05-15|1200|1245|CARD:442,NEW_ATTENDANCE,23751,Inserted inside the current SQL transaction.
COMMITTED,ATTENDANCE,CALTHORPE|PILATES|2026-05-15|1200|1245|CARD:486,NEW_ATTENDANCE,23752,Inserted inside the current SQL transaction.
COMMITTED,ATTENDANCE,CALTHORPE|PILATES|2026-05-15|1200|1245|CARD:572,NEW_ATTENDANCE,23753,Inserted inside the current SQL transaction.
COMMITTED,ATTENDANCE,CALTHORPE|PILATES|2026-05-15|1200|1245|CARD:606,NEW_ATTENDANCE,23754,Inserted inside the current SQL transaction.
COMMITTED,ATTENDANCE,CALTHORPE|PILATES|2026-05-15|1200|1245|CARD:631,NEW_ATTENDANCE,23755,Inserted inside the current SQL transaction.
COMMITTED,ATTENDANCE,CALTHORPE|PILATES|2026-05-15|1200|1245|CARD:635,NEW_ATTENDANCE,23756,Inserted inside the current SQL transaction.
COMMITTED,ATTENDANCE,CALTHORPE|PILATES|2026-05-15|1200|1245|CARD:691,NEW_ATTENDANCE,23757,Inserted inside the current SQL transaction.
COMMITTED,ATTENDANCE,CALTHORPE|PILATES|2026-05-15|1200|1245|CARD:806,NEW_ATTENDANCE,23758,Inserted inside the current SQL transaction.
COMMITTED,ATTENDANCE,CALTHORPE|CHAIR BASED EXERCISE|2026-05-18|1130|1215|CARD:1513,NEW_ATTENDANCE,23759,Inserted inside the current SQL transaction.
COMMITTED,ATTENDANCE,CALTHORPE|CHAIR BASED EXERCISE|2026-05-18|1130|1215|CARD:1549,NEW_ATTENDANCE,23760,Inserted inside the current SQL transaction.
COMMITTED,ATTENDANCE,CALTHORPE|CHAIR BASED EXERCISE|2026-05-18|1130|1215|CARD:337,NEW_ATTENDANCE,23761,Inserted inside the current SQL transaction.
COMMITTED,ATTENDANCE,CALTHORPE|CHAIR BASED EXERCISE|2026-05-18|1130|1215|CARD:380,NEW_ATTENDANCE,23762,Inserted inside the current SQL transaction.
COMMITTED,ATTENDANCE,CALTHORPE|CHAIR BASED EXERCISE|2026-05-18|1130|1215|CARD:410,NEW_ATTENDANCE,23763,Inserted inside the current SQL transaction.
COMMITTED,ATTENDANCE,CALTHORPE|CHAIR BASED EXERCISE|2026-05-18|1130|1215|CARD:415,NEW_ATTENDANCE,23764,Inserted inside the current SQL transaction.
COMMITTED,ATTENDANCE,CALTHORPE|CHAIR BASED EXERCISE|2026-05-18|1130|1215|CARD:418,NEW_ATTENDANCE,23765,Inserted inside the current SQL transaction.
COMMITTED,ATTENDANCE,CALTHORPE|CHAIR BASED EXERCISE|2026-05-18|1130|1215|CARD:434,NEW_ATTENDANCE,23766,Inserted inside the current SQL transaction.
COMMITTED,ATTENDANCE,CALTHORPE|CHAIR BASED EXERCISE|2026-05-18|1130|1215|CARD:444,NEW_ATTENDANCE,23767,Inserted inside the current SQL transaction.
COMMITTED,ATTENDANCE,CALTHORPE|CHAIR BASED EXERCISE|2026-05-18|1130|1215|CARD:485,NEW_ATTENDANCE,23768,Inserted inside the current SQL transaction.
COMMITTED,ATTENDANCE,CALTHORPE|CHAIR BASED EXERCISE|2026-05-18|1130|1215|CARD:572,NEW_ATTENDANCE,23769,Inserted inside the current SQL transaction.
COMMITTED,ATTENDANCE,CALTHORPE|CHAIR BASED EXERCISE|2026-05-18|1130|1215|CARD:620,NEW_ATTENDANCE,23770,Inserted inside the current SQL transaction.
COMMITTED,ATTENDANCE,CALTHORPE|CHAIR BASED EXERCISE|2026-05-18|1130|1215|CARD:631,NEW_ATTENDANCE,23771,Inserted inside the current SQL transaction.
COMMITTED,ATTENDANCE,CALTHORPE|CHAIR BASED EXERCISE|2026-05-18|1130|1215|CARD:638,NEW_ATTENDANCE,23772,Inserted inside the current SQL transaction.
COMMITTED,ATTENDANCE,CALTHORPE|CHAIR BASED EXERCISE|2026-05-18|1130|1215|CARD:642,NEW_ATTENDANCE,23773,Inserted inside the current SQL transaction.
COMMITTED,ATTENDANCE,CALTHORPE|CHAIR BASED EXERCISE|2026-05-18|1130|1215|CARD:717,NEW_ATTENDANCE,23774,Inserted inside the current SQL transaction.
COMMITTED,ATTENDANCE,CALTHORPE|CHAIR BASED EXERCISE|2026-05-18|1130|1215|CARD:852,NEW_ATTENDANCE,23775,Inserted inside the current SQL transaction.
COMMITTED,ATTENDANCE,CALTHORPE|CHAIR BASED EXERCISE|2026-05-18|1130|1215|CARD:853,NEW_ATTENDANCE,23776,Inserted inside the current SQL transaction.
COMMITTED,ATTENDANCE,CALTHORPE|CHAIR BASED EXERCISE|2026-05-18|1130|1215|CARD:855,NEW_ATTENDANCE,23777,Inserted inside the current SQL transaction.
COMMITTED,ATTENDANCE,CALTHORPE|CHAIR BASED EXERCISE|2026-05-18|1130|1215|NAME:debbie ricket,NEW_ATTENDANCE,23778,Inserted inside the current SQL transaction.
COMMITTED,ATTENDANCE,CALTHORPE|CROCHET|2026-05-18|1230|1415|CARD:1567,NEW_ATTENDANCE,23779,Inserted inside the current SQL transaction.
COMMITTED,ATTENDANCE,CALTHORPE|CROCHET|2026-05-18|1230|1415|CARD:416,NEW_ATTENDANCE,23780,Inserted inside the current SQL transaction.
COMMITTED,ATTENDANCE,CALTHORPE|CROCHET|2026-05-18|1230|1415|CARD:418,NEW_ATTENDANCE,23781,Inserted inside the current SQL transaction.
COMMITTED,ATTENDANCE,CALTHORPE|CROCHET|2026-05-18|1230|1415|CARD:436,NEW_ATTENDANCE,23782,Inserted inside the current SQL transaction.
COMMITTED,ATTENDANCE,CALTHORPE|CROCHET|2026-05-18|1230|1415|CARD:468,NEW_ATTENDANCE,23783,Inserted inside the current SQL transaction.
COMMITTED,ATTENDANCE,CALTHORPE|CROCHET|2026-05-18|1230|1415|CARD:513,NEW_ATTENDANCE,23784,Inserted inside the current SQL transaction.
COMMITTED,ATTENDANCE,CALTHORPE|CROCHET|2026-05-18|1230|1415|CARD:586,NEW_ATTENDANCE,23785,Inserted inside the current SQL transaction.
COMMITTED,ATTENDANCE,CALTHORPE|CROCHET|2026-05-18|1230|1415|CARD:613,NEW_ATTENDANCE,23786,Inserted inside the current SQL transaction.
COMMITTED,ATTENDANCE,CALTHORPE|CROCHET|2026-05-18|1230|1415|CARD:616,NEW_ATTENDANCE,23787,Inserted inside the current SQL transaction.
COMMITTED,ATTENDANCE,CALTHORPE|CROCHET|2026-05-18|1230|1415|CARD:638,NEW_ATTENDANCE,23788,Inserted inside the current SQL transaction.
COMMITTED,ATTENDANCE,CALTHORPE|CROCHET|2026-05-18|1230|1415|CARD:657,NEW_ATTENDANCE,23789,Inserted inside the current SQL transaction.
COMMITTED,ATTENDANCE,CALTHORPE|CROCHET|2026-05-18|1230|1415|CARD:708,NEW_ATTENDANCE,23790,Inserted inside the current SQL transaction.
COMMITTED,ATTENDANCE,CALTHORPE|CROCHET|2026-05-18|1230|1415|CARD:794,NEW_ATTENDANCE,23791,Inserted inside the current SQL transaction.
COMMITTED,ATTENDANCE,CALTHORPE|CROCHET|2026-05-18|1230|1415|CARD:996,NEW_ATTENDANCE,23792,Inserted inside the current SQL transaction.
COMMITTED,ATTENDANCE,CALTHORPE|CROCHET|2026-05-18|1230|1415|NAME:nagia saeid,NEW_ATTENDANCE,23793,Inserted inside the current SQL transaction.
COMMITTED,ATTENDANCE,CALTHORPE|STRENGTH & STRETCH|2026-05-18|1030|1115|CARD:249,NEW_ATTENDANCE,23794,Inserted inside the current SQL transaction.
COMMITTED,ATTENDANCE,CALTHORPE|STRENGTH & STRETCH|2026-05-18|1030|1115|CARD:691,NEW_ATTENDANCE,23795,Inserted inside the current SQL transaction.
COMMITTED,ATTENDANCE,CALTHORPE|STRENGTH & STRETCH|2026-05-18|1030|1115|CARD:717,NEW_ATTENDANCE,23796,Inserted inside the current SQL transaction.
COMMITTED,ATTENDANCE,CALTHORPE|STRENGTH & STRETCH|2026-05-18|1030|1115|CARD:740,NEW_ATTENDANCE,23797,Inserted inside the current SQL transaction.
COMMITTED,ATTENDANCE,CALTHORPE|STRENGTH & STRETCH|2026-05-18|1030|1115|CARD:780,NEW_ATTENDANCE,23798,Inserted inside the current SQL transaction.
COMMITTED,ATTENDANCE,CALTHORPE|STRENGTH & STRETCH|2026-05-18|1030|1115|CARD:851,NEW_ATTENDANCE,23799,Inserted inside the current SQL transaction.
COMMITTED,ATTENDANCE,CALTHORPE|STRENGTH & STRETCH|2026-05-18|1030|1115|CARD:996,NEW_ATTENDANCE,23800,Inserted inside the current SQL transaction.
COMMITTED,ATTENDANCE,CALTHORPE|STRENGTH & STRETCH|2026-05-19|0930|1030|CARD:157,NEW_ATTENDANCE,23801,Inserted inside the current SQL transaction.
COMMITTED,ATTENDANCE,CALTHORPE|STRENGTH & STRETCH|2026-05-19|0930|1030|CARD:337,NEW_ATTENDANCE,23802,Inserted inside the current SQL transaction.
COMMITTED,ATTENDANCE,CALTHORPE|STRENGTH & STRETCH|2026-05-19|0930|1030|CARD:390,NEW_ATTENDANCE,23803,Inserted inside the current SQL transaction.
COMMITTED,ATTENDANCE,CALTHORPE|STRENGTH & STRETCH|2026-05-19|0930|1030|CARD:429,NEW_ATTENDANCE,23804,Inserted inside the current SQL transaction.
COMMITTED,ATTENDANCE,CALTHORPE|STRENGTH & STRETCH|2026-05-19|0930|1030|CARD:470,NEW_ATTENDANCE,23805,Inserted inside the current SQL transaction.
COMMITTED,ATTENDANCE,CALTHORPE|STRENGTH & STRETCH|2026-05-19|0930|1030|CARD:596,NEW_ATTENDANCE,23806,Inserted inside the current SQL transaction.
COMMITTED,ATTENDANCE,CALTHORPE|STRENGTH & STRETCH|2026-05-19|0930|1030|CARD:604,NEW_ATTENDANCE,23807,Inserted inside the current SQL transaction.
COMMITTED,ATTENDANCE,CALTHORPE|STRENGTH & STRETCH|2026-05-19|0930|1030|CARD:639,NEW_ATTENDANCE,23808,Inserted inside the current SQL transaction.
COMMITTED,ATTENDANCE,CALTHORPE|STRENGTH & STRETCH|2026-05-19|0930|1030|CARD:642,NEW_ATTENDANCE,23809,Inserted inside the current SQL transaction.
COMMITTED,ATTENDANCE,CALTHORPE|STRENGTH & STRETCH|2026-05-19|0930|1030|CARD:681,NEW_ATTENDANCE,23810,Inserted inside the current SQL transaction.
COMMITTED,ATTENDANCE,CALTHORPE|STRENGTH & STRETCH|2026-05-19|0930|1030|CARD:764,NEW_ATTENDANCE,23811,Inserted inside the current SQL transaction.
COMMITTED,ATTENDANCE,CALTHORPE|STRENGTH & STRETCH|2026-05-19|0930|1030|CARD:995,NEW_ATTENDANCE,23812,Inserted inside the current SQL transaction.
COMMITTED,ATTENDANCE,CALTHORPE|YOGA|2026-05-19|1715|1815|CARD:1531,NEW_ATTENDANCE,23813,Inserted inside the current SQL transaction.
COMMITTED,ATTENDANCE,CALTHORPE|YOGA|2026-05-19|1715|1815|CARD:1549,NEW_ATTENDANCE,23814,Inserted inside the current SQL transaction.
COMMITTED,ATTENDANCE,CALTHORPE|YOGA|2026-05-19|1715|1815|CARD:1631,NEW_ATTENDANCE,23815,Inserted inside the current SQL transaction.
COMMITTED,ATTENDANCE,CALTHORPE|YOGA|2026-05-19|1715|1815|CARD:572,NEW_ATTENDANCE,23816,Inserted inside the current SQL transaction.
COMMITTED,ATTENDANCE,CALTHORPE|YOGA|2026-05-19|1715|1815|CARD:617,NEW_ATTENDANCE,23817,Inserted inside the current SQL transaction.
COMMITTED,ATTENDANCE,CALTHORPE|YOGA|2026-05-19|1715|1815|CARD:629,NEW_ATTENDANCE,23818,Inserted inside the current SQL transaction.
COMMITTED,ATTENDANCE,CALTHORPE|YOGA|2026-05-19|1715|1815|CARD:704,NEW_ATTENDANCE,23819,Inserted inside the current SQL transaction.
COMMITTED,ATTENDANCE,CALTHORPE|YOGA|2026-05-19|1715|1815|CARD:717,NEW_ATTENDANCE,23820,Inserted inside the current SQL transaction.
COMMITTED,ATTENDANCE,CALTHORPE|SALSA/BELLY DANCING|2026-05-20|1100|1200|CARD:1633,NEW_ATTENDANCE,23821,Inserted inside the current SQL transaction.
COMMITTED,ATTENDANCE,CALTHORPE|SALSA/BELLY DANCING|2026-05-20|1100|1200|CARD:351,NEW_ATTENDANCE,23822,Inserted inside the current SQL transaction.
COMMITTED,ATTENDANCE,CALTHORPE|SALSA/BELLY DANCING|2026-05-20|1100|1200|CARD:441,NEW_ATTENDANCE,23823,Inserted inside the current SQL transaction.
COMMITTED,ATTENDANCE,CALTHORPE|SALSA/BELLY DANCING|2026-05-20|1100|1200|CARD:504,NEW_ATTENDANCE,23824,Inserted inside the current SQL transaction.
COMMITTED,ATTENDANCE,CALTHORPE|SALSA/BELLY DANCING|2026-05-20|1100|1200|CARD:549,NEW_ATTENDANCE,23825,Inserted inside the current SQL transaction.
COMMITTED,ATTENDANCE,CALTHORPE|SALSA/BELLY DANCING|2026-05-20|1100|1200|CARD:605,NEW_ATTENDANCE,23826,Inserted inside the current SQL transaction.
COMMITTED,ATTENDANCE,CALTHORPE|SALSA/BELLY DANCING|2026-05-20|1100|1200|CARD:691,NEW_ATTENDANCE,23827,Inserted inside the current SQL transaction.
COMMITTED,ATTENDANCE,CALTHORPE|SALSA/BELLY DANCING|2026-05-20|1100|1200|CARD:995,NEW_ATTENDANCE,23828,Inserted inside the current SQL transaction.
COMMITTED,ATTENDANCE,CALTHORPE|SALSA/BELLY DANCING|2026-05-20|1100|1200|NAME:hamda,NEW_ATTENDANCE,23829,Inserted inside the current SQL transaction.
COMMITTED,ATTENDANCE,CALTHORPE|SALSA/BELLY DANCING|2026-05-20|1100|1200|NAME:nasra,NEW_ATTENDANCE,23830,Inserted inside the current SQL transaction.
COMMITTED,ATTENDANCE,CALTHORPE|SALSA/BELLY DANCING|2026-05-20|1100|1200|NAME:sakina rassool,NEW_ATTENDANCE,23831,Inserted inside the current SQL transaction.
COMMITTED,ATTENDANCE,CALTHORPE|SALSA/BELLY DANCING|2026-05-20|1100|1200|NAME:seble 6029,NEW_ATTENDANCE,23832,Inserted inside the current SQL transaction.
COMMITTED,ATTENDANCE,CALTHORPE|SALSA/BELLY DANCING|2026-05-20|1100|1200|NAME:souhab,NEW_ATTENDANCE,23833,Inserted inside the current SQL transaction.
COMMITTED,ATTENDANCE,CALTHORPE|CHAIR BASED EXERCISE|2026-05-21|1130|1215|CARD:380,NEW_ATTENDANCE,23834,Inserted inside the current SQL transaction.
COMMITTED,ATTENDANCE,CALTHORPE|CHAIR BASED EXERCISE|2026-05-21|1130|1215|CARD:410,NEW_ATTENDANCE,23835,Inserted inside the current SQL transaction.
COMMITTED,ATTENDANCE,CALTHORPE|CHAIR BASED EXERCISE|2026-05-21|1130|1215|CARD:415,NEW_ATTENDANCE,23836,Inserted inside the current SQL transaction.
COMMITTED,ATTENDANCE,CALTHORPE|CHAIR BASED EXERCISE|2026-05-21|1130|1215|CARD:416,NEW_ATTENDANCE,23837,Inserted inside the current SQL transaction.
COMMITTED,ATTENDANCE,CALTHORPE|CHAIR BASED EXERCISE|2026-05-21|1130|1215|CARD:418,NEW_ATTENDANCE,23838,Inserted inside the current SQL transaction.
COMMITTED,ATTENDANCE,CALTHORPE|CHAIR BASED EXERCISE|2026-05-21|1130|1215|CARD:444,NEW_ATTENDANCE,23839,Inserted inside the current SQL transaction.
COMMITTED,ATTENDANCE,CALTHORPE|CHAIR BASED EXERCISE|2026-05-21|1130|1215|CARD:485,NEW_ATTENDANCE,23840,Inserted inside the current SQL transaction.
COMMITTED,ATTENDANCE,CALTHORPE|CHAIR BASED EXERCISE|2026-05-21|1130|1215|CARD:601,NEW_ATTENDANCE,23841,Inserted inside the current SQL transaction.
COMMITTED,ATTENDANCE,CALTHORPE|CHAIR BASED EXERCISE|2026-05-21|1130|1215|CARD:620,NEW_ATTENDANCE,23842,Inserted inside the current SQL transaction.
COMMITTED,ATTENDANCE,CALTHORPE|CHAIR BASED EXERCISE|2026-05-21|1130|1215|CARD:638,NEW_ATTENDANCE,23843,Inserted inside the current SQL transaction.
COMMITTED,ATTENDANCE,CALTHORPE|CHAIR BASED EXERCISE|2026-05-21|1130|1215|CARD:642,NEW_ATTENDANCE,23844,Inserted inside the current SQL transaction.
COMMITTED,ATTENDANCE,CALTHORPE|CHAIR BASED EXERCISE|2026-05-21|1130|1215|CARD:655,NEW_ATTENDANCE,23845,Inserted inside the current SQL transaction.
COMMITTED,ATTENDANCE,CALTHORPE|CHAIR BASED EXERCISE|2026-05-21|1130|1215|CARD:706,NEW_ATTENDANCE,23846,Inserted inside the current SQL transaction.
COMMITTED,ATTENDANCE,CALTHORPE|CHAIR BASED EXERCISE|2026-05-21|1130|1215|CARD:715,NEW_ATTENDANCE,23847,Inserted inside the current SQL transaction.
COMMITTED,ATTENDANCE,CALTHORPE|CHAIR BASED EXERCISE|2026-05-21|1130|1215|CARD:753,NEW_ATTENDANCE,23848,Inserted inside the current SQL transaction.
COMMITTED,ATTENDANCE,CALTHORPE|CHAIR BASED EXERCISE|2026-05-21|1130|1215|CARD:855,NEW_ATTENDANCE,23849,Inserted inside the current SQL transaction.
COMMITTED,ATTENDANCE,CALTHORPE|CHAIR BASED EXERCISE|2026-05-21|1130|1215|CARD:862,NEW_ATTENDANCE,23850,Inserted inside the current SQL transaction.
COMMITTED,ATTENDANCE,CALTHORPE|CHAIR BASED EXERCISE|2026-05-21|1130|1215|CARD:866,NEW_ATTENDANCE,23851,Inserted inside the current SQL transaction.
COMMITTED,ATTENDANCE,CALTHORPE|CIRCUIT TRAINING|2026-05-21|0930|1015|CARD:1532,NEW_ATTENDANCE,23852,Inserted inside the current SQL transaction.
COMMITTED,ATTENDANCE,CALTHORPE|CIRCUIT TRAINING|2026-05-21|0930|1015|CARD:412,NEW_ATTENDANCE,23853,Inserted inside the current SQL transaction.
COMMITTED,ATTENDANCE,CALTHORPE|CIRCUIT TRAINING|2026-05-21|0930|1015|CARD:429,NEW_ATTENDANCE,23854,Inserted inside the current SQL transaction.
COMMITTED,ATTENDANCE,CALTHORPE|CIRCUIT TRAINING|2026-05-21|0930|1015|CARD:470,NEW_ATTENDANCE,23855,Inserted inside the current SQL transaction.
COMMITTED,ATTENDANCE,CALTHORPE|CIRCUIT TRAINING|2026-05-21|0930|1015|CARD:486,NEW_ATTENDANCE,23856,Inserted inside the current SQL transaction.
COMMITTED,ATTENDANCE,CALTHORPE|CIRCUIT TRAINING|2026-05-21|0930|1015|CARD:596,NEW_ATTENDANCE,23857,Inserted inside the current SQL transaction.
COMMITTED,ATTENDANCE,CALTHORPE|CIRCUIT TRAINING|2026-05-21|0930|1015|CARD:604,NEW_ATTENDANCE,23858,Inserted inside the current SQL transaction.
COMMITTED,ATTENDANCE,CALTHORPE|CIRCUIT TRAINING|2026-05-21|0930|1015|CARD:648,NEW_ATTENDANCE,23859,Inserted inside the current SQL transaction.
COMMITTED,ATTENDANCE,CALTHORPE|CIRCUIT TRAINING|2026-05-21|0930|1015|CARD:690,NEW_ATTENDANCE,23860,Inserted inside the current SQL transaction.
COMMITTED,ATTENDANCE,CALTHORPE|CIRCUIT TRAINING|2026-05-21|0930|1015|CARD:691,NEW_ATTENDANCE,23861,Inserted inside the current SQL transaction.
COMMITTED,ATTENDANCE,CALTHORPE|CIRCUIT TRAINING|2026-05-21|0930|1015|CARD:698,NEW_ATTENDANCE,23862,Inserted inside the current SQL transaction.
COMMITTED,ATTENDANCE,CALTHORPE|CIRCUIT TRAINING|2026-05-21|0930|1015|CARD:761,NEW_ATTENDANCE,23863,Inserted inside the current SQL transaction.
COMMITTED,ATTENDANCE,CALTHORPE|CIRCUIT TRAINING|2026-05-21|0930|1015|CARD:770,NEW_ATTENDANCE,23864,Inserted inside the current SQL transaction.
COMMITTED,ATTENDANCE,CALTHORPE|CIRCUIT TRAINING|2026-05-21|0930|1015|CARD:850,NEW_ATTENDANCE,23865,Inserted inside the current SQL transaction.
COMMITTED,ATTENDANCE,CALTHORPE|CROCHET|2026-05-21|1230|1415|CARD:1633,NEW_ATTENDANCE,23866,Inserted inside the current SQL transaction.
COMMITTED,ATTENDANCE,CALTHORPE|CROCHET|2026-05-21|1230|1415|CARD:418,NEW_ATTENDANCE,23867,Inserted inside the current SQL transaction.
COMMITTED,ATTENDANCE,CALTHORPE|CROCHET|2026-05-21|1230|1415|CARD:424,NEW_ATTENDANCE,23868,Inserted inside the current SQL transaction.
COMMITTED,ATTENDANCE,CALTHORPE|CROCHET|2026-05-21|1230|1415|CARD:586,NEW_ATTENDANCE,23869,Inserted inside the current SQL transaction.
COMMITTED,ATTENDANCE,CALTHORPE|CROCHET|2026-05-21|1230|1415|CARD:638,NEW_ATTENDANCE,23870,Inserted inside the current SQL transaction.
COMMITTED,ATTENDANCE,CALTHORPE|CROCHET|2026-05-21|1230|1415|CARD:655,NEW_ATTENDANCE,23871,Inserted inside the current SQL transaction.
COMMITTED,ATTENDANCE,CALTHORPE|MEN'S MULTI SPORTS|2026-05-21|1030|1130|CARD:1599,NEW_ATTENDANCE,23872,Inserted inside the current SQL transaction.
COMMITTED,ATTENDANCE,CALTHORPE|MEN'S MULTI SPORTS|2026-05-21|1030|1130|CARD:487,NEW_ATTENDANCE,23873,Inserted inside the current SQL transaction.
COMMITTED,ATTENDANCE,CALTHORPE|MEN'S MULTI SPORTS|2026-05-21|1030|1130|CARD:689,NEW_ATTENDANCE,23874,Inserted inside the current SQL transaction.
COMMITTED,ATTENDANCE,CALTHORPE|MEN'S MULTI SPORTS|2026-05-21|1030|1130|CARD:791,NEW_ATTENDANCE,23875,Inserted inside the current SQL transaction.
COMMITTED,ATTENDANCE,CALTHORPE|WALK WITH ABI|2026-05-21|1015|1115|CARD:1447,NEW_ATTENDANCE,23876,Inserted inside the current SQL transaction.
COMMITTED,ATTENDANCE,CALTHORPE|WALK WITH ABI|2026-05-21|1015|1115|CARD:1617,NEW_ATTENDANCE,23877,Inserted inside the current SQL transaction.
COMMITTED,ATTENDANCE,CALTHORPE|WALK WITH ABI|2026-05-21|1015|1115|CARD:486,NEW_ATTENDANCE,23878,Inserted inside the current SQL transaction.
COMMITTED,ATTENDANCE,CALTHORPE|WALK WITH ABI|2026-05-21|1015|1115|CARD:561,NEW_ATTENDANCE,23879,Inserted inside the current SQL transaction.
COMMITTED,ATTENDANCE,CALTHORPE|WALK WITH ABI|2026-05-21|1015|1115|CARD:604,NEW_ATTENDANCE,23880,Inserted inside the current SQL transaction.
COMMITTED,ATTENDANCE,CALTHORPE|ARTS|2026-05-22|1230|1400|CARD:376,NEW_ATTENDANCE,23881,Inserted inside the current SQL transaction.
COMMITTED,ATTENDANCE,CALTHORPE|ARTS|2026-05-22|1230|1400|CARD:416,NEW_ATTENDANCE,23882,Inserted inside the current SQL transaction.
COMMITTED,ATTENDANCE,CALTHORPE|ARTS|2026-05-22|1230|1400|CARD:444,NEW_ATTENDANCE,23883,Inserted inside the current SQL transaction.
COMMITTED,ATTENDANCE,CALTHORPE|ARTS|2026-05-22|1230|1400|CARD:691,NEW_ATTENDANCE,23884,Inserted inside the current SQL transaction.
COMMITTED,ATTENDANCE,CALTHORPE|ARTS|2026-05-22|1230|1400|NAME:yaz,NEW_ATTENDANCE,23885,Inserted inside the current SQL transaction.
COMMITTED,ATTENDANCE,CALTHORPE|BODY CONDITIONING|2026-05-22|1100|1145|CARD:126,NEW_ATTENDANCE,23886,Inserted inside the current SQL transaction.
COMMITTED,ATTENDANCE,CALTHORPE|BODY CONDITIONING|2026-05-22|1100|1145|CARD:1531,NEW_ATTENDANCE,23887,Inserted inside the current SQL transaction.
COMMITTED,ATTENDANCE,CALTHORPE|BODY CONDITIONING|2026-05-22|1100|1145|CARD:1549,NEW_ATTENDANCE,23888,Inserted inside the current SQL transaction.
COMMITTED,ATTENDANCE,CALTHORPE|BODY CONDITIONING|2026-05-22|1100|1145|CARD:346,NEW_ATTENDANCE,23889,Inserted inside the current SQL transaction.
COMMITTED,ATTENDANCE,CALTHORPE|BODY CONDITIONING|2026-05-22|1100|1145|CARD:377,NEW_ATTENDANCE,23890,Inserted inside the current SQL transaction.
COMMITTED,ATTENDANCE,CALTHORPE|BODY CONDITIONING|2026-05-22|1100|1145|CARD:380,NEW_ATTENDANCE,23891,Inserted inside the current SQL transaction.
COMMITTED,ATTENDANCE,CALTHORPE|BODY CONDITIONING|2026-05-22|1100|1145|CARD:406,NEW_ATTENDANCE,23892,Inserted inside the current SQL transaction.
COMMITTED,ATTENDANCE,CALTHORPE|BODY CONDITIONING|2026-05-22|1100|1145|CARD:411,NEW_ATTENDANCE,23893,Inserted inside the current SQL transaction.
COMMITTED,ATTENDANCE,CALTHORPE|BODY CONDITIONING|2026-05-22|1100|1145|CARD:429,NEW_ATTENDANCE,23894,Inserted inside the current SQL transaction.
COMMITTED,ATTENDANCE,CALTHORPE|BODY CONDITIONING|2026-05-22|1100|1145|CARD:470,NEW_ATTENDANCE,23895,Inserted inside the current SQL transaction.
COMMITTED,ATTENDANCE,CALTHORPE|BODY CONDITIONING|2026-05-22|1100|1145|CARD:568,NEW_ATTENDANCE,23896,Inserted inside the current SQL transaction.
COMMITTED,ATTENDANCE,CALTHORPE|BODY CONDITIONING|2026-05-22|1100|1145|CARD:596,NEW_ATTENDANCE,23897,Inserted inside the current SQL transaction.
COMMITTED,ATTENDANCE,CALTHORPE|BODY CONDITIONING|2026-05-22|1100|1145|CARD:700,NEW_ATTENDANCE,23898,Inserted inside the current SQL transaction.
COMMITTED,ATTENDANCE,CALTHORPE|BODY CONDITIONING|2026-05-22|1100|1145|CARD:742,NEW_ATTENDANCE,23899,Inserted inside the current SQL transaction.
COMMITTED,ATTENDANCE,CALTHORPE|BODY CONDITIONING|2026-05-22|1100|1145|CARD:771,NEW_ATTENDANCE,23900,Inserted inside the current SQL transaction.
COMMITTED,ATTENDANCE,CALTHORPE|BODY CONDITIONING|2026-05-22|1100|1145|CARD:851,NEW_ATTENDANCE,23901,Inserted inside the current SQL transaction.
COMMITTED,ATTENDANCE,CALTHORPE|PILATES|2026-05-22|1200|1245|CARD:1531,NEW_ATTENDANCE,23902,Inserted inside the current SQL transaction.
COMMITTED,ATTENDANCE,CALTHORPE|PILATES|2026-05-22|1200|1245|CARD:1543,NEW_ATTENDANCE,23903,Inserted inside the current SQL transaction.
COMMITTED,ATTENDANCE,CALTHORPE|PILATES|2026-05-22|1200|1245|CARD:157,NEW_ATTENDANCE,23904,Inserted inside the current SQL transaction.
COMMITTED,ATTENDANCE,CALTHORPE|PILATES|2026-05-22|1200|1245|CARD:1632,NEW_ATTENDANCE,23905,Inserted inside the current SQL transaction.
COMMITTED,ATTENDANCE,CALTHORPE|PILATES|2026-05-22|1200|1245|CARD:337,NEW_ATTENDANCE,23906,Inserted inside the current SQL transaction.
COMMITTED,ATTENDANCE,CALTHORPE|PILATES|2026-05-22|1200|1245|CARD:385,NEW_ATTENDANCE,23907,Inserted inside the current SQL transaction.
COMMITTED,ATTENDANCE,CALTHORPE|PILATES|2026-05-22|1200|1245|CARD:390,NEW_ATTENDANCE,23908,Inserted inside the current SQL transaction.
COMMITTED,ATTENDANCE,CALTHORPE|PILATES|2026-05-22|1200|1245|CARD:486,NEW_ATTENDANCE,23909,Inserted inside the current SQL transaction.
COMMITTED,ATTENDANCE,CALTHORPE|PILATES|2026-05-22|1200|1245|CARD:606,NEW_ATTENDANCE,23910,Inserted inside the current SQL transaction.
COMMITTED,ATTENDANCE,CALTHORPE|PILATES|2026-05-22|1200|1245|CARD:707,NEW_ATTENDANCE,23911,Inserted inside the current SQL transaction.
COMMITTED,ATTENDANCE,CALTHORPE|STRENGTH & STRETCH|2026-05-26|0930|1030|CARD:1527,NEW_ATTENDANCE,23912,Inserted inside the current SQL transaction.
COMMITTED,ATTENDANCE,CALTHORPE|STRENGTH & STRETCH|2026-05-26|0930|1030|CARD:1528,NEW_ATTENDANCE,23913,Inserted inside the current SQL transaction.
COMMITTED,ATTENDANCE,CALTHORPE|STRENGTH & STRETCH|2026-05-26|0930|1030|CARD:416,NEW_ATTENDANCE,23914,Inserted inside the current SQL transaction.
COMMITTED,ATTENDANCE,CALTHORPE|STRENGTH & STRETCH|2026-05-26|0930|1030|CARD:429,NEW_ATTENDANCE,23915,Inserted inside the current SQL transaction.
COMMITTED,ATTENDANCE,CALTHORPE|STRENGTH & STRETCH|2026-05-26|0930|1030|CARD:441,NEW_ATTENDANCE,23916,Inserted inside the current SQL transaction.
COMMITTED,ATTENDANCE,CALTHORPE|STRENGTH & STRETCH|2026-05-26|0930|1030|CARD:653,NEW_ATTENDANCE,23917,Inserted inside the current SQL transaction.
COMMITTED,ATTENDANCE,CALTHORPE|STRENGTH & STRETCH|2026-05-26|0930|1030|CARD:681,NEW_ATTENDANCE,23918,Inserted inside the current SQL transaction.
COMMITTED,ATTENDANCE,CALTHORPE|STRENGTH & STRETCH|2026-05-26|0930|1030|CARD:691,NEW_ATTENDANCE,23919,Inserted inside the current SQL transaction.
COMMITTED,ATTENDANCE,CALTHORPE|STRENGTH & STRETCH|2026-05-26|0930|1030|CARD:764,NEW_ATTENDANCE,23920,Inserted inside the current SQL transaction.
COMMITTED,ATTENDANCE,CALTHORPE|STRENGTH & STRETCH|2026-05-26|0930|1030|CARD:861,NEW_ATTENDANCE,23921,Inserted inside the current SQL transaction.
COMMITTED,ATTENDANCE,CALTHORPE|YOGA|2026-05-26|1715|1815|CARD:1549,NEW_ATTENDANCE,23922,Inserted inside the current SQL transaction.
COMMITTED,ATTENDANCE,CALTHORPE|YOGA|2026-05-26|1715|1815|CARD:572,NEW_ATTENDANCE,23923,Inserted inside the current SQL transaction.
COMMITTED,ATTENDANCE,CALTHORPE|YOGA|2026-05-26|1715|1815|CARD:617,NEW_ATTENDANCE,23924,Inserted inside the current SQL transaction.
COMMITTED,ATTENDANCE,CALTHORPE|YOGA|2026-05-26|1715|1815|CARD:629,NEW_ATTENDANCE,23925,Inserted inside the current SQL transaction.
COMMITTED,ATTENDANCE,CALTHORPE|YOGA|2026-05-26|1715|1815|CARD:704,NEW_ATTENDANCE,23926,Inserted inside the current SQL transaction.
COMMITTED,ATTENDANCE,CALTHORPE|YOGA|2026-05-26|1715|1815|CARD:717,NEW_ATTENDANCE,23927,Inserted inside the current SQL transaction.
COMMITTED,ATTENDANCE,CALTHORPE|CHAIR BASED EXERCISE|2026-05-28|1130|1215|CARD:154,NEW_ATTENDANCE,23928,Inserted inside the current SQL transaction.
COMMITTED,ATTENDANCE,CALTHORPE|CHAIR BASED EXERCISE|2026-05-28|1130|1215|CARD:416,NEW_ATTENDANCE,23929,Inserted inside the current SQL transaction.
COMMITTED,ATTENDANCE,CALTHORPE|CHAIR BASED EXERCISE|2026-05-28|1130|1215|CARD:418,NEW_ATTENDANCE,23930,Inserted inside the current SQL transaction.
COMMITTED,ATTENDANCE,CALTHORPE|CHAIR BASED EXERCISE|2026-05-28|1130|1215|CARD:419,NEW_ATTENDANCE,23931,Inserted inside the current SQL transaction.
COMMITTED,ATTENDANCE,CALTHORPE|CHAIR BASED EXERCISE|2026-05-28|1130|1215|CARD:655,NEW_ATTENDANCE,23932,Inserted inside the current SQL transaction.
COMMITTED,ATTENDANCE,CALTHORPE|CIRCUIT TRAINING|2026-05-28|0930|1015|CARD:1531,NEW_ATTENDANCE,23933,Inserted inside the current SQL transaction.
COMMITTED,ATTENDANCE,CALTHORPE|CIRCUIT TRAINING|2026-05-28|0930|1015|CARD:2480,NEW_ATTENDANCE,23934,Inserted inside the current SQL transaction.
COMMITTED,ATTENDANCE,CALTHORPE|CIRCUIT TRAINING|2026-05-28|0930|1015|CARD:411,NEW_ATTENDANCE,23935,Inserted inside the current SQL transaction.
COMMITTED,ATTENDANCE,CALTHORPE|CIRCUIT TRAINING|2026-05-28|0930|1015|CARD:441,NEW_ATTENDANCE,23936,Inserted inside the current SQL transaction.
COMMITTED,ATTENDANCE,CALTHORPE|CIRCUIT TRAINING|2026-05-28|0930|1015|CARD:4529,NEW_ATTENDANCE,23937,Inserted inside the current SQL transaction.
COMMITTED,ATTENDANCE,CALTHORPE|CIRCUIT TRAINING|2026-05-28|0930|1015|CARD:691,NEW_ATTENDANCE,23938,Inserted inside the current SQL transaction.
COMMITTED,ATTENDANCE,CALTHORPE|CIRCUIT TRAINING|2026-05-28|0930|1015|CARD:761,NEW_ATTENDANCE,23939,Inserted inside the current SQL transaction.
COMMITTED,ATTENDANCE,CALTHORPE|CIRCUIT TRAINING|2026-05-28|0930|1015|CARD:851,NEW_ATTENDANCE,23940,Inserted inside the current SQL transaction.
COMMITTED,ATTENDANCE,CALTHORPE|CROCHET|2026-05-28|1230|1415|CARD:416,NEW_ATTENDANCE,23941,Inserted inside the current SQL transaction.
COMMITTED,ATTENDANCE,CALTHORPE|CROCHET|2026-05-28|1230|1415|CARD:418,NEW_ATTENDANCE,23942,Inserted inside the current SQL transaction.
COMMITTED,ATTENDANCE,CALTHORPE|CROCHET|2026-05-28|1230|1415|CARD:424,NEW_ATTENDANCE,23943,Inserted inside the current SQL transaction.
COMMITTED,ATTENDANCE,CALTHORPE|CROCHET|2026-05-28|1230|1415|CARD:491,NEW_ATTENDANCE,23944,Inserted inside the current SQL transaction.
COMMITTED,ATTENDANCE,CALTHORPE|CROCHET|2026-05-28|1230|1415|CARD:640,NEW_ATTENDANCE,23945,Inserted inside the current SQL transaction.
COMMITTED,ATTENDANCE,CALTHORPE|BODY CONDITIONING|2026-05-29|1100|1145|CARD:126,NEW_ATTENDANCE,23946,Inserted inside the current SQL transaction.
COMMITTED,ATTENDANCE,CALTHORPE|BODY CONDITIONING|2026-05-29|1100|1145|CARD:1502,NEW_ATTENDANCE,23947,Inserted inside the current SQL transaction.
COMMITTED,ATTENDANCE,CALTHORPE|BODY CONDITIONING|2026-05-29|1100|1145|CARD:346,NEW_ATTENDANCE,23948,Inserted inside the current SQL transaction.
COMMITTED,ATTENDANCE,CALTHORPE|BODY CONDITIONING|2026-05-29|1100|1145|CARD:380,NEW_ATTENDANCE,23949,Inserted inside the current SQL transaction.
COMMITTED,ATTENDANCE,CALTHORPE|BODY CONDITIONING|2026-05-29|1100|1145|CARD:411,NEW_ATTENDANCE,23950,Inserted inside the current SQL transaction.
COMMITTED,ATTENDANCE,CALTHORPE|BODY CONDITIONING|2026-05-29|1100|1145|CARD:429,NEW_ATTENDANCE,23951,Inserted inside the current SQL transaction.
COMMITTED,ATTENDANCE,CALTHORPE|BODY CONDITIONING|2026-05-29|1100|1145|CARD:470,NEW_ATTENDANCE,23952,Inserted inside the current SQL transaction.
COMMITTED,ATTENDANCE,CALTHORPE|BODY CONDITIONING|2026-05-29|1100|1145|CARD:568,NEW_ATTENDANCE,23953,Inserted inside the current SQL transaction.
COMMITTED,ATTENDANCE,CALTHORPE|BODY CONDITIONING|2026-05-29|1100|1145|CARD:625,NEW_ATTENDANCE,23954,Inserted inside the current SQL transaction.
COMMITTED,ATTENDANCE,CALTHORPE|BODY CONDITIONING|2026-05-29|1100|1145|CARD:700,NEW_ATTENDANCE,23955,Inserted inside the current SQL transaction.
COMMITTED,ATTENDANCE,CALTHORPE|BODY CONDITIONING|2026-05-29|1100|1145|CARD:707,NEW_ATTENDANCE,23956,Inserted inside the current SQL transaction.
COMMITTED,ATTENDANCE,CALTHORPE|BODY CONDITIONING|2026-05-29|1100|1145|CARD:771,NEW_ATTENDANCE,23957,Inserted inside the current SQL transaction.
COMMITTED,ATTENDANCE,CALTHORPE|BODY CONDITIONING|2026-05-29|1100|1145|CARD:851,NEW_ATTENDANCE,23958,Inserted inside the current SQL transaction.
COMMITTED,ATTENDANCE,CALTHORPE|PILATES|2026-05-29|1200|1245|CARD:157,NEW_ATTENDANCE,23959,Inserted inside the current SQL transaction.
COMMITTED,ATTENDANCE,CALTHORPE|PILATES|2026-05-29|1200|1245|CARD:385,NEW_ATTENDANCE,23960,Inserted inside the current SQL transaction.
COMMITTED,ATTENDANCE,CALTHORPE|PILATES|2026-05-29|1200|1245|CARD:48,NEW_ATTENDANCE,23961,Inserted inside the current SQL transaction.
COMMITTED,ATTENDANCE,CALTHORPE|PILATES|2026-05-29|1200|1245|CARD:606,NEW_ATTENDANCE,23962,Inserted inside the current SQL transaction.
COMMITTED,ATTENDANCE,CALTHORPE|PILATES|2026-05-29|1200|1245|CARD:629,NEW_ATTENDANCE,23963,Inserted inside the current SQL transaction.
COMMITTED,ATTENDANCE,CALTHORPE|PILATES|2026-05-29|1200|1245|CARD:691,NEW_ATTENDANCE,23964,Inserted inside the current SQL transaction.
COMMITTED,ATTENDANCE,CALTHORPE|PILATES|2026-05-29|1200|1245|CARD:707,NEW_ATTENDANCE,23965,Inserted inside the current SQL transaction.
COMMITTED,ATTENDANCE,CALTHORPE|PILATES|2026-05-29|1200|1245|NAME:belinda,NEW_ATTENDANCE,23966,Inserted inside the current SQL transaction.
COMMITTED,ATTENDANCE,CALTHORPE|PILATES|2026-05-29|1200|1245|NAME:clare,NEW_ATTENDANCE,23967,Inserted inside the current SQL transaction.
COMMITTED,ATTENDANCE,CALTHORPE|CHAIR BASED EXERCISE|2026-06-01|1130|1215|CARD:1628,NEW_ATTENDANCE,23968,Inserted inside the current SQL transaction.
COMMITTED,ATTENDANCE,CALTHORPE|CHAIR BASED EXERCISE|2026-06-01|1130|1215|CARD:416,NEW_ATTENDANCE,23969,Inserted inside the current SQL transaction.
COMMITTED,ATTENDANCE,CALTHORPE|CHAIR BASED EXERCISE|2026-06-01|1130|1215|CARD:418,NEW_ATTENDANCE,23970,Inserted inside the current SQL transaction.
COMMITTED,ATTENDANCE,CALTHORPE|CHAIR BASED EXERCISE|2026-06-01|1130|1215|CARD:434,NEW_ATTENDANCE,23971,Inserted inside the current SQL transaction.
COMMITTED,ATTENDANCE,CALTHORPE|CHAIR BASED EXERCISE|2026-06-01|1130|1215|CARD:444,NEW_ATTENDANCE,23972,Inserted inside the current SQL transaction.
COMMITTED,ATTENDANCE,CALTHORPE|CHAIR BASED EXERCISE|2026-06-01|1130|1215|CARD:485,NEW_ATTENDANCE,23973,Inserted inside the current SQL transaction.
COMMITTED,ATTENDANCE,CALTHORPE|CHAIR BASED EXERCISE|2026-06-01|1130|1215|CARD:586,NEW_ATTENDANCE,23974,Inserted inside the current SQL transaction.
COMMITTED,ATTENDANCE,CALTHORPE|CHAIR BASED EXERCISE|2026-06-01|1130|1215|CARD:601,NEW_ATTENDANCE,23975,Inserted inside the current SQL transaction.
COMMITTED,ATTENDANCE,CALTHORPE|CHAIR BASED EXERCISE|2026-06-01|1130|1215|CARD:620,NEW_ATTENDANCE,23976,Inserted inside the current SQL transaction.
COMMITTED,ATTENDANCE,CALTHORPE|CHAIR BASED EXERCISE|2026-06-01|1130|1215|CARD:753,NEW_ATTENDANCE,23977,Inserted inside the current SQL transaction.
COMMITTED,ATTENDANCE,CALTHORPE|CHAIR BASED EXERCISE|2026-06-01|1130|1215|CARD:852,NEW_ATTENDANCE,23978,Inserted inside the current SQL transaction.
COMMITTED,ATTENDANCE,CALTHORPE|CHAIR BASED EXERCISE|2026-06-01|1130|1215|CARD:853,NEW_ATTENDANCE,23979,Inserted inside the current SQL transaction.
COMMITTED,ATTENDANCE,CALTHORPE|CROCHET|2026-06-01|1230|1415|CARD:436,NEW_ATTENDANCE,23980,Inserted inside the current SQL transaction.
COMMITTED,ATTENDANCE,CALTHORPE|CROCHET|2026-06-01|1230|1415|CARD:468,NEW_ATTENDANCE,23981,Inserted inside the current SQL transaction.
COMMITTED,ATTENDANCE,CALTHORPE|CROCHET|2026-06-01|1230|1415|CARD:513,NEW_ATTENDANCE,23982,Inserted inside the current SQL transaction.
COMMITTED,ATTENDANCE,CALTHORPE|CROCHET|2026-06-01|1230|1415|CARD:613,NEW_ATTENDANCE,23983,Inserted inside the current SQL transaction.
COMMITTED,ATTENDANCE,CALTHORPE|CROCHET|2026-06-01|1230|1415|CARD:616,NEW_ATTENDANCE,23984,Inserted inside the current SQL transaction.
COMMITTED,ATTENDANCE,CALTHORPE|CROCHET|2026-06-01|1230|1415|CARD:638,NEW_ATTENDANCE,23985,Inserted inside the current SQL transaction.
COMMITTED,ATTENDANCE,CALTHORPE|CROCHET|2026-06-01|1230|1415|CARD:657,NEW_ATTENDANCE,23986,Inserted inside the current SQL transaction.
COMMITTED,ATTENDANCE,CALTHORPE|STRENGTH & STRETCH|2026-06-01|1030|1115|CARD:1532,NEW_ATTENDANCE,23987,Inserted inside the current SQL transaction.
COMMITTED,ATTENDANCE,CALTHORPE|STRENGTH & STRETCH|2026-06-01|1030|1115|CARD:429,NEW_ATTENDANCE,23988,Inserted inside the current SQL transaction.
COMMITTED,ATTENDANCE,CALTHORPE|STRENGTH & STRETCH|2026-06-01|1030|1115|CARD:441,NEW_ATTENDANCE,23989,Inserted inside the current SQL transaction.
COMMITTED,ATTENDANCE,CALTHORPE|STRENGTH & STRETCH|2026-06-01|1030|1115|CARD:486,NEW_ATTENDANCE,23990,Inserted inside the current SQL transaction.
COMMITTED,ATTENDANCE,CALTHORPE|STRENGTH & STRETCH|2026-06-01|1030|1115|CARD:691,NEW_ATTENDANCE,23991,Inserted inside the current SQL transaction.
COMMITTED,ATTENDANCE,CALTHORPE|STRENGTH & STRETCH|2026-06-01|1030|1115|CARD:717,NEW_ATTENDANCE,23992,Inserted inside the current SQL transaction.
COMMITTED,ATTENDANCE,CALTHORPE|STRENGTH & STRETCH|2026-06-01|1030|1115|CARD:780,NEW_ATTENDANCE,23993,Inserted inside the current SQL transaction.
COMMITTED,ATTENDANCE,CALTHORPE|STRENGTH & STRETCH|2026-06-01|1030|1115|CARD:851,NEW_ATTENDANCE,23994,Inserted inside the current SQL transaction.
COMMITTED,ATTENDANCE,CALTHORPE|STRENGTH & STRETCH|2026-06-02|0930|1030|CARD:1532,NEW_ATTENDANCE,23995,Inserted inside the current SQL transaction.
COMMITTED,ATTENDANCE,CALTHORPE|STRENGTH & STRETCH|2026-06-02|0930|1030|CARD:157,NEW_ATTENDANCE,23996,Inserted inside the current SQL transaction.
COMMITTED,ATTENDANCE,CALTHORPE|STRENGTH & STRETCH|2026-06-02|0930|1030|CARD:390,NEW_ATTENDANCE,23997,Inserted inside the current SQL transaction.
COMMITTED,ATTENDANCE,CALTHORPE|STRENGTH & STRETCH|2026-06-02|0930|1030|CARD:406,NEW_ATTENDANCE,23998,Inserted inside the current SQL transaction.
COMMITTED,ATTENDANCE,CALTHORPE|STRENGTH & STRETCH|2026-06-02|0930|1030|CARD:411,NEW_ATTENDANCE,23999,Inserted inside the current SQL transaction.
COMMITTED,ATTENDANCE,CALTHORPE|STRENGTH & STRETCH|2026-06-02|0930|1030|CARD:416,NEW_ATTENDANCE,24000,Inserted inside the current SQL transaction.
COMMITTED,ATTENDANCE,CALTHORPE|STRENGTH & STRETCH|2026-06-02|0930|1030|CARD:429,NEW_ATTENDANCE,24001,Inserted inside the current SQL transaction.
COMMITTED,ATTENDANCE,CALTHORPE|STRENGTH & STRETCH|2026-06-02|0930|1030|CARD:441,NEW_ATTENDANCE,24002,Inserted inside the current SQL transaction.
COMMITTED,ATTENDANCE,CALTHORPE|STRENGTH & STRETCH|2026-06-02|0930|1030|CARD:498,NEW_ATTENDANCE,24003,Inserted inside the current SQL transaction.
COMMITTED,ATTENDANCE,CALTHORPE|STRENGTH & STRETCH|2026-06-02|0930|1030|CARD:648,NEW_ATTENDANCE,24004,Inserted inside the current SQL transaction.
COMMITTED,ATTENDANCE,CALTHORPE|STRENGTH & STRETCH|2026-06-02|0930|1030|CARD:681,NEW_ATTENDANCE,24005,Inserted inside the current SQL transaction.
COMMITTED,ATTENDANCE,CALTHORPE|STRENGTH & STRETCH|2026-06-02|0930|1030|CARD:717,NEW_ATTENDANCE,24006,Inserted inside the current SQL transaction.
COMMITTED,ATTENDANCE,CALTHORPE|STRENGTH & STRETCH|2026-06-02|0930|1030|CARD:764,NEW_ATTENDANCE,24007,Inserted inside the current SQL transaction.
COMMITTED,ATTENDANCE,CALTHORPE|STRENGTH & STRETCH|2026-06-02|0930|1030|CARD:780,NEW_ATTENDANCE,24008,Inserted inside the current SQL transaction.
COMMITTED,ATTENDANCE,CALTHORPE|STRENGTH & STRETCH|2026-06-02|0930|1030|CARD:851,NEW_ATTENDANCE,24009,Inserted inside the current SQL transaction.
COMMITTED,ATTENDANCE,CALTHORPE|YOGA|2026-06-02|1715|1815|CARD:2480,NEW_ATTENDANCE,24010,Inserted inside the current SQL transaction.
COMMITTED,ATTENDANCE,CALTHORPE|YOGA|2026-06-02|1715|1815|CARD:704,NEW_ATTENDANCE,24011,Inserted inside the current SQL transaction.
COMMITTED,ATTENDANCE,CALTHORPE|YOGA|2026-06-02|1715|1815|CARD:717,NEW_ATTENDANCE,24012,Inserted inside the current SQL transaction.
COMMITTED,ATTENDANCE,CALTHORPE|SALSA/BELLY DANCING|2026-06-03|1100|1200|NAME:faven,NEW_ATTENDANCE,24013,Inserted inside the current SQL transaction.
COMMITTED,ATTENDANCE,CALTHORPE|SALSA/BELLY DANCING|2026-06-03|1100|1200|NAME:hamda,NEW_ATTENDANCE,24014,Inserted inside the current SQL transaction.
COMMITTED,ATTENDANCE,CALTHORPE|SALSA/BELLY DANCING|2026-06-03|1100|1200|NAME:illham,NEW_ATTENDANCE,24015,Inserted inside the current SQL transaction.
COMMITTED,ATTENDANCE,CALTHORPE|SALSA/BELLY DANCING|2026-06-03|1100|1200|NAME:kaiynaat,NEW_ATTENDANCE,24016,Inserted inside the current SQL transaction.
COMMITTED,ATTENDANCE,CALTHORPE|SALSA/BELLY DANCING|2026-06-03|1100|1200|NAME:may,NEW_ATTENDANCE,24017,Inserted inside the current SQL transaction.
COMMITTED,ATTENDANCE,CALTHORPE|SALSA/BELLY DANCING|2026-06-03|1100|1200|NAME:mervine,NEW_ATTENDANCE,24018,Inserted inside the current SQL transaction.
COMMITTED,ATTENDANCE,CALTHORPE|SALSA/BELLY DANCING|2026-06-03|1100|1200|NAME:monica,NEW_ATTENDANCE,24019,Inserted inside the current SQL transaction.
COMMITTED,ATTENDANCE,CALTHORPE|SALSA/BELLY DANCING|2026-06-03|1100|1200|NAME:nasra,NEW_ATTENDANCE,24020,Inserted inside the current SQL transaction.
COMMITTED,ATTENDANCE,CALTHORPE|SALSA/BELLY DANCING|2026-06-03|1100|1200|NAME:saffiyah,NEW_ATTENDANCE,24021,Inserted inside the current SQL transaction.
COMMITTED,ATTENDANCE,CALTHORPE|CHAIR BASED EXERCISE|2026-06-04|1130|1215|CARD:154,NEW_ATTENDANCE,24022,Inserted inside the current SQL transaction.
COMMITTED,ATTENDANCE,CALTHORPE|CHAIR BASED EXERCISE|2026-06-04|1130|1215|CARD:377,NEW_ATTENDANCE,24023,Inserted inside the current SQL transaction.
COMMITTED,ATTENDANCE,CALTHORPE|CHAIR BASED EXERCISE|2026-06-04|1130|1215|CARD:380,NEW_ATTENDANCE,24024,Inserted inside the current SQL transaction.
COMMITTED,ATTENDANCE,CALTHORPE|CHAIR BASED EXERCISE|2026-06-04|1130|1215|CARD:410,NEW_ATTENDANCE,24025,Inserted inside the current SQL transaction.
COMMITTED,ATTENDANCE,CALTHORPE|CHAIR BASED EXERCISE|2026-06-04|1130|1215|CARD:416,NEW_ATTENDANCE,24026,Inserted inside the current SQL transaction.
COMMITTED,ATTENDANCE,CALTHORPE|CHAIR BASED EXERCISE|2026-06-04|1130|1215|CARD:418,NEW_ATTENDANCE,24027,Inserted inside the current SQL transaction.
COMMITTED,ATTENDANCE,CALTHORPE|CHAIR BASED EXERCISE|2026-06-04|1130|1215|CARD:444,NEW_ATTENDANCE,24028,Inserted inside the current SQL transaction.
COMMITTED,ATTENDANCE,CALTHORPE|CHAIR BASED EXERCISE|2026-06-04|1130|1215|CARD:474,NEW_ATTENDANCE,24029,Inserted inside the current SQL transaction.
COMMITTED,ATTENDANCE,CALTHORPE|CHAIR BASED EXERCISE|2026-06-04|1130|1215|CARD:531,NEW_ATTENDANCE,24030,Inserted inside the current SQL transaction.
COMMITTED,ATTENDANCE,CALTHORPE|CHAIR BASED EXERCISE|2026-06-04|1130|1215|CARD:584,NEW_ATTENDANCE,24031,Inserted inside the current SQL transaction.
COMMITTED,ATTENDANCE,CALTHORPE|CHAIR BASED EXERCISE|2026-06-04|1130|1215|CARD:620,NEW_ATTENDANCE,24032,Inserted inside the current SQL transaction.
COMMITTED,ATTENDANCE,CALTHORPE|CHAIR BASED EXERCISE|2026-06-04|1130|1215|CARD:642,NEW_ATTENDANCE,24033,Inserted inside the current SQL transaction.
COMMITTED,ATTENDANCE,CALTHORPE|CHAIR BASED EXERCISE|2026-06-04|1130|1215|CARD:655,NEW_ATTENDANCE,24034,Inserted inside the current SQL transaction.
COMMITTED,ATTENDANCE,CALTHORPE|CHAIR BASED EXERCISE|2026-06-04|1130|1215|CARD:706,NEW_ATTENDANCE,24035,Inserted inside the current SQL transaction.
COMMITTED,ATTENDANCE,CALTHORPE|CHAIR BASED EXERCISE|2026-06-04|1130|1215|CARD:855,NEW_ATTENDANCE,24036,Inserted inside the current SQL transaction.
COMMITTED,ATTENDANCE,CALTHORPE|CHAIR BASED EXERCISE|2026-06-04|1130|1215|CARD:862,NEW_ATTENDANCE,24037,Inserted inside the current SQL transaction.
COMMITTED,ATTENDANCE,CALTHORPE|CIRCUIT TRAINING|2026-06-04|0930|1015|CARD:412,NEW_ATTENDANCE,24038,Inserted inside the current SQL transaction.
COMMITTED,ATTENDANCE,CALTHORPE|CIRCUIT TRAINING|2026-06-04|0930|1015|CARD:429,NEW_ATTENDANCE,24039,Inserted inside the current SQL transaction.
COMMITTED,ATTENDANCE,CALTHORPE|CIRCUIT TRAINING|2026-06-04|0930|1015|CARD:470,NEW_ATTENDANCE,24040,Inserted inside the current SQL transaction.
COMMITTED,ATTENDANCE,CALTHORPE|CIRCUIT TRAINING|2026-06-04|0930|1015|CARD:486,NEW_ATTENDANCE,24041,Inserted inside the current SQL transaction.
COMMITTED,ATTENDANCE,CALTHORPE|CIRCUIT TRAINING|2026-06-04|0930|1015|CARD:648,NEW_ATTENDANCE,24042,Inserted inside the current SQL transaction.
COMMITTED,ATTENDANCE,CALTHORPE|CIRCUIT TRAINING|2026-06-04|0930|1015|CARD:653,NEW_ATTENDANCE,24043,Inserted inside the current SQL transaction.
COMMITTED,ATTENDANCE,CALTHORPE|CIRCUIT TRAINING|2026-06-04|0930|1015|CARD:690,NEW_ATTENDANCE,24044,Inserted inside the current SQL transaction.
COMMITTED,ATTENDANCE,CALTHORPE|CIRCUIT TRAINING|2026-06-04|0930|1015|CARD:691,NEW_ATTENDANCE,24045,Inserted inside the current SQL transaction.
COMMITTED,ATTENDANCE,CALTHORPE|CIRCUIT TRAINING|2026-06-04|0930|1015|CARD:698,NEW_ATTENDANCE,24046,Inserted inside the current SQL transaction.
COMMITTED,ATTENDANCE,CALTHORPE|CIRCUIT TRAINING|2026-06-04|0930|1015|CARD:851,NEW_ATTENDANCE,24047,Inserted inside the current SQL transaction.
COMMITTED,ATTENDANCE,CALTHORPE|CROCHET|2026-06-04|1230|1415|CARD:416,NEW_ATTENDANCE,24048,Inserted inside the current SQL transaction.
COMMITTED,ATTENDANCE,CALTHORPE|CROCHET|2026-06-04|1230|1415|CARD:418,NEW_ATTENDANCE,24049,Inserted inside the current SQL transaction.
COMMITTED,ATTENDANCE,CALTHORPE|CROCHET|2026-06-04|1230|1415|CARD:424,NEW_ATTENDANCE,24050,Inserted inside the current SQL transaction.
COMMITTED,ATTENDANCE,CALTHORPE|CROCHET|2026-06-04|1230|1415|CARD:491,NEW_ATTENDANCE,24051,Inserted inside the current SQL transaction.
COMMITTED,ATTENDANCE,CALTHORPE|CROCHET|2026-06-04|1230|1415|CARD:638,NEW_ATTENDANCE,24052,Inserted inside the current SQL transaction.
COMMITTED,ATTENDANCE,CALTHORPE|CROCHET|2026-06-04|1230|1415|CARD:849,NEW_ATTENDANCE,24053,Inserted inside the current SQL transaction.
COMMITTED,ATTENDANCE,CALTHORPE|WALK WITH ABI|2026-06-04|1015|1115|CARD:1531,NEW_ATTENDANCE,24054,Inserted inside the current SQL transaction.
COMMITTED,ATTENDANCE,CALTHORPE|WALK WITH ABI|2026-06-04|1015|1115|CARD:1549,NEW_ATTENDANCE,24055,Inserted inside the current SQL transaction.
COMMITTED,ATTENDANCE,CALTHORPE|WALK WITH ABI|2026-06-04|1015|1115|CARD:486,NEW_ATTENDANCE,24056,Inserted inside the current SQL transaction.
COMMITTED,ATTENDANCE,CALTHORPE|SALSA/BELLY DANCING|2026-06-05|1100|1145|CARD:1418,NEW_ATTENDANCE,24057,Inserted inside the current SQL transaction.
COMMITTED,ATTENDANCE,CALTHORPE|SALSA/BELLY DANCING|2026-06-05|1100|1145|CARD:1502,NEW_ATTENDANCE,24058,Inserted inside the current SQL transaction.
COMMITTED,ATTENDANCE,CALTHORPE|SALSA/BELLY DANCING|2026-06-05|1100|1145|CARD:1503,NEW_ATTENDANCE,24059,Inserted inside the current SQL transaction.
COMMITTED,ATTENDANCE,CALTHORPE|SALSA/BELLY DANCING|2026-06-05|1100|1145|CARD:1527,NEW_ATTENDANCE,24060,Inserted inside the current SQL transaction.
COMMITTED,ATTENDANCE,CALTHORPE|SALSA/BELLY DANCING|2026-06-05|1100|1145|CARD:1601,NEW_ATTENDANCE,24061,Inserted inside the current SQL transaction.
COMMITTED,ATTENDANCE,CALTHORPE|SALSA/BELLY DANCING|2026-06-05|1100|1145|CARD:377,NEW_ATTENDANCE,24062,Inserted inside the current SQL transaction.
COMMITTED,ATTENDANCE,CALTHORPE|SALSA/BELLY DANCING|2026-06-05|1100|1145|CARD:398,NEW_ATTENDANCE,24063,Inserted inside the current SQL transaction.
COMMITTED,ATTENDANCE,CALTHORPE|SALSA/BELLY DANCING|2026-06-05|1100|1145|CARD:429,NEW_ATTENDANCE,24064,Inserted inside the current SQL transaction.
COMMITTED,ATTENDANCE,CALTHORPE|SALSA/BELLY DANCING|2026-06-05|1100|1145|CARD:441,NEW_ATTENDANCE,24065,Inserted inside the current SQL transaction.
COMMITTED,ATTENDANCE,CALTHORPE|SALSA/BELLY DANCING|2026-06-05|1100|1145|CARD:470,NEW_ATTENDANCE,24066,Inserted inside the current SQL transaction.
COMMITTED,ATTENDANCE,CALTHORPE|SALSA/BELLY DANCING|2026-06-05|1100|1145|CARD:593,NEW_ATTENDANCE,24067,Inserted inside the current SQL transaction.
COMMITTED,ATTENDANCE,CALTHORPE|SALSA/BELLY DANCING|2026-06-05|1100|1145|CARD:691,NEW_ATTENDANCE,24068,Inserted inside the current SQL transaction.
COMMITTED,ATTENDANCE,CALTHORPE|SALSA/BELLY DANCING|2026-06-05|1100|1145|CARD:727,NEW_ATTENDANCE,24069,Inserted inside the current SQL transaction.
COMMITTED,ATTENDANCE,CALTHORPE|SALSA/BELLY DANCING|2026-06-05|1100|1145|CARD:771,NEW_ATTENDANCE,24070,Inserted inside the current SQL transaction.
COMMITTED,ATTENDANCE,CALTHORPE|SALSA/BELLY DANCING|2026-06-05|1100|1145|CARD:806,NEW_ATTENDANCE,24071,Inserted inside the current SQL transaction.
COMMITTED,ATTENDANCE,CALTHORPE|SALSA/BELLY DANCING|2026-06-05|1100|1145|CARD:851,NEW_ATTENDANCE,24072,Inserted inside the current SQL transaction.
COMMITTED,ATTENDANCE,CALTHORPE|SALSA/BELLY DANCING|2026-06-05|1100|1145|CARD:995,NEW_ATTENDANCE,24073,Inserted inside the current SQL transaction.
COMMITTED,ATTENDANCE,CALTHORPE|CHAIR BASED EXERCISE|2026-06-08|1130|1215|CARD:3489,NEW_ATTENDANCE,24074,Inserted inside the current SQL transaction.
COMMITTED,ATTENDANCE,CALTHORPE|CHAIR BASED EXERCISE|2026-06-08|1130|1215|CARD:441,NEW_ATTENDANCE,24075,Inserted inside the current SQL transaction.
COMMITTED,ATTENDANCE,CALTHORPE|CHAIR BASED EXERCISE|2026-06-08|1130|1215|CARD:620,NEW_ATTENDANCE,24076,Inserted inside the current SQL transaction.
COMMITTED,ATTENDANCE,CALTHORPE|CHAIR BASED EXERCISE|2026-06-08|1130|1215|CARD:638,NEW_ATTENDANCE,24077,Inserted inside the current SQL transaction.
COMMITTED,ATTENDANCE,CALTHORPE|CHAIR BASED EXERCISE|2026-06-08|1130|1215|CARD:642,NEW_ATTENDANCE,24078,Inserted inside the current SQL transaction.
COMMITTED,ATTENDANCE,CALTHORPE|CHAIR BASED EXERCISE|2026-06-08|1130|1215|CARD:704,NEW_ATTENDANCE,24079,Inserted inside the current SQL transaction.
COMMITTED,ATTENDANCE,CALTHORPE|CHAIR BASED EXERCISE|2026-06-08|1130|1215|CARD:706,NEW_ATTENDANCE,24080,Inserted inside the current SQL transaction.
COMMITTED,ATTENDANCE,CALTHORPE|CHAIR BASED EXERCISE|2026-06-08|1130|1215|CARD:853,NEW_ATTENDANCE,24081,Inserted inside the current SQL transaction.
COMMITTED,ATTENDANCE,CALTHORPE|CHAIR BASED EXERCISE|2026-06-08|1130|1215|CARD:854,NEW_ATTENDANCE,24082,Inserted inside the current SQL transaction.
COMMITTED,ATTENDANCE,CALTHORPE|CHAIR BASED EXERCISE|2026-06-08|1130|1215|CARD:855,NEW_ATTENDANCE,24083,Inserted inside the current SQL transaction.
COMMITTED,ATTENDANCE,CALTHORPE|CHAIR BASED EXERCISE|2026-06-08|1130|1215|CARD:995,NEW_ATTENDANCE,24084,Inserted inside the current SQL transaction.
COMMITTED,ATTENDANCE,CALTHORPE|STRENGTH & STRETCH|2026-06-08|1030|1115|CARD:1531,NEW_ATTENDANCE,24085,Inserted inside the current SQL transaction.
COMMITTED,ATTENDANCE,CALTHORPE|STRENGTH & STRETCH|2026-06-08|1030|1115|CARD:1549,NEW_ATTENDANCE,24086,Inserted inside the current SQL transaction.
COMMITTED,ATTENDANCE,CALTHORPE|STRENGTH & STRETCH|2026-06-08|1030|1115|CARD:390,NEW_ATTENDANCE,24087,Inserted inside the current SQL transaction.
COMMITTED,ATTENDANCE,CALTHORPE|STRENGTH & STRETCH|2026-06-08|1030|1115|CARD:429,NEW_ATTENDANCE,24088,Inserted inside the current SQL transaction.
COMMITTED,ATTENDANCE,CALTHORPE|STRENGTH & STRETCH|2026-06-08|1030|1115|CARD:470,NEW_ATTENDANCE,24089,Inserted inside the current SQL transaction.
COMMITTED,ATTENDANCE,CALTHORPE|STRENGTH & STRETCH|2026-06-08|1030|1115|CARD:486,NEW_ATTENDANCE,24090,Inserted inside the current SQL transaction.
COMMITTED,ATTENDANCE,CALTHORPE|STRENGTH & STRETCH|2026-06-08|1030|1115|CARD:498,NEW_ATTENDANCE,24091,Inserted inside the current SQL transaction.
COMMITTED,ATTENDANCE,CALTHORPE|STRENGTH & STRETCH|2026-06-08|1030|1115|CARD:681,NEW_ATTENDANCE,24093,Inserted inside the current SQL transaction.
COMMITTED,ATTENDANCE,CALTHORPE|STRENGTH & STRETCH|2026-06-08|1030|1115|CARD:704,NEW_ATTENDANCE,24094,Inserted inside the current SQL transaction.
COMMITTED,ATTENDANCE,CALTHORPE|STRENGTH & STRETCH|2026-06-08|1030|1115|CARD:717,NEW_ATTENDANCE,24095,Inserted inside the current SQL transaction.
COMMITTED,ATTENDANCE,CALTHORPE|STRENGTH & STRETCH|2026-06-08|1030|1115|CARD:851,NEW_ATTENDANCE,24096,Inserted inside the current SQL transaction.
COMMITTED,ATTENDANCE,CALTHORPE|STRENGTH & STRETCH|2026-06-08|1030|1115|CARD:995,NEW_ATTENDANCE,24097,Inserted inside the current SQL transaction.
COMMITTED,ATTENDANCE,CALTHORPE|STRENGTH & STRETCH|2026-06-09|0930|1030|CARD:157,NEW_ATTENDANCE,24098,Inserted inside the current SQL transaction.
COMMITTED,ATTENDANCE,CALTHORPE|STRENGTH & STRETCH|2026-06-09|0930|1030|CARD:411,NEW_ATTENDANCE,24099,Inserted inside the current SQL transaction.
COMMITTED,ATTENDANCE,CALTHORPE|STRENGTH & STRETCH|2026-06-09|0930|1030|CARD:429,NEW_ATTENDANCE,24100,Inserted inside the current SQL transaction.
COMMITTED,ATTENDANCE,CALTHORPE|STRENGTH & STRETCH|2026-06-09|0930|1030|CARD:470,NEW_ATTENDANCE,24101,Inserted inside the current SQL transaction.
COMMITTED,ATTENDANCE,CALTHORPE|STRENGTH & STRETCH|2026-06-09|0930|1030|CARD:498,NEW_ATTENDANCE,24102,Inserted inside the current SQL transaction.
COMMITTED,ATTENDANCE,CALTHORPE|STRENGTH & STRETCH|2026-06-09|0930|1030|CARD:648,NEW_ATTENDANCE,24103,Inserted inside the current SQL transaction.
COMMITTED,ATTENDANCE,CALTHORPE|STRENGTH & STRETCH|2026-06-09|0930|1030|CARD:681,NEW_ATTENDANCE,24104,Inserted inside the current SQL transaction.
COMMITTED,ATTENDANCE,CALTHORPE|STRENGTH & STRETCH|2026-06-09|0930|1030|CARD:698,NEW_ATTENDANCE,24105,Inserted inside the current SQL transaction.
COMMITTED,ATTENDANCE,CALTHORPE|STRENGTH & STRETCH|2026-06-09|0930|1030|CARD:717,NEW_ATTENDANCE,24106,Inserted inside the current SQL transaction.
COMMITTED,ATTENDANCE,CALTHORPE|STRENGTH & STRETCH|2026-06-09|0930|1030|CARD:727,NEW_ATTENDANCE,24107,Inserted inside the current SQL transaction.
COMMITTED,ATTENDANCE,CALTHORPE|STRENGTH & STRETCH|2026-06-09|0930|1030|CARD:851,NEW_ATTENDANCE,24108,Inserted inside the current SQL transaction.
COMMITTED,ATTENDANCE,CALTHORPE|YOGA|2026-06-09|1715|1815|CARD:1531,NEW_ATTENDANCE,24109,Inserted inside the current SQL transaction.
COMMITTED,ATTENDANCE,CALTHORPE|YOGA|2026-06-09|1715|1815|CARD:1541,NEW_ATTENDANCE,24110,Inserted inside the current SQL transaction.
COMMITTED,ATTENDANCE,CALTHORPE|YOGA|2026-06-09|1715|1815|CARD:1549,NEW_ATTENDANCE,24111,Inserted inside the current SQL transaction.
COMMITTED,ATTENDANCE,CALTHORPE|YOGA|2026-06-09|1715|1815|CARD:1632,NEW_ATTENDANCE,24112,Inserted inside the current SQL transaction.
COMMITTED,ATTENDANCE,CALTHORPE|YOGA|2026-06-09|1715|1815|CARD:2480,NEW_ATTENDANCE,24113,Inserted inside the current SQL transaction.
COMMITTED,ATTENDANCE,CALTHORPE|YOGA|2026-06-09|1715|1815|CARD:398,NEW_ATTENDANCE,24114,Inserted inside the current SQL transaction.
COMMITTED,ATTENDANCE,CALTHORPE|YOGA|2026-06-09|1715|1815|CARD:429,NEW_ATTENDANCE,24115,Inserted inside the current SQL transaction.
COMMITTED,ATTENDANCE,CALTHORPE|YOGA|2026-06-09|1715|1815|CARD:450,NEW_ATTENDANCE,24116,Inserted inside the current SQL transaction.
COMMITTED,ATTENDANCE,CALTHORPE|YOGA|2026-06-09|1715|1815|CARD:451,NEW_ATTENDANCE,24117,Inserted inside the current SQL transaction.
COMMITTED,ATTENDANCE,CALTHORPE|YOGA|2026-06-09|1715|1815|CARD:704,NEW_ATTENDANCE,24118,Inserted inside the current SQL transaction.
