Mode,Entity,SourceKey,Action,DatabaseId,Details
PREVIEW_ROLLED_BACK,PREFLIGHT,CARD:1815,PREFLIGHT_FULL_TO_CREATE,,Card '1815' is not in dbo.Participants and will be created inside the transaction.
PREVIEW_ROLLED_BACK,PREFLIGHT,CARD:3489,PREFLIGHT_FULL_TO_CREATE,,Card '3489' is not in dbo.Participants and will be created inside the transaction.
PREVIEW_ROLLED_BACK,PREFLIGHT,CARD:4529,PREFLIGHT_FULL_TO_CREATE,,Card '4529' is not in dbo.Participants and will be created inside the transaction.
PREVIEW_ROLLED_BACK,PREFLIGHT,CARD:763,PREFLIGHT_FULL_TO_CREATE,,Card '763' is not in dbo.Participants and will be created inside the transaction.
PREVIEW_ROLLED_BACK,PREFLIGHT,CARD:767,PREFLIGHT_FULL_TO_CREATE,,Card '767' is not in dbo.Participants and will be created inside the transaction.
PREVIEW_ROLLED_BACK,PREFLIGHT,CARD:815,PREFLIGHT_FULL_TO_CREATE,,Card '815' is not in dbo.Participants and will be created inside the transaction.
PREVIEW_ROLLED_BACK,PREFLIGHT,CARD:874,PREFLIGHT_FULL_TO_CREATE,,Card '874' is not in dbo.Participants and will be created inside the transaction.
PREVIEW_ROLLED_BACK,PREFLIGHT,CARD:961,PREFLIGHT_FULL_TO_CREATE,,Card '961' is not in dbo.Participants and will be created inside the transaction.
PREVIEW_ROLLED_BACK,SESSION,CALTHORPE|AEROBICS|2025-11-03|1000|1045,NEW_SESSION,3776,Inserted inside the current SQL transaction.
PREVIEW_ROLLED_BACK,SESSION,CALTHORPE|AEROBICS|2025-11-10|1000|1045,NEW_SESSION,3777,Inserted inside the current SQL transaction.
PREVIEW_ROLLED_BACK,SESSION,CALTHORPE|AEROBICS|2025-11-17|1000|1045,NEW_SESSION,3778,Inserted inside the current SQL transaction.
PREVIEW_ROLLED_BACK,SESSION,CALTHORPE|AEROBICS|2025-11-24|1000|1045,NEW_SESSION,3779,Inserted inside the current SQL transaction.
PREVIEW_ROLLED_BACK,SESSION,CALTHORPE|AEROBICS|2025-12-01|1000|1045,NEW_SESSION,3780,Inserted inside the current SQL transaction.
PREVIEW_ROLLED_BACK,SESSION,CALTHORPE|ARTS|2025-11-04|1130|1230,NEW_SESSION,3781,Inserted inside the current SQL transaction.
PREVIEW_ROLLED_BACK,SESSION,CALTHORPE|ARTS|2025-11-05|1215|1315,NEW_SESSION,3782,Inserted inside the current SQL transaction.
PREVIEW_ROLLED_BACK,SESSION,CALTHORPE|ARTS|2025-11-11|1130|1230,NEW_SESSION,3783,Inserted inside the current SQL transaction.
PREVIEW_ROLLED_BACK,SESSION,CALTHORPE|ARTS|2025-11-12|1215|1315,NEW_SESSION,3784,Inserted inside the current SQL transaction.
PREVIEW_ROLLED_BACK,SESSION,CALTHORPE|ARTS|2025-11-18|1130|1230,NEW_SESSION,3785,Inserted inside the current SQL transaction.
PREVIEW_ROLLED_BACK,SESSION,CALTHORPE|ARTS|2025-11-19|1215|1315,NEW_SESSION,3786,Inserted inside the current SQL transaction.
PREVIEW_ROLLED_BACK,SESSION,CALTHORPE|ARTS|2025-11-25|1130|1230,NEW_SESSION,3787,Inserted inside the current SQL transaction.
PREVIEW_ROLLED_BACK,SESSION,CALTHORPE|ARTS|2025-11-26|1215|1315,NEW_SESSION,3788,Inserted inside the current SQL transaction.
PREVIEW_ROLLED_BACK,SESSION,CALTHORPE|ARTS|2025-12-02|1130|1230,NEW_SESSION,3789,Inserted inside the current SQL transaction.
PREVIEW_ROLLED_BACK,SESSION,CALTHORPE|ARTS|2025-12-03|1215|1315,NEW_SESSION,3790,Inserted inside the current SQL transaction.
PREVIEW_ROLLED_BACK,SESSION,CALTHORPE|ARTS|2025-12-09|1130|1230,NEW_SESSION,3791,Inserted inside the current SQL transaction.
PREVIEW_ROLLED_BACK,SESSION,CALTHORPE|ARTS|2026-01-16|1300|1430,NEW_SESSION,3792,Inserted inside the current SQL transaction.
PREVIEW_ROLLED_BACK,SESSION,CALTHORPE|ARTS|2026-01-23|1300|1430,NEW_SESSION,3793,Inserted inside the current SQL transaction.
PREVIEW_ROLLED_BACK,SESSION,CALTHORPE|ARTS|2026-01-30|1300|1430,NEW_SESSION,3794,Inserted inside the current SQL transaction.
PREVIEW_ROLLED_BACK,SESSION,CALTHORPE|ARTS|2026-02-06|1300|1430,NEW_SESSION,3795,Inserted inside the current SQL transaction.
PREVIEW_ROLLED_BACK,SESSION,CALTHORPE|ARTS|2026-02-13|1300|1430,NEW_SESSION,3796,Inserted inside the current SQL transaction.
PREVIEW_ROLLED_BACK,SESSION,CALTHORPE|ARTS|2026-02-20|1230|1400,NEW_SESSION,3797,Inserted inside the current SQL transaction.
PREVIEW_ROLLED_BACK,SESSION,CALTHORPE|ARTS|2026-02-27|1230|1400,NEW_SESSION,3798,Inserted inside the current SQL transaction.
PREVIEW_ROLLED_BACK,SESSION,CALTHORPE|ARTS|2026-03-06|1230|1400,NEW_SESSION,3799,Inserted inside the current SQL transaction.
PREVIEW_ROLLED_BACK,SESSION,CALTHORPE|ARTS|2026-03-13|1230|1400,NEW_SESSION,3800,Inserted inside the current SQL transaction.
PREVIEW_ROLLED_BACK,SESSION,CALTHORPE|ARTS|2026-03-20|1230|1400,NEW_SESSION,3801,Inserted inside the current SQL transaction.
PREVIEW_ROLLED_BACK,SESSION,CALTHORPE|ARTS|2026-03-27|1230|1400,NEW_SESSION,3802,Inserted inside the current SQL transaction.
PREVIEW_ROLLED_BACK,SESSION,CALTHORPE|ARTS|2026-04-03|1230|1400,NEW_SESSION,3803,Inserted inside the current SQL transaction.
PREVIEW_ROLLED_BACK,SESSION,CALTHORPE|ARTS|2026-04-10|1230|1400,NEW_SESSION,3804,Inserted inside the current SQL transaction.
PREVIEW_ROLLED_BACK,SESSION,CALTHORPE|ARTS|2026-04-17|1230|1400,NEW_SESSION,3805,Inserted inside the current SQL transaction.
PREVIEW_ROLLED_BACK,SESSION,CALTHORPE|ARTS|2026-04-24|1230|1400,NEW_SESSION,3806,Inserted inside the current SQL transaction.
PREVIEW_ROLLED_BACK,SESSION,CALTHORPE|ARTS|2026-05-01|1230|1400,NEW_SESSION,3807,Inserted inside the current SQL transaction.
PREVIEW_ROLLED_BACK,SESSION,CALTHORPE|ARTS|2026-05-08|1230|1400,NEW_SESSION,3808,Inserted inside the current SQL transaction.
PREVIEW_ROLLED_BACK,SESSION,CALTHORPE|ARTS|2026-05-15|1230|1400,NEW_SESSION,3809,Inserted inside the current SQL transaction.
PREVIEW_ROLLED_BACK,SESSION,CALTHORPE|ARTS|2026-05-22|1230|1400,NEW_SESSION,3810,Inserted inside the current SQL transaction.
PREVIEW_ROLLED_BACK,SESSION,CALTHORPE|BODY CONDITIONING|2025-11-07|1145|1230,NEW_SESSION,3811,Inserted inside the current SQL transaction.
PREVIEW_ROLLED_BACK,SESSION,CALTHORPE|BODY CONDITIONING|2025-11-14|1145|1230,NEW_SESSION,3812,Inserted inside the current SQL transaction.
PREVIEW_ROLLED_BACK,SESSION,CALTHORPE|BODY CONDITIONING|2025-11-21|1145|1230,NEW_SESSION,3813,Inserted inside the current SQL transaction.
PREVIEW_ROLLED_BACK,SESSION,CALTHORPE|BODY CONDITIONING|2025-11-28|1145|1230,NEW_SESSION,3814,Inserted inside the current SQL transaction.
PREVIEW_ROLLED_BACK,SESSION,CALTHORPE|BODY CONDITIONING|2025-12-05|1145|1230,NEW_SESSION,3815,Inserted inside the current SQL transaction.
PREVIEW_ROLLED_BACK,SESSION,CALTHORPE|BODY CONDITIONING|2025-12-12|1145|1230,NEW_SESSION,3816,Inserted inside the current SQL transaction.
PREVIEW_ROLLED_BACK,SESSION,CALTHORPE|BODY CONDITIONING|2025-12-19|1145|1230,NEW_SESSION,3817,Inserted inside the current SQL transaction.
PREVIEW_ROLLED_BACK,SESSION,CALTHORPE|BODY CONDITIONING|2026-01-16|1100|1145,EXISTING_SESSION,153,Matched 1 CRM session(s). Selected SessionId 153; existing attendance=14.
PREVIEW_ROLLED_BACK,SESSION,CALTHORPE|BODY CONDITIONING|2026-01-23|1100|1145,EXISTING_SESSION,168,Matched 1 CRM session(s). Selected SessionId 168; existing attendance=16.
PREVIEW_ROLLED_BACK,SESSION,CALTHORPE|BODY CONDITIONING|2026-01-30|1100|1145,EXISTING_SESSION,184,Matched 1 CRM session(s). Selected SessionId 184; existing attendance=15.
PREVIEW_ROLLED_BACK,SESSION,CALTHORPE|BODY CONDITIONING|2026-02-06|1100|1145,EXISTING_SESSION,201,Matched 1 CRM session(s). Selected SessionId 201; existing attendance=10.
PREVIEW_ROLLED_BACK,SESSION,CALTHORPE|BODY CONDITIONING|2026-02-13|1100|1145,EXISTING_SESSION,217,Matched 1 CRM session(s). Selected SessionId 217; existing attendance=15.
PREVIEW_ROLLED_BACK,SESSION,CALTHORPE|BODY CONDITIONING|2026-02-20|1100|1145,EXISTING_SESSION,232,Matched 1 CRM session(s). Selected SessionId 232; existing attendance=8.
PREVIEW_ROLLED_BACK,SESSION,CALTHORPE|BODY CONDITIONING|2026-02-27|1100|1145,EXISTING_SESSION,247,Matched 1 CRM session(s). Selected SessionId 247; existing attendance=11.
PREVIEW_ROLLED_BACK,SESSION,CALTHORPE|BODY CONDITIONING|2026-03-06|1100|1145,EXISTING_SESSION,260,Matched 1 CRM session(s). Selected SessionId 260; existing attendance=0.
PREVIEW_ROLLED_BACK,SESSION,CALTHORPE|BODY CONDITIONING|2026-03-13|1100|1145,EXISTING_SESSION,273,Matched 1 CRM session(s). Selected SessionId 273; existing attendance=13.
PREVIEW_ROLLED_BACK,SESSION,CALTHORPE|BODY CONDITIONING|2026-03-20|1100|1145,EXISTING_SESSION,283,Matched 1 CRM session(s). Selected SessionId 283; existing attendance=0.
PREVIEW_ROLLED_BACK,SESSION,CALTHORPE|BODY CONDITIONING|2026-03-27|1100|1145,NEW_SESSION,3818,Inserted inside the current SQL transaction.
PREVIEW_ROLLED_BACK,SESSION,CALTHORPE|BODY CONDITIONING|2026-04-03|1100|1145,NEW_SESSION,3819,Inserted inside the current SQL transaction.
PREVIEW_ROLLED_BACK,SESSION,CALTHORPE|BODY CONDITIONING|2026-04-10|1100|1145,NEW_SESSION,3820,Inserted inside the current SQL transaction.
PREVIEW_ROLLED_BACK,SESSION,CALTHORPE|BODY CONDITIONING|2026-04-17|1100|1145,NEW_SESSION,3821,Inserted inside the current SQL transaction.
PREVIEW_ROLLED_BACK,SESSION,CALTHORPE|BODY CONDITIONING|2026-04-24|1100|1145,NEW_SESSION,3822,Inserted inside the current SQL transaction.
PREVIEW_ROLLED_BACK,SESSION,CALTHORPE|BODY CONDITIONING|2026-05-01|1100|1145,NEW_SESSION,3823,Inserted inside the current SQL transaction.
PREVIEW_ROLLED_BACK,SESSION,CALTHORPE|BODY CONDITIONING|2026-05-08|1100|1145,NEW_SESSION,3824,Inserted inside the current SQL transaction.
PREVIEW_ROLLED_BACK,SESSION,CALTHORPE|BODY CONDITIONING|2026-05-15|1100|1145,NEW_SESSION,3825,Inserted inside the current SQL transaction.
PREVIEW_ROLLED_BACK,SESSION,CALTHORPE|BODY CONDITIONING|2026-05-22|1100|1145,NEW_SESSION,3826,Inserted inside the current SQL transaction.
PREVIEW_ROLLED_BACK,SESSION,CALTHORPE|BODY CONDITIONING|2026-05-29|1100|1145,NEW_SESSION,3827,Inserted inside the current SQL transaction.
PREVIEW_ROLLED_BACK,SESSION,CALTHORPE|CHAIR BASED EXERCISE|2025-11-03|1100|1145,NEW_SESSION,3828,Inserted inside the current SQL transaction.
PREVIEW_ROLLED_BACK,SESSION,CALTHORPE|CHAIR BASED EXERCISE|2025-11-06|1145|1230,NEW_SESSION,3829,Inserted inside the current SQL transaction.
PREVIEW_ROLLED_BACK,SESSION,CALTHORPE|CHAIR BASED EXERCISE|2025-11-10|1100|1145,NEW_SESSION,3830,Inserted inside the current SQL transaction.
PREVIEW_ROLLED_BACK,SESSION,CALTHORPE|CHAIR BASED EXERCISE|2025-11-13|1145|1230,NEW_SESSION,3831,Inserted inside the current SQL transaction.
PREVIEW_ROLLED_BACK,SESSION,CALTHORPE|CHAIR BASED EXERCISE|2025-11-17|1100|1145,NEW_SESSION,3832,Inserted inside the current SQL transaction.
PREVIEW_ROLLED_BACK,SESSION,CALTHORPE|CHAIR BASED EXERCISE|2025-11-20|1145|1230,NEW_SESSION,3833,Inserted inside the current SQL transaction.
PREVIEW_ROLLED_BACK,SESSION,CALTHORPE|CHAIR BASED EXERCISE|2025-11-24|1100|1145,NEW_SESSION,3834,Inserted inside the current SQL transaction.
PREVIEW_ROLLED_BACK,SESSION,CALTHORPE|CHAIR BASED EXERCISE|2025-11-27|1145|1230,NEW_SESSION,3835,Inserted inside the current SQL transaction.
PREVIEW_ROLLED_BACK,SESSION,CALTHORPE|CHAIR BASED EXERCISE|2025-12-01|1100|1145,NEW_SESSION,3836,Inserted inside the current SQL transaction.
PREVIEW_ROLLED_BACK,SESSION,CALTHORPE|CHAIR BASED EXERCISE|2025-12-04|1145|1230,NEW_SESSION,3837,Inserted inside the current SQL transaction.
PREVIEW_ROLLED_BACK,SESSION,CALTHORPE|CHAIR BASED EXERCISE|2025-12-08|1100|1145,NEW_SESSION,3838,Inserted inside the current SQL transaction.
PREVIEW_ROLLED_BACK,SESSION,CALTHORPE|CHAIR BASED EXERCISE|2025-12-11|1145|1230,NEW_SESSION,3839,Inserted inside the current SQL transaction.
PREVIEW_ROLLED_BACK,SESSION,CALTHORPE|CHAIR BASED EXERCISE|2025-12-15|1100|1145,NEW_SESSION,3840,Inserted inside the current SQL transaction.
PREVIEW_ROLLED_BACK,SESSION,CALTHORPE|CHAIR BASED EXERCISE|2026-01-12|1130|1215,EXISTING_SESSION,140,Matched 1 CRM session(s). Selected SessionId 140; existing attendance=7.
PREVIEW_ROLLED_BACK,SESSION,CALTHORPE|CHAIR BASED EXERCISE|2026-01-15|1130|1215,EXISTING_SESSION,149,Matched 1 CRM session(s). Selected SessionId 149; existing attendance=8.
PREVIEW_ROLLED_BACK,SESSION,CALTHORPE|CHAIR BASED EXERCISE|2026-01-19|1130|1215,EXISTING_SESSION,155,Matched 1 CRM session(s). Selected SessionId 155; existing attendance=8.
PREVIEW_ROLLED_BACK,SESSION,CALTHORPE|CHAIR BASED EXERCISE|2026-01-22|1130|1215,EXISTING_SESSION,164,Matched 1 CRM session(s). Selected SessionId 164; existing attendance=15.
PREVIEW_ROLLED_BACK,SESSION,CALTHORPE|CHAIR BASED EXERCISE|2026-01-26|1130|1215,EXISTING_SESSION,170,Matched 1 CRM session(s). Selected SessionId 170; existing attendance=13.
PREVIEW_ROLLED_BACK,SESSION,CALTHORPE|CHAIR BASED EXERCISE|2026-01-29|1130|1215,EXISTING_SESSION,180,Matched 1 CRM session(s). Selected SessionId 180; existing attendance=19.
PREVIEW_ROLLED_BACK,SESSION,CALTHORPE|CHAIR BASED EXERCISE|2026-02-02|1130|1215,EXISTING_SESSION,186,Matched 1 CRM session(s). Selected SessionId 186; existing attendance=8.
PREVIEW_ROLLED_BACK,SESSION,CALTHORPE|CHAIR BASED EXERCISE|2026-02-05|1130|1215,EXISTING_SESSION,197,Matched 1 CRM session(s). Selected SessionId 197; existing attendance=13.
PREVIEW_ROLLED_BACK,SESSION,CALTHORPE|CHAIR BASED EXERCISE|2026-02-09|1130|1215,EXISTING_SESSION,203,Matched 1 CRM session(s). Selected SessionId 203; existing attendance=8.
PREVIEW_ROLLED_BACK,SESSION,CALTHORPE|CHAIR BASED EXERCISE|2026-02-12|1130|1215,EXISTING_SESSION,213,Matched 1 CRM session(s). Selected SessionId 213; existing attendance=11.
PREVIEW_ROLLED_BACK,SESSION,CALTHORPE|CHAIR BASED EXERCISE|2026-02-16|1130|1215,EXISTING_SESSION,219,Matched 1 CRM session(s). Selected SessionId 219; existing attendance=7.
PREVIEW_ROLLED_BACK,SESSION,CALTHORPE|CHAIR BASED EXERCISE|2026-02-19|1130|1215,EXISTING_SESSION,228,Matched 1 CRM session(s). Selected SessionId 228; existing attendance=8.
PREVIEW_ROLLED_BACK,SESSION,CALTHORPE|CHAIR BASED EXERCISE|2026-02-23|1130|1215,EXISTING_SESSION,234,Matched 1 CRM session(s). Selected SessionId 234; existing attendance=10.
PREVIEW_ROLLED_BACK,SESSION,CALTHORPE|CHAIR BASED EXERCISE|2026-02-26|1130|1215,EXISTING_SESSION,243,Matched 1 CRM session(s). Selected SessionId 243; existing attendance=12.
PREVIEW_ROLLED_BACK,SESSION,CALTHORPE|CHAIR BASED EXERCISE|2026-03-02|1130|1215,EXISTING_SESSION,249,Matched 1 CRM session(s). Selected SessionId 249; existing attendance=6.
PREVIEW_ROLLED_BACK,SESSION,CALTHORPE|CHAIR BASED EXERCISE|2026-03-05|1130|1215,EXISTING_SESSION,257,Matched 1 CRM session(s). Selected SessionId 257; existing attendance=13.
PREVIEW_ROLLED_BACK,SESSION,CALTHORPE|CHAIR BASED EXERCISE|2026-03-09|1130|1215,EXISTING_SESSION,262,Matched 1 CRM session(s). Selected SessionId 262; existing attendance=4.
PREVIEW_ROLLED_BACK,SESSION,CALTHORPE|CHAIR BASED EXERCISE|2026-03-12|1130|1215,EXISTING_SESSION,270,Matched 1 CRM session(s). Selected SessionId 270; existing attendance=13.
PREVIEW_ROLLED_BACK,SESSION,CALTHORPE|CHAIR BASED EXERCISE|2026-03-16|1130|1215,EXISTING_SESSION,275,Matched 1 CRM session(s). Selected SessionId 275; existing attendance=1.
PREVIEW_ROLLED_BACK,SESSION,CALTHORPE|CHAIR BASED EXERCISE|2026-03-19|1130|1215,NEW_SESSION,3841,Inserted inside the current SQL transaction.
PREVIEW_ROLLED_BACK,SESSION,CALTHORPE|CHAIR BASED EXERCISE|2026-03-23|1130|1215,NEW_SESSION,3842,Inserted inside the current SQL transaction.
PREVIEW_ROLLED_BACK,SESSION,CALTHORPE|CHAIR BASED EXERCISE|2026-03-26|1130|1215,NEW_SESSION,3843,Inserted inside the current SQL transaction.
PREVIEW_ROLLED_BACK,SESSION,CALTHORPE|CHAIR BASED EXERCISE|2026-03-30|1130|1215,NEW_SESSION,3844,Inserted inside the current SQL transaction.
PREVIEW_ROLLED_BACK,SESSION,CALTHORPE|CHAIR BASED EXERCISE|2026-04-02|1130|1215,NEW_SESSION,3845,Inserted inside the current SQL transaction.
PREVIEW_ROLLED_BACK,SESSION,CALTHORPE|CHAIR BASED EXERCISE|2026-04-06|1130|1215,NEW_SESSION,3846,Inserted inside the current SQL transaction.
PREVIEW_ROLLED_BACK,SESSION,CALTHORPE|CHAIR BASED EXERCISE|2026-04-13|1130|1215,NEW_SESSION,3847,Inserted inside the current SQL transaction.
PREVIEW_ROLLED_BACK,SESSION,CALTHORPE|CHAIR BASED EXERCISE|2026-04-20|1130|1215,NEW_SESSION,3848,Inserted inside the current SQL transaction.
PREVIEW_ROLLED_BACK,SESSION,CALTHORPE|CHAIR BASED EXERCISE|2026-04-23|1130|1215,NEW_SESSION,3849,Inserted inside the current SQL transaction.
PREVIEW_ROLLED_BACK,SESSION,CALTHORPE|CHAIR BASED EXERCISE|2026-04-27|1130|1215,NEW_SESSION,3850,Inserted inside the current SQL transaction.
PREVIEW_ROLLED_BACK,SESSION,CALTHORPE|CHAIR BASED EXERCISE|2026-04-30|1130|1215,NEW_SESSION,3851,Inserted inside the current SQL transaction.
PREVIEW_ROLLED_BACK,SESSION,CALTHORPE|CHAIR BASED EXERCISE|2026-05-04|1130|1215,NEW_SESSION,3852,Inserted inside the current SQL transaction.
PREVIEW_ROLLED_BACK,SESSION,CALTHORPE|CHAIR BASED EXERCISE|2026-05-07|1130|1215,NEW_SESSION,3853,Inserted inside the current SQL transaction.
PREVIEW_ROLLED_BACK,SESSION,CALTHORPE|CHAIR BASED EXERCISE|2026-05-11|1130|1215,NEW_SESSION,3854,Inserted inside the current SQL transaction.
PREVIEW_ROLLED_BACK,SESSION,CALTHORPE|CHAIR BASED EXERCISE|2026-05-14|1130|1215,NEW_SESSION,3855,Inserted inside the current SQL transaction.
PREVIEW_ROLLED_BACK,SESSION,CALTHORPE|CHAIR BASED EXERCISE|2026-05-18|1130|1215,NEW_SESSION,3856,Inserted inside the current SQL transaction.
PREVIEW_ROLLED_BACK,SESSION,CALTHORPE|CHAIR BASED EXERCISE|2026-05-21|1130|1215,NEW_SESSION,3857,Inserted inside the current SQL transaction.
PREVIEW_ROLLED_BACK,SESSION,CALTHORPE|CHAIR BASED EXERCISE|2026-05-25|1130|1215,NEW_SESSION,3858,Inserted inside the current SQL transaction.
PREVIEW_ROLLED_BACK,SESSION,CALTHORPE|CHAIR BASED EXERCISE|2026-05-28|1130|1215,NEW_SESSION,3859,Inserted inside the current SQL transaction.
PREVIEW_ROLLED_BACK,SESSION,CALTHORPE|CHAIR BASED EXERCISE|2026-06-01|1130|1215,NEW_SESSION,3860,Inserted inside the current SQL transaction.
PREVIEW_ROLLED_BACK,SESSION,CALTHORPE|CHAIR BASED EXERCISE|2026-06-04|1130|1215,NEW_SESSION,3861,Inserted inside the current SQL transaction.
PREVIEW_ROLLED_BACK,SESSION,CALTHORPE|CHAIR BASED EXERCISE|2026-06-08|1130|1215,NEW_SESSION,3862,Inserted inside the current SQL transaction.
PREVIEW_ROLLED_BACK,SESSION,CALTHORPE|CIRCUIT TRAINING|2025-11-06|0930|1015,NEW_SESSION,3863,Inserted inside the current SQL transaction.
PREVIEW_ROLLED_BACK,SESSION,CALTHORPE|CIRCUIT TRAINING|2025-11-13|0930|1015,NEW_SESSION,3864,Inserted inside the current SQL transaction.
PREVIEW_ROLLED_BACK,SESSION,CALTHORPE|CIRCUIT TRAINING|2025-11-20|0930|1015,NEW_SESSION,3865,Inserted inside the current SQL transaction.
PREVIEW_ROLLED_BACK,SESSION,CALTHORPE|CIRCUIT TRAINING|2025-11-27|0930|1015,NEW_SESSION,3866,Inserted inside the current SQL transaction.
PREVIEW_ROLLED_BACK,SESSION,CALTHORPE|CIRCUIT TRAINING|2025-12-04|0930|1015,NEW_SESSION,3867,Inserted inside the current SQL transaction.
PREVIEW_ROLLED_BACK,SESSION,CALTHORPE|CIRCUIT TRAINING|2025-12-11|0930|1015,NEW_SESSION,3868,Inserted inside the current SQL transaction.
PREVIEW_ROLLED_BACK,SESSION,CALTHORPE|CIRCUIT TRAINING|2025-12-18|0930|1015,NEW_SESSION,3869,Inserted inside the current SQL transaction.
PREVIEW_ROLLED_BACK,SESSION,CALTHORPE|CIRCUIT TRAINING|2026-01-15|0930|1015,EXISTING_SESSION,150,Matched 1 CRM session(s). Selected SessionId 150; existing attendance=10.
PREVIEW_ROLLED_BACK,SESSION,CALTHORPE|CIRCUIT TRAINING|2026-01-22|0930|1015,EXISTING_SESSION,165,Matched 1 CRM session(s). Selected SessionId 165; existing attendance=14.
PREVIEW_ROLLED_BACK,SESSION,CALTHORPE|CIRCUIT TRAINING|2026-01-29|0930|1015,EXISTING_SESSION,181,Matched 1 CRM session(s). Selected SessionId 181; existing attendance=0.
PREVIEW_ROLLED_BACK,SESSION,CALTHORPE|CIRCUIT TRAINING|2026-02-05|0930|1015,EXISTING_SESSION,198,Matched 1 CRM session(s). Selected SessionId 198; existing attendance=9.
PREVIEW_ROLLED_BACK,SESSION,CALTHORPE|CIRCUIT TRAINING|2026-02-12|0930|1015,EXISTING_SESSION,214,Matched 1 CRM session(s). Selected SessionId 214; existing attendance=5.
PREVIEW_ROLLED_BACK,SESSION,CALTHORPE|CIRCUIT TRAINING|2026-02-19|0930|1015,EXISTING_SESSION,229,Matched 1 CRM session(s). Selected SessionId 229; existing attendance=4.
PREVIEW_ROLLED_BACK,SESSION,CALTHORPE|CIRCUIT TRAINING|2026-02-26|0930|1015,EXISTING_SESSION,244,Matched 1 CRM session(s). Selected SessionId 244; existing attendance=2.
PREVIEW_ROLLED_BACK,SESSION,CALTHORPE|CIRCUIT TRAINING|2026-03-05|0930|1015,EXISTING_SESSION,258,Matched 1 CRM session(s). Selected SessionId 258; existing attendance=2.
PREVIEW_ROLLED_BACK,SESSION,CALTHORPE|CIRCUIT TRAINING|2026-03-12|0930|1015,EXISTING_SESSION,271,Matched 1 CRM session(s). Selected SessionId 271; existing attendance=5.
PREVIEW_ROLLED_BACK,SESSION,CALTHORPE|CIRCUIT TRAINING|2026-03-19|0930|1015,EXISTING_SESSION,282,Matched 1 CRM session(s). Selected SessionId 282; existing attendance=3.
PREVIEW_ROLLED_BACK,SESSION,CALTHORPE|CIRCUIT TRAINING|2026-03-26|0930|1015,NEW_SESSION,3870,Inserted inside the current SQL transaction.
PREVIEW_ROLLED_BACK,SESSION,CALTHORPE|CIRCUIT TRAINING|2026-04-02|0930|1015,NEW_SESSION,3871,Inserted inside the current SQL transaction.
PREVIEW_ROLLED_BACK,SESSION,CALTHORPE|CIRCUIT TRAINING|2026-04-09|0930|1015,NEW_SESSION,3872,Inserted inside the current SQL transaction.
PREVIEW_ROLLED_BACK,SESSION,CALTHORPE|CIRCUIT TRAINING|2026-04-16|0930|1015,EXISTING_SESSION,932,Matched 1 CRM session(s). Selected SessionId 932; existing attendance=0.
PREVIEW_ROLLED_BACK,SESSION,CALTHORPE|CIRCUIT TRAINING|2026-04-23|0930|1015,EXISTING_SESSION,933,Matched 1 CRM session(s). Selected SessionId 933; existing attendance=0.
PREVIEW_ROLLED_BACK,SESSION,CALTHORPE|CIRCUIT TRAINING|2026-04-30|0930|1015,EXISTING_SESSION,934,Matched 1 CRM session(s). Selected SessionId 934; existing attendance=0.
PREVIEW_ROLLED_BACK,SESSION,CALTHORPE|CIRCUIT TRAINING|2026-05-07|0930|1015,EXISTING_SESSION,935,Matched 1 CRM session(s). Selected SessionId 935; existing attendance=0.
PREVIEW_ROLLED_BACK,SESSION,CALTHORPE|CIRCUIT TRAINING|2026-05-14|0930|1015,EXISTING_SESSION,936,Matched 1 CRM session(s). Selected SessionId 936; existing attendance=11.
PREVIEW_ROLLED_BACK,SESSION,CALTHORPE|CIRCUIT TRAINING|2026-05-21|0930|1015,EXISTING_SESSION,937,Matched 1 CRM session(s). Selected SessionId 937; existing attendance=1.
PREVIEW_ROLLED_BACK,SESSION,CALTHORPE|CIRCUIT TRAINING|2026-05-28|0930|1015,EXISTING_SESSION,938,Matched 1 CRM session(s). Selected SessionId 938; existing attendance=0.
PREVIEW_ROLLED_BACK,SESSION,CALTHORPE|CIRCUIT TRAINING|2026-06-04|0930|1015,EXISTING_SESSION,939,Matched 1 CRM session(s). Selected SessionId 939; existing attendance=0.
PREVIEW_ROLLED_BACK,SESSION,CALTHORPE|CROCHET|2025-11-03|1215|1415,NEW_SESSION,3873,Inserted inside the current SQL transaction.
PREVIEW_ROLLED_BACK,SESSION,CALTHORPE|CROCHET|2025-11-06|1245|1430,NEW_SESSION,3874,Inserted inside the current SQL transaction.
PREVIEW_ROLLED_BACK,SESSION,CALTHORPE|CROCHET|2025-11-10|1215|1415,NEW_SESSION,3875,Inserted inside the current SQL transaction.
PREVIEW_ROLLED_BACK,SESSION,CALTHORPE|CROCHET|2025-11-13|1245|1430,NEW_SESSION,3876,Inserted inside the current SQL transaction.
PREVIEW_ROLLED_BACK,SESSION,CALTHORPE|CROCHET|2025-11-17|1215|1415,NEW_SESSION,3877,Inserted inside the current SQL transaction.
PREVIEW_ROLLED_BACK,SESSION,CALTHORPE|CROCHET|2025-11-20|1245|1430,NEW_SESSION,3878,Inserted inside the current SQL transaction.
PREVIEW_ROLLED_BACK,SESSION,CALTHORPE|CROCHET|2025-11-24|1215|1415,NEW_SESSION,3879,Inserted inside the current SQL transaction.
PREVIEW_ROLLED_BACK,SESSION,CALTHORPE|CROCHET|2025-11-27|1245|1430,NEW_SESSION,3880,Inserted inside the current SQL transaction.
PREVIEW_ROLLED_BACK,SESSION,CALTHORPE|CROCHET|2025-12-01|1215|1415,NEW_SESSION,3881,Inserted inside the current SQL transaction.
PREVIEW_ROLLED_BACK,SESSION,CALTHORPE|CROCHET|2025-12-04|1245|1430,NEW_SESSION,3882,Inserted inside the current SQL transaction.
PREVIEW_ROLLED_BACK,SESSION,CALTHORPE|CROCHET|2025-12-08|1215|1415,NEW_SESSION,3883,Inserted inside the current SQL transaction.
PREVIEW_ROLLED_BACK,SESSION,CALTHORPE|CROCHET|2025-12-11|1245|1430,NEW_SESSION,3884,Inserted inside the current SQL transaction.
PREVIEW_ROLLED_BACK,SESSION,CALTHORPE|CROCHET|2025-12-15|1215|1415,NEW_SESSION,3885,Inserted inside the current SQL transaction.
PREVIEW_ROLLED_BACK,SESSION,CALTHORPE|CROCHET|2025-12-18|1245|1430,NEW_SESSION,3886,Inserted inside the current SQL transaction.
PREVIEW_ROLLED_BACK,SESSION,CALTHORPE|CROCHET|2026-01-12|1230|1430,NEW_SESSION,3887,Inserted inside the current SQL transaction.
PREVIEW_ROLLED_BACK,SESSION,CALTHORPE|CROCHET|2026-01-15|1230|1415,NEW_SESSION,3888,Inserted inside the current SQL transaction.
PREVIEW_ROLLED_BACK,SESSION,CALTHORPE|CROCHET|2026-01-19|1230|1430,NEW_SESSION,3889,Inserted inside the current SQL transaction.
PREVIEW_ROLLED_BACK,SESSION,CALTHORPE|CROCHET|2026-01-22|1230|1415,NEW_SESSION,3890,Inserted inside the current SQL transaction.
PREVIEW_ROLLED_BACK,SESSION,CALTHORPE|CROCHET|2026-01-26|1230|1430,NEW_SESSION,3891,Inserted inside the current SQL transaction.
PREVIEW_ROLLED_BACK,SESSION,CALTHORPE|CROCHET|2026-01-29|1230|1415,NEW_SESSION,3892,Inserted inside the current SQL transaction.
PREVIEW_ROLLED_BACK,SESSION,CALTHORPE|CROCHET|2026-02-02|1230|1430,NEW_SESSION,3893,Inserted inside the current SQL transaction.
PREVIEW_ROLLED_BACK,SESSION,CALTHORPE|CROCHET|2026-02-05|1230|1415,NEW_SESSION,3894,Inserted inside the current SQL transaction.
PREVIEW_ROLLED_BACK,SESSION,CALTHORPE|CROCHET|2026-02-09|1230|1430,NEW_SESSION,3895,Inserted inside the current SQL transaction.
PREVIEW_ROLLED_BACK,SESSION,CALTHORPE|CROCHET|2026-02-12|1230|1415,NEW_SESSION,3896,Inserted inside the current SQL transaction.
PREVIEW_ROLLED_BACK,SESSION,CALTHORPE|CROCHET|2026-02-16|1230|1430,NEW_SESSION,3897,Inserted inside the current SQL transaction.
PREVIEW_ROLLED_BACK,SESSION,CALTHORPE|CROCHET|2026-02-19|1230|1415,NEW_SESSION,3898,Inserted inside the current SQL transaction.
PREVIEW_ROLLED_BACK,SESSION,CALTHORPE|CROCHET|2026-02-23|1230|1430,NEW_SESSION,3899,Inserted inside the current SQL transaction.
PREVIEW_ROLLED_BACK,SESSION,CALTHORPE|CROCHET|2026-02-26|1230|1415,NEW_SESSION,3900,Inserted inside the current SQL transaction.
PREVIEW_ROLLED_BACK,SESSION,CALTHORPE|CROCHET|2026-03-02|1230|1430,NEW_SESSION,3901,Inserted inside the current SQL transaction.
PREVIEW_ROLLED_BACK,SESSION,CALTHORPE|CROCHET|2026-03-05|1230|1415,NEW_SESSION,3902,Inserted inside the current SQL transaction.
PREVIEW_ROLLED_BACK,SESSION,CALTHORPE|CROCHET|2026-03-09|1230|1430,NEW_SESSION,3903,Inserted inside the current SQL transaction.
PREVIEW_ROLLED_BACK,SESSION,CALTHORPE|CROCHET|2026-03-12|1230|1415,NEW_SESSION,3904,Inserted inside the current SQL transaction.
PREVIEW_ROLLED_BACK,SESSION,CALTHORPE|CROCHET|2026-03-16|1230|1430,NEW_SESSION,3905,Inserted inside the current SQL transaction.
PREVIEW_ROLLED_BACK,SESSION,CALTHORPE|CROCHET|2026-03-19|1230|1415,NEW_SESSION,3906,Inserted inside the current SQL transaction.
PREVIEW_ROLLED_BACK,SESSION,CALTHORPE|CROCHET|2026-03-23|1230|1430,NEW_SESSION,3907,Inserted inside the current SQL transaction.
PREVIEW_ROLLED_BACK,SESSION,CALTHORPE|CROCHET|2026-03-26|1230|1415,NEW_SESSION,3908,Inserted inside the current SQL transaction.
PREVIEW_ROLLED_BACK,SESSION,CALTHORPE|CROCHET|2026-03-30|1230|1430,NEW_SESSION,3909,Inserted inside the current SQL transaction.
PREVIEW_ROLLED_BACK,SESSION,CALTHORPE|CROCHET|2026-04-02|1230|1415,NEW_SESSION,3910,Inserted inside the current SQL transaction.
PREVIEW_ROLLED_BACK,SESSION,CALTHORPE|CROCHET|2026-04-06|1230|1430,NEW_SESSION,3911,Inserted inside the current SQL transaction.
PREVIEW_ROLLED_BACK,SESSION,CALTHORPE|CROCHET|2026-04-13|1230|1430,NEW_SESSION,3912,Inserted inside the current SQL transaction.
PREVIEW_ROLLED_BACK,SESSION,CALTHORPE|CROCHET|2026-04-16|1230|1415,NEW_SESSION,3913,Inserted inside the current SQL transaction.
PREVIEW_ROLLED_BACK,SESSION,CALTHORPE|CROCHET|2026-04-20|1230|1430,NEW_SESSION,3914,Inserted inside the current SQL transaction.
PREVIEW_ROLLED_BACK,SESSION,CALTHORPE|CROCHET|2026-04-23|1230|1415,NEW_SESSION,3915,Inserted inside the current SQL transaction.
PREVIEW_ROLLED_BACK,SESSION,CALTHORPE|CROCHET|2026-04-27|1230|1430,NEW_SESSION,3916,Inserted inside the current SQL transaction.
PREVIEW_ROLLED_BACK,SESSION,CALTHORPE|CROCHET|2026-04-30|1230|1415,NEW_SESSION,3917,Inserted inside the current SQL transaction.
PREVIEW_ROLLED_BACK,SESSION,CALTHORPE|CROCHET|2026-05-04|1230|1415,NEW_SESSION,3918,Inserted inside the current SQL transaction.
PREVIEW_ROLLED_BACK,SESSION,CALTHORPE|CROCHET|2026-05-07|1230|1415,NEW_SESSION,3919,Inserted inside the current SQL transaction.
PREVIEW_ROLLED_BACK,SESSION,CALTHORPE|CROCHET|2026-05-11|1230|1415,NEW_SESSION,3920,Inserted inside the current SQL transaction.
PREVIEW_ROLLED_BACK,SESSION,CALTHORPE|CROCHET|2026-05-14|1230|1415,NEW_SESSION,3921,Inserted inside the current SQL transaction.
PREVIEW_ROLLED_BACK,SESSION,CALTHORPE|CROCHET|2026-05-18|1230|1415,NEW_SESSION,3922,Inserted inside the current SQL transaction.
PREVIEW_ROLLED_BACK,SESSION,CALTHORPE|CROCHET|2026-05-21|1230|1415,NEW_SESSION,3923,Inserted inside the current SQL transaction.
PREVIEW_ROLLED_BACK,SESSION,CALTHORPE|CROCHET|2026-05-25|1230|1415,NEW_SESSION,3924,Inserted inside the current SQL transaction.
PREVIEW_ROLLED_BACK,SESSION,CALTHORPE|CROCHET|2026-05-28|1230|1415,NEW_SESSION,3925,Inserted inside the current SQL transaction.
PREVIEW_ROLLED_BACK,SESSION,CALTHORPE|CROCHET|2026-06-01|1230|1415,NEW_SESSION,3926,Inserted inside the current SQL transaction.
PREVIEW_ROLLED_BACK,SESSION,CALTHORPE|CROCHET|2026-06-04|1230|1415,NEW_SESSION,3927,Inserted inside the current SQL transaction.
PREVIEW_ROLLED_BACK,SESSION,CALTHORPE|ESOL|2025-11-05|0930|1030,NEW_SESSION,3928,Inserted inside the current SQL transaction.
PREVIEW_ROLLED_BACK,SESSION,CALTHORPE|ESOL|2025-11-07|0930|1030,NEW_SESSION,3929,Inserted inside the current SQL transaction.
PREVIEW_ROLLED_BACK,SESSION,CALTHORPE|ESOL|2025-11-12|0930|1030,NEW_SESSION,3930,Inserted inside the current SQL transaction.
PREVIEW_ROLLED_BACK,SESSION,CALTHORPE|ESOL|2025-11-14|0930|1030,NEW_SESSION,3931,Inserted inside the current SQL transaction.
PREVIEW_ROLLED_BACK,SESSION,CALTHORPE|ESOL|2025-11-19|0930|1030,NEW_SESSION,3932,Inserted inside the current SQL transaction.
PREVIEW_ROLLED_BACK,SESSION,CALTHORPE|ESOL|2025-11-21|0930|1030,NEW_SESSION,3933,Inserted inside the current SQL transaction.
PREVIEW_ROLLED_BACK,SESSION,CALTHORPE|ESOL|2025-11-26|0930|1030,NEW_SESSION,3934,Inserted inside the current SQL transaction.
PREVIEW_ROLLED_BACK,SESSION,CALTHORPE|ESOL|2025-11-28|0930|1030,NEW_SESSION,3935,Inserted inside the current SQL transaction.
PREVIEW_ROLLED_BACK,SESSION,CALTHORPE|ESOL|2025-12-03|0930|1030,NEW_SESSION,3936,Inserted inside the current SQL transaction.
PREVIEW_ROLLED_BACK,SESSION,CALTHORPE|ESOL|2025-12-05|0930|1030,NEW_SESSION,3937,Inserted inside the current SQL transaction.
PREVIEW_ROLLED_BACK,SESSION,CALTHORPE|ESOL|2025-12-10|0930|1030,NEW_SESSION,3938,Inserted inside the current SQL transaction.
PREVIEW_ROLLED_BACK,SESSION,CALTHORPE|ESOL|2025-12-12|0930|1030,NEW_SESSION,3939,Inserted inside the current SQL transaction.
PREVIEW_ROLLED_BACK,SESSION,CALTHORPE|ESOL|2025-12-17|0930|1030,NEW_SESSION,3940,Inserted inside the current SQL transaction.
PREVIEW_ROLLED_BACK,SESSION,CALTHORPE|ESOL|2025-12-19|0930|1030,NEW_SESSION,3941,Inserted inside the current SQL transaction.
PREVIEW_ROLLED_BACK,SESSION,CALTHORPE|ESOL|2026-01-13|1130|1330,NEW_SESSION,3942,Inserted inside the current SQL transaction.
PREVIEW_ROLLED_BACK,SESSION,CALTHORPE|ESOL|2026-01-14|0930|1030,EXISTING_SESSION,147,Matched 1 CRM session(s). Selected SessionId 147; existing attendance=14.
PREVIEW_ROLLED_BACK,SESSION,CALTHORPE|ESOL|2026-01-20|1130|1330,NEW_SESSION,3943,Inserted inside the current SQL transaction.
PREVIEW_ROLLED_BACK,SESSION,CALTHORPE|ESOL|2026-01-21|0930|1030,EXISTING_SESSION,162,Matched 1 CRM session(s). Selected SessionId 162; existing attendance=8.
PREVIEW_ROLLED_BACK,SESSION,CALTHORPE|ESOL|2026-01-27|0930|1030,EXISTING_SESSION,174,Matched 1 CRM session(s). Selected SessionId 174; existing attendance=9.
PREVIEW_ROLLED_BACK,SESSION,CALTHORPE|ESOL|2026-01-28|1130|1330,NEW_SESSION,3944,Inserted inside the current SQL transaction.
PREVIEW_ROLLED_BACK,SESSION,CALTHORPE|ESOL|2026-02-03|0930|1030,EXISTING_SESSION,190,Matched 1 CRM session(s). Selected SessionId 190; existing attendance=7.
PREVIEW_ROLLED_BACK,SESSION,CALTHORPE|ESOL|2026-02-03|1130|1330,NEW_SESSION,3945,Inserted inside the current SQL transaction.
PREVIEW_ROLLED_BACK,SESSION,CALTHORPE|ESOL|2026-02-04|1130|1330,NEW_SESSION,3946,Inserted inside the current SQL transaction.
PREVIEW_ROLLED_BACK,SESSION,CALTHORPE|ESOL|2026-02-10|1130|1330,NEW_SESSION,3947,Inserted inside the current SQL transaction.
PREVIEW_ROLLED_BACK,SESSION,CALTHORPE|ESOL|2026-02-11|1130|1330,NEW_SESSION,3948,Inserted inside the current SQL transaction.
PREVIEW_ROLLED_BACK,SESSION,CALTHORPE|ESOL|2026-02-17|1130|1330,NEW_SESSION,3949,Inserted inside the current SQL transaction.
PREVIEW_ROLLED_BACK,SESSION,CALTHORPE|ESOL|2026-02-18|1130|1330,NEW_SESSION,3950,Inserted inside the current SQL transaction.
PREVIEW_ROLLED_BACK,SESSION,CALTHORPE|ESOL|2026-02-24|1130|1330,NEW_SESSION,3951,Inserted inside the current SQL transaction.
PREVIEW_ROLLED_BACK,SESSION,CALTHORPE|ESOL|2026-02-25|1130|1330,NEW_SESSION,3952,Inserted inside the current SQL transaction.
PREVIEW_ROLLED_BACK,SESSION,CALTHORPE|ESOL|2026-03-03|1130|1330,NEW_SESSION,3953,Inserted inside the current SQL transaction.
PREVIEW_ROLLED_BACK,SESSION,CALTHORPE|ESOL|2026-03-04|1130|1330,NEW_SESSION,3954,Inserted inside the current SQL transaction.
PREVIEW_ROLLED_BACK,SESSION,CALTHORPE|ESOL|2026-03-10|1130|1330,NEW_SESSION,3955,Inserted inside the current SQL transaction.
PREVIEW_ROLLED_BACK,SESSION,CALTHORPE|ESOL|2026-03-11|1130|1330,NEW_SESSION,3956,Inserted inside the current SQL transaction.
PREVIEW_ROLLED_BACK,SESSION,CALTHORPE|ESOL|2026-03-17|1130|1330,NEW_SESSION,3957,Inserted inside the current SQL transaction.
PREVIEW_ROLLED_BACK,SESSION,CALTHORPE|ESOL|2026-03-18|1130|1330,NEW_SESSION,3958,Inserted inside the current SQL transaction.
PREVIEW_ROLLED_BACK,SESSION,CALTHORPE|ESOL|2026-03-24|1130|1330,EXISTING_SESSION,57,Matched 1 CRM session(s). Selected SessionId 57; existing attendance=0.
PREVIEW_ROLLED_BACK,SESSION,CALTHORPE|ESOL|2026-03-25|1130|1330,NEW_SESSION,3959,Inserted inside the current SQL transaction.
PREVIEW_ROLLED_BACK,SESSION,CALTHORPE|ESOL|2026-03-31|1130|1330,EXISTING_SESSION,58,Matched 1 CRM session(s). Selected SessionId 58; existing attendance=0.
PREVIEW_ROLLED_BACK,SESSION,CALTHORPE|ESOL|2026-04-01|1130|1330,NEW_SESSION,3960,Inserted inside the current SQL transaction.
PREVIEW_ROLLED_BACK,SESSION,CALTHORPE|ESOL|2026-04-07|1130|1330,EXISTING_SESSION,59,Matched 1 CRM session(s). Selected SessionId 59; existing attendance=0.
PREVIEW_ROLLED_BACK,SESSION,CALTHORPE|ESOL|2026-04-08|1130|1330,NEW_SESSION,3961,Inserted inside the current SQL transaction.
PREVIEW_ROLLED_BACK,SESSION,CALTHORPE|ESOL|2026-04-14|1130|1330,EXISTING_SESSION,60,Matched 1 CRM session(s). Selected SessionId 60; existing attendance=0.
PREVIEW_ROLLED_BACK,SESSION,CALTHORPE|ESOL|2026-04-15|1130|1330,NEW_SESSION,3962,Inserted inside the current SQL transaction.
PREVIEW_ROLLED_BACK,SESSION,CALTHORPE|ESOL|2026-04-21|1130|1330,EXISTING_SESSION,61,Matched 1 CRM session(s). Selected SessionId 61; existing attendance=0.
PREVIEW_ROLLED_BACK,SESSION,CALTHORPE|ESOL|2026-04-22|1130|1330,NEW_SESSION,3963,Inserted inside the current SQL transaction.
PREVIEW_ROLLED_BACK,SESSION,CALTHORPE|ESOL|2026-04-28|1130|1330,EXISTING_SESSION,62,Matched 1 CRM session(s). Selected SessionId 62; existing attendance=0.
PREVIEW_ROLLED_BACK,SESSION,CALTHORPE|HIIT|2025-12-08|1000|1045,NEW_SESSION,3964,Inserted inside the current SQL transaction.
PREVIEW_ROLLED_BACK,SESSION,CALTHORPE|HIIT|2025-12-15|1000|1045,NEW_SESSION,3965,Inserted inside the current SQL transaction.
PREVIEW_ROLLED_BACK,SESSION,CALTHORPE|HIIT|2026-01-12|1030|1115,EXISTING_SESSION,141,Matched 1 CRM session(s). Selected SessionId 141; existing attendance=3.
PREVIEW_ROLLED_BACK,SESSION,CALTHORPE|HIIT|2026-01-19|1030|1115,EXISTING_SESSION,156,Matched 1 CRM session(s). Selected SessionId 156; existing attendance=16.
PREVIEW_ROLLED_BACK,SESSION,CALTHORPE|HIIT|2026-01-26|1030|1115,EXISTING_SESSION,171,Matched 1 CRM session(s). Selected SessionId 171; existing attendance=11.
PREVIEW_ROLLED_BACK,SESSION,CALTHORPE|HIIT|2026-02-02|1030|1115,EXISTING_SESSION,187,Matched 1 CRM session(s). Selected SessionId 187; existing attendance=11.
PREVIEW_ROLLED_BACK,SESSION,CALTHORPE|HIIT|2026-02-09|1030|1115,EXISTING_SESSION,204,Matched 1 CRM session(s). Selected SessionId 204; existing attendance=5.
PREVIEW_ROLLED_BACK,SESSION,CALTHORPE|HIIT|2026-02-16|1030|1115,EXISTING_SESSION,220,Matched 1 CRM session(s). Selected SessionId 220; existing attendance=9.
PREVIEW_ROLLED_BACK,SESSION,CALTHORPE|HIIT|2026-02-23|1030|1115,EXISTING_SESSION,235,Matched 1 CRM session(s). Selected SessionId 235; existing attendance=4.
PREVIEW_ROLLED_BACK,SESSION,CALTHORPE|HIIT|2026-03-02|1030|1115,EXISTING_SESSION,250,Matched 1 CRM session(s). Selected SessionId 250; existing attendance=7.
PREVIEW_ROLLED_BACK,SESSION,CALTHORPE|HIIT|2026-03-09|1030|1115,EXISTING_SESSION,263,Matched 1 CRM session(s). Selected SessionId 263; existing attendance=5.
PREVIEW_ROLLED_BACK,SESSION,CALTHORPE|HIIT|2026-03-16|1030|1115,EXISTING_SESSION,276,Matched 1 CRM session(s). Selected SessionId 276; existing attendance=8.
PREVIEW_ROLLED_BACK,SESSION,CALTHORPE|HIIT|2026-03-23|1030|1115,EXISTING_SESSION,285,Matched 1 CRM session(s). Selected SessionId 285; existing attendance=0.
PREVIEW_ROLLED_BACK,SESSION,CALTHORPE|HIIT|2026-03-30|1030|1115,NEW_SESSION,3966,Inserted inside the current SQL transaction.
PREVIEW_ROLLED_BACK,SESSION,CALTHORPE|HIIT|2026-04-06|1030|1115,NEW_SESSION,3967,Inserted inside the current SQL transaction.
PREVIEW_ROLLED_BACK,SESSION,CALTHORPE|HIIT|2026-04-13|1030|1115,NEW_SESSION,3968,Inserted inside the current SQL transaction.
PREVIEW_ROLLED_BACK,SESSION,CALTHORPE|HIIT|2026-04-20|1030|1115,NEW_SESSION,3969,Inserted inside the current SQL transaction.
PREVIEW_ROLLED_BACK,SESSION,CALTHORPE|HIIT|2026-04-27|1030|1115,NEW_SESSION,3970,Inserted inside the current SQL transaction.
PREVIEW_ROLLED_BACK,SESSION,CALTHORPE|HIIT|2026-05-04|1030|1115,NEW_SESSION,3971,Inserted inside the current SQL transaction.
PREVIEW_ROLLED_BACK,SESSION,CALTHORPE|MEN'S MULTI SPORTS|2026-01-15|1030|1130,NEW_SESSION,3972,Inserted inside the current SQL transaction.
PREVIEW_ROLLED_BACK,SESSION,CALTHORPE|MEN'S MULTI SPORTS|2026-01-22|1030|1130,NEW_SESSION,3973,Inserted inside the current SQL transaction.
PREVIEW_ROLLED_BACK,SESSION,CALTHORPE|MEN'S MULTI SPORTS|2026-01-29|1030|1130,NEW_SESSION,3974,Inserted inside the current SQL transaction.
PREVIEW_ROLLED_BACK,SESSION,CALTHORPE|MEN'S MULTI SPORTS|2026-02-05|1030|1130,NEW_SESSION,3975,Inserted inside the current SQL transaction.
PREVIEW_ROLLED_BACK,SESSION,CALTHORPE|MEN'S MULTI SPORTS|2026-02-12|1030|1130,NEW_SESSION,3976,Inserted inside the current SQL transaction.
PREVIEW_ROLLED_BACK,SESSION,CALTHORPE|MEN'S MULTI SPORTS|2026-02-19|1030|1130,NEW_SESSION,3977,Inserted inside the current SQL transaction.
PREVIEW_ROLLED_BACK,SESSION,CALTHORPE|MEN'S MULTI SPORTS|2026-02-26|1030|1130,NEW_SESSION,3978,Inserted inside the current SQL transaction.
PREVIEW_ROLLED_BACK,SESSION,CALTHORPE|MEN'S MULTI SPORTS|2026-03-05|1030|1130,NEW_SESSION,3979,Inserted inside the current SQL transaction.
PREVIEW_ROLLED_BACK,SESSION,CALTHORPE|MEN'S MULTI SPORTS|2026-03-12|1030|1130,NEW_SESSION,3980,Inserted inside the current SQL transaction.
PREVIEW_ROLLED_BACK,SESSION,CALTHORPE|MEN'S MULTI SPORTS|2026-03-19|1030|1130,NEW_SESSION,3981,Inserted inside the current SQL transaction.
PREVIEW_ROLLED_BACK,SESSION,CALTHORPE|MEN'S MULTI SPORTS|2026-03-26|1030|1130,NEW_SESSION,3982,Inserted inside the current SQL transaction.
PREVIEW_ROLLED_BACK,SESSION,CALTHORPE|MEN'S MULTI SPORTS|2026-04-02|1030|1130,NEW_SESSION,3983,Inserted inside the current SQL transaction.
PREVIEW_ROLLED_BACK,SESSION,CALTHORPE|MEN'S MULTI SPORTS|2026-04-09|1030|1130,NEW_SESSION,3984,Inserted inside the current SQL transaction.
PREVIEW_ROLLED_BACK,SESSION,CALTHORPE|MEN'S MULTI SPORTS|2026-04-16|1030|1130,NEW_SESSION,3985,Inserted inside the current SQL transaction.
PREVIEW_ROLLED_BACK,SESSION,CALTHORPE|MEN'S MULTI SPORTS|2026-04-23|1030|1130,NEW_SESSION,3986,Inserted inside the current SQL transaction.
PREVIEW_ROLLED_BACK,SESSION,CALTHORPE|MEN'S MULTI SPORTS|2026-04-30|1030|1130,NEW_SESSION,3987,Inserted inside the current SQL transaction.
PREVIEW_ROLLED_BACK,SESSION,CALTHORPE|MEN'S MULTI SPORTS|2026-05-07|1030|1130,NEW_SESSION,3988,Inserted inside the current SQL transaction.
PREVIEW_ROLLED_BACK,SESSION,CALTHORPE|MEN'S MULTI SPORTS|2026-05-14|1030|1130,NEW_SESSION,3989,Inserted inside the current SQL transaction.
PREVIEW_ROLLED_BACK,SESSION,CALTHORPE|MEN'S MULTI SPORTS|2026-05-21|1030|1130,NEW_SESSION,3990,Inserted inside the current SQL transaction.
PREVIEW_ROLLED_BACK,SESSION,CALTHORPE|MEN'S MULTI SPORTS|2026-05-28|1030|1130,NEW_SESSION,3991,Inserted inside the current SQL transaction.
PREVIEW_ROLLED_BACK,SESSION,CALTHORPE|PILATES|2025-11-07|1245|1330,NEW_SESSION,3992,Inserted inside the current SQL transaction.
PREVIEW_ROLLED_BACK,SESSION,CALTHORPE|PILATES|2025-11-14|1245|1330,NEW_SESSION,3993,Inserted inside the current SQL transaction.
PREVIEW_ROLLED_BACK,SESSION,CALTHORPE|PILATES|2025-11-21|1245|1330,NEW_SESSION,3994,Inserted inside the current SQL transaction.
PREVIEW_ROLLED_BACK,SESSION,CALTHORPE|PILATES|2025-11-28|1245|1330,NEW_SESSION,3995,Inserted inside the current SQL transaction.
PREVIEW_ROLLED_BACK,SESSION,CALTHORPE|PILATES|2025-12-05|1245|1330,NEW_SESSION,3996,Inserted inside the current SQL transaction.
PREVIEW_ROLLED_BACK,SESSION,CALTHORPE|PILATES|2025-12-12|1245|1330,NEW_SESSION,3997,Inserted inside the current SQL transaction.
PREVIEW_ROLLED_BACK,SESSION,CALTHORPE|PILATES|2025-12-19|1245|1330,NEW_SESSION,3998,Inserted inside the current SQL transaction.
PREVIEW_ROLLED_BACK,SESSION,CALTHORPE|PILATES|2026-01-16|1200|1245,NEW_SESSION,3999,Inserted inside the current SQL transaction.
PREVIEW_ROLLED_BACK,SESSION,CALTHORPE|PILATES|2026-01-23|1200|1245,NEW_SESSION,4000,Inserted inside the current SQL transaction.
PREVIEW_ROLLED_BACK,SESSION,CALTHORPE|PILATES|2026-01-30|1200|1245,NEW_SESSION,4001,Inserted inside the current SQL transaction.
PREVIEW_ROLLED_BACK,SESSION,CALTHORPE|PILATES|2026-02-06|1200|1245,NEW_SESSION,4002,Inserted inside the current SQL transaction.
PREVIEW_ROLLED_BACK,SESSION,CALTHORPE|PILATES|2026-02-13|1200|1245,NEW_SESSION,4003,Inserted inside the current SQL transaction.
PREVIEW_ROLLED_BACK,SESSION,CALTHORPE|PILATES|2026-02-20|1200|1245,NEW_SESSION,4004,Inserted inside the current SQL transaction.
PREVIEW_ROLLED_BACK,SESSION,CALTHORPE|PILATES|2026-02-27|1200|1245,NEW_SESSION,4005,Inserted inside the current SQL transaction.
PREVIEW_ROLLED_BACK,SESSION,CALTHORPE|PILATES|2026-03-13|1200|1245,NEW_SESSION,4006,Inserted inside the current SQL transaction.
PREVIEW_ROLLED_BACK,SESSION,CALTHORPE|PILATES|2026-03-20|1200|1245,EXISTING_SESSION,284,Matched 1 CRM session(s). Selected SessionId 284; existing attendance=0.
PREVIEW_ROLLED_BACK,SESSION,CALTHORPE|PILATES|2026-03-27|1200|1245,NEW_SESSION,4007,Inserted inside the current SQL transaction.
PREVIEW_ROLLED_BACK,SESSION,CALTHORPE|PILATES|2026-04-03|1200|1245,NEW_SESSION,4008,Inserted inside the current SQL transaction.
PREVIEW_ROLLED_BACK,SESSION,CALTHORPE|PILATES|2026-04-10|1200|1245,NEW_SESSION,4009,Inserted inside the current SQL transaction.
PREVIEW_ROLLED_BACK,SESSION,CALTHORPE|PILATES|2026-04-17|1200|1245,NEW_SESSION,4010,Inserted inside the current SQL transaction.
PREVIEW_ROLLED_BACK,SESSION,CALTHORPE|PILATES|2026-04-24|1200|1245,NEW_SESSION,4011,Inserted inside the current SQL transaction.
PREVIEW_ROLLED_BACK,SESSION,CALTHORPE|PILATES|2026-05-01|1200|1245,NEW_SESSION,4012,Inserted inside the current SQL transaction.
PREVIEW_ROLLED_BACK,SESSION,CALTHORPE|PILATES|2026-05-08|1200|1245,NEW_SESSION,4013,Inserted inside the current SQL transaction.
PREVIEW_ROLLED_BACK,SESSION,CALTHORPE|PILATES|2026-05-15|1200|1245,NEW_SESSION,4014,Inserted inside the current SQL transaction.
PREVIEW_ROLLED_BACK,SESSION,CALTHORPE|PILATES|2026-05-22|1200|1245,NEW_SESSION,4015,Inserted inside the current SQL transaction.
PREVIEW_ROLLED_BACK,SESSION,CALTHORPE|PILATES|2026-05-29|1200|1245,NEW_SESSION,4016,Inserted inside the current SQL transaction.
PREVIEW_ROLLED_BACK,SESSION,CALTHORPE|PILATES|2026-06-05|1200|1245,NEW_SESSION,4017,Inserted inside the current SQL transaction.
PREVIEW_ROLLED_BACK,SESSION,CALTHORPE|SALSA/BELLY DANCING|2025-11-05|1100|1200,NEW_SESSION,4018,Inserted inside the current SQL transaction.
PREVIEW_ROLLED_BACK,SESSION,CALTHORPE|SALSA/BELLY DANCING|2025-11-12|1100|1200,NEW_SESSION,4019,Inserted inside the current SQL transaction.
PREVIEW_ROLLED_BACK,SESSION,CALTHORPE|SALSA/BELLY DANCING|2025-11-19|1100|1200,NEW_SESSION,4020,Inserted inside the current SQL transaction.
PREVIEW_ROLLED_BACK,SESSION,CALTHORPE|SALSA/BELLY DANCING|2025-11-26|1100|1200,NEW_SESSION,4021,Inserted inside the current SQL transaction.
PREVIEW_ROLLED_BACK,SESSION,CALTHORPE|SALSA/BELLY DANCING|2025-12-03|1100|1200,NEW_SESSION,4022,Inserted inside the current SQL transaction.
PREVIEW_ROLLED_BACK,SESSION,CALTHORPE|SALSA/BELLY DANCING|2025-12-10|1100|1200,NEW_SESSION,4023,Inserted inside the current SQL transaction.
PREVIEW_ROLLED_BACK,SESSION,CALTHORPE|SALSA/BELLY DANCING|2026-01-14|1100|1200,NEW_SESSION,4024,Inserted inside the current SQL transaction.
PREVIEW_ROLLED_BACK,SESSION,CALTHORPE|SALSA/BELLY DANCING|2026-01-21|1100|1200,NEW_SESSION,4025,Inserted inside the current SQL transaction.
PREVIEW_ROLLED_BACK,SESSION,CALTHORPE|SALSA/BELLY DANCING|2026-01-28|1100|1200,NEW_SESSION,4026,Inserted inside the current SQL transaction.
PREVIEW_ROLLED_BACK,SESSION,CALTHORPE|SALSA/BELLY DANCING|2026-02-04|1100|1200,NEW_SESSION,4027,Inserted inside the current SQL transaction.
PREVIEW_ROLLED_BACK,SESSION,CALTHORPE|SALSA/BELLY DANCING|2026-02-10|1715|1815,NEW_SESSION,4028,Inserted inside the current SQL transaction.
PREVIEW_ROLLED_BACK,SESSION,CALTHORPE|SALSA/BELLY DANCING|2026-02-11|1100|1200,NEW_SESSION,4029,Inserted inside the current SQL transaction.
PREVIEW_ROLLED_BACK,SESSION,CALTHORPE|SALSA/BELLY DANCING|2026-02-18|1100|1200,NEW_SESSION,4030,Inserted inside the current SQL transaction.
PREVIEW_ROLLED_BACK,SESSION,CALTHORPE|SALSA/BELLY DANCING|2026-02-25|1100|1200,NEW_SESSION,4031,Inserted inside the current SQL transaction.
PREVIEW_ROLLED_BACK,SESSION,CALTHORPE|SALSA/BELLY DANCING|2026-03-06|1000|1100,EXISTING_SESSION,261,Matched 1 CRM session(s). Selected SessionId 261; existing attendance=3.
PREVIEW_ROLLED_BACK,SESSION,CALTHORPE|SALSA/BELLY DANCING|2026-03-11|1100|1200,NEW_SESSION,4032,Inserted inside the current SQL transaction.
PREVIEW_ROLLED_BACK,SESSION,CALTHORPE|SALSA/BELLY DANCING|2026-03-18|1100|1200,EXISTING_SESSION,4,Matched 1 CRM session(s). Selected SessionId 4; existing attendance=4.
PREVIEW_ROLLED_BACK,SESSION,CALTHORPE|SALSA/BELLY DANCING|2026-03-25|1100|1200,EXISTING_SESSION,5,Matched 1 CRM session(s). Selected SessionId 5; existing attendance=0.
PREVIEW_ROLLED_BACK,SESSION,CALTHORPE|SALSA/BELLY DANCING|2026-04-01|1100|1200,EXISTING_SESSION,6,Matched 1 CRM session(s). Selected SessionId 6; existing attendance=0.
PREVIEW_ROLLED_BACK,SESSION,CALTHORPE|SALSA/BELLY DANCING|2026-04-08|1100|1200,NEW_SESSION,4033,Inserted inside the current SQL transaction.
PREVIEW_ROLLED_BACK,SESSION,CALTHORPE|SALSA/BELLY DANCING|2026-04-15|1100|1200,EXISTING_SESSION,856,Matched 1 CRM session(s). Selected SessionId 856; existing attendance=0.
PREVIEW_ROLLED_BACK,SESSION,CALTHORPE|SALSA/BELLY DANCING|2026-04-22|1100|1200,EXISTING_SESSION,857,Matched 1 CRM session(s). Selected SessionId 857; existing attendance=0.
PREVIEW_ROLLED_BACK,SESSION,CALTHORPE|SALSA/BELLY DANCING|2026-04-29|1100|1200,EXISTING_SESSION,858,Matched 1 CRM session(s). Selected SessionId 858; existing attendance=0.
PREVIEW_ROLLED_BACK,SESSION,CALTHORPE|SALSA/BELLY DANCING|2026-05-06|1100|1200,EXISTING_SESSION,859,Matched 1 CRM session(s). Selected SessionId 859; existing attendance=0.
PREVIEW_ROLLED_BACK,SESSION,CALTHORPE|SALSA/BELLY DANCING|2026-05-13|1100|1200,EXISTING_SESSION,860,Matched 1 CRM session(s). Selected SessionId 860; existing attendance=0.
PREVIEW_ROLLED_BACK,SESSION,CALTHORPE|SALSA/BELLY DANCING|2026-05-20|1100|1200,EXISTING_SESSION,861,Matched 1 CRM session(s). Selected SessionId 861; existing attendance=0.
PREVIEW_ROLLED_BACK,SESSION,CALTHORPE|SALSA/BELLY DANCING|2026-05-27|1100|1200,EXISTING_SESSION,862,Matched 1 CRM session(s). Selected SessionId 862; existing attendance=0.
PREVIEW_ROLLED_BACK,SESSION,CALTHORPE|SALSA/BELLY DANCING|2026-06-03|1100|1200,EXISTING_SESSION,863,Matched 1 CRM session(s). Selected SessionId 863; existing attendance=0.
PREVIEW_ROLLED_BACK,SESSION,CALTHORPE|SALSA/BELLY DANCING|2026-06-05|1100|1145,NEW_SESSION,4034,Inserted inside the current SQL transaction.
PREVIEW_ROLLED_BACK,SESSION,CALTHORPE|STRENGTH & STRETCH|2025-11-03|1000|1100,NEW_SESSION,4035,Inserted inside the current SQL transaction.
PREVIEW_ROLLED_BACK,SESSION,CALTHORPE|STRENGTH & STRETCH|2025-11-04|1000|1100,NEW_SESSION,4036,Inserted inside the current SQL transaction.
PREVIEW_ROLLED_BACK,SESSION,CALTHORPE|STRENGTH & STRETCH|2025-11-11|1000|1100,NEW_SESSION,4037,Inserted inside the current SQL transaction.
PREVIEW_ROLLED_BACK,SESSION,CALTHORPE|STRENGTH & STRETCH|2025-11-18|1000|1100,NEW_SESSION,4038,Inserted inside the current SQL transaction.
PREVIEW_ROLLED_BACK,SESSION,CALTHORPE|STRENGTH & STRETCH|2025-11-25|1000|1100,NEW_SESSION,4039,Inserted inside the current SQL transaction.
PREVIEW_ROLLED_BACK,SESSION,CALTHORPE|STRENGTH & STRETCH|2025-12-02|1000|1100,NEW_SESSION,4040,Inserted inside the current SQL transaction.
PREVIEW_ROLLED_BACK,SESSION,CALTHORPE|STRENGTH & STRETCH|2025-12-09|1000|1100,NEW_SESSION,4041,Inserted inside the current SQL transaction.
PREVIEW_ROLLED_BACK,SESSION,CALTHORPE|STRENGTH & STRETCH|2025-12-16|1000|1100,NEW_SESSION,4042,Inserted inside the current SQL transaction.
PREVIEW_ROLLED_BACK,SESSION,CALTHORPE|STRENGTH & STRETCH|2026-01-13|0930|1030,EXISTING_SESSION,145,Matched 1 CRM session(s). Selected SessionId 145; existing attendance=0.
PREVIEW_ROLLED_BACK,SESSION,CALTHORPE|STRENGTH & STRETCH|2026-01-20|0930|1030,EXISTING_SESSION,160,Matched 1 CRM session(s). Selected SessionId 160; existing attendance=0.
PREVIEW_ROLLED_BACK,SESSION,CALTHORPE|STRENGTH & STRETCH|2026-01-27|0930|1030,EXISTING_SESSION,175,Matched 1 CRM session(s). Selected SessionId 175; existing attendance=0.
PREVIEW_ROLLED_BACK,SESSION,CALTHORPE|STRENGTH & STRETCH|2026-02-03|0930|1030,EXISTING_SESSION,192,Matched 1 CRM session(s). Selected SessionId 192; existing attendance=0.
PREVIEW_ROLLED_BACK,SESSION,CALTHORPE|STRENGTH & STRETCH|2026-02-10|0930|1030,EXISTING_SESSION,208,Matched 1 CRM session(s). Selected SessionId 208; existing attendance=0.
PREVIEW_ROLLED_BACK,SESSION,CALTHORPE|STRENGTH & STRETCH|2026-02-17|0930|1030,EXISTING_SESSION,224,Matched 1 CRM session(s). Selected SessionId 224; existing attendance=0.
PREVIEW_ROLLED_BACK,SESSION,CALTHORPE|STRENGTH & STRETCH|2026-02-24|0930|1030,EXISTING_SESSION,239,Matched 1 CRM session(s). Selected SessionId 239; existing attendance=0.
PREVIEW_ROLLED_BACK,SESSION,CALTHORPE|STRENGTH & STRETCH|2026-03-03|0930|1030,EXISTING_SESSION,254,Matched 1 CRM session(s). Selected SessionId 254; existing attendance=0.
PREVIEW_ROLLED_BACK,SESSION,CALTHORPE|STRENGTH & STRETCH|2026-03-10|0930|1030,EXISTING_SESSION,267,Matched 1 CRM session(s). Selected SessionId 267; existing attendance=0.
PREVIEW_ROLLED_BACK,SESSION,CALTHORPE|STRENGTH & STRETCH|2026-03-17|0930|1030,EXISTING_SESSION,279,Matched 1 CRM session(s). Selected SessionId 279; existing attendance=6.
PREVIEW_ROLLED_BACK,SESSION,CALTHORPE|STRENGTH & STRETCH|2026-03-24|0930|1030,EXISTING_SESSION,16,Matched 1 CRM session(s). Selected SessionId 16; existing attendance=13.
PREVIEW_ROLLED_BACK,SESSION,CALTHORPE|STRENGTH & STRETCH|2026-03-31|0930|1030,EXISTING_SESSION,17,Matched 1 CRM session(s). Selected SessionId 17; existing attendance=0.
PREVIEW_ROLLED_BACK,SESSION,CALTHORPE|STRENGTH & STRETCH|2026-04-07|0930|1030,EXISTING_SESSION,18,Matched 1 CRM session(s). Selected SessionId 18; existing attendance=0.
PREVIEW_ROLLED_BACK,SESSION,CALTHORPE|STRENGTH & STRETCH|2026-04-14|0930|1030,EXISTING_SESSION,19,Matched 1 CRM session(s). Selected SessionId 19; existing attendance=0.
PREVIEW_ROLLED_BACK,SESSION,CALTHORPE|STRENGTH & STRETCH|2026-04-21|0930|1030,EXISTING_SESSION,20,Matched 1 CRM session(s). Selected SessionId 20; existing attendance=0.
PREVIEW_ROLLED_BACK,SESSION,CALTHORPE|STRENGTH & STRETCH|2026-04-28|0930|1030,EXISTING_SESSION,21,Matched 1 CRM session(s). Selected SessionId 21; existing attendance=0.
PREVIEW_ROLLED_BACK,SESSION,CALTHORPE|STRENGTH & STRETCH|2026-05-05|0930|1030,EXISTING_SESSION,22,Matched 1 CRM session(s). Selected SessionId 22; existing attendance=17.
PREVIEW_ROLLED_BACK,SESSION,CALTHORPE|STRENGTH & STRETCH|2026-05-11|1030|1115,NEW_SESSION,4043,Inserted inside the current SQL transaction.
PREVIEW_ROLLED_BACK,SESSION,CALTHORPE|STRENGTH & STRETCH|2026-05-12|0930|1030,EXISTING_SESSION,23,Matched 1 CRM session(s). Selected SessionId 23; existing attendance=0.
PREVIEW_ROLLED_BACK,SESSION,CALTHORPE|STRENGTH & STRETCH|2026-05-18|1030|1115,NEW_SESSION,4044,Inserted inside the current SQL transaction.
PREVIEW_ROLLED_BACK,SESSION,CALTHORPE|STRENGTH & STRETCH|2026-05-19|0930|1030,EXISTING_SESSION,24,Matched 1 CRM session(s). Selected SessionId 24; existing attendance=0.
PREVIEW_ROLLED_BACK,SESSION,CALTHORPE|STRENGTH & STRETCH|2026-05-25|1030|1115,NEW_SESSION,4045,Inserted inside the current SQL transaction.
PREVIEW_ROLLED_BACK,SESSION,CALTHORPE|STRENGTH & STRETCH|2026-05-26|0930|1030,EXISTING_SESSION,25,Matched 1 CRM session(s). Selected SessionId 25; existing attendance=0.
PREVIEW_ROLLED_BACK,SESSION,CALTHORPE|STRENGTH & STRETCH|2026-06-01|1030|1115,NEW_SESSION,4046,Inserted inside the current SQL transaction.
PREVIEW_ROLLED_BACK,SESSION,CALTHORPE|STRENGTH & STRETCH|2026-06-02|0930|1030,EXISTING_SESSION,26,Matched 1 CRM session(s). Selected SessionId 26; existing attendance=0.
PREVIEW_ROLLED_BACK,SESSION,CALTHORPE|STRENGTH & STRETCH|2026-06-08|1030|1115,NEW_SESSION,4047,Inserted inside the current SQL transaction.
PREVIEW_ROLLED_BACK,SESSION,CALTHORPE|STRENGTH & STRETCH|2026-06-09|0930|1030,EXISTING_SESSION,27,Matched 1 CRM session(s). Selected SessionId 27; existing attendance=0.
PREVIEW_ROLLED_BACK,SESSION,CALTHORPE|TENNIS|2025-11-28|1200|1300,EXISTING_SESSION,139,Matched 1 CRM session(s). Selected SessionId 139; existing attendance=0.
PREVIEW_ROLLED_BACK,SESSION,CALTHORPE|WALK WITH ABI|2026-04-16|1015|1115,NEW_SESSION,4048,Inserted inside the current SQL transaction.
PREVIEW_ROLLED_BACK,SESSION,CALTHORPE|WALK WITH ABI|2026-04-23|1015|1115,NEW_SESSION,4049,Inserted inside the current SQL transaction.
PREVIEW_ROLLED_BACK,SESSION,CALTHORPE|WALK WITH ABI|2026-04-30|1015|1115,NEW_SESSION,4050,Inserted inside the current SQL transaction.
PREVIEW_ROLLED_BACK,SESSION,CALTHORPE|WALK WITH ABI|2026-05-07|1015|1115,NEW_SESSION,4051,Inserted inside the current SQL transaction.
PREVIEW_ROLLED_BACK,SESSION,CALTHORPE|WALK WITH ABI|2026-05-14|1015|1115,NEW_SESSION,4052,Inserted inside the current SQL transaction.
PREVIEW_ROLLED_BACK,SESSION,CALTHORPE|WALK WITH ABI|2026-05-21|1015|1115,NEW_SESSION,4053,Inserted inside the current SQL transaction.
PREVIEW_ROLLED_BACK,SESSION,CALTHORPE|WALK WITH ABI|2026-05-28|1015|1115,NEW_SESSION,4054,Inserted inside the current SQL transaction.
PREVIEW_ROLLED_BACK,SESSION,CALTHORPE|WALK WITH ABI|2026-06-04|1015|1115,NEW_SESSION,4055,Inserted inside the current SQL transaction.
PREVIEW_ROLLED_BACK,SESSION,CALTHORPE|WORKSHOPS|2026-02-04|1215|1330,EXISTING_SESSION,196,Matched 1 CRM session(s). Selected SessionId 196; existing attendance=0.
PREVIEW_ROLLED_BACK,SESSION,CALTHORPE|YOGA|2025-11-25|1730|1830,NEW_SESSION,4056,Inserted inside the current SQL transaction.
PREVIEW_ROLLED_BACK,SESSION,CALTHORPE|YOGA|2025-12-02|1715|1815,NEW_SESSION,4057,Inserted inside the current SQL transaction.
PREVIEW_ROLLED_BACK,SESSION,CALTHORPE|YOGA|2025-12-09|1715|1815,NEW_SESSION,4058,Inserted inside the current SQL transaction.
PREVIEW_ROLLED_BACK,SESSION,CALTHORPE|YOGA|2025-12-16|1715|1815,NEW_SESSION,4059,Inserted inside the current SQL transaction.
PREVIEW_ROLLED_BACK,SESSION,CALTHORPE|YOGA|2026-01-13|1715|1815,EXISTING_SESSION,146,Matched 1 CRM session(s). Selected SessionId 146; existing attendance=5.
PREVIEW_ROLLED_BACK,SESSION,CALTHORPE|YOGA|2026-01-20|1715|1815,EXISTING_SESSION,161,Matched 1 CRM session(s). Selected SessionId 161; existing attendance=6.
PREVIEW_ROLLED_BACK,SESSION,CALTHORPE|YOGA|2026-01-27|1715|1815,EXISTING_SESSION,177,Matched 1 CRM session(s). Selected SessionId 177; existing attendance=0.
PREVIEW_ROLLED_BACK,SESSION,CALTHORPE|YOGA|2026-02-03|1715|1815,NEW_SESSION,4060,Inserted inside the current SQL transaction.
PREVIEW_ROLLED_BACK,SESSION,CALTHORPE|YOGA|2026-02-17|1715|1815,NEW_SESSION,4061,Inserted inside the current SQL transaction.
PREVIEW_ROLLED_BACK,SESSION,CALTHORPE|YOGA|2026-02-24|1715|1815,NEW_SESSION,4062,Inserted inside the current SQL transaction.
PREVIEW_ROLLED_BACK,SESSION,CALTHORPE|YOGA|2026-03-03|1715|1815,NEW_SESSION,4063,Inserted inside the current SQL transaction.
PREVIEW_ROLLED_BACK,SESSION,CALTHORPE|YOGA|2026-03-10|1715|1815,NEW_SESSION,4064,Inserted inside the current SQL transaction.
PREVIEW_ROLLED_BACK,SESSION,CALTHORPE|YOGA|2026-03-17|1715|1815,NEW_SESSION,4065,Inserted inside the current SQL transaction.
PREVIEW_ROLLED_BACK,SESSION,CALTHORPE|YOGA|2026-04-07|1715|1815,NEW_SESSION,4066,Inserted inside the current SQL transaction.
PREVIEW_ROLLED_BACK,SESSION,CALTHORPE|YOGA|2026-04-14|1715|1815,NEW_SESSION,4067,Inserted inside the current SQL transaction.
PREVIEW_ROLLED_BACK,SESSION,CALTHORPE|YOGA|2026-04-21|1715|1815,NEW_SESSION,4068,Inserted inside the current SQL transaction.
PREVIEW_ROLLED_BACK,SESSION,CALTHORPE|YOGA|2026-04-28|1715|1815,NEW_SESSION,4069,Inserted inside the current SQL transaction.
PREVIEW_ROLLED_BACK,SESSION,CALTHORPE|YOGA|2026-05-05|1715|1815,NEW_SESSION,4070,Inserted inside the current SQL transaction.
PREVIEW_ROLLED_BACK,SESSION,CALTHORPE|YOGA|2026-05-12|1715|1815,NEW_SESSION,4071,Inserted inside the current SQL transaction.
PREVIEW_ROLLED_BACK,SESSION,CALTHORPE|YOGA|2026-05-19|1715|1815,NEW_SESSION,4072,Inserted inside the current SQL transaction.
PREVIEW_ROLLED_BACK,SESSION,CALTHORPE|YOGA|2026-05-26|1715|1815,NEW_SESSION,4073,Inserted inside the current SQL transaction.
PREVIEW_ROLLED_BACK,SESSION,CALTHORPE|YOGA|2026-06-02|1715|1815,NEW_SESSION,4074,Inserted inside the current SQL transaction.
PREVIEW_ROLLED_BACK,SESSION,CALTHORPE|YOGA|2026-06-09|1715|1815,NEW_SESSION,4075,Inserted inside the current SQL transaction.
PREVIEW_ROLLED_BACK,SESSION,CALTHORPE|ZUMBA|2025-11-07|1800|1900,NEW_SESSION,4076,Inserted inside the current SQL transaction.
PREVIEW_ROLLED_BACK,SESSION,CALTHORPE|ZUMBA|2025-11-14|1800|1900,NEW_SESSION,4077,Inserted inside the current SQL transaction.
PREVIEW_ROLLED_BACK,SESSION,CALTHORPE|ZUMBA|2025-11-21|1800|1900,NEW_SESSION,4078,Inserted inside the current SQL transaction.
PREVIEW_ROLLED_BACK,SESSION,CALTHORPE|ZUMBA|2025-11-28|1800|1900,NEW_SESSION,4079,Inserted inside the current SQL transaction.
PREVIEW_ROLLED_BACK,SESSION,CALTHORPE|ZUMBA|2026-01-12|0930|1015,EXISTING_SESSION,143,Matched 1 CRM session(s). Selected SessionId 143; existing attendance=14.
PREVIEW_ROLLED_BACK,SESSION,CALTHORPE|ZUMBA|2026-01-19|0930|1015,EXISTING_SESSION,158,Matched 1 CRM session(s). Selected SessionId 158; existing attendance=13.
PREVIEW_ROLLED_BACK,SESSION,CALTHORPE|ZUMBA|2026-01-26|0930|1015,EXISTING_SESSION,173,Matched 1 CRM session(s). Selected SessionId 173; existing attendance=13.
PREVIEW_ROLLED_BACK,SESSION,CALTHORPE|ZUMBA|2026-02-02|0930|1015,EXISTING_SESSION,189,Matched 1 CRM session(s). Selected SessionId 189; existing attendance=11.
PREVIEW_ROLLED_BACK,SESSION,CALTHORPE|ZUMBA|2026-02-09|0930|1015,EXISTING_SESSION,206,Matched 1 CRM session(s). Selected SessionId 206; existing attendance=6.
PREVIEW_ROLLED_BACK,SESSION,CALTHORPE|ZUMBA|2026-02-16|0930|1015,EXISTING_SESSION,222,Matched 1 CRM session(s). Selected SessionId 222; existing attendance=11.
PREVIEW_ROLLED_BACK,SESSION,CALTHORPE|ZUMBA|2026-02-23|0930|1015,EXISTING_SESSION,237,Matched 1 CRM session(s). Selected SessionId 237; existing attendance=6.
PREVIEW_ROLLED_BACK,SESSION,CALTHORPE|ZUMBA|2026-03-02|0930|1015,EXISTING_SESSION,252,Matched 1 CRM session(s). Selected SessionId 252; existing attendance=9.
PREVIEW_ROLLED_BACK,SESSION,CALTHORPE|ZUMBA|2026-03-09|0930|1015,EXISTING_SESSION,265,Matched 1 CRM session(s). Selected SessionId 265; existing attendance=7.
PREVIEW_ROLLED_BACK,SESSION,CALTHORPE|ZUMBA|2026-03-16|0930|1015,EXISTING_SESSION,278,Matched 1 CRM session(s). Selected SessionId 278; existing attendance=10.
PREVIEW_ROLLED_BACK,SESSION,CALTHORPE|ZUMBA|2026-03-23|0930|1015,EXISTING_SESSION,10,Matched 2 CRM session(s). Selected SessionId 10; existing attendance=8.
PREVIEW_ROLLED_BACK,SESSION,CALTHORPE|ZUMBA|2026-03-30|0930|1015,EXISTING_SESSION,11,Matched 1 CRM session(s). Selected SessionId 11; existing attendance=0.
PREVIEW_ROLLED_BACK,SESSION,CALTHORPE|ZUMBA|2026-04-06|0930|1015,EXISTING_SESSION,12,Matched 1 CRM session(s). Selected SessionId 12; existing attendance=0.
PREVIEW_ROLLED_BACK,SESSION,CALTHORPE|ZUMBA|2026-04-13|0930|1015,EXISTING_SESSION,13,Matched 1 CRM session(s). Selected SessionId 13; existing attendance=0.
PREVIEW_ROLLED_BACK,SESSION,CALTHORPE|ZUMBA|2026-04-20|0930|1015,EXISTING_SESSION,14,Matched 1 CRM session(s). Selected SessionId 14; existing attendance=0.
PREVIEW_ROLLED_BACK,SESSION,CALTHORPE|ZUMBA|2026-04-27|0930|1015,EXISTING_SESSION,15,Matched 1 CRM session(s). Selected SessionId 15; existing attendance=0.
PREVIEW_ROLLED_BACK,SESSION,CALTHORPE|ZUMBA|2026-05-04|0930|1015,NEW_SESSION,4080,Inserted inside the current SQL transaction.
PREVIEW_ROLLED_BACK,SESSION,CALTHORPE|ZUMBA|2026-05-11|0930|1015,NEW_SESSION,4081,Inserted inside the current SQL transaction.
PREVIEW_ROLLED_BACK,PARTICIPANT,CARD:1020,MATCHED_FULL,4614,
PREVIEW_ROLLED_BACK,PARTICIPANT,CARD:105,MATCHED_FULL,9797,
PREVIEW_ROLLED_BACK,PARTICIPANT,CARD:1236,MATCHED_FULL,4942,
PREVIEW_ROLLED_BACK,PARTICIPANT,CARD:126,MATCHED_FULL,9806,
PREVIEW_ROLLED_BACK,PARTICIPANT,CARD:1269,MATCHED_FULL,5020,
PREVIEW_ROLLED_BACK,PARTICIPANT,CARD:1270,MATCHED_FULL,5021,
PREVIEW_ROLLED_BACK,PARTICIPANT,CARD:129,MATCHED_FULL,9809,
PREVIEW_ROLLED_BACK,PARTICIPANT,CARD:1334,MATCHED_FULL,5193,
PREVIEW_ROLLED_BACK,PARTICIPANT,CARD:137,MATCHED_FULL,9815,
PREVIEW_ROLLED_BACK,PARTICIPANT,CARD:140,MATCHED_FULL,4732,
PREVIEW_ROLLED_BACK,PARTICIPANT,CARD:1418,MATCHED_FULL,9669,
PREVIEW_ROLLED_BACK,PARTICIPANT,CARD:1447,MATCHED_FULL,9887,
PREVIEW_ROLLED_BACK,PARTICIPANT,CARD:145,MATCHED_FULL,4301,
PREVIEW_ROLLED_BACK,PARTICIPANT,CARD:1502,MATCHED_FULL,9872,
PREVIEW_ROLLED_BACK,PARTICIPANT,CARD:1503,MATCHED_FULL,9893,
PREVIEW_ROLLED_BACK,PARTICIPANT,CARD:1513,MATCHED_FULL,9896,
PREVIEW_ROLLED_BACK,PARTICIPANT,CARD:1518,MATCHED_FULL,9867,
PREVIEW_ROLLED_BACK,PARTICIPANT,CARD:1527,MATCHED_FULL,9947,
PREVIEW_ROLLED_BACK,PARTICIPANT,CARD:1528,MATCHED_FULL,9948,
PREVIEW_ROLLED_BACK,PARTICIPANT,CARD:1531,MATCHED_FULL,9953,
PREVIEW_ROLLED_BACK,PARTICIPANT,CARD:1532,MATCHED_FULL,9962,
PREVIEW_ROLLED_BACK,PARTICIPANT,CARD:1536,MATCHED_FULL,9941,
PREVIEW_ROLLED_BACK,PARTICIPANT,CARD:154,MATCHED_FULL,4399,
PREVIEW_ROLLED_BACK,PARTICIPANT,CARD:1541,MATCHED_FULL,9952,
PREVIEW_ROLLED_BACK,PARTICIPANT,CARD:1543,MATCHED_FULL,9958,
PREVIEW_ROLLED_BACK,PARTICIPANT,CARD:1548,MATCHED_FULL,9957,
PREVIEW_ROLLED_BACK,PARTICIPANT,CARD:1549,MATCHED_FULL,9934,
PREVIEW_ROLLED_BACK,PARTICIPANT,CARD:1550,MATCHED_FULL,9930,
PREVIEW_ROLLED_BACK,PARTICIPANT,CARD:156,MATCHED_FULL,4312,
PREVIEW_ROLLED_BACK,PARTICIPANT,CARD:1565,MATCHED_FULL,9901,
PREVIEW_ROLLED_BACK,PARTICIPANT,CARD:1567,MATCHED_FULL,9891,
PREVIEW_ROLLED_BACK,PARTICIPANT,CARD:157,MATCHED_FULL,4309,
PREVIEW_ROLLED_BACK,PARTICIPANT,CARD:1599,MATCHED_FULL,9911,
PREVIEW_ROLLED_BACK,PARTICIPANT,CARD:1601,MATCHED_FULL,9913,
PREVIEW_ROLLED_BACK,PARTICIPANT,CARD:1603,MATCHED_FULL,9950,
PREVIEW_ROLLED_BACK,PARTICIPANT,CARD:1616,MATCHED_FULL,9977,
PREVIEW_ROLLED_BACK,PARTICIPANT,CARD:1617,MATCHED_FULL,9972,
PREVIEW_ROLLED_BACK,PARTICIPANT,CARD:1628,MATCHED_FULL,10019,
PREVIEW_ROLLED_BACK,PARTICIPANT,CARD:1631,MATCHED_FULL,10011,
PREVIEW_ROLLED_BACK,PARTICIPANT,CARD:1632,MATCHED_FULL,10007,
PREVIEW_ROLLED_BACK,PARTICIPANT,CARD:1633,MATCHED_FULL,10071,
PREVIEW_ROLLED_BACK,PARTICIPANT,CARD:1634,MATCHED_FULL,10008,
PREVIEW_ROLLED_BACK,PARTICIPANT,CARD:1815,CREATED_FULL,10160,Created FULL participant for missing card '1815' inside the current SQL transaction.
PREVIEW_ROLLED_BACK,PARTICIPANT,CARD:204,MATCHED_FULL,4481,
PREVIEW_ROLLED_BACK,PARTICIPANT,CARD:2480,MATCHED_FULL,10040,
PREVIEW_ROLLED_BACK,PARTICIPANT,CARD:249,MATCHED_FULL,4396,
PREVIEW_ROLLED_BACK,PARTICIPANT,CARD:261,MATCHED_FULL,4445,
PREVIEW_ROLLED_BACK,PARTICIPANT,CARD:264,MATCHED_FULL,4455,
PREVIEW_ROLLED_BACK,PARTICIPANT,CARD:269,MATCHED_FULL,4467,
PREVIEW_ROLLED_BACK,PARTICIPANT,CARD:270,MATCHED_FULL,4469,
PREVIEW_ROLLED_BACK,PARTICIPANT,CARD:305,MATCHED_FULL,4552,
PREVIEW_ROLLED_BACK,PARTICIPANT,CARD:315,MATCHED_FULL,4564,
PREVIEW_ROLLED_BACK,PARTICIPANT,CARD:319,MATCHED_FULL,4572,
PREVIEW_ROLLED_BACK,PARTICIPANT,CARD:334,MATCHED_FULL,4566,
PREVIEW_ROLLED_BACK,PARTICIPANT,CARD:337,MATCHED_FULL,4587,
PREVIEW_ROLLED_BACK,PARTICIPANT,CARD:346,MATCHED_FULL,4511,
PREVIEW_ROLLED_BACK,PARTICIPANT,CARD:3489,CREATED_FULL,10161,Created FULL participant for missing card '3489' inside the current SQL transaction.
PREVIEW_ROLLED_BACK,PARTICIPANT,CARD:351,MATCHED_FULL,4424,
PREVIEW_ROLLED_BACK,PARTICIPANT,CARD:369,MATCHED_FULL,4573,
PREVIEW_ROLLED_BACK,PARTICIPANT,CARD:370,MATCHED_FULL,4763,
PREVIEW_ROLLED_BACK,PARTICIPANT,CARD:371,MATCHED_FULL,5174,
PREVIEW_ROLLED_BACK,PARTICIPANT,CARD:372,MATCHED_FULL,5181,
PREVIEW_ROLLED_BACK,PARTICIPANT,CARD:373,MATCHED_FULL,5183,
PREVIEW_ROLLED_BACK,PARTICIPANT,CARD:375,MATCHED_FULL,5185,
PREVIEW_ROLLED_BACK,PARTICIPANT,CARD:376,MATCHED_FULL,5243,
PREVIEW_ROLLED_BACK,PARTICIPANT,CARD:377,MATCHED_FULL,5192,
PREVIEW_ROLLED_BACK,PARTICIPANT,CARD:379,MATCHED_FULL,5187,
PREVIEW_ROLLED_BACK,PARTICIPANT,CARD:380,MATCHED_FULL,5189,
PREVIEW_ROLLED_BACK,PARTICIPANT,CARD:382,MATCHED_FULL,5203,
PREVIEW_ROLLED_BACK,PARTICIPANT,CARD:384,MATCHED_FULL,5204,
PREVIEW_ROLLED_BACK,PARTICIPANT,CARD:385,MATCHED_FULL,5208,
PREVIEW_ROLLED_BACK,PARTICIPANT,CARD:386,MATCHED_FULL,5210,
PREVIEW_ROLLED_BACK,PARTICIPANT,CARD:388,MATCHED_FULL,5216,
PREVIEW_ROLLED_BACK,PARTICIPANT,CARD:390,MATCHED_FULL,5218,
PREVIEW_ROLLED_BACK,PARTICIPANT,CARD:391,MATCHED_FULL,5223,
PREVIEW_ROLLED_BACK,PARTICIPANT,CARD:393,MATCHED_FULL,5221,
PREVIEW_ROLLED_BACK,PARTICIPANT,CARD:394,MATCHED_FULL,5220,
PREVIEW_ROLLED_BACK,PARTICIPANT,CARD:395,MATCHED_FULL,5230,
PREVIEW_ROLLED_BACK,PARTICIPANT,CARD:396,MATCHED_FULL,5231,
PREVIEW_ROLLED_BACK,PARTICIPANT,CARD:397,MATCHED_FULL,5235,
PREVIEW_ROLLED_BACK,PARTICIPANT,CARD:398,MATCHED_FULL,5236,
PREVIEW_ROLLED_BACK,PARTICIPANT,CARD:402,MATCHED_FULL,4308,
PREVIEW_ROLLED_BACK,PARTICIPANT,CARD:406,MATCHED_FULL,4314,
PREVIEW_ROLLED_BACK,PARTICIPANT,CARD:407,MATCHED_FULL,4315,
PREVIEW_ROLLED_BACK,PARTICIPANT,CARD:410,MATCHED_FULL,4328,
PREVIEW_ROLLED_BACK,PARTICIPANT,CARD:411,MATCHED_FULL,4331,
PREVIEW_ROLLED_BACK,PARTICIPANT,CARD:412,MATCHED_FULL,4330,
PREVIEW_ROLLED_BACK,PARTICIPANT,CARD:413,MATCHED_FULL,4329,
PREVIEW_ROLLED_BACK,PARTICIPANT,CARD:415,MATCHED_FULL,4340,
PREVIEW_ROLLED_BACK,PARTICIPANT,CARD:416,MATCHED_FULL,4335,
PREVIEW_ROLLED_BACK,PARTICIPANT,CARD:418,MATCHED_FULL,4343,
PREVIEW_ROLLED_BACK,PARTICIPANT,CARD:419,MATCHED_FULL,4337,
PREVIEW_ROLLED_BACK,PARTICIPANT,CARD:422,MATCHED_FULL,4341,
PREVIEW_ROLLED_BACK,PARTICIPANT,CARD:424,MATCHED_FULL,4344,
PREVIEW_ROLLED_BACK,PARTICIPANT,CARD:426,MATCHED_FULL,9856,
PREVIEW_ROLLED_BACK,PARTICIPANT,CARD:427,MATCHED_FULL,4357,
PREVIEW_ROLLED_BACK,PARTICIPANT,CARD:429,MATCHED_FULL,4460,
PREVIEW_ROLLED_BACK,PARTICIPANT,CARD:430,MATCHED_FULL,4459,
PREVIEW_ROLLED_BACK,PARTICIPANT,CARD:433,MATCHED_FULL,4466,
PREVIEW_ROLLED_BACK,PARTICIPANT,CARD:434,MATCHED_FULL,4359,
PREVIEW_ROLLED_BACK,PARTICIPANT,CARD:436,MATCHED_FULL,4365,
PREVIEW_ROLLED_BACK,PARTICIPANT,CARD:44,MATCHED_FULL,9756,
PREVIEW_ROLLED_BACK,PARTICIPANT,CARD:440,MATCHED_FULL,4368,
PREVIEW_ROLLED_BACK,PARTICIPANT,CARD:441,MATCHED_FULL,4369,
PREVIEW_ROLLED_BACK,PARTICIPANT,CARD:442,MATCHED_FULL,4370,
PREVIEW_ROLLED_BACK,PARTICIPANT,CARD:444,MATCHED_FULL,4374,
PREVIEW_ROLLED_BACK,PARTICIPANT,CARD:449,MATCHED_FULL,4386,
PREVIEW_ROLLED_BACK,PARTICIPANT,CARD:450,MATCHED_FULL,4388,
PREVIEW_ROLLED_BACK,PARTICIPANT,CARD:451,MATCHED_FULL,4387,
PREVIEW_ROLLED_BACK,PARTICIPANT,CARD:452,MATCHED_FULL,4395,
PREVIEW_ROLLED_BACK,PARTICIPANT,CARD:4529,CREATED_FULL,10162,Created FULL participant for missing card '4529' inside the current SQL transaction.
PREVIEW_ROLLED_BACK,PARTICIPANT,CARD:453,MATCHED_FULL,4397,
PREVIEW_ROLLED_BACK,PARTICIPANT,CARD:455,MATCHED_FULL,4400,
PREVIEW_ROLLED_BACK,PARTICIPANT,CARD:457,MATCHED_FULL,4403,
PREVIEW_ROLLED_BACK,PARTICIPANT,CARD:458,MATCHED_FULL,4402,
PREVIEW_ROLLED_BACK,PARTICIPANT,CARD:459,MATCHED_FULL,4404,
PREVIEW_ROLLED_BACK,PARTICIPANT,CARD:462,MATCHED_FULL,4405,
PREVIEW_ROLLED_BACK,PARTICIPANT,CARD:463,MATCHED_FULL,9703,
PREVIEW_ROLLED_BACK,PARTICIPANT,CARD:468,MATCHED_FULL,9704,
PREVIEW_ROLLED_BACK,PARTICIPANT,CARD:469,MATCHED_FULL,4446,
PREVIEW_ROLLED_BACK,PARTICIPANT,CARD:470,MATCHED_FULL,9705,
PREVIEW_ROLLED_BACK,PARTICIPANT,CARD:474,MATCHED_FULL,4416,
PREVIEW_ROLLED_BACK,PARTICIPANT,CARD:475,MATCHED_FULL,4417,
PREVIEW_ROLLED_BACK,PARTICIPANT,CARD:48,MATCHED_FULL,9760,
PREVIEW_ROLLED_BACK,PARTICIPANT,CARD:485,MATCHED_FULL,4358,
PREVIEW_ROLLED_BACK,PARTICIPANT,CARD:486,MATCHED_FULL,4480,
PREVIEW_ROLLED_BACK,PARTICIPANT,CARD:487,MATCHED_FULL,4483,
PREVIEW_ROLLED_BACK,PARTICIPANT,CARD:491,MATCHED_FULL,4468,
PREVIEW_ROLLED_BACK,PARTICIPANT,CARD:493,MATCHED_FULL,4473,
PREVIEW_ROLLED_BACK,PARTICIPANT,CARD:498,MATCHED_FULL,4356,
PREVIEW_ROLLED_BACK,PARTICIPANT,CARD:504,MATCHED_FULL,4609,
PREVIEW_ROLLED_BACK,PARTICIPANT,CARD:507,MATCHED_FULL,4627,
PREVIEW_ROLLED_BACK,PARTICIPANT,CARD:508,MATCHED_FULL,4626,
PREVIEW_ROLLED_BACK,PARTICIPANT,CARD:509,MATCHED_FULL,4625,
PREVIEW_ROLLED_BACK,PARTICIPANT,CARD:511,MATCHED_FULL,9691,
PREVIEW_ROLLED_BACK,PARTICIPANT,CARD:512,MATCHED_FULL,9690,
PREVIEW_ROLLED_BACK,PARTICIPANT,CARD:513,MATCHED_FULL,5260,
PREVIEW_ROLLED_BACK,PARTICIPANT,CARD:514,MATCHED_FULL,5258,
PREVIEW_ROLLED_BACK,PARTICIPANT,CARD:515,MATCHED_FULL,5257,
PREVIEW_ROLLED_BACK,PARTICIPANT,CARD:516,MATCHED_FULL,5254,
PREVIEW_ROLLED_BACK,PARTICIPANT,CARD:518,MATCHED_FULL,5256,
PREVIEW_ROLLED_BACK,PARTICIPANT,CARD:526,MATCHED_FULL,5272,
PREVIEW_ROLLED_BACK,PARTICIPANT,CARD:531,MATCHED_FULL,4638,
PREVIEW_ROLLED_BACK,PARTICIPANT,CARD:538,MATCHED_FULL,5341,
PREVIEW_ROLLED_BACK,PARTICIPANT,CARD:540,MATCHED_FULL,9902,
PREVIEW_ROLLED_BACK,PARTICIPANT,CARD:541,MATCHED_FULL,5293,
PREVIEW_ROLLED_BACK,PARTICIPANT,CARD:543,MATCHED_FULL,5329,
PREVIEW_ROLLED_BACK,PARTICIPANT,CARD:549,MATCHED_FULL,4682,
PREVIEW_ROLLED_BACK,PARTICIPANT,CARD:550,MATCHED_FULL,4667,
PREVIEW_ROLLED_BACK,PARTICIPANT,CARD:557,MATCHED_FULL,4688,
PREVIEW_ROLLED_BACK,PARTICIPANT,CARD:561,MATCHED_FULL,4703,
PREVIEW_ROLLED_BACK,PARTICIPANT,CARD:565,MATCHED_FULL,4736,
PREVIEW_ROLLED_BACK,PARTICIPANT,CARD:566,MATCHED_FULL,4737,
PREVIEW_ROLLED_BACK,PARTICIPANT,CARD:568,MATCHED_FULL,9709,
PREVIEW_ROLLED_BACK,PARTICIPANT,CARD:569,MATCHED_FULL,4743,
PREVIEW_ROLLED_BACK,PARTICIPANT,CARD:572,MATCHED_FULL,4834,
PREVIEW_ROLLED_BACK,PARTICIPANT,CARD:577,MATCHED_FULL,4793,
PREVIEW_ROLLED_BACK,PARTICIPANT,CARD:580,MATCHED_FULL,4765,
PREVIEW_ROLLED_BACK,PARTICIPANT,CARD:584,MATCHED_FULL,4723,
PREVIEW_ROLLED_BACK,PARTICIPANT,CARD:586,MATCHED_FULL,4719,
PREVIEW_ROLLED_BACK,PARTICIPANT,CARD:593,MATCHED_FULL,4702,
PREVIEW_ROLLED_BACK,PARTICIPANT,CARD:594,MATCHED_FULL,4754,
PREVIEW_ROLLED_BACK,PARTICIPANT,CARD:596,MATCHED_FULL,4820,
PREVIEW_ROLLED_BACK,PARTICIPANT,CARD:601,MATCHED_FULL,4976,
PREVIEW_ROLLED_BACK,PARTICIPANT,CARD:602,MATCHED_FULL,5001,
PREVIEW_ROLLED_BACK,PARTICIPANT,CARD:604,MATCHED_FULL,4998,
PREVIEW_ROLLED_BACK,PARTICIPANT,CARD:605,MATCHED_FULL,4996,
PREVIEW_ROLLED_BACK,PARTICIPANT,CARD:606,MATCHED_FULL,9724,
PREVIEW_ROLLED_BACK,PARTICIPANT,CARD:610,MATCHED_FULL,4993,
PREVIEW_ROLLED_BACK,PARTICIPANT,CARD:612,MATCHED_FULL,4989,
PREVIEW_ROLLED_BACK,PARTICIPANT,CARD:613,MATCHED_FULL,4985,
PREVIEW_ROLLED_BACK,PARTICIPANT,CARD:616,MATCHED_FULL,4983,
PREVIEW_ROLLED_BACK,PARTICIPANT,CARD:617,MATCHED_FULL,4981,
PREVIEW_ROLLED_BACK,PARTICIPANT,CARD:619,MATCHED_FULL,4979,
PREVIEW_ROLLED_BACK,PARTICIPANT,CARD:620,MATCHED_FULL,5003,
PREVIEW_ROLLED_BACK,PARTICIPANT,CARD:622,MATCHED_FULL,5006,
PREVIEW_ROLLED_BACK,PARTICIPANT,CARD:624,MATCHED_FULL,5012,
PREVIEW_ROLLED_BACK,PARTICIPANT,CARD:625,MATCHED_FULL,5013,
PREVIEW_ROLLED_BACK,PARTICIPANT,CARD:628,MATCHED_FULL,5018,
PREVIEW_ROLLED_BACK,PARTICIPANT,CARD:629,MATCHED_FULL,5022,
PREVIEW_ROLLED_BACK,PARTICIPANT,CARD:631,MATCHED_FULL,5024,
PREVIEW_ROLLED_BACK,PARTICIPANT,CARD:633,MATCHED_FULL,5029,
PREVIEW_ROLLED_BACK,PARTICIPANT,CARD:634,MATCHED_FULL,5036,
PREVIEW_ROLLED_BACK,PARTICIPANT,CARD:635,MATCHED_FULL,5037,
PREVIEW_ROLLED_BACK,PARTICIPANT,CARD:637,MATCHED_FULL,5042,
PREVIEW_ROLLED_BACK,PARTICIPANT,CARD:638,MATCHED_FULL,5045,
PREVIEW_ROLLED_BACK,PARTICIPANT,CARD:639,MATCHED_FULL,5047,
PREVIEW_ROLLED_BACK,PARTICIPANT,CARD:640,MATCHED_FULL,5050,
PREVIEW_ROLLED_BACK,PARTICIPANT,CARD:642,MATCHED_FULL,4919,
PREVIEW_ROLLED_BACK,PARTICIPANT,CARD:644,MATCHED_FULL,4924,
PREVIEW_ROLLED_BACK,PARTICIPANT,CARD:647,MATCHED_FULL,4932,
PREVIEW_ROLLED_BACK,PARTICIPANT,CARD:648,MATCHED_FULL,4937,
PREVIEW_ROLLED_BACK,PARTICIPANT,CARD:650,MATCHED_FULL,4936,
PREVIEW_ROLLED_BACK,PARTICIPANT,CARD:653,MATCHED_FULL,4948,
PREVIEW_ROLLED_BACK,PARTICIPANT,CARD:654,MATCHED_FULL,4949,
PREVIEW_ROLLED_BACK,PARTICIPANT,CARD:655,MATCHED_FULL,5078,
PREVIEW_ROLLED_BACK,PARTICIPANT,CARD:656,MATCHED_FULL,4950,
PREVIEW_ROLLED_BACK,PARTICIPANT,CARD:657,MATCHED_FULL,4974,
PREVIEW_ROLLED_BACK,PARTICIPANT,CARD:658,MATCHED_FULL,4963,
PREVIEW_ROLLED_BACK,PARTICIPANT,CARD:663,MATCHED_FULL,4957,
PREVIEW_ROLLED_BACK,PARTICIPANT,CARD:672,MATCHED_FULL,4876,
PREVIEW_ROLLED_BACK,PARTICIPANT,CARD:673,MATCHED_FULL,4875,
PREVIEW_ROLLED_BACK,PARTICIPANT,CARD:679,MATCHED_FULL,4934,
PREVIEW_ROLLED_BACK,PARTICIPANT,CARD:68,MATCHED_FULL,9775,
PREVIEW_ROLLED_BACK,PARTICIPANT,CARD:681,MATCHED_FULL,4935,
PREVIEW_ROLLED_BACK,PARTICIPANT,CARD:689,MATCHED_FULL,4901,
PREVIEW_ROLLED_BACK,PARTICIPANT,CARD:690,MATCHED_FULL,4906,
PREVIEW_ROLLED_BACK,PARTICIPANT,CARD:691,MATCHED_FULL,4908,
PREVIEW_ROLLED_BACK,PARTICIPANT,CARD:692,MATCHED_FULL,4909,
PREVIEW_ROLLED_BACK,PARTICIPANT,CARD:693,MATCHED_FULL,4913,
PREVIEW_ROLLED_BACK,PARTICIPANT,CARD:697,MATCHED_FULL,4940,
PREVIEW_ROLLED_BACK,PARTICIPANT,CARD:698,MATCHED_FULL,4941,
PREVIEW_ROLLED_BACK,PARTICIPANT,CARD:699,MATCHED_FULL,4939,
PREVIEW_ROLLED_BACK,PARTICIPANT,CARD:700,MATCHED_FULL,5049,
PREVIEW_ROLLED_BACK,PARTICIPANT,CARD:703,MATCHED_FULL,5054,
PREVIEW_ROLLED_BACK,PARTICIPANT,CARD:704,MATCHED_FULL,5055,
PREVIEW_ROLLED_BACK,PARTICIPANT,CARD:705,MATCHED_FULL,5058,
PREVIEW_ROLLED_BACK,PARTICIPANT,CARD:706,MATCHED_FULL,5060,
PREVIEW_ROLLED_BACK,PARTICIPANT,CARD:707,MATCHED_FULL,5061,
PREVIEW_ROLLED_BACK,PARTICIPANT,CARD:708,MATCHED_FULL,5063,
PREVIEW_ROLLED_BACK,PARTICIPANT,CARD:709,MATCHED_FULL,5065,
PREVIEW_ROLLED_BACK,PARTICIPANT,CARD:714,MATCHED_FULL,5071,
PREVIEW_ROLLED_BACK,PARTICIPANT,CARD:715,MATCHED_FULL,5072,
PREVIEW_ROLLED_BACK,PARTICIPANT,CARD:717,MATCHED_FULL,5079,
PREVIEW_ROLLED_BACK,PARTICIPANT,CARD:720,MATCHED_FULL,5084,
PREVIEW_ROLLED_BACK,PARTICIPANT,CARD:722,MATCHED_FULL,5092,
PREVIEW_ROLLED_BACK,PARTICIPANT,CARD:725,MATCHED_FULL,5095,
PREVIEW_ROLLED_BACK,PARTICIPANT,CARD:727,MATCHED_FULL,5097,
PREVIEW_ROLLED_BACK,PARTICIPANT,CARD:728,MATCHED_FULL,5101,
PREVIEW_ROLLED_BACK,PARTICIPANT,CARD:732,MATCHED_FULL,5105,
PREVIEW_ROLLED_BACK,PARTICIPANT,CARD:738,MATCHED_FULL,5109,
PREVIEW_ROLLED_BACK,PARTICIPANT,CARD:740,MATCHED_FULL,5112,
PREVIEW_ROLLED_BACK,PARTICIPANT,CARD:742,MATCHED_FULL,5114,
PREVIEW_ROLLED_BACK,PARTICIPANT,CARD:745,MATCHED_FULL,5116,
PREVIEW_ROLLED_BACK,PARTICIPANT,CARD:747,MATCHED_FULL,5059,
PREVIEW_ROLLED_BACK,PARTICIPANT,CARD:749,MATCHED_FULL,5074,
PREVIEW_ROLLED_BACK,PARTICIPANT,CARD:750,MATCHED_FULL,5076,
PREVIEW_ROLLED_BACK,PARTICIPANT,CARD:753,MATCHED_FULL,5127,
PREVIEW_ROLLED_BACK,PARTICIPANT,CARD:754,MATCHED_FULL,5129,
PREVIEW_ROLLED_BACK,PARTICIPANT,CARD:761,MATCHED_FULL,5141,
PREVIEW_ROLLED_BACK,PARTICIPANT,CARD:763,CREATED_FULL,10163,Created FULL participant for missing card '763' inside the current SQL transaction.
PREVIEW_ROLLED_BACK,PARTICIPANT,CARD:764,MATCHED_FULL,5146,
PREVIEW_ROLLED_BACK,PARTICIPANT,CARD:767,CREATED_FULL,10164,Created FULL participant for missing card '767' inside the current SQL transaction.
PREVIEW_ROLLED_BACK,PARTICIPANT,CARD:769,MATCHED_FULL,5151,
PREVIEW_ROLLED_BACK,PARTICIPANT,CARD:77,MATCHED_FULL,4475,
PREVIEW_ROLLED_BACK,PARTICIPANT,CARD:770,MATCHED_FULL,5152,
PREVIEW_ROLLED_BACK,PARTICIPANT,CARD:771,MATCHED_FULL,5149,
PREVIEW_ROLLED_BACK,PARTICIPANT,CARD:774,MATCHED_FULL,5159,
PREVIEW_ROLLED_BACK,PARTICIPANT,CARD:779,MATCHED_FULL,5175,
PREVIEW_ROLLED_BACK,PARTICIPANT,CARD:780,MATCHED_FULL,5176,
PREVIEW_ROLLED_BACK,PARTICIPANT,CARD:784,MATCHED_FULL,5263,
PREVIEW_ROLLED_BACK,PARTICIPANT,CARD:785,MATCHED_FULL,5259,
PREVIEW_ROLLED_BACK,PARTICIPANT,CARD:786,MATCHED_FULL,5289,
PREVIEW_ROLLED_BACK,PARTICIPANT,CARD:787,MATCHED_FULL,5265,
PREVIEW_ROLLED_BACK,PARTICIPANT,CARD:788,MATCHED_FULL,5306,
PREVIEW_ROLLED_BACK,PARTICIPANT,CARD:789,MATCHED_FULL,5313,
PREVIEW_ROLLED_BACK,PARTICIPANT,CARD:790,MATCHED_FULL,5309,
PREVIEW_ROLLED_BACK,PARTICIPANT,CARD:791,MATCHED_FULL,5312,
PREVIEW_ROLLED_BACK,PARTICIPANT,CARD:792,MATCHED_FULL,5303,
PREVIEW_ROLLED_BACK,PARTICIPANT,CARD:793,MATCHED_FULL,5305,
PREVIEW_ROLLED_BACK,PARTICIPANT,CARD:794,MATCHED_FULL,5299,
PREVIEW_ROLLED_BACK,PARTICIPANT,CARD:797,MATCHED_FULL,5298,
PREVIEW_ROLLED_BACK,PARTICIPANT,CARD:798,MATCHED_FULL,5295,
PREVIEW_ROLLED_BACK,PARTICIPANT,CARD:799,MATCHED_FULL,5296,
PREVIEW_ROLLED_BACK,PARTICIPANT,CARD:801,MATCHED_FULL,5285,
PREVIEW_ROLLED_BACK,PARTICIPANT,CARD:802,MATCHED_FULL,5284,
PREVIEW_ROLLED_BACK,PARTICIPANT,CARD:803,MATCHED_FULL,5280,
PREVIEW_ROLLED_BACK,PARTICIPANT,CARD:806,MATCHED_FULL,5264,
PREVIEW_ROLLED_BACK,PARTICIPANT,CARD:815,CREATED_FULL,10165,Created FULL participant for missing card '815' inside the current SQL transaction.
PREVIEW_ROLLED_BACK,PARTICIPANT,CARD:824,MATCHED_FULL,5288,
PREVIEW_ROLLED_BACK,PARTICIPANT,CARD:826,MATCHED_FULL,5291,
PREVIEW_ROLLED_BACK,PARTICIPANT,CARD:846,MATCHED_FULL,9860,
PREVIEW_ROLLED_BACK,PARTICIPANT,CARD:849,MATCHED_FULL,9680,
PREVIEW_ROLLED_BACK,PARTICIPANT,CARD:850,MATCHED_FULL,9650,
PREVIEW_ROLLED_BACK,PARTICIPANT,CARD:851,MATCHED_FULL,9664,
PREVIEW_ROLLED_BACK,PARTICIPANT,CARD:852,MATCHED_FULL,9642,
PREVIEW_ROLLED_BACK,PARTICIPANT,CARD:853,MATCHED_FULL,9663,
PREVIEW_ROLLED_BACK,PARTICIPANT,CARD:854,MATCHED_FULL,5351,
PREVIEW_ROLLED_BACK,PARTICIPANT,CARD:855,MATCHED_FULL,5355,
PREVIEW_ROLLED_BACK,PARTICIPANT,CARD:856,MATCHED_FULL,5345,
PREVIEW_ROLLED_BACK,PARTICIPANT,CARD:857,MATCHED_FULL,5346,
PREVIEW_ROLLED_BACK,PARTICIPANT,CARD:861,MATCHED_FULL,5325,
PREVIEW_ROLLED_BACK,PARTICIPANT,CARD:862,MATCHED_FULL,5326,
PREVIEW_ROLLED_BACK,PARTICIPANT,CARD:866,MATCHED_FULL,9685,
PREVIEW_ROLLED_BACK,PARTICIPANT,CARD:868,MATCHED_FULL,9677,
PREVIEW_ROLLED_BACK,PARTICIPANT,CARD:872,MATCHED_FULL,5320,
PREVIEW_ROLLED_BACK,PARTICIPANT,CARD:873,MATCHED_FULL,5310,
PREVIEW_ROLLED_BACK,PARTICIPANT,CARD:874,CREATED_FULL,10166,Created FULL participant for missing card '874' inside the current SQL transaction.
PREVIEW_ROLLED_BACK,PARTICIPANT,CARD:877,MATCHED_FULL,5322,
PREVIEW_ROLLED_BACK,PARTICIPANT,CARD:930,MATCHED_FULL,10152,
PREVIEW_ROLLED_BACK,PARTICIPANT,CARD:961,CREATED_FULL,10167,Created FULL participant for missing card '961' inside the current SQL transaction.
PREVIEW_ROLLED_BACK,PARTICIPANT,CARD:990,MATCHED_FULL,5180,
PREVIEW_ROLLED_BACK,PARTICIPANT,CARD:991,MATCHED_FULL,5163,
PREVIEW_ROLLED_BACK,PARTICIPANT,CARD:992,MATCHED_FULL,5162,
PREVIEW_ROLLED_BACK,PARTICIPANT,CARD:994,MATCHED_FULL,5156,
PREVIEW_ROLLED_BACK,PARTICIPANT,CARD:995,MATCHED_FULL,5136,
PREVIEW_ROLLED_BACK,PARTICIPANT,CARD:996,MATCHED_FULL,5137,
PREVIEW_ROLLED_BACK,PARTICIPANT,NAME:4466137 sageya,CREATED_LITE,4cd83129-8164-595d-8973-cce341468804,
PREVIEW_ROLLED_BACK,PARTICIPANT,NAME:abdul bashir,CREATED_LITE,a4c5763a-dda2-5870-96d7-3c6158085e70,
PREVIEW_ROLLED_BACK,PARTICIPANT,NAME:adele grant,CREATED_LITE,aab5aba9-bb41-5ca0-b197-d229f9a212d4,
PREVIEW_ROLLED_BACK,PARTICIPANT,NAME:aesha ali,CREATED_LITE,bd1e1f6b-9c8d-52a4-bc48-b4830971f485,
PREVIEW_ROLLED_BACK,PARTICIPANT,NAME:ahlam,CREATED_LITE,46ba2742-5a09-5ca5-817e-591af98803bf,
PREVIEW_ROLLED_BACK,PARTICIPANT,NAME:aisha saeed,MATCHED_FULL_BY_UNIQUE_NAME,4329,The cardless source record was linked to the only FULL participant with the same normalised name.
PREVIEW_ROLLED_BACK,PARTICIPANT,NAME:ali,CREATED_LITE,d51432a0-9796-5311-acda-96f08b96c163,
PREVIEW_ROLLED_BACK,PARTICIPANT,NAME:anna,CREATED_LITE,c727b346-32e6-550c-ba1b-5c0288ce4b95,
PREVIEW_ROLLED_BACK,PARTICIPANT,NAME:asma ibrahim,CREATED_LITE,ca10eeea-fa18-5934-907c-d6820988c3bf,
PREVIEW_ROLLED_BACK,PARTICIPANT,NAME:belinda,CREATED_LITE,1dfe88c7-5154-5a8c-b7e9-32f731157b7f,
PREVIEW_ROLLED_BACK,PARTICIPANT,NAME:bennice,CREATED_LITE,f8ee3926-32a6-5ab0-9e30-cad8708ab076,
PREVIEW_ROLLED_BACK,PARTICIPANT,NAME:christie charley,CREATED_LITE,5a98efea-6531-51b6-8f88-0707f517e431,
PREVIEW_ROLLED_BACK,PARTICIPANT,NAME:clare,CREATED_LITE,9ae25d59-c6b2-5d2c-b811-d608e15de42e,
PREVIEW_ROLLED_BACK,PARTICIPANT,NAME:debbie ricket,CREATED_LITE,1075b903-9a68-5c2b-b962-fab4d7ae35cf,
PREVIEW_ROLLED_BACK,PARTICIPANT,NAME:elizabeth coney,CREATED_LITE,00bd36f5-2d53-545f-8878-bc8a1979766a,
PREVIEW_ROLLED_BACK,PARTICIPANT,NAME:ensi,CREATED_LITE,8c2f574e-5fc6-543d-9967-1c8b30d1d323,
PREVIEW_ROLLED_BACK,PARTICIPANT,NAME:fadhiah sah,CREATED_LITE,3aa99b3d-a18f-5e09-a7d2-0d1d075a5fb0,
PREVIEW_ROLLED_BACK,PARTICIPANT,NAME:farah jama,MATCHED_FULL_BY_UNIQUE_NAME,5279,The cardless source record was linked to the only FULL participant with the same normalised name.
PREVIEW_ROLLED_BACK,PARTICIPANT,NAME:farhat,CREATED_LITE,cd8700b4-c7e4-5a4c-bceb-b7f3a188db93,
PREVIEW_ROLLED_BACK,PARTICIPANT,NAME:faven,CREATED_LITE,fff53ce5-1724-5a0c-adec-3bee18563c9b,
PREVIEW_ROLLED_BACK,PARTICIPANT,NAME:gulzar menmood,CREATED_LITE,66f70699-9b05-571c-9745-276098761beb,
PREVIEW_ROLLED_BACK,PARTICIPANT,NAME:gwen,CREATED_LITE,73dff45e-36f3-5bf1-983e-498acb4f2318,
PREVIEW_ROLLED_BACK,PARTICIPANT,NAME:halima bibi,CREATED_LITE,ff1a1dde-5b2e-59b5-ba5f-535e9ffa4898,
PREVIEW_ROLLED_BACK,PARTICIPANT,NAME:hamda,CREATED_LITE,1c5bf212-d4cb-5b8c-8be1-42caf6708fac,
PREVIEW_ROLLED_BACK,PARTICIPANT,NAME:hashi,CREATED_LITE,2d6dbac4-1eb0-5a1a-b04f-fc720bded9c2,
PREVIEW_ROLLED_BACK,PARTICIPANT,NAME:helen,CREATED_LITE,20500bd0-ac32-50c1-9695-177b76d601b1,
PREVIEW_ROLLED_BACK,PARTICIPANT,NAME:hooriye bahid,CREATED_LITE,6f94e7ca-fc1c-5dca-8322-6da5438df382,
PREVIEW_ROLLED_BACK,PARTICIPANT,NAME:illham,CREATED_LITE,5334b3b2-2016-523c-bad2-040b2d54c14b,
PREVIEW_ROLLED_BACK,PARTICIPANT,NAME:interther,CREATED_LITE,578bace3-fc83-54b1-96d7-93f391104038,
PREVIEW_ROLLED_BACK,PARTICIPANT,NAME:intether yafai,MATCHED_FULL_BY_UNIQUE_NAME,4366,The cardless source record was linked to the only FULL participant with the same normalised name.
PREVIEW_ROLLED_BACK,PARTICIPANT,NAME:israa warda,MATCHED_FULL_BY_UNIQUE_NAME,5211,The cardless source record was linked to the only FULL participant with the same normalised name.
PREVIEW_ROLLED_BACK,PARTICIPANT,NAME:jamila,CREATED_LITE,f3c36f14-cb8c-5e38-97cb-bde1a5407e3a,
PREVIEW_ROLLED_BACK,PARTICIPANT,NAME:jiannua barkley,CREATED_LITE,ec90529c-7b0b-54e8-aa75-27c525b96bd6,
PREVIEW_ROLLED_BACK,PARTICIPANT,NAME:k bibi,CREATED_LITE,78a78672-370d-53a5-998e-14cf53469105,
PREVIEW_ROLLED_BACK,PARTICIPANT,NAME:kaiynaat,CREATED_LITE,3231efe1-1407-5683-844e-e8269fdd9cb1,
PREVIEW_ROLLED_BACK,PARTICIPANT,NAME:khairoon chowdhury,CREATED_LITE,f145ecb9-49b0-59b1-a836-8e1eede97154,
PREVIEW_ROLLED_BACK,PARTICIPANT,NAME:leyla hirad,CREATED_LITE,18a2b0a8-088f-5e37-91a8-a130ecb2db82,
PREVIEW_ROLLED_BACK,PARTICIPANT,NAME:lubna,CREATED_LITE,a1dcc5a7-e81e-5c64-a911-579de3ca427e,
PREVIEW_ROLLED_BACK,PARTICIPANT,NAME:lubna anwar,MATCHED_FULL_BY_UNIQUE_NAME,9867,The cardless source record was linked to the only FULL participant with the same normalised name.
PREVIEW_ROLLED_BACK,PARTICIPANT,NAME:malak amar,MATCHED_FULL_BY_UNIQUE_NAME,4932,The cardless source record was linked to the only FULL participant with the same normalised name.
PREVIEW_ROLLED_BACK,PARTICIPANT,NAME:malak shubri,CREATED_LITE,59cd667a-4022-5d1a-88d0-ed921cb86722,
PREVIEW_ROLLED_BACK,PARTICIPANT,NAME:marya,CREATED_LITE,b5a7a4cd-3bc6-5ce7-8cd8-91aa5745292d,
PREVIEW_ROLLED_BACK,PARTICIPANT,NAME:marziah taleb,CREATED_LITE,14e8f670-cbfe-55e7-9b04-d874c029866c,
PREVIEW_ROLLED_BACK,PARTICIPANT,NAME:may,CREATED_LITE,ef878c24-0b3a-5b54-8484-fd2b137fda54,
PREVIEW_ROLLED_BACK,PARTICIPANT,NAME:mayal,CREATED_LITE,49f07f7d-fc02-5983-9462-18e4c2e50ff6,
PREVIEW_ROLLED_BACK,PARTICIPANT,NAME:mervine,CREATED_LITE,f06fd18b-13e8-5484-9459-1e0f2529a375,
PREVIEW_ROLLED_BACK,PARTICIPANT,NAME:mohd al islam,MATCHED_FULL_BY_UNIQUE_NAME,5314,The cardless source record was linked to the only FULL participant with the same normalised name.
PREVIEW_ROLLED_BACK,PARTICIPANT,NAME:monica,CREATED_LITE,325b0ef3-7bfb-584f-b703-5c8425a476c7,
PREVIEW_ROLLED_BACK,PARTICIPANT,NAME:n begum,CREATED_LITE,95fe5974-5dc8-5985-8a8b-b49a5c604877,
PREVIEW_ROLLED_BACK,PARTICIPANT,NAME:nagia saeid,CREATED_LITE,2f08821a-fbe9-565a-8079-579f7aeb59bd,
PREVIEW_ROLLED_BACK,PARTICIPANT,NAME:nasima,CREATED_LITE,73116a06-14d7-52c6-9321-d97215fbf05d,
PREVIEW_ROLLED_BACK,PARTICIPANT,NAME:nasra,CREATED_LITE,cef65b71-c063-5b94-9814-69625d182d03,
PREVIEW_ROLLED_BACK,PARTICIPANT,NAME:nasra h,CREATED_LITE,7e569a25-86c3-52aa-a354-8f6d696b24e2,
PREVIEW_ROLLED_BACK,PARTICIPANT,NAME:nayyar sultana,CREATED_LITE,a99ab30c-e400-58c3-8dae-91298764a6a7,
PREVIEW_ROLLED_BACK,PARTICIPANT,NAME:neigger,CREATED_LITE,91462108-0864-5cbf-8447-a335e1857061,
PREVIEW_ROLLED_BACK,PARTICIPANT,NAME:nicky,CREATED_LITE,889b6c3b-bcbd-523d-a381-48057963fcf0,
PREVIEW_ROLLED_BACK,PARTICIPANT,NAME:panna begum,MATCHED_FULL_BY_UNIQUE_NAME,10031,The cardless source record was linked to the only FULL participant with the same normalised name.
PREVIEW_ROLLED_BACK,PARTICIPANT,NAME:parveen,CREATED_LITE,86395219-515f-5518-b76f-75c1ace6765f,
PREVIEW_ROLLED_BACK,PARTICIPANT,NAME:patrica bailey,CREATED_LITE,9d4c7670-2b2d-5606-822f-78d1cd304d8b,
PREVIEW_ROLLED_BACK,PARTICIPANT,NAME:patti,CREATED_LITE,2adf8319-598c-50d8-8b48-ac9a7a59f216,
PREVIEW_ROLLED_BACK,PARTICIPANT,NAME:pcsd alexa evans,CREATED_LITE,f726f570-a55f-5716-910d-cfd28f783410,
PREVIEW_ROLLED_BACK,PARTICIPANT,NAME:pcsd loz whelan,CREATED_LITE,cbe0ac33-fedf-549c-bee5-81ba6b235e73,
PREVIEW_ROLLED_BACK,PARTICIPANT,NAME:quenny,CREATED_LITE,fe4d5390-4bdc-5a65-81c0-56cc9d3de17b,
PREVIEW_ROLLED_BACK,PARTICIPANT,NAME:roduka,CREATED_LITE,fa0e2668-dd43-5720-8024-d9aac9286554,
PREVIEW_ROLLED_BACK,PARTICIPANT,NAME:ronnie,CREATED_LITE,9ed1dea5-7edd-5f42-9abc-55bdb86de6cb,
PREVIEW_ROLLED_BACK,PARTICIPANT,NAME:rushsar,CREATED_LITE,2818d8f1-3b87-5f50-89bc-bf3f0ffd1d9e,
PREVIEW_ROLLED_BACK,PARTICIPANT,NAME:saffiyah,CREATED_LITE,2d885ff0-3cbb-5c75-9c46-918dc6e6cc5a,
PREVIEW_ROLLED_BACK,PARTICIPANT,NAME:safia,CREATED_LITE,fae720d4-7139-59e4-8703-1129d65eb969,
PREVIEW_ROLLED_BACK,PARTICIPANT,NAME:saima begum,CREATED_LITE,d3f2f4ad-0fae-53f2-afbb-44d23a599682,
PREVIEW_ROLLED_BACK,PARTICIPANT,NAME:sakina rassool,MATCHED_FULL_BY_UNIQUE_NAME,4857,The cardless source record was linked to the only FULL participant with the same normalised name.
PREVIEW_ROLLED_BACK,PARTICIPANT,NAME:sara,CREATED_LITE,862ea167-447c-5030-a04b-18499b1ca8d7,
PREVIEW_ROLLED_BACK,PARTICIPANT,NAME:sarah abdualwlhd,CREATED_LITE,d2f43f14-1249-5e0b-9087-d4c4f62ffc18,
PREVIEW_ROLLED_BACK,PARTICIPANT,NAME:sarah abduluwhab,CREATED_LITE,2452f771-2875-564d-a465-e7cf0fd9ad11,
PREVIEW_ROLLED_BACK,PARTICIPANT,NAME:seble 6029,CREATED_LITE,44fccaad-a513-5d7b-9282-83fff98f1501,
PREVIEW_ROLLED_BACK,PARTICIPANT,NAME:shailla sharif,CREATED_LITE,04a10761-0dd7-5971-9b23-bdb62a0133b7,
PREVIEW_ROLLED_BACK,PARTICIPANT,NAME:shamim,CREATED_LITE,8ac5624f-3378-532f-80ee-4a5b0e144b30,
PREVIEW_ROLLED_BACK,PARTICIPANT,NAME:sherina chabiebi,CREATED_LITE,29f1500d-1301-5c2e-8ec3-fb8d5365e319,
PREVIEW_ROLLED_BACK,PARTICIPANT,NAME:simiri,CREATED_LITE,b04fb988-6715-5c63-8f07-f0b8f9c0f1da,
PREVIEW_ROLLED_BACK,PARTICIPANT,NAME:souhab,CREATED_LITE,b06f4c39-f89e-5bda-8de3-cf603f948584,
PREVIEW_ROLLED_BACK,PARTICIPANT,NAME:tyra watson,CREATED_LITE,2995d3f6-790d-5f35-94ec-62b8fcdba978,
PREVIEW_ROLLED_BACK,PARTICIPANT,NAME:ume,CREATED_LITE,eb17f073-3b65-5dd3-b12f-59c02de438f5,
PREVIEW_ROLLED_BACK,PARTICIPANT,NAME:waleed khan,CREATED_LITE,8f13535a-3219-583d-81ea-1eeeb304a83c,
PREVIEW_ROLLED_BACK,PARTICIPANT,NAME:yannmei,CREATED_LITE,c727370b-2f42-5659-87a8-e61fa34cb8ca,
PREVIEW_ROLLED_BACK,PARTICIPANT,NAME:yasmeen,CREATED_LITE,8cc91617-bd10-5892-a402-3ec0a9ae9451,
PREVIEW_ROLLED_BACK,PARTICIPANT,NAME:yasmin akhtar,CREATED_LITE_AMBIGUOUS_FULL_NAME,b149c415-5bb2-5018-9c11-eaa0c043776e,4 FULL participants have the same name. A separate deterministic LiteMember was created rather than linking attendance to the wrong ParticipantId.
PREVIEW_ROLLED_BACK,PARTICIPANT,NAME:yasmin rehman,CREATED_LITE,fcef58de-92bf-5709-8550-cadeb3caf872,
PREVIEW_ROLLED_BACK,PARTICIPANT,NAME:yaz,CREATED_LITE,da9c3c1f-26c6-5f37-99ba-6cccffbb952b,
PREVIEW_ROLLED_BACK,PARTICIPANT,NAME:yvonne flinch,CREATED_LITE,1eb61e98-e1da-518b-968b-82f4328e07e8,
PREVIEW_ROLLED_BACK,PARTICIPANT,NAME:zubayda,CREATED_LITE,0a786aa1-8581-50e7-810d-ad6ffb1a5e9d,
PREVIEW_ROLLED_BACK,ATTENDANCE,CALTHORPE|AEROBICS|2025-11-03|1000|1045|CARD:386,NEW_ATTENDANCE,18165,Inserted inside the current SQL transaction.
PREVIEW_ROLLED_BACK,ATTENDANCE,CALTHORPE|AEROBICS|2025-11-03|1000|1045|CARD:402,NEW_ATTENDANCE,18166,Inserted inside the current SQL transaction.
PREVIEW_ROLLED_BACK,ATTENDANCE,CALTHORPE|AEROBICS|2025-11-03|1000|1045|CARD:429,NEW_ATTENDANCE,18167,Inserted inside the current SQL transaction.
PREVIEW_ROLLED_BACK,ATTENDANCE,CALTHORPE|AEROBICS|2025-11-03|1000|1045|CARD:470,NEW_ATTENDANCE,18168,Inserted inside the current SQL transaction.
PREVIEW_ROLLED_BACK,ATTENDANCE,CALTHORPE|AEROBICS|2025-11-03|1000|1045|CARD:566,NEW_ATTENDANCE,18169,Inserted inside the current SQL transaction.
PREVIEW_ROLLED_BACK,ATTENDANCE,CALTHORPE|AEROBICS|2025-11-03|1000|1045|CARD:648,NEW_ATTENDANCE,18170,Inserted inside the current SQL transaction.
PREVIEW_ROLLED_BACK,ATTENDANCE,CALTHORPE|AEROBICS|2025-11-03|1000|1045|CARD:692,NEW_ATTENDANCE,18171,Inserted inside the current SQL transaction.
PREVIEW_ROLLED_BACK,ATTENDANCE,CALTHORPE|AEROBICS|2025-11-03|1000|1045|CARD:698,NEW_ATTENDANCE,18172,Inserted inside the current SQL transaction.
PREVIEW_ROLLED_BACK,ATTENDANCE,CALTHORPE|AEROBICS|2025-11-03|1000|1045|CARD:761,NEW_ATTENDANCE,18173,Inserted inside the current SQL transaction.
PREVIEW_ROLLED_BACK,ATTENDANCE,CALTHORPE|AEROBICS|2025-11-03|1000|1045|CARD:770,NEW_ATTENDANCE,18174,Inserted inside the current SQL transaction.
PREVIEW_ROLLED_BACK,ATTENDANCE,CALTHORPE|AEROBICS|2025-11-03|1000|1045|CARD:780,NEW_ATTENDANCE,18175,Inserted inside the current SQL transaction.
PREVIEW_ROLLED_BACK,ATTENDANCE,CALTHORPE|AEROBICS|2025-11-03|1000|1045|NAME:nayyar sultana,NEW_ATTENDANCE,18176,Inserted inside the current SQL transaction.
PREVIEW_ROLLED_BACK,ATTENDANCE,CALTHORPE|CHAIR BASED EXERCISE|2025-11-03|1100|1145|CARD:380,NEW_ATTENDANCE,18177,Inserted inside the current SQL transaction.
PREVIEW_ROLLED_BACK,ATTENDANCE,CALTHORPE|CHAIR BASED EXERCISE|2025-11-03|1100|1145|CARD:444,NEW_ATTENDANCE,18178,Inserted inside the current SQL transaction.
PREVIEW_ROLLED_BACK,ATTENDANCE,CALTHORPE|CHAIR BASED EXERCISE|2025-11-03|1100|1145|CARD:470,NEW_ATTENDANCE,18179,Inserted inside the current SQL transaction.
PREVIEW_ROLLED_BACK,ATTENDANCE,CALTHORPE|CHAIR BASED EXERCISE|2025-11-03|1100|1145|CARD:485,NEW_ATTENDANCE,18180,Inserted inside the current SQL transaction.
PREVIEW_ROLLED_BACK,ATTENDANCE,CALTHORPE|CHAIR BASED EXERCISE|2025-11-03|1100|1145|CARD:620,NEW_ATTENDANCE,18181,Inserted inside the current SQL transaction.
PREVIEW_ROLLED_BACK,ATTENDANCE,CALTHORPE|CHAIR BASED EXERCISE|2025-11-03|1100|1145|CARD:642,NEW_ATTENDANCE,18182,Inserted inside the current SQL transaction.
PREVIEW_ROLLED_BACK,ATTENDANCE,CALTHORPE|CHAIR BASED EXERCISE|2025-11-03|1100|1145|CARD:679,NEW_ATTENDANCE,18183,Inserted inside the current SQL transaction.
PREVIEW_ROLLED_BACK,ATTENDANCE,CALTHORPE|CHAIR BASED EXERCISE|2025-11-03|1100|1145|CARD:747,NEW_ATTENDANCE,18184,Inserted inside the current SQL transaction.
PREVIEW_ROLLED_BACK,ATTENDANCE,CALTHORPE|CHAIR BASED EXERCISE|2025-11-03|1100|1145|CARD:750,NEW_ATTENDANCE,18185,Inserted inside the current SQL transaction.
PREVIEW_ROLLED_BACK,ATTENDANCE,CALTHORPE|CROCHET|2025-11-03|1215|1415|CARD:416,NEW_ATTENDANCE,18186,Inserted inside the current SQL transaction.
PREVIEW_ROLLED_BACK,ATTENDANCE,CALTHORPE|CROCHET|2025-11-03|1215|1415|CARD:418,NEW_ATTENDANCE,18187,Inserted inside the current SQL transaction.
PREVIEW_ROLLED_BACK,ATTENDANCE,CALTHORPE|CROCHET|2025-11-03|1215|1415|CARD:509,NEW_ATTENDANCE,18188,Inserted inside the current SQL transaction.
PREVIEW_ROLLED_BACK,ATTENDANCE,CALTHORPE|CROCHET|2025-11-03|1215|1415|CARD:586,NEW_ATTENDANCE,18189,Inserted inside the current SQL transaction.
PREVIEW_ROLLED_BACK,ATTENDANCE,CALTHORPE|CROCHET|2025-11-03|1215|1415|CARD:657,NEW_ATTENDANCE,18190,Inserted inside the current SQL transaction.
PREVIEW_ROLLED_BACK,ATTENDANCE,CALTHORPE|CROCHET|2025-11-03|1215|1415|CARD:697,NEW_ATTENDANCE,18191,Inserted inside the current SQL transaction.
PREVIEW_ROLLED_BACK,ATTENDANCE,CALTHORPE|CROCHET|2025-11-03|1215|1415|CARD:708,NEW_ATTENDANCE,18192,Inserted inside the current SQL transaction.
PREVIEW_ROLLED_BACK,ATTENDANCE,CALTHORPE|CROCHET|2025-11-03|1215|1415|CARD:761,NEW_ATTENDANCE,18193,Inserted inside the current SQL transaction.
PREVIEW_ROLLED_BACK,ATTENDANCE,CALTHORPE|CROCHET|2025-11-03|1215|1415|NAME:israa warda,NEW_ATTENDANCE,18194,Inserted inside the current SQL transaction.
PREVIEW_ROLLED_BACK,ATTENDANCE,CALTHORPE|CROCHET|2025-11-03|1215|1415|NAME:yasmin rehman,NEW_ATTENDANCE,18195,Inserted inside the current SQL transaction.
PREVIEW_ROLLED_BACK,ATTENDANCE,CALTHORPE|STRENGTH & STRETCH|2025-11-03|1000|1100|CARD:386,NEW_ATTENDANCE,18196,Inserted inside the current SQL transaction.
PREVIEW_ROLLED_BACK,ATTENDANCE,CALTHORPE|STRENGTH & STRETCH|2025-11-03|1000|1100|CARD:410,NEW_ATTENDANCE,18197,Inserted inside the current SQL transaction.
PREVIEW_ROLLED_BACK,ATTENDANCE,CALTHORPE|STRENGTH & STRETCH|2025-11-03|1000|1100|CARD:418,NEW_ATTENDANCE,18198,Inserted inside the current SQL transaction.
PREVIEW_ROLLED_BACK,ATTENDANCE,CALTHORPE|STRENGTH & STRETCH|2025-11-03|1000|1100|CARD:444,NEW_ATTENDANCE,18199,Inserted inside the current SQL transaction.
PREVIEW_ROLLED_BACK,ATTENDANCE,CALTHORPE|STRENGTH & STRETCH|2025-11-03|1000|1100|CARD:469,NEW_ATTENDANCE,18200,Inserted inside the current SQL transaction.
PREVIEW_ROLLED_BACK,ATTENDANCE,CALTHORPE|STRENGTH & STRETCH|2025-11-03|1000|1100|CARD:485,NEW_ATTENDANCE,18201,Inserted inside the current SQL transaction.
PREVIEW_ROLLED_BACK,ATTENDANCE,CALTHORPE|STRENGTH & STRETCH|2025-11-03|1000|1100|CARD:620,NEW_ATTENDANCE,18202,Inserted inside the current SQL transaction.
PREVIEW_ROLLED_BACK,ATTENDANCE,CALTHORPE|STRENGTH & STRETCH|2025-11-03|1000|1100|CARD:642,NEW_ATTENDANCE,18203,Inserted inside the current SQL transaction.
PREVIEW_ROLLED_BACK,ATTENDANCE,CALTHORPE|STRENGTH & STRETCH|2025-11-03|1000|1100|CARD:681,NEW_ATTENDANCE,18204,Inserted inside the current SQL transaction.
PREVIEW_ROLLED_BACK,ATTENDANCE,CALTHORPE|STRENGTH & STRETCH|2025-11-03|1000|1100|CARD:692,NEW_ATTENDANCE,18205,Inserted inside the current SQL transaction.
PREVIEW_ROLLED_BACK,ATTENDANCE,CALTHORPE|STRENGTH & STRETCH|2025-11-03|1000|1100|NAME:nayyar sultana,NEW_ATTENDANCE,18206,Inserted inside the current SQL transaction.
PREVIEW_ROLLED_BACK,ATTENDANCE,CALTHORPE|ARTS|2025-11-04|1130|1230|CARD:376,NEW_ATTENDANCE,18207,Inserted inside the current SQL transaction.
PREVIEW_ROLLED_BACK,ATTENDANCE,CALTHORPE|ARTS|2025-11-04|1130|1230|CARD:634,NEW_ATTENDANCE,18208,Inserted inside the current SQL transaction.
PREVIEW_ROLLED_BACK,ATTENDANCE,CALTHORPE|ARTS|2025-11-04|1130|1230|CARD:657,NEW_ATTENDANCE,18209,Inserted inside the current SQL transaction.
PREVIEW_ROLLED_BACK,ATTENDANCE,CALTHORPE|ARTS|2025-11-04|1130|1230|CARD:767,NEW_ATTENDANCE,18210,Inserted inside the current SQL transaction.
PREVIEW_ROLLED_BACK,ATTENDANCE,CALTHORPE|STRENGTH & STRETCH|2025-11-04|1000|1100|CARD:386,NEW_ATTENDANCE,18211,Inserted inside the current SQL transaction.
PREVIEW_ROLLED_BACK,ATTENDANCE,CALTHORPE|STRENGTH & STRETCH|2025-11-04|1000|1100|CARD:388,NEW_ATTENDANCE,18212,Inserted inside the current SQL transaction.
PREVIEW_ROLLED_BACK,ATTENDANCE,CALTHORPE|STRENGTH & STRETCH|2025-11-04|1000|1100|CARD:411,NEW_ATTENDANCE,18213,Inserted inside the current SQL transaction.
PREVIEW_ROLLED_BACK,ATTENDANCE,CALTHORPE|STRENGTH & STRETCH|2025-11-04|1000|1100|CARD:415,NEW_ATTENDANCE,18214,Inserted inside the current SQL transaction.
PREVIEW_ROLLED_BACK,ATTENDANCE,CALTHORPE|STRENGTH & STRETCH|2025-11-04|1000|1100|CARD:416,NEW_ATTENDANCE,18215,Inserted inside the current SQL transaction.
PREVIEW_ROLLED_BACK,ATTENDANCE,CALTHORPE|STRENGTH & STRETCH|2025-11-04|1000|1100|CARD:429,NEW_ATTENDANCE,18216,Inserted inside the current SQL transaction.
PREVIEW_ROLLED_BACK,ATTENDANCE,CALTHORPE|STRENGTH & STRETCH|2025-11-04|1000|1100|CARD:433,NEW_ATTENDANCE,18217,Inserted inside the current SQL transaction.
PREVIEW_ROLLED_BACK,ATTENDANCE,CALTHORPE|STRENGTH & STRETCH|2025-11-04|1000|1100|CARD:441,NEW_ATTENDANCE,18218,Inserted inside the current SQL transaction.
PREVIEW_ROLLED_BACK,ATTENDANCE,CALTHORPE|STRENGTH & STRETCH|2025-11-04|1000|1100|CARD:504,NEW_ATTENDANCE,18219,Inserted inside the current SQL transaction.
PREVIEW_ROLLED_BACK,ATTENDANCE,CALTHORPE|STRENGTH & STRETCH|2025-11-04|1000|1100|CARD:566,NEW_ATTENDANCE,18220,Inserted inside the current SQL transaction.
PREVIEW_ROLLED_BACK,ATTENDANCE,CALTHORPE|STRENGTH & STRETCH|2025-11-04|1000|1100|CARD:596,NEW_ATTENDANCE,18221,Inserted inside the current SQL transaction.
PREVIEW_ROLLED_BACK,ATTENDANCE,CALTHORPE|STRENGTH & STRETCH|2025-11-04|1000|1100|CARD:642,NEW_ATTENDANCE,18222,Inserted inside the current SQL transaction.
PREVIEW_ROLLED_BACK,ATTENDANCE,CALTHORPE|STRENGTH & STRETCH|2025-11-04|1000|1100|CARD:648,NEW_ATTENDANCE,18223,Inserted inside the current SQL transaction.
PREVIEW_ROLLED_BACK,ATTENDANCE,CALTHORPE|STRENGTH & STRETCH|2025-11-04|1000|1100|CARD:692,NEW_ATTENDANCE,18224,Inserted inside the current SQL transaction.
PREVIEW_ROLLED_BACK,ATTENDANCE,CALTHORPE|STRENGTH & STRETCH|2025-11-04|1000|1100|CARD:699,NEW_ATTENDANCE,18225,Inserted inside the current SQL transaction.
PREVIEW_ROLLED_BACK,ATTENDANCE,CALTHORPE|STRENGTH & STRETCH|2025-11-04|1000|1100|CARD:717,NEW_ATTENDANCE,18226,Inserted inside the current SQL transaction.
PREVIEW_ROLLED_BACK,ATTENDANCE,CALTHORPE|STRENGTH & STRETCH|2025-11-04|1000|1100|CARD:727,NEW_ATTENDANCE,18227,Inserted inside the current SQL transaction.
PREVIEW_ROLLED_BACK,ATTENDANCE,CALTHORPE|STRENGTH & STRETCH|2025-11-04|1000|1100|CARD:770,NEW_ATTENDANCE,18228,Inserted inside the current SQL transaction.
PREVIEW_ROLLED_BACK,ATTENDANCE,CALTHORPE|ARTS|2025-11-05|1215|1315|CARD:370,NEW_ATTENDANCE,18229,Inserted inside the current SQL transaction.
PREVIEW_ROLLED_BACK,ATTENDANCE,CALTHORPE|ARTS|2025-11-05|1215|1315|CARD:372,NEW_ATTENDANCE,18230,Inserted inside the current SQL transaction.
PREVIEW_ROLLED_BACK,ATTENDANCE,CALTHORPE|ARTS|2025-11-05|1215|1315|CARD:380,NEW_ATTENDANCE,18231,Inserted inside the current SQL transaction.
PREVIEW_ROLLED_BACK,ATTENDANCE,CALTHORPE|ARTS|2025-11-05|1215|1315|CARD:382,NEW_ATTENDANCE,18232,Inserted inside the current SQL transaction.
PREVIEW_ROLLED_BACK,ATTENDANCE,CALTHORPE|ARTS|2025-11-05|1215|1315|CARD:402,NEW_ATTENDANCE,18233,Inserted inside the current SQL transaction.
PREVIEW_ROLLED_BACK,ATTENDANCE,CALTHORPE|ARTS|2025-11-05|1215|1315|CARD:416,NEW_ATTENDANCE,18234,Inserted inside the current SQL transaction.
PREVIEW_ROLLED_BACK,ATTENDANCE,CALTHORPE|ARTS|2025-11-05|1215|1315|CARD:444,NEW_ATTENDANCE,18235,Inserted inside the current SQL transaction.
PREVIEW_ROLLED_BACK,ATTENDANCE,CALTHORPE|ARTS|2025-11-05|1215|1315|CARD:514,NEW_ATTENDANCE,18236,Inserted inside the current SQL transaction.
PREVIEW_ROLLED_BACK,ATTENDANCE,CALTHORPE|ARTS|2025-11-05|1215|1315|CARD:634,NEW_ATTENDANCE,18237,Inserted inside the current SQL transaction.
PREVIEW_ROLLED_BACK,ATTENDANCE,CALTHORPE|ARTS|2025-11-05|1215|1315|CARD:637,NEW_ATTENDANCE,18238,Inserted inside the current SQL transaction.
PREVIEW_ROLLED_BACK,ATTENDANCE,CALTHORPE|SALSA/BELLY DANCING|2025-11-05|1100|1200|CARD:380,NEW_ATTENDANCE,18239,Inserted inside the current SQL transaction.
PREVIEW_ROLLED_BACK,ATTENDANCE,CALTHORPE|SALSA/BELLY DANCING|2025-11-05|1100|1200|CARD:390,NEW_ATTENDANCE,18240,Inserted inside the current SQL transaction.
PREVIEW_ROLLED_BACK,ATTENDANCE,CALTHORPE|SALSA/BELLY DANCING|2025-11-05|1100|1200|CARD:441,NEW_ATTENDANCE,18241,Inserted inside the current SQL transaction.
PREVIEW_ROLLED_BACK,ATTENDANCE,CALTHORPE|SALSA/BELLY DANCING|2025-11-05|1100|1200|CARD:470,NEW_ATTENDANCE,18242,Inserted inside the current SQL transaction.
PREVIEW_ROLLED_BACK,ATTENDANCE,CALTHORPE|SALSA/BELLY DANCING|2025-11-05|1100|1200|CARD:514,NEW_ATTENDANCE,18243,Inserted inside the current SQL transaction.
PREVIEW_ROLLED_BACK,ATTENDANCE,CALTHORPE|SALSA/BELLY DANCING|2025-11-05|1100|1200|CARD:634,NEW_ATTENDANCE,18244,Inserted inside the current SQL transaction.
PREVIEW_ROLLED_BACK,ATTENDANCE,CALTHORPE|SALSA/BELLY DANCING|2025-11-05|1100|1200|CARD:637,NEW_ATTENDANCE,18245,Inserted inside the current SQL transaction.
PREVIEW_ROLLED_BACK,ATTENDANCE,CALTHORPE|SALSA/BELLY DANCING|2025-11-05|1100|1200|CARD:654,NEW_ATTENDANCE,18246,Inserted inside the current SQL transaction.
PREVIEW_ROLLED_BACK,ATTENDANCE,CALTHORPE|SALSA/BELLY DANCING|2025-11-05|1100|1200|CARD:658,NEW_ATTENDANCE,18247,Inserted inside the current SQL transaction.
PREVIEW_ROLLED_BACK,ATTENDANCE,CALTHORPE|CHAIR BASED EXERCISE|2025-11-06|1145|1230|CARD:319,NEW_ATTENDANCE,18248,Inserted inside the current SQL transaction.
PREVIEW_ROLLED_BACK,ATTENDANCE,CALTHORPE|CHAIR BASED EXERCISE|2025-11-06|1145|1230|CARD:380,NEW_ATTENDANCE,18249,Inserted inside the current SQL transaction.
PREVIEW_ROLLED_BACK,ATTENDANCE,CALTHORPE|CHAIR BASED EXERCISE|2025-11-06|1145|1230|CARD:386,NEW_ATTENDANCE,18250,Inserted inside the current SQL transaction.
PREVIEW_ROLLED_BACK,ATTENDANCE,CALTHORPE|CHAIR BASED EXERCISE|2025-11-06|1145|1230|CARD:388,NEW_ATTENDANCE,18251,Inserted inside the current SQL transaction.
PREVIEW_ROLLED_BACK,ATTENDANCE,CALTHORPE|CHAIR BASED EXERCISE|2025-11-06|1145|1230|CARD:410,NEW_ATTENDANCE,18252,Inserted inside the current SQL transaction.
PREVIEW_ROLLED_BACK,ATTENDANCE,CALTHORPE|CHAIR BASED EXERCISE|2025-11-06|1145|1230|CARD:415,NEW_ATTENDANCE,18253,Inserted inside the current SQL transaction.
PREVIEW_ROLLED_BACK,ATTENDANCE,CALTHORPE|CHAIR BASED EXERCISE|2025-11-06|1145|1230|CARD:416,NEW_ATTENDANCE,18254,Inserted inside the current SQL transaction.
PREVIEW_ROLLED_BACK,ATTENDANCE,CALTHORPE|CHAIR BASED EXERCISE|2025-11-06|1145|1230|CARD:418,NEW_ATTENDANCE,18255,Inserted inside the current SQL transaction.
PREVIEW_ROLLED_BACK,ATTENDANCE,CALTHORPE|CHAIR BASED EXERCISE|2025-11-06|1145|1230|CARD:436,NEW_ATTENDANCE,18256,Inserted inside the current SQL transaction.
PREVIEW_ROLLED_BACK,ATTENDANCE,CALTHORPE|CHAIR BASED EXERCISE|2025-11-06|1145|1230|CARD:444,NEW_ATTENDANCE,18257,Inserted inside the current SQL transaction.
PREVIEW_ROLLED_BACK,ATTENDANCE,CALTHORPE|CHAIR BASED EXERCISE|2025-11-06|1145|1230|CARD:469,NEW_ATTENDANCE,18258,Inserted inside the current SQL transaction.
PREVIEW_ROLLED_BACK,ATTENDANCE,CALTHORPE|CHAIR BASED EXERCISE|2025-11-06|1145|1230|CARD:485,NEW_ATTENDANCE,18259,Inserted inside the current SQL transaction.
PREVIEW_ROLLED_BACK,ATTENDANCE,CALTHORPE|CHAIR BASED EXERCISE|2025-11-06|1145|1230|CARD:604,NEW_ATTENDANCE,18260,Inserted inside the current SQL transaction.
PREVIEW_ROLLED_BACK,ATTENDANCE,CALTHORPE|CHAIR BASED EXERCISE|2025-11-06|1145|1230|CARD:620,NEW_ATTENDANCE,18261,Inserted inside the current SQL transaction.
PREVIEW_ROLLED_BACK,ATTENDANCE,CALTHORPE|CHAIR BASED EXERCISE|2025-11-06|1145|1230|CARD:642,NEW_ATTENDANCE,18262,Inserted inside the current SQL transaction.
PREVIEW_ROLLED_BACK,ATTENDANCE,CALTHORPE|CHAIR BASED EXERCISE|2025-11-06|1145|1230|CARD:655,NEW_ATTENDANCE,18263,Inserted inside the current SQL transaction.
PREVIEW_ROLLED_BACK,ATTENDANCE,CALTHORPE|CHAIR BASED EXERCISE|2025-11-06|1145|1230|CARD:692,NEW_ATTENDANCE,18264,Inserted inside the current SQL transaction.
PREVIEW_ROLLED_BACK,ATTENDANCE,CALTHORPE|CHAIR BASED EXERCISE|2025-11-06|1145|1230|CARD:706,NEW_ATTENDANCE,18265,Inserted inside the current SQL transaction.
PREVIEW_ROLLED_BACK,ATTENDANCE,CALTHORPE|CHAIR BASED EXERCISE|2025-11-06|1145|1230|CARD:750,NEW_ATTENDANCE,18266,Inserted inside the current SQL transaction.
PREVIEW_ROLLED_BACK,ATTENDANCE,CALTHORPE|CHAIR BASED EXERCISE|2025-11-06|1145|1230|CARD:769,NEW_ATTENDANCE,18267,Inserted inside the current SQL transaction.
PREVIEW_ROLLED_BACK,ATTENDANCE,CALTHORPE|CIRCUIT TRAINING|2025-11-06|0930|1015|CARD:386,NEW_ATTENDANCE,18268,Inserted inside the current SQL transaction.
PREVIEW_ROLLED_BACK,ATTENDANCE,CALTHORPE|CIRCUIT TRAINING|2025-11-06|0930|1015|CARD:388,NEW_ATTENDANCE,18269,Inserted inside the current SQL transaction.
PREVIEW_ROLLED_BACK,ATTENDANCE,CALTHORPE|CIRCUIT TRAINING|2025-11-06|0930|1015|CARD:390,NEW_ATTENDANCE,18270,Inserted inside the current SQL transaction.
PREVIEW_ROLLED_BACK,ATTENDANCE,CALTHORPE|CIRCUIT TRAINING|2025-11-06|0930|1015|CARD:412,NEW_ATTENDANCE,18271,Inserted inside the current SQL transaction.
PREVIEW_ROLLED_BACK,ATTENDANCE,CALTHORPE|CIRCUIT TRAINING|2025-11-06|0930|1015|CARD:422,NEW_ATTENDANCE,18272,Inserted inside the current SQL transaction.
PREVIEW_ROLLED_BACK,ATTENDANCE,CALTHORPE|CIRCUIT TRAINING|2025-11-06|0930|1015|CARD:429,NEW_ATTENDANCE,18273,Inserted inside the current SQL transaction.
PREVIEW_ROLLED_BACK,ATTENDANCE,CALTHORPE|CIRCUIT TRAINING|2025-11-06|0930|1015|CARD:441,NEW_ATTENDANCE,18274,Inserted inside the current SQL transaction.
PREVIEW_ROLLED_BACK,ATTENDANCE,CALTHORPE|CIRCUIT TRAINING|2025-11-06|0930|1015|CARD:442,NEW_ATTENDANCE,18275,Inserted inside the current SQL transaction.
PREVIEW_ROLLED_BACK,ATTENDANCE,CALTHORPE|CIRCUIT TRAINING|2025-11-06|0930|1015|CARD:470,NEW_ATTENDANCE,18276,Inserted inside the current SQL transaction.
PREVIEW_ROLLED_BACK,ATTENDANCE,CALTHORPE|CIRCUIT TRAINING|2025-11-06|0930|1015|CARD:780,NEW_ATTENDANCE,18277,Inserted inside the current SQL transaction.
PREVIEW_ROLLED_BACK,ATTENDANCE,CALTHORPE|CROCHET|2025-11-06|1245|1430|CARD:418,NEW_ATTENDANCE,18278,Inserted inside the current SQL transaction.
PREVIEW_ROLLED_BACK,ATTENDANCE,CALTHORPE|CROCHET|2025-11-06|1245|1430|CARD:424,NEW_ATTENDANCE,18279,Inserted inside the current SQL transaction.
PREVIEW_ROLLED_BACK,ATTENDANCE,CALTHORPE|CROCHET|2025-11-06|1245|1430|CARD:436,NEW_ATTENDANCE,18280,Inserted inside the current SQL transaction.
PREVIEW_ROLLED_BACK,ATTENDANCE,CALTHORPE|CROCHET|2025-11-06|1245|1430|CARD:493,NEW_ATTENDANCE,18281,Inserted inside the current SQL transaction.
PREVIEW_ROLLED_BACK,ATTENDANCE,CALTHORPE|CROCHET|2025-11-06|1245|1430|CARD:604,NEW_ATTENDANCE,18282,Inserted inside the current SQL transaction.
PREVIEW_ROLLED_BACK,ATTENDANCE,CALTHORPE|CROCHET|2025-11-06|1245|1430|CARD:612,NEW_ATTENDANCE,18283,Inserted inside the current SQL transaction.
PREVIEW_ROLLED_BACK,ATTENDANCE,CALTHORPE|CROCHET|2025-11-06|1245|1430|CARD:637,NEW_ATTENDANCE,18284,Inserted inside the current SQL transaction.
PREVIEW_ROLLED_BACK,ATTENDANCE,CALTHORPE|CROCHET|2025-11-06|1245|1430|CARD:655,NEW_ATTENDANCE,18285,Inserted inside the current SQL transaction.
PREVIEW_ROLLED_BACK,ATTENDANCE,CALTHORPE|CROCHET|2025-11-06|1245|1430|CARD:706,NEW_ATTENDANCE,18286,Inserted inside the current SQL transaction.
PREVIEW_ROLLED_BACK,ATTENDANCE,CALTHORPE|CROCHET|2025-11-06|1245|1430|CARD:708,NEW_ATTENDANCE,18287,Inserted inside the current SQL transaction.
PREVIEW_ROLLED_BACK,ATTENDANCE,CALTHORPE|CROCHET|2025-11-06|1245|1430|CARD:763,NEW_ATTENDANCE,18288,Inserted inside the current SQL transaction.
PREVIEW_ROLLED_BACK,ATTENDANCE,CALTHORPE|CROCHET|2025-11-06|1245|1430|NAME:elizabeth coney,NEW_ATTENDANCE,18289,Inserted inside the current SQL transaction.
PREVIEW_ROLLED_BACK,ATTENDANCE,CALTHORPE|BODY CONDITIONING|2025-11-07|1145|1230|CARD:140,NEW_ATTENDANCE,18290,Inserted inside the current SQL transaction.
PREVIEW_ROLLED_BACK,ATTENDANCE,CALTHORPE|BODY CONDITIONING|2025-11-07|1145|1230|CARD:346,NEW_ATTENDANCE,18291,Inserted inside the current SQL transaction.
PREVIEW_ROLLED_BACK,ATTENDANCE,CALTHORPE|BODY CONDITIONING|2025-11-07|1145|1230|CARD:380,NEW_ATTENDANCE,18292,Inserted inside the current SQL transaction.
PREVIEW_ROLLED_BACK,ATTENDANCE,CALTHORPE|BODY CONDITIONING|2025-11-07|1145|1230|CARD:388,NEW_ATTENDANCE,18293,Inserted inside the current SQL transaction.
PREVIEW_ROLLED_BACK,ATTENDANCE,CALTHORPE|BODY CONDITIONING|2025-11-07|1145|1230|CARD:429,NEW_ATTENDANCE,18294,Inserted inside the current SQL transaction.
PREVIEW_ROLLED_BACK,ATTENDANCE,CALTHORPE|BODY CONDITIONING|2025-11-07|1145|1230|CARD:433,NEW_ATTENDANCE,18295,Inserted inside the current SQL transaction.
PREVIEW_ROLLED_BACK,ATTENDANCE,CALTHORPE|BODY CONDITIONING|2025-11-07|1145|1230|CARD:450,NEW_ATTENDANCE,18296,Inserted inside the current SQL transaction.
PREVIEW_ROLLED_BACK,ATTENDANCE,CALTHORPE|BODY CONDITIONING|2025-11-07|1145|1230|CARD:451,NEW_ATTENDANCE,18297,Inserted inside the current SQL transaction.
PREVIEW_ROLLED_BACK,ATTENDANCE,CALTHORPE|BODY CONDITIONING|2025-11-07|1145|1230|CARD:470,NEW_ATTENDANCE,18298,Inserted inside the current SQL transaction.
PREVIEW_ROLLED_BACK,ATTENDANCE,CALTHORPE|BODY CONDITIONING|2025-11-07|1145|1230|CARD:568,NEW_ATTENDANCE,18299,Inserted inside the current SQL transaction.
PREVIEW_ROLLED_BACK,ATTENDANCE,CALTHORPE|BODY CONDITIONING|2025-11-07|1145|1230|CARD:596,NEW_ATTENDANCE,18300,Inserted inside the current SQL transaction.
PREVIEW_ROLLED_BACK,ATTENDANCE,CALTHORPE|BODY CONDITIONING|2025-11-07|1145|1230|CARD:620,NEW_ATTENDANCE,18301,Inserted inside the current SQL transaction.
PREVIEW_ROLLED_BACK,ATTENDANCE,CALTHORPE|BODY CONDITIONING|2025-11-07|1145|1230|CARD:692,NEW_ATTENDANCE,18302,Inserted inside the current SQL transaction.
PREVIEW_ROLLED_BACK,ATTENDANCE,CALTHORPE|BODY CONDITIONING|2025-11-07|1145|1230|CARD:700,NEW_ATTENDANCE,18303,Inserted inside the current SQL transaction.
PREVIEW_ROLLED_BACK,ATTENDANCE,CALTHORPE|BODY CONDITIONING|2025-11-07|1145|1230|CARD:727,NEW_ATTENDANCE,18304,Inserted inside the current SQL transaction.
PREVIEW_ROLLED_BACK,ATTENDANCE,CALTHORPE|BODY CONDITIONING|2025-11-07|1145|1230|CARD:767,NEW_ATTENDANCE,18305,Inserted inside the current SQL transaction.
PREVIEW_ROLLED_BACK,ATTENDANCE,CALTHORPE|BODY CONDITIONING|2025-11-07|1145|1230|CARD:770,NEW_ATTENDANCE,18306,Inserted inside the current SQL transaction.
PREVIEW_ROLLED_BACK,ATTENDANCE,CALTHORPE|BODY CONDITIONING|2025-11-07|1145|1230|CARD:771,NEW_ATTENDANCE,18307,Inserted inside the current SQL transaction.
PREVIEW_ROLLED_BACK,ATTENDANCE,CALTHORPE|PILATES|2025-11-07|1245|1330|CARD:157,NEW_ATTENDANCE,18308,Inserted inside the current SQL transaction.
PREVIEW_ROLLED_BACK,ATTENDANCE,CALTHORPE|PILATES|2025-11-07|1245|1330|CARD:371,NEW_ATTENDANCE,18309,Inserted inside the current SQL transaction.
PREVIEW_ROLLED_BACK,ATTENDANCE,CALTHORPE|PILATES|2025-11-07|1245|1330|CARD:393,NEW_ATTENDANCE,18310,Inserted inside the current SQL transaction.
PREVIEW_ROLLED_BACK,ATTENDANCE,CALTHORPE|PILATES|2025-11-07|1245|1330|CARD:433,NEW_ATTENDANCE,18311,Inserted inside the current SQL transaction.
PREVIEW_ROLLED_BACK,ATTENDANCE,CALTHORPE|PILATES|2025-11-07|1245|1330|CARD:442,NEW_ATTENDANCE,18312,Inserted inside the current SQL transaction.
PREVIEW_ROLLED_BACK,ATTENDANCE,CALTHORPE|PILATES|2025-11-07|1245|1330|CARD:629,NEW_ATTENDANCE,18313,Inserted inside the current SQL transaction.
PREVIEW_ROLLED_BACK,ATTENDANCE,CALTHORPE|PILATES|2025-11-07|1245|1330|CARD:681,NEW_ATTENDANCE,18314,Inserted inside the current SQL transaction.
PREVIEW_ROLLED_BACK,ATTENDANCE,CALTHORPE|PILATES|2025-11-07|1245|1330|CARD:692,NEW_ATTENDANCE,18315,Inserted inside the current SQL transaction.
PREVIEW_ROLLED_BACK,ATTENDANCE,CALTHORPE|PILATES|2025-11-07|1245|1330|CARD:727,NEW_ATTENDANCE,18316,Inserted inside the current SQL transaction.
PREVIEW_ROLLED_BACK,ATTENDANCE,CALTHORPE|ZUMBA|2025-11-07|1800|1900|CARD:370,NEW_ATTENDANCE,18317,Inserted inside the current SQL transaction.
PREVIEW_ROLLED_BACK,ATTENDANCE,CALTHORPE|ZUMBA|2025-11-07|1800|1900|CARD:371,NEW_ATTENDANCE,18318,Inserted inside the current SQL transaction.
PREVIEW_ROLLED_BACK,ATTENDANCE,CALTHORPE|ZUMBA|2025-11-07|1800|1900|CARD:441,NEW_ATTENDANCE,18319,Inserted inside the current SQL transaction.
PREVIEW_ROLLED_BACK,ATTENDANCE,CALTHORPE|ZUMBA|2025-11-07|1800|1900|CARD:622,NEW_ATTENDANCE,18320,Inserted inside the current SQL transaction.
PREVIEW_ROLLED_BACK,ATTENDANCE,CALTHORPE|ZUMBA|2025-11-07|1800|1900|CARD:624,NEW_ATTENDANCE,18321,Inserted inside the current SQL transaction.
PREVIEW_ROLLED_BACK,ATTENDANCE,CALTHORPE|ZUMBA|2025-11-07|1800|1900|CARD:625,NEW_ATTENDANCE,18322,Inserted inside the current SQL transaction.
PREVIEW_ROLLED_BACK,ATTENDANCE,CALTHORPE|ZUMBA|2025-11-07|1800|1900|CARD:703,NEW_ATTENDANCE,18323,Inserted inside the current SQL transaction.
PREVIEW_ROLLED_BACK,ATTENDANCE,CALTHORPE|ZUMBA|2025-11-07|1800|1900|CARD:725,NEW_ATTENDANCE,18324,Inserted inside the current SQL transaction.
PREVIEW_ROLLED_BACK,ATTENDANCE,CALTHORPE|ZUMBA|2025-11-07|1800|1900|CARD:780,NEW_ATTENDANCE,18325,Inserted inside the current SQL transaction.
PREVIEW_ROLLED_BACK,ATTENDANCE,CALTHORPE|ZUMBA|2025-11-07|1800|1900|NAME:ensi,NEW_ATTENDANCE,18326,Inserted inside the current SQL transaction.
PREVIEW_ROLLED_BACK,ATTENDANCE,CALTHORPE|ZUMBA|2025-11-07|1800|1900|NAME:neigger,NEW_ATTENDANCE,18327,Inserted inside the current SQL transaction.
PREVIEW_ROLLED_BACK,ATTENDANCE,CALTHORPE|AEROBICS|2025-11-10|1000|1045|CARD:337,NEW_ATTENDANCE,18328,Inserted inside the current SQL transaction.
PREVIEW_ROLLED_BACK,ATTENDANCE,CALTHORPE|AEROBICS|2025-11-10|1000|1045|CARD:386,NEW_ATTENDANCE,18329,Inserted inside the current SQL transaction.
PREVIEW_ROLLED_BACK,ATTENDANCE,CALTHORPE|AEROBICS|2025-11-10|1000|1045|CARD:388,NEW_ATTENDANCE,18330,Inserted inside the current SQL transaction.
PREVIEW_ROLLED_BACK,ATTENDANCE,CALTHORPE|AEROBICS|2025-11-10|1000|1045|CARD:402,NEW_ATTENDANCE,18331,Inserted inside the current SQL transaction.
PREVIEW_ROLLED_BACK,ATTENDANCE,CALTHORPE|AEROBICS|2025-11-10|1000|1045|CARD:406,NEW_ATTENDANCE,18332,Inserted inside the current SQL transaction.
PREVIEW_ROLLED_BACK,ATTENDANCE,CALTHORPE|AEROBICS|2025-11-10|1000|1045|CARD:422,NEW_ATTENDANCE,18333,Inserted inside the current SQL transaction.
PREVIEW_ROLLED_BACK,ATTENDANCE,CALTHORPE|AEROBICS|2025-11-10|1000|1045|CARD:427,NEW_ATTENDANCE,18334,Inserted inside the current SQL transaction.
PREVIEW_ROLLED_BACK,ATTENDANCE,CALTHORPE|AEROBICS|2025-11-10|1000|1045|CARD:429,NEW_ATTENDANCE,18335,Inserted inside the current SQL transaction.
PREVIEW_ROLLED_BACK,ATTENDANCE,CALTHORPE|AEROBICS|2025-11-10|1000|1045|CARD:441,NEW_ATTENDANCE,18336,Inserted inside the current SQL transaction.
PREVIEW_ROLLED_BACK,ATTENDANCE,CALTHORPE|AEROBICS|2025-11-10|1000|1045|CARD:450,NEW_ATTENDANCE,18337,Inserted inside the current SQL transaction.
PREVIEW_ROLLED_BACK,ATTENDANCE,CALTHORPE|AEROBICS|2025-11-10|1000|1045|CARD:451,NEW_ATTENDANCE,18338,Inserted inside the current SQL transaction.
PREVIEW_ROLLED_BACK,ATTENDANCE,CALTHORPE|AEROBICS|2025-11-10|1000|1045|CARD:565,NEW_ATTENDANCE,18339,Inserted inside the current SQL transaction.
PREVIEW_ROLLED_BACK,ATTENDANCE,CALTHORPE|AEROBICS|2025-11-10|1000|1045|CARD:691,NEW_ATTENDANCE,18340,Inserted inside the current SQL transaction.
PREVIEW_ROLLED_BACK,ATTENDANCE,CALTHORPE|AEROBICS|2025-11-10|1000|1045|CARD:692,NEW_ATTENDANCE,18341,Inserted inside the current SQL transaction.
PREVIEW_ROLLED_BACK,ATTENDANCE,CALTHORPE|AEROBICS|2025-11-10|1000|1045|CARD:761,NEW_ATTENDANCE,18342,Inserted inside the current SQL transaction.
PREVIEW_ROLLED_BACK,ATTENDANCE,CALTHORPE|AEROBICS|2025-11-10|1000|1045|CARD:767,NEW_ATTENDANCE,18343,Inserted inside the current SQL transaction.
PREVIEW_ROLLED_BACK,ATTENDANCE,CALTHORPE|AEROBICS|2025-11-10|1000|1045|CARD:780,NEW_ATTENDANCE,18344,Inserted inside the current SQL transaction.
PREVIEW_ROLLED_BACK,ATTENDANCE,CALTHORPE|CHAIR BASED EXERCISE|2025-11-10|1100|1145|CARD:380,NEW_ATTENDANCE,18345,Inserted inside the current SQL transaction.
PREVIEW_ROLLED_BACK,ATTENDANCE,CALTHORPE|CHAIR BASED EXERCISE|2025-11-10|1100|1145|CARD:386,NEW_ATTENDANCE,18346,Inserted inside the current SQL transaction.
PREVIEW_ROLLED_BACK,ATTENDANCE,CALTHORPE|CHAIR BASED EXERCISE|2025-11-10|1100|1145|CARD:388,NEW_ATTENDANCE,18347,Inserted inside the current SQL transaction.
PREVIEW_ROLLED_BACK,ATTENDANCE,CALTHORPE|CHAIR BASED EXERCISE|2025-11-10|1100|1145|CARD:444,NEW_ATTENDANCE,18348,Inserted inside the current SQL transaction.
PREVIEW_ROLLED_BACK,ATTENDANCE,CALTHORPE|CHAIR BASED EXERCISE|2025-11-10|1100|1145|CARD:470,NEW_ATTENDANCE,18349,Inserted inside the current SQL transaction.
PREVIEW_ROLLED_BACK,ATTENDANCE,CALTHORPE|CHAIR BASED EXERCISE|2025-11-10|1100|1145|CARD:485,NEW_ATTENDANCE,18350,Inserted inside the current SQL transaction.
PREVIEW_ROLLED_BACK,ATTENDANCE,CALTHORPE|CHAIR BASED EXERCISE|2025-11-10|1100|1145|CARD:620,NEW_ATTENDANCE,18351,Inserted inside the current SQL transaction.
PREVIEW_ROLLED_BACK,ATTENDANCE,CALTHORPE|CHAIR BASED EXERCISE|2025-11-10|1100|1145|CARD:642,NEW_ATTENDANCE,18352,Inserted inside the current SQL transaction.
PREVIEW_ROLLED_BACK,ATTENDANCE,CALTHORPE|CHAIR BASED EXERCISE|2025-11-10|1100|1145|CARD:679,NEW_ATTENDANCE,18353,Inserted inside the current SQL transaction.
PREVIEW_ROLLED_BACK,ATTENDANCE,CALTHORPE|CHAIR BASED EXERCISE|2025-11-10|1100|1145|CARD:747,NEW_ATTENDANCE,18354,Inserted inside the current SQL transaction.
PREVIEW_ROLLED_BACK,ATTENDANCE,CALTHORPE|CHAIR BASED EXERCISE|2025-11-10|1100|1145|CARD:750,NEW_ATTENDANCE,18355,Inserted inside the current SQL transaction.
PREVIEW_ROLLED_BACK,ATTENDANCE,CALTHORPE|CROCHET|2025-11-10|1215|1415|CARD:416,NEW_ATTENDANCE,18356,Inserted inside the current SQL transaction.
PREVIEW_ROLLED_BACK,ATTENDANCE,CALTHORPE|CROCHET|2025-11-10|1215|1415|CARD:468,NEW_ATTENDANCE,18357,Inserted inside the current SQL transaction.
PREVIEW_ROLLED_BACK,ATTENDANCE,CALTHORPE|CROCHET|2025-11-10|1215|1415|CARD:493,NEW_ATTENDANCE,18358,Inserted inside the current SQL transaction.
PREVIEW_ROLLED_BACK,ATTENDANCE,CALTHORPE|CROCHET|2025-11-10|1215|1415|CARD:509,NEW_ATTENDANCE,18359,Inserted inside the current SQL transaction.
PREVIEW_ROLLED_BACK,ATTENDANCE,CALTHORPE|CROCHET|2025-11-10|1215|1415|CARD:638,NEW_ATTENDANCE,18360,Inserted inside the current SQL transaction.
PREVIEW_ROLLED_BACK,ATTENDANCE,CALTHORPE|CROCHET|2025-11-10|1215|1415|CARD:697,NEW_ATTENDANCE,18361,Inserted inside the current SQL transaction.
PREVIEW_ROLLED_BACK,ATTENDANCE,CALTHORPE|ARTS|2025-11-11|1130|1230|CARD:1236,NEW_ATTENDANCE,18362,Inserted inside the current SQL transaction.
PREVIEW_ROLLED_BACK,ATTENDANCE,CALTHORPE|ARTS|2025-11-11|1130|1230|CARD:376,NEW_ATTENDANCE,18363,Inserted inside the current SQL transaction.
PREVIEW_ROLLED_BACK,ATTENDANCE,CALTHORPE|ARTS|2025-11-11|1130|1230|CARD:638,NEW_ATTENDANCE,18364,Inserted inside the current SQL transaction.
PREVIEW_ROLLED_BACK,ATTENDANCE,CALTHORPE|STRENGTH & STRETCH|2025-11-11|1000|1100|CARD:319,NEW_ATTENDANCE,18365,Inserted inside the current SQL transaction.
PREVIEW_ROLLED_BACK,ATTENDANCE,CALTHORPE|STRENGTH & STRETCH|2025-11-11|1000|1100|CARD:386,NEW_ATTENDANCE,18366,Inserted inside the current SQL transaction.
PREVIEW_ROLLED_BACK,ATTENDANCE,CALTHORPE|STRENGTH & STRETCH|2025-11-11|1000|1100|CARD:388,NEW_ATTENDANCE,18367,Inserted inside the current SQL transaction.
PREVIEW_ROLLED_BACK,ATTENDANCE,CALTHORPE|STRENGTH & STRETCH|2025-11-11|1000|1100|CARD:395,NEW_ATTENDANCE,18368,Inserted inside the current SQL transaction.
PREVIEW_ROLLED_BACK,ATTENDANCE,CALTHORPE|STRENGTH & STRETCH|2025-11-11|1000|1100|CARD:406,NEW_ATTENDANCE,18369,Inserted inside the current SQL transaction.
PREVIEW_ROLLED_BACK,ATTENDANCE,CALTHORPE|STRENGTH & STRETCH|2025-11-11|1000|1100|CARD:411,NEW_ATTENDANCE,18370,Inserted inside the current SQL transaction.
PREVIEW_ROLLED_BACK,ATTENDANCE,CALTHORPE|STRENGTH & STRETCH|2025-11-11|1000|1100|CARD:427,NEW_ATTENDANCE,18371,Inserted inside the current SQL transaction.
PREVIEW_ROLLED_BACK,ATTENDANCE,CALTHORPE|STRENGTH & STRETCH|2025-11-11|1000|1100|CARD:433,NEW_ATTENDANCE,18372,Inserted inside the current SQL transaction.
PREVIEW_ROLLED_BACK,ATTENDANCE,CALTHORPE|STRENGTH & STRETCH|2025-11-11|1000|1100|CARD:450,NEW_ATTENDANCE,18373,Inserted inside the current SQL transaction.
PREVIEW_ROLLED_BACK,ATTENDANCE,CALTHORPE|STRENGTH & STRETCH|2025-11-11|1000|1100|CARD:451,NEW_ATTENDANCE,18374,Inserted inside the current SQL transaction.
PREVIEW_ROLLED_BACK,ATTENDANCE,CALTHORPE|STRENGTH & STRETCH|2025-11-11|1000|1100|CARD:648,NEW_ATTENDANCE,18375,Inserted inside the current SQL transaction.
PREVIEW_ROLLED_BACK,ATTENDANCE,CALTHORPE|STRENGTH & STRETCH|2025-11-11|1000|1100|CARD:692,NEW_ATTENDANCE,18376,Inserted inside the current SQL transaction.
PREVIEW_ROLLED_BACK,ATTENDANCE,CALTHORPE|STRENGTH & STRETCH|2025-11-11|1000|1100|CARD:697,NEW_ATTENDANCE,18377,Inserted inside the current SQL transaction.
PREVIEW_ROLLED_BACK,ATTENDANCE,CALTHORPE|STRENGTH & STRETCH|2025-11-11|1000|1100|CARD:698,NEW_ATTENDANCE,18378,Inserted inside the current SQL transaction.
PREVIEW_ROLLED_BACK,ATTENDANCE,CALTHORPE|STRENGTH & STRETCH|2025-11-11|1000|1100|CARD:699,NEW_ATTENDANCE,18379,Inserted inside the current SQL transaction.
PREVIEW_ROLLED_BACK,ATTENDANCE,CALTHORPE|STRENGTH & STRETCH|2025-11-11|1000|1100|CARD:727,NEW_ATTENDANCE,18380,Inserted inside the current SQL transaction.
PREVIEW_ROLLED_BACK,ATTENDANCE,CALTHORPE|STRENGTH & STRETCH|2025-11-11|1000|1100|CARD:770,NEW_ATTENDANCE,18381,Inserted inside the current SQL transaction.
PREVIEW_ROLLED_BACK,ATTENDANCE,CALTHORPE|STRENGTH & STRETCH|2025-11-11|1000|1100|NAME:khairoon chowdhury,NEW_ATTENDANCE,18382,Inserted inside the current SQL transaction.
PREVIEW_ROLLED_BACK,ATTENDANCE,CALTHORPE|ARTS|2025-11-12|1215|1315|CARD:372,NEW_ATTENDANCE,18383,Inserted inside the current SQL transaction.
PREVIEW_ROLLED_BACK,ATTENDANCE,CALTHORPE|ARTS|2025-11-12|1215|1315|CARD:380,NEW_ATTENDANCE,18384,Inserted inside the current SQL transaction.
PREVIEW_ROLLED_BACK,ATTENDANCE,CALTHORPE|ARTS|2025-11-12|1215|1315|CARD:394,NEW_ATTENDANCE,18385,Inserted inside the current SQL transaction.
PREVIEW_ROLLED_BACK,ATTENDANCE,CALTHORPE|ARTS|2025-11-12|1215|1315|CARD:397,NEW_ATTENDANCE,18386,Inserted inside the current SQL transaction.
PREVIEW_ROLLED_BACK,ATTENDANCE,CALTHORPE|ARTS|2025-11-12|1215|1315|CARD:402,NEW_ATTENDANCE,18387,Inserted inside the current SQL transaction.
PREVIEW_ROLLED_BACK,ATTENDANCE,CALTHORPE|ARTS|2025-11-12|1215|1315|CARD:416,NEW_ATTENDANCE,18388,Inserted inside the current SQL transaction.
PREVIEW_ROLLED_BACK,ATTENDANCE,CALTHORPE|ARTS|2025-11-12|1215|1315|CARD:444,NEW_ATTENDANCE,18389,Inserted inside the current SQL transaction.
PREVIEW_ROLLED_BACK,ATTENDANCE,CALTHORPE|ARTS|2025-11-12|1215|1315|CARD:514,NEW_ATTENDANCE,18390,Inserted inside the current SQL transaction.
PREVIEW_ROLLED_BACK,ATTENDANCE,CALTHORPE|ARTS|2025-11-12|1215|1315|CARD:638,NEW_ATTENDANCE,18391,Inserted inside the current SQL transaction.
PREVIEW_ROLLED_BACK,ATTENDANCE,CALTHORPE|ARTS|2025-11-12|1215|1315|CARD:658,NEW_ATTENDANCE,18392,Inserted inside the current SQL transaction.
PREVIEW_ROLLED_BACK,ATTENDANCE,CALTHORPE|ARTS|2025-11-12|1215|1315|CARD:995,NEW_ATTENDANCE,18393,Inserted inside the current SQL transaction.
PREVIEW_ROLLED_BACK,ATTENDANCE,CALTHORPE|SALSA/BELLY DANCING|2025-11-12|1100|1200|CARD:416,NEW_ATTENDANCE,18394,Inserted inside the current SQL transaction.
PREVIEW_ROLLED_BACK,ATTENDANCE,CALTHORPE|SALSA/BELLY DANCING|2025-11-12|1100|1200|CARD:441,NEW_ATTENDANCE,18395,Inserted inside the current SQL transaction.
PREVIEW_ROLLED_BACK,ATTENDANCE,CALTHORPE|SALSA/BELLY DANCING|2025-11-12|1100|1200|CARD:513,NEW_ATTENDANCE,18396,Inserted inside the current SQL transaction.
PREVIEW_ROLLED_BACK,ATTENDANCE,CALTHORPE|SALSA/BELLY DANCING|2025-11-12|1100|1200|CARD:580,NEW_ATTENDANCE,18397,Inserted inside the current SQL transaction.
PREVIEW_ROLLED_BACK,ATTENDANCE,CALTHORPE|SALSA/BELLY DANCING|2025-11-12|1100|1200|CARD:638,NEW_ATTENDANCE,18398,Inserted inside the current SQL transaction.
PREVIEW_ROLLED_BACK,ATTENDANCE,CALTHORPE|SALSA/BELLY DANCING|2025-11-12|1100|1200|CARD:995,NEW_ATTENDANCE,18399,Inserted inside the current SQL transaction.
PREVIEW_ROLLED_BACK,ATTENDANCE,CALTHORPE|CHAIR BASED EXERCISE|2025-11-13|1145|1230|CARD:337,NEW_ATTENDANCE,18400,Inserted inside the current SQL transaction.
PREVIEW_ROLLED_BACK,ATTENDANCE,CALTHORPE|CHAIR BASED EXERCISE|2025-11-13|1145|1230|CARD:380,NEW_ATTENDANCE,18401,Inserted inside the current SQL transaction.
PREVIEW_ROLLED_BACK,ATTENDANCE,CALTHORPE|CHAIR BASED EXERCISE|2025-11-13|1145|1230|CARD:410,NEW_ATTENDANCE,18402,Inserted inside the current SQL transaction.
PREVIEW_ROLLED_BACK,ATTENDANCE,CALTHORPE|CHAIR BASED EXERCISE|2025-11-13|1145|1230|CARD:415,NEW_ATTENDANCE,18403,Inserted inside the current SQL transaction.
PREVIEW_ROLLED_BACK,ATTENDANCE,CALTHORPE|CHAIR BASED EXERCISE|2025-11-13|1145|1230|CARD:416,NEW_ATTENDANCE,18404,Inserted inside the current SQL transaction.
PREVIEW_ROLLED_BACK,ATTENDANCE,CALTHORPE|CHAIR BASED EXERCISE|2025-11-13|1145|1230|CARD:418,NEW_ATTENDANCE,18405,Inserted inside the current SQL transaction.
PREVIEW_ROLLED_BACK,ATTENDANCE,CALTHORPE|CHAIR BASED EXERCISE|2025-11-13|1145|1230|CARD:436,NEW_ATTENDANCE,18406,Inserted inside the current SQL transaction.
PREVIEW_ROLLED_BACK,ATTENDANCE,CALTHORPE|CHAIR BASED EXERCISE|2025-11-13|1145|1230|CARD:444,NEW_ATTENDANCE,18407,Inserted inside the current SQL transaction.
PREVIEW_ROLLED_BACK,ATTENDANCE,CALTHORPE|CHAIR BASED EXERCISE|2025-11-13|1145|1230|CARD:469,NEW_ATTENDANCE,18408,Inserted inside the current SQL transaction.
PREVIEW_ROLLED_BACK,ATTENDANCE,CALTHORPE|CHAIR BASED EXERCISE|2025-11-13|1145|1230|CARD:549,NEW_ATTENDANCE,18409,Inserted inside the current SQL transaction.
PREVIEW_ROLLED_BACK,ATTENDANCE,CALTHORPE|CHAIR BASED EXERCISE|2025-11-13|1145|1230|CARD:601,NEW_ATTENDANCE,18410,Inserted inside the current SQL transaction.
PREVIEW_ROLLED_BACK,ATTENDANCE,CALTHORPE|CHAIR BASED EXERCISE|2025-11-13|1145|1230|CARD:604,NEW_ATTENDANCE,18411,Inserted inside the current SQL transaction.
PREVIEW_ROLLED_BACK,ATTENDANCE,CALTHORPE|CHAIR BASED EXERCISE|2025-11-13|1145|1230|CARD:610,NEW_ATTENDANCE,18412,Inserted inside the current SQL transaction.
PREVIEW_ROLLED_BACK,ATTENDANCE,CALTHORPE|CHAIR BASED EXERCISE|2025-11-13|1145|1230|CARD:620,NEW_ATTENDANCE,18413,Inserted inside the current SQL transaction.
PREVIEW_ROLLED_BACK,ATTENDANCE,CALTHORPE|CHAIR BASED EXERCISE|2025-11-13|1145|1230|CARD:638,NEW_ATTENDANCE,18414,Inserted inside the current SQL transaction.
PREVIEW_ROLLED_BACK,ATTENDANCE,CALTHORPE|CHAIR BASED EXERCISE|2025-11-13|1145|1230|CARD:642,NEW_ATTENDANCE,18415,Inserted inside the current SQL transaction.
PREVIEW_ROLLED_BACK,ATTENDANCE,CALTHORPE|CHAIR BASED EXERCISE|2025-11-13|1145|1230|CARD:655,NEW_ATTENDANCE,18416,Inserted inside the current SQL transaction.
PREVIEW_ROLLED_BACK,ATTENDANCE,CALTHORPE|CHAIR BASED EXERCISE|2025-11-13|1145|1230|CARD:679,NEW_ATTENDANCE,18417,Inserted inside the current SQL transaction.
PREVIEW_ROLLED_BACK,ATTENDANCE,CALTHORPE|CHAIR BASED EXERCISE|2025-11-13|1145|1230|CARD:692,NEW_ATTENDANCE,18418,Inserted inside the current SQL transaction.
PREVIEW_ROLLED_BACK,ATTENDANCE,CALTHORPE|CIRCUIT TRAINING|2025-11-13|0930|1015|CARD:373,NEW_ATTENDANCE,18419,Inserted inside the current SQL transaction.
PREVIEW_ROLLED_BACK,ATTENDANCE,CALTHORPE|CIRCUIT TRAINING|2025-11-13|0930|1015|CARD:386,NEW_ATTENDANCE,18420,Inserted inside the current SQL transaction.
PREVIEW_ROLLED_BACK,ATTENDANCE,CALTHORPE|CIRCUIT TRAINING|2025-11-13|0930|1015|CARD:388,NEW_ATTENDANCE,18421,Inserted inside the current SQL transaction.
PREVIEW_ROLLED_BACK,ATTENDANCE,CALTHORPE|CIRCUIT TRAINING|2025-11-13|0930|1015|CARD:398,NEW_ATTENDANCE,18422,Inserted inside the current SQL transaction.
PREVIEW_ROLLED_BACK,ATTENDANCE,CALTHORPE|CIRCUIT TRAINING|2025-11-13|0930|1015|CARD:422,NEW_ATTENDANCE,18423,Inserted inside the current SQL transaction.
PREVIEW_ROLLED_BACK,ATTENDANCE,CALTHORPE|CIRCUIT TRAINING|2025-11-13|0930|1015|CARD:429,NEW_ATTENDANCE,18424,Inserted inside the current SQL transaction.
PREVIEW_ROLLED_BACK,ATTENDANCE,CALTHORPE|CIRCUIT TRAINING|2025-11-13|0930|1015|CARD:433,NEW_ATTENDANCE,18425,Inserted inside the current SQL transaction.
PREVIEW_ROLLED_BACK,ATTENDANCE,CALTHORPE|CIRCUIT TRAINING|2025-11-13|0930|1015|CARD:470,NEW_ATTENDANCE,18426,Inserted inside the current SQL transaction.
PREVIEW_ROLLED_BACK,ATTENDANCE,CALTHORPE|CIRCUIT TRAINING|2025-11-13|0930|1015|CARD:504,NEW_ATTENDANCE,18427,Inserted inside the current SQL transaction.
PREVIEW_ROLLED_BACK,ATTENDANCE,CALTHORPE|CIRCUIT TRAINING|2025-11-13|0930|1015|CARD:566,NEW_ATTENDANCE,18428,Inserted inside the current SQL transaction.
PREVIEW_ROLLED_BACK,ATTENDANCE,CALTHORPE|CIRCUIT TRAINING|2025-11-13|0930|1015|CARD:648,NEW_ATTENDANCE,18429,Inserted inside the current SQL transaction.
PREVIEW_ROLLED_BACK,ATTENDANCE,CALTHORPE|CIRCUIT TRAINING|2025-11-13|0930|1015|CARD:698,NEW_ATTENDANCE,18430,Inserted inside the current SQL transaction.
PREVIEW_ROLLED_BACK,ATTENDANCE,CALTHORPE|CIRCUIT TRAINING|2025-11-13|0930|1015|CARD:699,NEW_ATTENDANCE,18431,Inserted inside the current SQL transaction.
PREVIEW_ROLLED_BACK,ATTENDANCE,CALTHORPE|CIRCUIT TRAINING|2025-11-13|0930|1015|CARD:727,NEW_ATTENDANCE,18432,Inserted inside the current SQL transaction.
PREVIEW_ROLLED_BACK,ATTENDANCE,CALTHORPE|CIRCUIT TRAINING|2025-11-13|0930|1015|CARD:780,NEW_ATTENDANCE,18433,Inserted inside the current SQL transaction.
PREVIEW_ROLLED_BACK,ATTENDANCE,CALTHORPE|CROCHET|2025-11-13|1245|1430|CARD:416,NEW_ATTENDANCE,18434,Inserted inside the current SQL transaction.
PREVIEW_ROLLED_BACK,ATTENDANCE,CALTHORPE|CROCHET|2025-11-13|1245|1430|CARD:418,NEW_ATTENDANCE,18435,Inserted inside the current SQL transaction.
PREVIEW_ROLLED_BACK,ATTENDANCE,CALTHORPE|CROCHET|2025-11-13|1245|1430|CARD:436,NEW_ATTENDANCE,18436,Inserted inside the current SQL transaction.
PREVIEW_ROLLED_BACK,ATTENDANCE,CALTHORPE|CROCHET|2025-11-13|1245|1430|CARD:604,NEW_ATTENDANCE,18437,Inserted inside the current SQL transaction.
PREVIEW_ROLLED_BACK,ATTENDANCE,CALTHORPE|CROCHET|2025-11-13|1245|1430|CARD:638,NEW_ATTENDANCE,18438,Inserted inside the current SQL transaction.
PREVIEW_ROLLED_BACK,ATTENDANCE,CALTHORPE|CROCHET|2025-11-13|1245|1430|CARD:655,NEW_ATTENDANCE,18439,Inserted inside the current SQL transaction.
PREVIEW_ROLLED_BACK,ATTENDANCE,CALTHORPE|CROCHET|2025-11-13|1245|1430|CARD:763,NEW_ATTENDANCE,18440,Inserted inside the current SQL transaction.
PREVIEW_ROLLED_BACK,ATTENDANCE,CALTHORPE|BODY CONDITIONING|2025-11-14|1145|1230|CARD:346,NEW_ATTENDANCE,18441,Inserted inside the current SQL transaction.
PREVIEW_ROLLED_BACK,ATTENDANCE,CALTHORPE|BODY CONDITIONING|2025-11-14|1145|1230|CARD:380,NEW_ATTENDANCE,18442,Inserted inside the current SQL transaction.
PREVIEW_ROLLED_BACK,ATTENDANCE,CALTHORPE|BODY CONDITIONING|2025-11-14|1145|1230|CARD:384,NEW_ATTENDANCE,18443,Inserted inside the current SQL transaction.
PREVIEW_ROLLED_BACK,ATTENDANCE,CALTHORPE|BODY CONDITIONING|2025-11-14|1145|1230|CARD:386,NEW_ATTENDANCE,18444,Inserted inside the current SQL transaction.
PREVIEW_ROLLED_BACK,ATTENDANCE,CALTHORPE|BODY CONDITIONING|2025-11-14|1145|1230|CARD:388,NEW_ATTENDANCE,18445,Inserted inside the current SQL transaction.
PREVIEW_ROLLED_BACK,ATTENDANCE,CALTHORPE|BODY CONDITIONING|2025-11-14|1145|1230|CARD:394,NEW_ATTENDANCE,18446,Inserted inside the current SQL transaction.
PREVIEW_ROLLED_BACK,ATTENDANCE,CALTHORPE|BODY CONDITIONING|2025-11-14|1145|1230|CARD:429,NEW_ATTENDANCE,18447,Inserted inside the current SQL transaction.
PREVIEW_ROLLED_BACK,ATTENDANCE,CALTHORPE|BODY CONDITIONING|2025-11-14|1145|1230|CARD:433,NEW_ATTENDANCE,18448,Inserted inside the current SQL transaction.
PREVIEW_ROLLED_BACK,ATTENDANCE,CALTHORPE|BODY CONDITIONING|2025-11-14|1145|1230|CARD:441,NEW_ATTENDANCE,18449,Inserted inside the current SQL transaction.
PREVIEW_ROLLED_BACK,ATTENDANCE,CALTHORPE|BODY CONDITIONING|2025-11-14|1145|1230|CARD:470,NEW_ATTENDANCE,18450,Inserted inside the current SQL transaction.
PREVIEW_ROLLED_BACK,ATTENDANCE,CALTHORPE|BODY CONDITIONING|2025-11-14|1145|1230|CARD:557,NEW_ATTENDANCE,18451,Inserted inside the current SQL transaction.
PREVIEW_ROLLED_BACK,ATTENDANCE,CALTHORPE|BODY CONDITIONING|2025-11-14|1145|1230|CARD:568,NEW_ATTENDANCE,18452,Inserted inside the current SQL transaction.
PREVIEW_ROLLED_BACK,ATTENDANCE,CALTHORPE|BODY CONDITIONING|2025-11-14|1145|1230|CARD:606,NEW_ATTENDANCE,18453,Inserted inside the current SQL transaction.
PREVIEW_ROLLED_BACK,ATTENDANCE,CALTHORPE|BODY CONDITIONING|2025-11-14|1145|1230|CARD:625,NEW_ATTENDANCE,18454,Inserted inside the current SQL transaction.
PREVIEW_ROLLED_BACK,ATTENDANCE,CALTHORPE|BODY CONDITIONING|2025-11-14|1145|1230|CARD:633,NEW_ATTENDANCE,18455,Inserted inside the current SQL transaction.
PREVIEW_ROLLED_BACK,ATTENDANCE,CALTHORPE|BODY CONDITIONING|2025-11-14|1145|1230|CARD:727,NEW_ATTENDANCE,18456,Inserted inside the current SQL transaction.
PREVIEW_ROLLED_BACK,ATTENDANCE,CALTHORPE|ESOL|2025-11-14|0930|1030|CARD:449,NEW_ATTENDANCE,18457,Inserted inside the current SQL transaction.
PREVIEW_ROLLED_BACK,ATTENDANCE,CALTHORPE|ESOL|2025-11-14|0930|1030|CARD:453,NEW_ATTENDANCE,18458,Inserted inside the current SQL transaction.
PREVIEW_ROLLED_BACK,ATTENDANCE,CALTHORPE|ESOL|2025-11-14|0930|1030|CARD:455,NEW_ATTENDANCE,18459,Inserted inside the current SQL transaction.
PREVIEW_ROLLED_BACK,ATTENDANCE,CALTHORPE|ESOL|2025-11-14|0930|1030|CARD:458,NEW_ATTENDANCE,18460,Inserted inside the current SQL transaction.
PREVIEW_ROLLED_BACK,ATTENDANCE,CALTHORPE|ESOL|2025-11-14|0930|1030|CARD:459,NEW_ATTENDANCE,18461,Inserted inside the current SQL transaction.
PREVIEW_ROLLED_BACK,ATTENDANCE,CALTHORPE|ESOL|2025-11-14|0930|1030|CARD:462,NEW_ATTENDANCE,18462,Inserted inside the current SQL transaction.
PREVIEW_ROLLED_BACK,ATTENDANCE,CALTHORPE|ESOL|2025-11-14|0930|1030|CARD:516,NEW_ATTENDANCE,18463,Inserted inside the current SQL transaction.
PREVIEW_ROLLED_BACK,ATTENDANCE,CALTHORPE|ESOL|2025-11-14|0930|1030|CARD:672,NEW_ATTENDANCE,18464,Inserted inside the current SQL transaction.
PREVIEW_ROLLED_BACK,ATTENDANCE,CALTHORPE|ESOL|2025-11-14|0930|1030|CARD:673,NEW_ATTENDANCE,18465,Inserted inside the current SQL transaction.
PREVIEW_ROLLED_BACK,ATTENDANCE,CALTHORPE|ESOL|2025-11-14|0930|1030|CARD:728,NEW_ATTENDANCE,18466,Inserted inside the current SQL transaction.
PREVIEW_ROLLED_BACK,ATTENDANCE,CALTHORPE|PILATES|2025-11-14|1245|1330|CARD:379,NEW_ATTENDANCE,18467,Inserted inside the current SQL transaction.
PREVIEW_ROLLED_BACK,ATTENDANCE,CALTHORPE|PILATES|2025-11-14|1245|1330|CARD:384,NEW_ATTENDANCE,18468,Inserted inside the current SQL transaction.
PREVIEW_ROLLED_BACK,ATTENDANCE,CALTHORPE|PILATES|2025-11-14|1245|1330|CARD:386,NEW_ATTENDANCE,18469,Inserted inside the current SQL transaction.
PREVIEW_ROLLED_BACK,ATTENDANCE,CALTHORPE|PILATES|2025-11-14|1245|1330|CARD:388,NEW_ATTENDANCE,18470,Inserted inside the current SQL transaction.
PREVIEW_ROLLED_BACK,ATTENDANCE,CALTHORPE|PILATES|2025-11-14|1245|1330|CARD:441,NEW_ATTENDANCE,18471,Inserted inside the current SQL transaction.
PREVIEW_ROLLED_BACK,ATTENDANCE,CALTHORPE|PILATES|2025-11-14|1245|1330|CARD:486,NEW_ATTENDANCE,18472,Inserted inside the current SQL transaction.
PREVIEW_ROLLED_BACK,ATTENDANCE,CALTHORPE|PILATES|2025-11-14|1245|1330|CARD:633,NEW_ATTENDANCE,18473,Inserted inside the current SQL transaction.
PREVIEW_ROLLED_BACK,ATTENDANCE,CALTHORPE|PILATES|2025-11-14|1245|1330|CARD:704,NEW_ATTENDANCE,18474,Inserted inside the current SQL transaction.
PREVIEW_ROLLED_BACK,ATTENDANCE,CALTHORPE|AEROBICS|2025-11-17|1000|1045|CARD:386,NEW_ATTENDANCE,18475,Inserted inside the current SQL transaction.
PREVIEW_ROLLED_BACK,ATTENDANCE,CALTHORPE|AEROBICS|2025-11-17|1000|1045|CARD:388,NEW_ATTENDANCE,18476,Inserted inside the current SQL transaction.
PREVIEW_ROLLED_BACK,ATTENDANCE,CALTHORPE|AEROBICS|2025-11-17|1000|1045|CARD:391,NEW_ATTENDANCE,18477,Inserted inside the current SQL transaction.
PREVIEW_ROLLED_BACK,ATTENDANCE,CALTHORPE|AEROBICS|2025-11-17|1000|1045|CARD:396,NEW_ATTENDANCE,18478,Inserted inside the current SQL transaction.
PREVIEW_ROLLED_BACK,ATTENDANCE,CALTHORPE|AEROBICS|2025-11-17|1000|1045|CARD:406,NEW_ATTENDANCE,18479,Inserted inside the current SQL transaction.
PREVIEW_ROLLED_BACK,ATTENDANCE,CALTHORPE|AEROBICS|2025-11-17|1000|1045|CARD:407,NEW_ATTENDANCE,18480,Inserted inside the current SQL transaction.
PREVIEW_ROLLED_BACK,ATTENDANCE,CALTHORPE|AEROBICS|2025-11-17|1000|1045|CARD:422,NEW_ATTENDANCE,18481,Inserted inside the current SQL transaction.
PREVIEW_ROLLED_BACK,ATTENDANCE,CALTHORPE|AEROBICS|2025-11-17|1000|1045|CARD:427,NEW_ATTENDANCE,18482,Inserted inside the current SQL transaction.
PREVIEW_ROLLED_BACK,ATTENDANCE,CALTHORPE|AEROBICS|2025-11-17|1000|1045|CARD:470,NEW_ATTENDANCE,18483,Inserted inside the current SQL transaction.
PREVIEW_ROLLED_BACK,ATTENDANCE,CALTHORPE|AEROBICS|2025-11-17|1000|1045|CARD:648,NEW_ATTENDANCE,18484,Inserted inside the current SQL transaction.
PREVIEW_ROLLED_BACK,ATTENDANCE,CALTHORPE|AEROBICS|2025-11-17|1000|1045|CARD:691,NEW_ATTENDANCE,18485,Inserted inside the current SQL transaction.
PREVIEW_ROLLED_BACK,ATTENDANCE,CALTHORPE|AEROBICS|2025-11-17|1000|1045|CARD:699,NEW_ATTENDANCE,18486,Inserted inside the current SQL transaction.
PREVIEW_ROLLED_BACK,ATTENDANCE,CALTHORPE|AEROBICS|2025-11-17|1000|1045|CARD:717,NEW_ATTENDANCE,18487,Inserted inside the current SQL transaction.
PREVIEW_ROLLED_BACK,ATTENDANCE,CALTHORPE|AEROBICS|2025-11-17|1000|1045|CARD:767,NEW_ATTENDANCE,18488,Inserted inside the current SQL transaction.
PREVIEW_ROLLED_BACK,ATTENDANCE,CALTHORPE|AEROBICS|2025-11-17|1000|1045|CARD:770,NEW_ATTENDANCE,18489,Inserted inside the current SQL transaction.
PREVIEW_ROLLED_BACK,ATTENDANCE,CALTHORPE|AEROBICS|2025-11-17|1000|1045|CARD:780,NEW_ATTENDANCE,18490,Inserted inside the current SQL transaction.
PREVIEW_ROLLED_BACK,ATTENDANCE,CALTHORPE|AEROBICS|2025-11-17|1000|1045|CARD:990,NEW_ATTENDANCE,18491,Inserted inside the current SQL transaction.
PREVIEW_ROLLED_BACK,ATTENDANCE,CALTHORPE|CHAIR BASED EXERCISE|2025-11-17|1100|1145|CARD:410,NEW_ATTENDANCE,18492,Inserted inside the current SQL transaction.
PREVIEW_ROLLED_BACK,ATTENDANCE,CALTHORPE|CHAIR BASED EXERCISE|2025-11-17|1100|1145|CARD:444,NEW_ATTENDANCE,18493,Inserted inside the current SQL transaction.
PREVIEW_ROLLED_BACK,ATTENDANCE,CALTHORPE|CHAIR BASED EXERCISE|2025-11-17|1100|1145|CARD:485,NEW_ATTENDANCE,18494,Inserted inside the current SQL transaction.
PREVIEW_ROLLED_BACK,ATTENDANCE,CALTHORPE|CHAIR BASED EXERCISE|2025-11-17|1100|1145|CARD:511,NEW_ATTENDANCE,18495,Inserted inside the current SQL transaction.
PREVIEW_ROLLED_BACK,ATTENDANCE,CALTHORPE|CHAIR BASED EXERCISE|2025-11-17|1100|1145|CARD:512,NEW_ATTENDANCE,18496,Inserted inside the current SQL transaction.
PREVIEW_ROLLED_BACK,ATTENDANCE,CALTHORPE|CHAIR BASED EXERCISE|2025-11-17|1100|1145|CARD:602,NEW_ATTENDANCE,18497,Inserted inside the current SQL transaction.
PREVIEW_ROLLED_BACK,ATTENDANCE,CALTHORPE|CHAIR BASED EXERCISE|2025-11-17|1100|1145|CARD:620,NEW_ATTENDANCE,18498,Inserted inside the current SQL transaction.
PREVIEW_ROLLED_BACK,ATTENDANCE,CALTHORPE|CHAIR BASED EXERCISE|2025-11-17|1100|1145|CARD:638,NEW_ATTENDANCE,18499,Inserted inside the current SQL transaction.
PREVIEW_ROLLED_BACK,ATTENDANCE,CALTHORPE|CHAIR BASED EXERCISE|2025-11-17|1100|1145|CARD:705,NEW_ATTENDANCE,18500,Inserted inside the current SQL transaction.
PREVIEW_ROLLED_BACK,ATTENDANCE,CALTHORPE|CHAIR BASED EXERCISE|2025-11-17|1100|1145|CARD:769,NEW_ATTENDANCE,18501,Inserted inside the current SQL transaction.
PREVIEW_ROLLED_BACK,ATTENDANCE,CALTHORPE|CHAIR BASED EXERCISE|2025-11-17|1100|1145|CARD:991,NEW_ATTENDANCE,18502,Inserted inside the current SQL transaction.
PREVIEW_ROLLED_BACK,ATTENDANCE,CALTHORPE|CROCHET|2025-11-17|1215|1415|CARD:145,NEW_ATTENDANCE,18503,Inserted inside the current SQL transaction.
PREVIEW_ROLLED_BACK,ATTENDANCE,CALTHORPE|CROCHET|2025-11-17|1215|1415|CARD:380,NEW_ATTENDANCE,18504,Inserted inside the current SQL transaction.
PREVIEW_ROLLED_BACK,ATTENDANCE,CALTHORPE|CROCHET|2025-11-17|1215|1415|CARD:493,NEW_ATTENDANCE,18505,Inserted inside the current SQL transaction.
PREVIEW_ROLLED_BACK,ATTENDANCE,CALTHORPE|CROCHET|2025-11-17|1215|1415|CARD:509,NEW_ATTENDANCE,18506,Inserted inside the current SQL transaction.
PREVIEW_ROLLED_BACK,ATTENDANCE,CALTHORPE|CROCHET|2025-11-17|1215|1415|CARD:586,NEW_ATTENDANCE,18507,Inserted inside the current SQL transaction.
PREVIEW_ROLLED_BACK,ATTENDANCE,CALTHORPE|CROCHET|2025-11-17|1215|1415|CARD:613,NEW_ATTENDANCE,18508,Inserted inside the current SQL transaction.
PREVIEW_ROLLED_BACK,ATTENDANCE,CALTHORPE|CROCHET|2025-11-17|1215|1415|CARD:616,NEW_ATTENDANCE,18509,Inserted inside the current SQL transaction.
PREVIEW_ROLLED_BACK,ATTENDANCE,CALTHORPE|CROCHET|2025-11-17|1215|1415|CARD:638,NEW_ATTENDANCE,18510,Inserted inside the current SQL transaction.
PREVIEW_ROLLED_BACK,ATTENDANCE,CALTHORPE|CROCHET|2025-11-17|1215|1415|CARD:657,NEW_ATTENDANCE,18511,Inserted inside the current SQL transaction.
PREVIEW_ROLLED_BACK,ATTENDANCE,CALTHORPE|CROCHET|2025-11-17|1215|1415|CARD:697,NEW_ATTENDANCE,18512,Inserted inside the current SQL transaction.
PREVIEW_ROLLED_BACK,ATTENDANCE,CALTHORPE|CROCHET|2025-11-17|1215|1415|CARD:761,NEW_ATTENDANCE,18513,Inserted inside the current SQL transaction.
PREVIEW_ROLLED_BACK,ATTENDANCE,CALTHORPE|CROCHET|2025-11-17|1215|1415|NAME:yasmin rehman,NEW_ATTENDANCE,18514,Inserted inside the current SQL transaction.
PREVIEW_ROLLED_BACK,ATTENDANCE,CALTHORPE|ARTS|2025-11-18|1130|1230|CARD:376,NEW_ATTENDANCE,18515,Inserted inside the current SQL transaction.
PREVIEW_ROLLED_BACK,ATTENDANCE,CALTHORPE|ARTS|2025-11-18|1130|1230|CARD:380,NEW_ATTENDANCE,18516,Inserted inside the current SQL transaction.
PREVIEW_ROLLED_BACK,ATTENDANCE,CALTHORPE|ARTS|2025-11-18|1130|1230|CARD:406,NEW_ATTENDANCE,18517,Inserted inside the current SQL transaction.
PREVIEW_ROLLED_BACK,ATTENDANCE,CALTHORPE|ARTS|2025-11-18|1130|1230|CARD:513,NEW_ATTENDANCE,18518,Inserted inside the current SQL transaction.
PREVIEW_ROLLED_BACK,ATTENDANCE,CALTHORPE|ARTS|2025-11-18|1130|1230|CARD:638,NEW_ATTENDANCE,18519,Inserted inside the current SQL transaction.
PREVIEW_ROLLED_BACK,ATTENDANCE,CALTHORPE|ARTS|2025-11-18|1130|1230|CARD:657,NEW_ATTENDANCE,18520,Inserted inside the current SQL transaction.
PREVIEW_ROLLED_BACK,ATTENDANCE,CALTHORPE|ARTS|2025-11-18|1130|1230|CARD:767,NEW_ATTENDANCE,18521,Inserted inside the current SQL transaction.
PREVIEW_ROLLED_BACK,ATTENDANCE,CALTHORPE|STRENGTH & STRETCH|2025-11-18|1000|1100|CARD:380,NEW_ATTENDANCE,18522,Inserted inside the current SQL transaction.
PREVIEW_ROLLED_BACK,ATTENDANCE,CALTHORPE|STRENGTH & STRETCH|2025-11-18|1000|1100|CARD:386,NEW_ATTENDANCE,18523,Inserted inside the current SQL transaction.
PREVIEW_ROLLED_BACK,ATTENDANCE,CALTHORPE|STRENGTH & STRETCH|2025-11-18|1000|1100|CARD:388,NEW_ATTENDANCE,18524,Inserted inside the current SQL transaction.
PREVIEW_ROLLED_BACK,ATTENDANCE,CALTHORPE|STRENGTH & STRETCH|2025-11-18|1000|1100|CARD:391,NEW_ATTENDANCE,18525,Inserted inside the current SQL transaction.
PREVIEW_ROLLED_BACK,ATTENDANCE,CALTHORPE|STRENGTH & STRETCH|2025-11-18|1000|1100|CARD:396,NEW_ATTENDANCE,18526,Inserted inside the current SQL transaction.
PREVIEW_ROLLED_BACK,ATTENDANCE,CALTHORPE|STRENGTH & STRETCH|2025-11-18|1000|1100|CARD:406,NEW_ATTENDANCE,18527,Inserted inside the current SQL transaction.
PREVIEW_ROLLED_BACK,ATTENDANCE,CALTHORPE|STRENGTH & STRETCH|2025-11-18|1000|1100|CARD:407,NEW_ATTENDANCE,18528,Inserted inside the current SQL transaction.
PREVIEW_ROLLED_BACK,ATTENDANCE,CALTHORPE|STRENGTH & STRETCH|2025-11-18|1000|1100|CARD:411,NEW_ATTENDANCE,18529,Inserted inside the current SQL transaction.
PREVIEW_ROLLED_BACK,ATTENDANCE,CALTHORPE|STRENGTH & STRETCH|2025-11-18|1000|1100|CARD:427,NEW_ATTENDANCE,18530,Inserted inside the current SQL transaction.
PREVIEW_ROLLED_BACK,ATTENDANCE,CALTHORPE|STRENGTH & STRETCH|2025-11-18|1000|1100|CARD:429,NEW_ATTENDANCE,18531,Inserted inside the current SQL transaction.
PREVIEW_ROLLED_BACK,ATTENDANCE,CALTHORPE|STRENGTH & STRETCH|2025-11-18|1000|1100|CARD:486,NEW_ATTENDANCE,18532,Inserted inside the current SQL transaction.
PREVIEW_ROLLED_BACK,ATTENDANCE,CALTHORPE|STRENGTH & STRETCH|2025-11-18|1000|1100|CARD:566,NEW_ATTENDANCE,18533,Inserted inside the current SQL transaction.
PREVIEW_ROLLED_BACK,ATTENDANCE,CALTHORPE|STRENGTH & STRETCH|2025-11-18|1000|1100|CARD:638,NEW_ATTENDANCE,18534,Inserted inside the current SQL transaction.
PREVIEW_ROLLED_BACK,ATTENDANCE,CALTHORPE|STRENGTH & STRETCH|2025-11-18|1000|1100|CARD:648,NEW_ATTENDANCE,18535,Inserted inside the current SQL transaction.
PREVIEW_ROLLED_BACK,ATTENDANCE,CALTHORPE|STRENGTH & STRETCH|2025-11-18|1000|1100|CARD:698,NEW_ATTENDANCE,18536,Inserted inside the current SQL transaction.
PREVIEW_ROLLED_BACK,ATTENDANCE,CALTHORPE|STRENGTH & STRETCH|2025-11-18|1000|1100|CARD:699,NEW_ATTENDANCE,18537,Inserted inside the current SQL transaction.
PREVIEW_ROLLED_BACK,ATTENDANCE,CALTHORPE|STRENGTH & STRETCH|2025-11-18|1000|1100|CARD:717,NEW_ATTENDANCE,18538,Inserted inside the current SQL transaction.
PREVIEW_ROLLED_BACK,ATTENDANCE,CALTHORPE|STRENGTH & STRETCH|2025-11-18|1000|1100|CARD:764,NEW_ATTENDANCE,18539,Inserted inside the current SQL transaction.
PREVIEW_ROLLED_BACK,ATTENDANCE,CALTHORPE|ARTS|2025-11-19|1215|1315|CARD:372,NEW_ATTENDANCE,18540,Inserted inside the current SQL transaction.
PREVIEW_ROLLED_BACK,ATTENDANCE,CALTHORPE|ARTS|2025-11-19|1215|1315|CARD:380,NEW_ATTENDANCE,18541,Inserted inside the current SQL transaction.
PREVIEW_ROLLED_BACK,ATTENDANCE,CALTHORPE|ARTS|2025-11-19|1215|1315|CARD:427,NEW_ATTENDANCE,18542,Inserted inside the current SQL transaction.
PREVIEW_ROLLED_BACK,ATTENDANCE,CALTHORPE|ARTS|2025-11-19|1215|1315|CARD:429,NEW_ATTENDANCE,18543,Inserted inside the current SQL transaction.
PREVIEW_ROLLED_BACK,ATTENDANCE,CALTHORPE|ARTS|2025-11-19|1215|1315|CARD:514,NEW_ATTENDANCE,18544,Inserted inside the current SQL transaction.
PREVIEW_ROLLED_BACK,ATTENDANCE,CALTHORPE|ARTS|2025-11-19|1215|1315|CARD:634,NEW_ATTENDANCE,18545,Inserted inside the current SQL transaction.
PREVIEW_ROLLED_BACK,ATTENDANCE,CALTHORPE|ARTS|2025-11-19|1215|1315|CARD:637,NEW_ATTENDANCE,18546,Inserted inside the current SQL transaction.
PREVIEW_ROLLED_BACK,ATTENDANCE,CALTHORPE|ARTS|2025-11-19|1215|1315|CARD:638,NEW_ATTENDANCE,18547,Inserted inside the current SQL transaction.
PREVIEW_ROLLED_BACK,ATTENDANCE,CALTHORPE|ARTS|2025-11-19|1215|1315|CARD:658,NEW_ATTENDANCE,18548,Inserted inside the current SQL transaction.
PREVIEW_ROLLED_BACK,ATTENDANCE,CALTHORPE|ARTS|2025-11-19|1215|1315|CARD:745,NEW_ATTENDANCE,18549,Inserted inside the current SQL transaction.
PREVIEW_ROLLED_BACK,ATTENDANCE,CALTHORPE|ARTS|2025-11-19|1215|1315|CARD:767,NEW_ATTENDANCE,18550,Inserted inside the current SQL transaction.
PREVIEW_ROLLED_BACK,ATTENDANCE,CALTHORPE|ARTS|2025-11-19|1215|1315|NAME:leyla hirad,NEW_ATTENDANCE,18551,Inserted inside the current SQL transaction.
PREVIEW_ROLLED_BACK,ATTENDANCE,CALTHORPE|SALSA/BELLY DANCING|2025-11-19|1100|1200|CARD:429,NEW_ATTENDANCE,18552,Inserted inside the current SQL transaction.
PREVIEW_ROLLED_BACK,ATTENDANCE,CALTHORPE|SALSA/BELLY DANCING|2025-11-19|1100|1200|CARD:637,NEW_ATTENDANCE,18553,Inserted inside the current SQL transaction.
PREVIEW_ROLLED_BACK,ATTENDANCE,CALTHORPE|SALSA/BELLY DANCING|2025-11-19|1100|1200|CARD:745,NEW_ATTENDANCE,18554,Inserted inside the current SQL transaction.
PREVIEW_ROLLED_BACK,ATTENDANCE,CALTHORPE|SALSA/BELLY DANCING|2025-11-19|1100|1200|CARD:767,NEW_ATTENDANCE,18555,Inserted inside the current SQL transaction.
PREVIEW_ROLLED_BACK,ATTENDANCE,CALTHORPE|CHAIR BASED EXERCISE|2025-11-20|1145|1230|CARD:319,NEW_ATTENDANCE,18556,Inserted inside the current SQL transaction.
PREVIEW_ROLLED_BACK,ATTENDANCE,CALTHORPE|CHAIR BASED EXERCISE|2025-11-20|1145|1230|CARD:337,NEW_ATTENDANCE,18557,Inserted inside the current SQL transaction.
PREVIEW_ROLLED_BACK,ATTENDANCE,CALTHORPE|CHAIR BASED EXERCISE|2025-11-20|1145|1230|CARD:380,NEW_ATTENDANCE,18558,Inserted inside the current SQL transaction.
PREVIEW_ROLLED_BACK,ATTENDANCE,CALTHORPE|CHAIR BASED EXERCISE|2025-11-20|1145|1230|CARD:410,NEW_ATTENDANCE,18559,Inserted inside the current SQL transaction.
PREVIEW_ROLLED_BACK,ATTENDANCE,CALTHORPE|CHAIR BASED EXERCISE|2025-11-20|1145|1230|CARD:415,NEW_ATTENDANCE,18560,Inserted inside the current SQL transaction.
PREVIEW_ROLLED_BACK,ATTENDANCE,CALTHORPE|CHAIR BASED EXERCISE|2025-11-20|1145|1230|CARD:416,NEW_ATTENDANCE,18561,Inserted inside the current SQL transaction.
PREVIEW_ROLLED_BACK,ATTENDANCE,CALTHORPE|CHAIR BASED EXERCISE|2025-11-20|1145|1230|CARD:436,NEW_ATTENDANCE,18562,Inserted inside the current SQL transaction.
PREVIEW_ROLLED_BACK,ATTENDANCE,CALTHORPE|CHAIR BASED EXERCISE|2025-11-20|1145|1230|CARD:463,NEW_ATTENDANCE,18563,Inserted inside the current SQL transaction.
PREVIEW_ROLLED_BACK,ATTENDANCE,CALTHORPE|CHAIR BASED EXERCISE|2025-11-20|1145|1230|CARD:485,NEW_ATTENDANCE,18564,Inserted inside the current SQL transaction.
PREVIEW_ROLLED_BACK,ATTENDANCE,CALTHORPE|CHAIR BASED EXERCISE|2025-11-20|1145|1230|CARD:594,NEW_ATTENDANCE,18565,Inserted inside the current SQL transaction.
PREVIEW_ROLLED_BACK,ATTENDANCE,CALTHORPE|CHAIR BASED EXERCISE|2025-11-20|1145|1230|CARD:601,NEW_ATTENDANCE,18566,Inserted inside the current SQL transaction.
PREVIEW_ROLLED_BACK,ATTENDANCE,CALTHORPE|CHAIR BASED EXERCISE|2025-11-20|1145|1230|CARD:610,NEW_ATTENDANCE,18567,Inserted inside the current SQL transaction.
PREVIEW_ROLLED_BACK,ATTENDANCE,CALTHORPE|CHAIR BASED EXERCISE|2025-11-20|1145|1230|CARD:620,NEW_ATTENDANCE,18568,Inserted inside the current SQL transaction.
PREVIEW_ROLLED_BACK,ATTENDANCE,CALTHORPE|CHAIR BASED EXERCISE|2025-11-20|1145|1230|CARD:638,NEW_ATTENDANCE,18569,Inserted inside the current SQL transaction.
PREVIEW_ROLLED_BACK,ATTENDANCE,CALTHORPE|CHAIR BASED EXERCISE|2025-11-20|1145|1230|CARD:640,NEW_ATTENDANCE,18570,Inserted inside the current SQL transaction.
PREVIEW_ROLLED_BACK,ATTENDANCE,CALTHORPE|CHAIR BASED EXERCISE|2025-11-20|1145|1230|CARD:642,NEW_ATTENDANCE,18571,Inserted inside the current SQL transaction.
PREVIEW_ROLLED_BACK,ATTENDANCE,CALTHORPE|CHAIR BASED EXERCISE|2025-11-20|1145|1230|CARD:655,NEW_ATTENDANCE,18572,Inserted inside the current SQL transaction.
PREVIEW_ROLLED_BACK,ATTENDANCE,CALTHORPE|CHAIR BASED EXERCISE|2025-11-20|1145|1230|CARD:769,NEW_ATTENDANCE,18573,Inserted inside the current SQL transaction.
PREVIEW_ROLLED_BACK,ATTENDANCE,CALTHORPE|CIRCUIT TRAINING|2025-11-20|0930|1015|CARD:388,NEW_ATTENDANCE,18574,Inserted inside the current SQL transaction.
PREVIEW_ROLLED_BACK,ATTENDANCE,CALTHORPE|CIRCUIT TRAINING|2025-11-20|0930|1015|CARD:398,NEW_ATTENDANCE,18575,Inserted inside the current SQL transaction.
PREVIEW_ROLLED_BACK,ATTENDANCE,CALTHORPE|CIRCUIT TRAINING|2025-11-20|0930|1015|CARD:412,NEW_ATTENDANCE,18576,Inserted inside the current SQL transaction.
PREVIEW_ROLLED_BACK,ATTENDANCE,CALTHORPE|CIRCUIT TRAINING|2025-11-20|0930|1015|CARD:429,NEW_ATTENDANCE,18577,Inserted inside the current SQL transaction.
PREVIEW_ROLLED_BACK,ATTENDANCE,CALTHORPE|CIRCUIT TRAINING|2025-11-20|0930|1015|CARD:433,NEW_ATTENDANCE,18578,Inserted inside the current SQL transaction.
PREVIEW_ROLLED_BACK,ATTENDANCE,CALTHORPE|CIRCUIT TRAINING|2025-11-20|0930|1015|CARD:470,NEW_ATTENDANCE,18579,Inserted inside the current SQL transaction.
PREVIEW_ROLLED_BACK,ATTENDANCE,CALTHORPE|CIRCUIT TRAINING|2025-11-20|0930|1015|CARD:504,NEW_ATTENDANCE,18580,Inserted inside the current SQL transaction.
PREVIEW_ROLLED_BACK,ATTENDANCE,CALTHORPE|CIRCUIT TRAINING|2025-11-20|0930|1015|CARD:566,NEW_ATTENDANCE,18581,Inserted inside the current SQL transaction.
PREVIEW_ROLLED_BACK,ATTENDANCE,CALTHORPE|CIRCUIT TRAINING|2025-11-20|0930|1015|CARD:648,NEW_ATTENDANCE,18582,Inserted inside the current SQL transaction.
PREVIEW_ROLLED_BACK,ATTENDANCE,CALTHORPE|CIRCUIT TRAINING|2025-11-20|0930|1015|CARD:650,NEW_ATTENDANCE,18583,Inserted inside the current SQL transaction.
PREVIEW_ROLLED_BACK,ATTENDANCE,CALTHORPE|CIRCUIT TRAINING|2025-11-20|0930|1015|CARD:690,NEW_ATTENDANCE,18584,Inserted inside the current SQL transaction.
PREVIEW_ROLLED_BACK,ATTENDANCE,CALTHORPE|CIRCUIT TRAINING|2025-11-20|0930|1015|CARD:698,NEW_ATTENDANCE,18585,Inserted inside the current SQL transaction.
PREVIEW_ROLLED_BACK,ATTENDANCE,CALTHORPE|CIRCUIT TRAINING|2025-11-20|0930|1015|CARD:727,NEW_ATTENDANCE,18586,Inserted inside the current SQL transaction.
PREVIEW_ROLLED_BACK,ATTENDANCE,CALTHORPE|CIRCUIT TRAINING|2025-11-20|0930|1015|CARD:770,NEW_ATTENDANCE,18587,Inserted inside the current SQL transaction.
PREVIEW_ROLLED_BACK,ATTENDANCE,CALTHORPE|CROCHET|2025-11-20|1245|1430|CARD:416,NEW_ATTENDANCE,18588,Inserted inside the current SQL transaction.
PREVIEW_ROLLED_BACK,ATTENDANCE,CALTHORPE|CROCHET|2025-11-20|1245|1430|CARD:418,NEW_ATTENDANCE,18589,Inserted inside the current SQL transaction.
PREVIEW_ROLLED_BACK,ATTENDANCE,CALTHORPE|CROCHET|2025-11-20|1245|1430|CARD:436,NEW_ATTENDANCE,18590,Inserted inside the current SQL transaction.
PREVIEW_ROLLED_BACK,ATTENDANCE,CALTHORPE|CROCHET|2025-11-20|1245|1430|CARD:586,NEW_ATTENDANCE,18591,Inserted inside the current SQL transaction.
PREVIEW_ROLLED_BACK,ATTENDANCE,CALTHORPE|CROCHET|2025-11-20|1245|1430|CARD:638,NEW_ATTENDANCE,18592,Inserted inside the current SQL transaction.
PREVIEW_ROLLED_BACK,ATTENDANCE,CALTHORPE|CROCHET|2025-11-20|1245|1430|CARD:640,NEW_ATTENDANCE,18593,Inserted inside the current SQL transaction.
PREVIEW_ROLLED_BACK,ATTENDANCE,CALTHORPE|CROCHET|2025-11-20|1245|1430|CARD:655,NEW_ATTENDANCE,18594,Inserted inside the current SQL transaction.
PREVIEW_ROLLED_BACK,ATTENDANCE,CALTHORPE|CROCHET|2025-11-20|1245|1430|CARD:708,NEW_ATTENDANCE,18595,Inserted inside the current SQL transaction.
PREVIEW_ROLLED_BACK,ATTENDANCE,CALTHORPE|CROCHET|2025-11-20|1245|1430|CARD:763,NEW_ATTENDANCE,18596,Inserted inside the current SQL transaction.
PREVIEW_ROLLED_BACK,ATTENDANCE,CALTHORPE|BODY CONDITIONING|2025-11-21|1145|1230|CARD:126,NEW_ATTENDANCE,18597,Inserted inside the current SQL transaction.
PREVIEW_ROLLED_BACK,ATTENDANCE,CALTHORPE|BODY CONDITIONING|2025-11-21|1145|1230|CARD:337,NEW_ATTENDANCE,18598,Inserted inside the current SQL transaction.
PREVIEW_ROLLED_BACK,ATTENDANCE,CALTHORPE|BODY CONDITIONING|2025-11-21|1145|1230|CARD:346,NEW_ATTENDANCE,18599,Inserted inside the current SQL transaction.
PREVIEW_ROLLED_BACK,ATTENDANCE,CALTHORPE|BODY CONDITIONING|2025-11-21|1145|1230|CARD:380,NEW_ATTENDANCE,18600,Inserted inside the current SQL transaction.
PREVIEW_ROLLED_BACK,ATTENDANCE,CALTHORPE|BODY CONDITIONING|2025-11-21|1145|1230|CARD:384,NEW_ATTENDANCE,18601,Inserted inside the current SQL transaction.
PREVIEW_ROLLED_BACK,ATTENDANCE,CALTHORPE|BODY CONDITIONING|2025-11-21|1145|1230|CARD:410,NEW_ATTENDANCE,18602,Inserted inside the current SQL transaction.
PREVIEW_ROLLED_BACK,ATTENDANCE,CALTHORPE|BODY CONDITIONING|2025-11-21|1145|1230|CARD:433,NEW_ATTENDANCE,18603,Inserted inside the current SQL transaction.
PREVIEW_ROLLED_BACK,ATTENDANCE,CALTHORPE|BODY CONDITIONING|2025-11-21|1145|1230|CARD:470,NEW_ATTENDANCE,18604,Inserted inside the current SQL transaction.
PREVIEW_ROLLED_BACK,ATTENDANCE,CALTHORPE|BODY CONDITIONING|2025-11-21|1145|1230|CARD:557,NEW_ATTENDANCE,18605,Inserted inside the current SQL transaction.
PREVIEW_ROLLED_BACK,ATTENDANCE,CALTHORPE|BODY CONDITIONING|2025-11-21|1145|1230|CARD:568,NEW_ATTENDANCE,18606,Inserted inside the current SQL transaction.
PREVIEW_ROLLED_BACK,ATTENDANCE,CALTHORPE|BODY CONDITIONING|2025-11-21|1145|1230|CARD:602,NEW_ATTENDANCE,18607,Inserted inside the current SQL transaction.
PREVIEW_ROLLED_BACK,ATTENDANCE,CALTHORPE|BODY CONDITIONING|2025-11-21|1145|1230|CARD:625,NEW_ATTENDANCE,18608,Inserted inside the current SQL transaction.
PREVIEW_ROLLED_BACK,ATTENDANCE,CALTHORPE|BODY CONDITIONING|2025-11-21|1145|1230|CARD:633,NEW_ATTENDANCE,18609,Inserted inside the current SQL transaction.
PREVIEW_ROLLED_BACK,ATTENDANCE,CALTHORPE|BODY CONDITIONING|2025-11-21|1145|1230|CARD:691,NEW_ATTENDANCE,18610,Inserted inside the current SQL transaction.
PREVIEW_ROLLED_BACK,ATTENDANCE,CALTHORPE|BODY CONDITIONING|2025-11-21|1145|1230|CARD:727,NEW_ATTENDANCE,18611,Inserted inside the current SQL transaction.
PREVIEW_ROLLED_BACK,ATTENDANCE,CALTHORPE|ESOL|2025-11-21|0930|1030|CARD:375,NEW_ATTENDANCE,18612,Inserted inside the current SQL transaction.
PREVIEW_ROLLED_BACK,ATTENDANCE,CALTHORPE|ESOL|2025-11-21|0930|1030|CARD:453,NEW_ATTENDANCE,18613,Inserted inside the current SQL transaction.
PREVIEW_ROLLED_BACK,ATTENDANCE,CALTHORPE|ESOL|2025-11-21|0930|1030|CARD:455,NEW_ATTENDANCE,18614,Inserted inside the current SQL transaction.
PREVIEW_ROLLED_BACK,ATTENDANCE,CALTHORPE|ESOL|2025-11-21|0930|1030|CARD:458,NEW_ATTENDANCE,18615,Inserted inside the current SQL transaction.
PREVIEW_ROLLED_BACK,ATTENDANCE,CALTHORPE|ESOL|2025-11-21|0930|1030|CARD:459,NEW_ATTENDANCE,18616,Inserted inside the current SQL transaction.
PREVIEW_ROLLED_BACK,ATTENDANCE,CALTHORPE|ESOL|2025-11-21|0930|1030|CARD:462,NEW_ATTENDANCE,18617,Inserted inside the current SQL transaction.
PREVIEW_ROLLED_BACK,ATTENDANCE,CALTHORPE|ESOL|2025-11-21|0930|1030|CARD:516,NEW_ATTENDANCE,18618,Inserted inside the current SQL transaction.
PREVIEW_ROLLED_BACK,ATTENDANCE,CALTHORPE|ESOL|2025-11-21|0930|1030|CARD:672,NEW_ATTENDANCE,18619,Inserted inside the current SQL transaction.
PREVIEW_ROLLED_BACK,ATTENDANCE,CALTHORPE|ESOL|2025-11-21|0930|1030|CARD:673,NEW_ATTENDANCE,18620,Inserted inside the current SQL transaction.
PREVIEW_ROLLED_BACK,ATTENDANCE,CALTHORPE|ESOL|2025-11-21|0930|1030|CARD:728,NEW_ATTENDANCE,18621,Inserted inside the current SQL transaction.
PREVIEW_ROLLED_BACK,ATTENDANCE,CALTHORPE|ESOL|2025-11-21|0930|1030|CARD:994,NEW_ATTENDANCE,18622,Inserted inside the current SQL transaction.
PREVIEW_ROLLED_BACK,ATTENDANCE,CALTHORPE|PILATES|2025-11-21|1245|1330|CARD:384,NEW_ATTENDANCE,18623,Inserted inside the current SQL transaction.
PREVIEW_ROLLED_BACK,ATTENDANCE,CALTHORPE|PILATES|2025-11-21|1245|1330|CARD:410,NEW_ATTENDANCE,18624,Inserted inside the current SQL transaction.
PREVIEW_ROLLED_BACK,ATTENDANCE,CALTHORPE|PILATES|2025-11-21|1245|1330|CARD:433,NEW_ATTENDANCE,18625,Inserted inside the current SQL transaction.
PREVIEW_ROLLED_BACK,ATTENDANCE,CALTHORPE|PILATES|2025-11-21|1245|1330|CARD:441,NEW_ATTENDANCE,18626,Inserted inside the current SQL transaction.
PREVIEW_ROLLED_BACK,ATTENDANCE,CALTHORPE|PILATES|2025-11-21|1245|1330|CARD:602,NEW_ATTENDANCE,18627,Inserted inside the current SQL transaction.
PREVIEW_ROLLED_BACK,ATTENDANCE,CALTHORPE|PILATES|2025-11-21|1245|1330|CARD:606,NEW_ATTENDANCE,18628,Inserted inside the current SQL transaction.
PREVIEW_ROLLED_BACK,ATTENDANCE,CALTHORPE|PILATES|2025-11-21|1245|1330|CARD:633,NEW_ATTENDANCE,18629,Inserted inside the current SQL transaction.
PREVIEW_ROLLED_BACK,ATTENDANCE,CALTHORPE|PILATES|2025-11-21|1245|1330|CARD:635,NEW_ATTENDANCE,18630,Inserted inside the current SQL transaction.
PREVIEW_ROLLED_BACK,ATTENDANCE,CALTHORPE|PILATES|2025-11-21|1245|1330|CARD:691,NEW_ATTENDANCE,18631,Inserted inside the current SQL transaction.
PREVIEW_ROLLED_BACK,ATTENDANCE,CALTHORPE|PILATES|2025-11-21|1245|1330|CARD:727,NEW_ATTENDANCE,18632,Inserted inside the current SQL transaction.
PREVIEW_ROLLED_BACK,ATTENDANCE,CALTHORPE|PILATES|2025-11-21|1245|1330|CARD:992,NEW_ATTENDANCE,18633,Inserted inside the current SQL transaction.
PREVIEW_ROLLED_BACK,ATTENDANCE,CALTHORPE|AEROBICS|2025-11-24|1000|1045|CARD:337,NEW_ATTENDANCE,18634,Inserted inside the current SQL transaction.
PREVIEW_ROLLED_BACK,ATTENDANCE,CALTHORPE|AEROBICS|2025-11-24|1000|1045|CARD:398,NEW_ATTENDANCE,18635,Inserted inside the current SQL transaction.
PREVIEW_ROLLED_BACK,ATTENDANCE,CALTHORPE|AEROBICS|2025-11-24|1000|1045|CARD:406,NEW_ATTENDANCE,18636,Inserted inside the current SQL transaction.
PREVIEW_ROLLED_BACK,ATTENDANCE,CALTHORPE|AEROBICS|2025-11-24|1000|1045|CARD:422,NEW_ATTENDANCE,18637,Inserted inside the current SQL transaction.
PREVIEW_ROLLED_BACK,ATTENDANCE,CALTHORPE|AEROBICS|2025-11-24|1000|1045|CARD:429,NEW_ATTENDANCE,18638,Inserted inside the current SQL transaction.
PREVIEW_ROLLED_BACK,ATTENDANCE,CALTHORPE|AEROBICS|2025-11-24|1000|1045|CARD:442,NEW_ATTENDANCE,18639,Inserted inside the current SQL transaction.
PREVIEW_ROLLED_BACK,ATTENDANCE,CALTHORPE|AEROBICS|2025-11-24|1000|1045|CARD:470,NEW_ATTENDANCE,18640,Inserted inside the current SQL transaction.
PREVIEW_ROLLED_BACK,ATTENDANCE,CALTHORPE|AEROBICS|2025-11-24|1000|1045|CARD:515,NEW_ATTENDANCE,18641,Inserted inside the current SQL transaction.
PREVIEW_ROLLED_BACK,ATTENDANCE,CALTHORPE|AEROBICS|2025-11-24|1000|1045|CARD:593,NEW_ATTENDANCE,18642,Inserted inside the current SQL transaction.
PREVIEW_ROLLED_BACK,ATTENDANCE,CALTHORPE|AEROBICS|2025-11-24|1000|1045|CARD:691,NEW_ATTENDANCE,18643,Inserted inside the current SQL transaction.
PREVIEW_ROLLED_BACK,ATTENDANCE,CALTHORPE|AEROBICS|2025-11-24|1000|1045|CARD:699,NEW_ATTENDANCE,18644,Inserted inside the current SQL transaction.
PREVIEW_ROLLED_BACK,ATTENDANCE,CALTHORPE|AEROBICS|2025-11-24|1000|1045|CARD:717,NEW_ATTENDANCE,18645,Inserted inside the current SQL transaction.
PREVIEW_ROLLED_BACK,ATTENDANCE,CALTHORPE|AEROBICS|2025-11-24|1000|1045|CARD:727,NEW_ATTENDANCE,18646,Inserted inside the current SQL transaction.
PREVIEW_ROLLED_BACK,ATTENDANCE,CALTHORPE|AEROBICS|2025-11-24|1000|1045|CARD:767,NEW_ATTENDANCE,18647,Inserted inside the current SQL transaction.
PREVIEW_ROLLED_BACK,ATTENDANCE,CALTHORPE|AEROBICS|2025-11-24|1000|1045|CARD:770,NEW_ATTENDANCE,18648,Inserted inside the current SQL transaction.
PREVIEW_ROLLED_BACK,ATTENDANCE,CALTHORPE|AEROBICS|2025-11-24|1000|1045|CARD:780,NEW_ATTENDANCE,18649,Inserted inside the current SQL transaction.
PREVIEW_ROLLED_BACK,ATTENDANCE,CALTHORPE|CHAIR BASED EXERCISE|2025-11-24|1100|1145|CARD:337,NEW_ATTENDANCE,18650,Inserted inside the current SQL transaction.
PREVIEW_ROLLED_BACK,ATTENDANCE,CALTHORPE|CHAIR BASED EXERCISE|2025-11-24|1100|1145|CARD:380,NEW_ATTENDANCE,18651,Inserted inside the current SQL transaction.
PREVIEW_ROLLED_BACK,ATTENDANCE,CALTHORPE|CHAIR BASED EXERCISE|2025-11-24|1100|1145|CARD:410,NEW_ATTENDANCE,18652,Inserted inside the current SQL transaction.
PREVIEW_ROLLED_BACK,ATTENDANCE,CALTHORPE|CHAIR BASED EXERCISE|2025-11-24|1100|1145|CARD:415,NEW_ATTENDANCE,18653,Inserted inside the current SQL transaction.
PREVIEW_ROLLED_BACK,ATTENDANCE,CALTHORPE|CHAIR BASED EXERCISE|2025-11-24|1100|1145|CARD:416,NEW_ATTENDANCE,18654,Inserted inside the current SQL transaction.
PREVIEW_ROLLED_BACK,ATTENDANCE,CALTHORPE|CHAIR BASED EXERCISE|2025-11-24|1100|1145|CARD:418,NEW_ATTENDANCE,18655,Inserted inside the current SQL transaction.
PREVIEW_ROLLED_BACK,ATTENDANCE,CALTHORPE|CHAIR BASED EXERCISE|2025-11-24|1100|1145|CARD:444,NEW_ATTENDANCE,18656,Inserted inside the current SQL transaction.
PREVIEW_ROLLED_BACK,ATTENDANCE,CALTHORPE|CHAIR BASED EXERCISE|2025-11-24|1100|1145|CARD:485,NEW_ATTENDANCE,18657,Inserted inside the current SQL transaction.
PREVIEW_ROLLED_BACK,ATTENDANCE,CALTHORPE|CHAIR BASED EXERCISE|2025-11-24|1100|1145|CARD:602,NEW_ATTENDANCE,18658,Inserted inside the current SQL transaction.
PREVIEW_ROLLED_BACK,ATTENDANCE,CALTHORPE|CHAIR BASED EXERCISE|2025-11-24|1100|1145|CARD:642,NEW_ATTENDANCE,18659,Inserted inside the current SQL transaction.
PREVIEW_ROLLED_BACK,ATTENDANCE,CALTHORPE|CHAIR BASED EXERCISE|2025-11-24|1100|1145|CARD:691,NEW_ATTENDANCE,18660,Inserted inside the current SQL transaction.
PREVIEW_ROLLED_BACK,ATTENDANCE,CALTHORPE|CHAIR BASED EXERCISE|2025-11-24|1100|1145|CARD:747,NEW_ATTENDANCE,18661,Inserted inside the current SQL transaction.
PREVIEW_ROLLED_BACK,ATTENDANCE,CALTHORPE|CHAIR BASED EXERCISE|2025-11-24|1100|1145|CARD:769,NEW_ATTENDANCE,18662,Inserted inside the current SQL transaction.
PREVIEW_ROLLED_BACK,ATTENDANCE,CALTHORPE|CROCHET|2025-11-24|1215|1415|CARD:407,NEW_ATTENDANCE,18663,Inserted inside the current SQL transaction.
PREVIEW_ROLLED_BACK,ATTENDANCE,CALTHORPE|CROCHET|2025-11-24|1215|1415|CARD:416,NEW_ATTENDANCE,18664,Inserted inside the current SQL transaction.
PREVIEW_ROLLED_BACK,ATTENDANCE,CALTHORPE|CROCHET|2025-11-24|1215|1415|CARD:418,NEW_ATTENDANCE,18665,Inserted inside the current SQL transaction.
PREVIEW_ROLLED_BACK,ATTENDANCE,CALTHORPE|CROCHET|2025-11-24|1215|1415|CARD:468,NEW_ATTENDANCE,18666,Inserted inside the current SQL transaction.
PREVIEW_ROLLED_BACK,ATTENDANCE,CALTHORPE|CROCHET|2025-11-24|1215|1415|CARD:493,NEW_ATTENDANCE,18667,Inserted inside the current SQL transaction.
PREVIEW_ROLLED_BACK,ATTENDANCE,CALTHORPE|CROCHET|2025-11-24|1215|1415|CARD:509,NEW_ATTENDANCE,18668,Inserted inside the current SQL transaction.
PREVIEW_ROLLED_BACK,ATTENDANCE,CALTHORPE|CROCHET|2025-11-24|1215|1415|CARD:513,NEW_ATTENDANCE,18669,Inserted inside the current SQL transaction.
PREVIEW_ROLLED_BACK,ATTENDANCE,CALTHORPE|CROCHET|2025-11-24|1215|1415|CARD:613,NEW_ATTENDANCE,18670,Inserted inside the current SQL transaction.
PREVIEW_ROLLED_BACK,ATTENDANCE,CALTHORPE|CROCHET|2025-11-24|1215|1415|CARD:638,NEW_ATTENDANCE,18671,Inserted inside the current SQL transaction.
PREVIEW_ROLLED_BACK,ATTENDANCE,CALTHORPE|CROCHET|2025-11-24|1215|1415|CARD:697,NEW_ATTENDANCE,18672,Inserted inside the current SQL transaction.
PREVIEW_ROLLED_BACK,ATTENDANCE,CALTHORPE|CROCHET|2025-11-24|1215|1415|CARD:708,NEW_ATTENDANCE,18673,Inserted inside the current SQL transaction.
PREVIEW_ROLLED_BACK,ATTENDANCE,CALTHORPE|CROCHET|2025-11-24|1215|1415|NAME:hashi,NEW_ATTENDANCE,18674,Inserted inside the current SQL transaction.
PREVIEW_ROLLED_BACK,ATTENDANCE,CALTHORPE|ARTS|2025-11-25|1130|1230|CARD:376,NEW_ATTENDANCE,18675,Inserted inside the current SQL transaction.
PREVIEW_ROLLED_BACK,ATTENDANCE,CALTHORPE|ARTS|2025-11-25|1130|1230|CARD:586,NEW_ATTENDANCE,18676,Inserted inside the current SQL transaction.
PREVIEW_ROLLED_BACK,ATTENDANCE,CALTHORPE|ARTS|2025-11-25|1130|1230|CARD:634,NEW_ATTENDANCE,18677,Inserted inside the current SQL transaction.
PREVIEW_ROLLED_BACK,ATTENDANCE,CALTHORPE|ARTS|2025-11-25|1130|1230|CARD:638,NEW_ATTENDANCE,18678,Inserted inside the current SQL transaction.
PREVIEW_ROLLED_BACK,ATTENDANCE,CALTHORPE|ARTS|2025-11-25|1130|1230|CARD:657,NEW_ATTENDANCE,18679,Inserted inside the current SQL transaction.
PREVIEW_ROLLED_BACK,ATTENDANCE,CALTHORPE|ARTS|2025-11-25|1130|1230|NAME:ume,NEW_ATTENDANCE,18680,Inserted inside the current SQL transaction.
PREVIEW_ROLLED_BACK,ATTENDANCE,CALTHORPE|STRENGTH & STRETCH|2025-11-25|1000|1100|CARD:157,NEW_ATTENDANCE,18681,Inserted inside the current SQL transaction.
PREVIEW_ROLLED_BACK,ATTENDANCE,CALTHORPE|STRENGTH & STRETCH|2025-11-25|1000|1100|CARD:386,NEW_ATTENDANCE,18682,Inserted inside the current SQL transaction.
PREVIEW_ROLLED_BACK,ATTENDANCE,CALTHORPE|STRENGTH & STRETCH|2025-11-25|1000|1100|CARD:390,NEW_ATTENDANCE,18683,Inserted inside the current SQL transaction.
PREVIEW_ROLLED_BACK,ATTENDANCE,CALTHORPE|STRENGTH & STRETCH|2025-11-25|1000|1100|CARD:406,NEW_ATTENDANCE,18684,Inserted inside the current SQL transaction.
PREVIEW_ROLLED_BACK,ATTENDANCE,CALTHORPE|STRENGTH & STRETCH|2025-11-25|1000|1100|CARD:415,NEW_ATTENDANCE,18685,Inserted inside the current SQL transaction.
PREVIEW_ROLLED_BACK,ATTENDANCE,CALTHORPE|STRENGTH & STRETCH|2025-11-25|1000|1100|CARD:416,NEW_ATTENDANCE,18686,Inserted inside the current SQL transaction.
PREVIEW_ROLLED_BACK,ATTENDANCE,CALTHORPE|STRENGTH & STRETCH|2025-11-25|1000|1100|CARD:429,NEW_ATTENDANCE,18688,Inserted inside the current SQL transaction.
PREVIEW_ROLLED_BACK,ATTENDANCE,CALTHORPE|STRENGTH & STRETCH|2025-11-25|1000|1100|CARD:515,NEW_ATTENDANCE,18689,Inserted inside the current SQL transaction.
PREVIEW_ROLLED_BACK,ATTENDANCE,CALTHORPE|STRENGTH & STRETCH|2025-11-25|1000|1100|CARD:566,NEW_ATTENDANCE,18690,Inserted inside the current SQL transaction.
PREVIEW_ROLLED_BACK,ATTENDANCE,CALTHORPE|STRENGTH & STRETCH|2025-11-25|1000|1100|CARD:596,NEW_ATTENDANCE,18691,Inserted inside the current SQL transaction.
PREVIEW_ROLLED_BACK,ATTENDANCE,CALTHORPE|STRENGTH & STRETCH|2025-11-25|1000|1100|CARD:698,NEW_ATTENDANCE,18692,Inserted inside the current SQL transaction.
PREVIEW_ROLLED_BACK,ATTENDANCE,CALTHORPE|STRENGTH & STRETCH|2025-11-25|1000|1100|CARD:699,NEW_ATTENDANCE,18693,Inserted inside the current SQL transaction.
PREVIEW_ROLLED_BACK,ATTENDANCE,CALTHORPE|STRENGTH & STRETCH|2025-11-25|1000|1100|CARD:717,NEW_ATTENDANCE,18694,Inserted inside the current SQL transaction.
PREVIEW_ROLLED_BACK,ATTENDANCE,CALTHORPE|STRENGTH & STRETCH|2025-11-25|1000|1100|CARD:764,NEW_ATTENDANCE,18695,Inserted inside the current SQL transaction.
PREVIEW_ROLLED_BACK,ATTENDANCE,CALTHORPE|STRENGTH & STRETCH|2025-11-25|1000|1100|CARD:767,NEW_ATTENDANCE,18696,Inserted inside the current SQL transaction.
PREVIEW_ROLLED_BACK,ATTENDANCE,CALTHORPE|STRENGTH & STRETCH|2025-11-25|1000|1100|CARD:780,NEW_ATTENDANCE,18697,Inserted inside the current SQL transaction.
PREVIEW_ROLLED_BACK,ATTENDANCE,CALTHORPE|YOGA|2025-11-25|1730|1830|CARD:1269,NEW_ATTENDANCE,18698,Inserted inside the current SQL transaction.
PREVIEW_ROLLED_BACK,ATTENDANCE,CALTHORPE|YOGA|2025-11-25|1730|1830|CARD:1270,NEW_ATTENDANCE,18699,Inserted inside the current SQL transaction.
PREVIEW_ROLLED_BACK,ATTENDANCE,CALTHORPE|YOGA|2025-11-25|1730|1830|CARD:1334,NEW_ATTENDANCE,18700,Inserted inside the current SQL transaction.
PREVIEW_ROLLED_BACK,ATTENDANCE,CALTHORPE|YOGA|2025-11-25|1730|1830|CARD:395,NEW_ATTENDANCE,18701,Inserted inside the current SQL transaction.
PREVIEW_ROLLED_BACK,ATTENDANCE,CALTHORPE|YOGA|2025-11-25|1730|1830|CARD:450,NEW_ATTENDANCE,18702,Inserted inside the current SQL transaction.
PREVIEW_ROLLED_BACK,ATTENDANCE,CALTHORPE|YOGA|2025-11-25|1730|1830|CARD:451,NEW_ATTENDANCE,18703,Inserted inside the current SQL transaction.
PREVIEW_ROLLED_BACK,ATTENDANCE,CALTHORPE|YOGA|2025-11-25|1730|1830|CARD:625,NEW_ATTENDANCE,18704,Inserted inside the current SQL transaction.
PREVIEW_ROLLED_BACK,ATTENDANCE,CALTHORPE|YOGA|2025-11-25|1730|1830|CARD:717,NEW_ATTENDANCE,18705,Inserted inside the current SQL transaction.
PREVIEW_ROLLED_BACK,ATTENDANCE,CALTHORPE|YOGA|2025-11-25|1730|1830|CARD:727,NEW_ATTENDANCE,18706,Inserted inside the current SQL transaction.
PREVIEW_ROLLED_BACK,ATTENDANCE,CALTHORPE|YOGA|2025-11-25|1730|1830|CARD:784,NEW_ATTENDANCE,18707,Inserted inside the current SQL transaction.
PREVIEW_ROLLED_BACK,ATTENDANCE,CALTHORPE|ARTS|2025-11-26|1215|1315|CARD:372,NEW_ATTENDANCE,18708,Inserted inside the current SQL transaction.
PREVIEW_ROLLED_BACK,ATTENDANCE,CALTHORPE|ARTS|2025-11-26|1215|1315|CARD:380,NEW_ATTENDANCE,18709,Inserted inside the current SQL transaction.
PREVIEW_ROLLED_BACK,ATTENDANCE,CALTHORPE|ARTS|2025-11-26|1215|1315|CARD:397,NEW_ATTENDANCE,18710,Inserted inside the current SQL transaction.
PREVIEW_ROLLED_BACK,ATTENDANCE,CALTHORPE|ARTS|2025-11-26|1215|1315|CARD:416,NEW_ATTENDANCE,18711,Inserted inside the current SQL transaction.
PREVIEW_ROLLED_BACK,ATTENDANCE,CALTHORPE|ARTS|2025-11-26|1215|1315|CARD:444,NEW_ATTENDANCE,18712,Inserted inside the current SQL transaction.
PREVIEW_ROLLED_BACK,ATTENDANCE,CALTHORPE|ARTS|2025-11-26|1215|1315|CARD:637,NEW_ATTENDANCE,18713,Inserted inside the current SQL transaction.
PREVIEW_ROLLED_BACK,ATTENDANCE,CALTHORPE|ARTS|2025-11-26|1215|1315|CARD:638,NEW_ATTENDANCE,18714,Inserted inside the current SQL transaction.
PREVIEW_ROLLED_BACK,ATTENDANCE,CALTHORPE|ESOL|2025-11-26|0930|1030|CARD:452,NEW_ATTENDANCE,18715,Inserted inside the current SQL transaction.
PREVIEW_ROLLED_BACK,ATTENDANCE,CALTHORPE|ESOL|2025-11-26|0930|1030|CARD:455,NEW_ATTENDANCE,18716,Inserted inside the current SQL transaction.
PREVIEW_ROLLED_BACK,ATTENDANCE,CALTHORPE|ESOL|2025-11-26|0930|1030|CARD:457,NEW_ATTENDANCE,18717,Inserted inside the current SQL transaction.
PREVIEW_ROLLED_BACK,ATTENDANCE,CALTHORPE|ESOL|2025-11-26|0930|1030|CARD:458,NEW_ATTENDANCE,18718,Inserted inside the current SQL transaction.
PREVIEW_ROLLED_BACK,ATTENDANCE,CALTHORPE|ESOL|2025-11-26|0930|1030|CARD:459,NEW_ATTENDANCE,18719,Inserted inside the current SQL transaction.
PREVIEW_ROLLED_BACK,ATTENDANCE,CALTHORPE|ESOL|2025-11-26|0930|1030|CARD:462,NEW_ATTENDANCE,18720,Inserted inside the current SQL transaction.
PREVIEW_ROLLED_BACK,ATTENDANCE,CALTHORPE|ESOL|2025-11-26|0930|1030|CARD:672,NEW_ATTENDANCE,18721,Inserted inside the current SQL transaction.
PREVIEW_ROLLED_BACK,ATTENDANCE,CALTHORPE|ESOL|2025-11-26|0930|1030|CARD:673,NEW_ATTENDANCE,18722,Inserted inside the current SQL transaction.
PREVIEW_ROLLED_BACK,ATTENDANCE,CALTHORPE|ESOL|2025-11-26|0930|1030|CARD:714,NEW_ATTENDANCE,18723,Inserted inside the current SQL transaction.
PREVIEW_ROLLED_BACK,ATTENDANCE,CALTHORPE|ESOL|2025-11-26|0930|1030|CARD:715,NEW_ATTENDANCE,18724,Inserted inside the current SQL transaction.
PREVIEW_ROLLED_BACK,ATTENDANCE,CALTHORPE|ESOL|2025-11-26|0930|1030|CARD:728,NEW_ATTENDANCE,18725,Inserted inside the current SQL transaction.
PREVIEW_ROLLED_BACK,ATTENDANCE,CALTHORPE|ESOL|2025-11-26|0930|1030|CARD:738,NEW_ATTENDANCE,18726,Inserted inside the current SQL transaction.
PREVIEW_ROLLED_BACK,ATTENDANCE,CALTHORPE|ESOL|2025-11-26|0930|1030|CARD:745,NEW_ATTENDANCE,18727,Inserted inside the current SQL transaction.
PREVIEW_ROLLED_BACK,ATTENDANCE,CALTHORPE|ESOL|2025-11-26|0930|1030|CARD:994,NEW_ATTENDANCE,18728,Inserted inside the current SQL transaction.
PREVIEW_ROLLED_BACK,ATTENDANCE,CALTHORPE|ESOL|2025-11-26|0930|1030|NAME:ahlam,NEW_ATTENDANCE,18729,Inserted inside the current SQL transaction.
PREVIEW_ROLLED_BACK,ATTENDANCE,CALTHORPE|ESOL|2025-11-26|0930|1030|NAME:marya,NEW_ATTENDANCE,18730,Inserted inside the current SQL transaction.
PREVIEW_ROLLED_BACK,ATTENDANCE,CALTHORPE|SALSA/BELLY DANCING|2025-11-26|1100|1200|CARD:1236,NEW_ATTENDANCE,18731,Inserted inside the current SQL transaction.
PREVIEW_ROLLED_BACK,ATTENDANCE,CALTHORPE|SALSA/BELLY DANCING|2025-11-26|1100|1200|CARD:416,NEW_ATTENDANCE,18732,Inserted inside the current SQL transaction.
PREVIEW_ROLLED_BACK,ATTENDANCE,CALTHORPE|SALSA/BELLY DANCING|2025-11-26|1100|1200|CARD:441,NEW_ATTENDANCE,18733,Inserted inside the current SQL transaction.
PREVIEW_ROLLED_BACK,ATTENDANCE,CALTHORPE|SALSA/BELLY DANCING|2025-11-26|1100|1200|CARD:470,NEW_ATTENDANCE,18734,Inserted inside the current SQL transaction.
PREVIEW_ROLLED_BACK,ATTENDANCE,CALTHORPE|SALSA/BELLY DANCING|2025-11-26|1100|1200|CARD:638,NEW_ATTENDANCE,18735,Inserted inside the current SQL transaction.
PREVIEW_ROLLED_BACK,ATTENDANCE,CALTHORPE|SALSA/BELLY DANCING|2025-11-26|1100|1200|CARD:691,NEW_ATTENDANCE,18736,Inserted inside the current SQL transaction.
PREVIEW_ROLLED_BACK,ATTENDANCE,CALTHORPE|SALSA/BELLY DANCING|2025-11-26|1100|1200|NAME:nasra h,NEW_ATTENDANCE,18737,Inserted inside the current SQL transaction.
PREVIEW_ROLLED_BACK,ATTENDANCE,CALTHORPE|SALSA/BELLY DANCING|2025-11-26|1100|1200|NAME:patrica bailey,NEW_ATTENDANCE,18738,Inserted inside the current SQL transaction.
PREVIEW_ROLLED_BACK,ATTENDANCE,CALTHORPE|CHAIR BASED EXERCISE|2025-11-27|1145|1230|CARD:380,NEW_ATTENDANCE,18739,Inserted inside the current SQL transaction.
PREVIEW_ROLLED_BACK,ATTENDANCE,CALTHORPE|CHAIR BASED EXERCISE|2025-11-27|1145|1230|CARD:410,NEW_ATTENDANCE,18740,Inserted inside the current SQL transaction.
PREVIEW_ROLLED_BACK,ATTENDANCE,CALTHORPE|CHAIR BASED EXERCISE|2025-11-27|1145|1230|CARD:415,NEW_ATTENDANCE,18741,Inserted inside the current SQL transaction.
PREVIEW_ROLLED_BACK,ATTENDANCE,CALTHORPE|CHAIR BASED EXERCISE|2025-11-27|1145|1230|CARD:416,NEW_ATTENDANCE,18742,Inserted inside the current SQL transaction.
PREVIEW_ROLLED_BACK,ATTENDANCE,CALTHORPE|CHAIR BASED EXERCISE|2025-11-27|1145|1230|CARD:418,NEW_ATTENDANCE,18743,Inserted inside the current SQL transaction.
PREVIEW_ROLLED_BACK,ATTENDANCE,CALTHORPE|CHAIR BASED EXERCISE|2025-11-27|1145|1230|CARD:442,NEW_ATTENDANCE,18744,Inserted inside the current SQL transaction.
PREVIEW_ROLLED_BACK,ATTENDANCE,CALTHORPE|CHAIR BASED EXERCISE|2025-11-27|1145|1230|CARD:444,NEW_ATTENDANCE,18745,Inserted inside the current SQL transaction.
PREVIEW_ROLLED_BACK,ATTENDANCE,CALTHORPE|CHAIR BASED EXERCISE|2025-11-27|1145|1230|CARD:594,NEW_ATTENDANCE,18746,Inserted inside the current SQL transaction.
PREVIEW_ROLLED_BACK,ATTENDANCE,CALTHORPE|CHAIR BASED EXERCISE|2025-11-27|1145|1230|CARD:601,NEW_ATTENDANCE,18747,Inserted inside the current SQL transaction.
PREVIEW_ROLLED_BACK,ATTENDANCE,CALTHORPE|CHAIR BASED EXERCISE|2025-11-27|1145|1230|CARD:620,NEW_ATTENDANCE,18748,Inserted inside the current SQL transaction.
PREVIEW_ROLLED_BACK,ATTENDANCE,CALTHORPE|CHAIR BASED EXERCISE|2025-11-27|1145|1230|CARD:640,NEW_ATTENDANCE,18749,Inserted inside the current SQL transaction.
PREVIEW_ROLLED_BACK,ATTENDANCE,CALTHORPE|CHAIR BASED EXERCISE|2025-11-27|1145|1230|CARD:642,NEW_ATTENDANCE,18750,Inserted inside the current SQL transaction.
PREVIEW_ROLLED_BACK,ATTENDANCE,CALTHORPE|CHAIR BASED EXERCISE|2025-11-27|1145|1230|CARD:647,NEW_ATTENDANCE,18751,Inserted inside the current SQL transaction.
PREVIEW_ROLLED_BACK,ATTENDANCE,CALTHORPE|CHAIR BASED EXERCISE|2025-11-27|1145|1230|CARD:655,NEW_ATTENDANCE,18752,Inserted inside the current SQL transaction.
PREVIEW_ROLLED_BACK,ATTENDANCE,CALTHORPE|CHAIR BASED EXERCISE|2025-11-27|1145|1230|CARD:656,NEW_ATTENDANCE,18753,Inserted inside the current SQL transaction.
PREVIEW_ROLLED_BACK,ATTENDANCE,CALTHORPE|CHAIR BASED EXERCISE|2025-11-27|1145|1230|CARD:866,NEW_ATTENDANCE,18754,Inserted inside the current SQL transaction.
PREVIEW_ROLLED_BACK,ATTENDANCE,CALTHORPE|CIRCUIT TRAINING|2025-11-27|0930|1015|CARD:156,NEW_ATTENDANCE,18755,Inserted inside the current SQL transaction.
PREVIEW_ROLLED_BACK,ATTENDANCE,CALTHORPE|CIRCUIT TRAINING|2025-11-27|0930|1015|CARD:373,NEW_ATTENDANCE,18756,Inserted inside the current SQL transaction.
PREVIEW_ROLLED_BACK,ATTENDANCE,CALTHORPE|CIRCUIT TRAINING|2025-11-27|0930|1015|CARD:390,NEW_ATTENDANCE,18757,Inserted inside the current SQL transaction.
PREVIEW_ROLLED_BACK,ATTENDANCE,CALTHORPE|CIRCUIT TRAINING|2025-11-27|0930|1015|CARD:429,NEW_ATTENDANCE,18758,Inserted inside the current SQL transaction.
PREVIEW_ROLLED_BACK,ATTENDANCE,CALTHORPE|CIRCUIT TRAINING|2025-11-27|0930|1015|CARD:470,NEW_ATTENDANCE,18759,Inserted inside the current SQL transaction.
PREVIEW_ROLLED_BACK,ATTENDANCE,CALTHORPE|CIRCUIT TRAINING|2025-11-27|0930|1015|CARD:515,NEW_ATTENDANCE,18760,Inserted inside the current SQL transaction.
PREVIEW_ROLLED_BACK,ATTENDANCE,CALTHORPE|CIRCUIT TRAINING|2025-11-27|0930|1015|CARD:566,NEW_ATTENDANCE,18761,Inserted inside the current SQL transaction.
PREVIEW_ROLLED_BACK,ATTENDANCE,CALTHORPE|CIRCUIT TRAINING|2025-11-27|0930|1015|CARD:596,NEW_ATTENDANCE,18762,Inserted inside the current SQL transaction.
PREVIEW_ROLLED_BACK,ATTENDANCE,CALTHORPE|CIRCUIT TRAINING|2025-11-27|0930|1015|CARD:690,NEW_ATTENDANCE,18763,Inserted inside the current SQL transaction.
PREVIEW_ROLLED_BACK,ATTENDANCE,CALTHORPE|CIRCUIT TRAINING|2025-11-27|0930|1015|CARD:727,NEW_ATTENDANCE,18764,Inserted inside the current SQL transaction.
PREVIEW_ROLLED_BACK,ATTENDANCE,CALTHORPE|CIRCUIT TRAINING|2025-11-27|0930|1015|CARD:770,NEW_ATTENDANCE,18765,Inserted inside the current SQL transaction.
PREVIEW_ROLLED_BACK,ATTENDANCE,CALTHORPE|CIRCUIT TRAINING|2025-11-27|0930|1015|CARD:787,NEW_ATTENDANCE,18766,Inserted inside the current SQL transaction.
PREVIEW_ROLLED_BACK,ATTENDANCE,CALTHORPE|CROCHET|2025-11-27|1245|1430|CARD:396,NEW_ATTENDANCE,18767,Inserted inside the current SQL transaction.
PREVIEW_ROLLED_BACK,ATTENDANCE,CALTHORPE|CROCHET|2025-11-27|1245|1430|CARD:407,NEW_ATTENDANCE,18768,Inserted inside the current SQL transaction.
PREVIEW_ROLLED_BACK,ATTENDANCE,CALTHORPE|CROCHET|2025-11-27|1245|1430|CARD:418,NEW_ATTENDANCE,18769,Inserted inside the current SQL transaction.
PREVIEW_ROLLED_BACK,ATTENDANCE,CALTHORPE|CROCHET|2025-11-27|1245|1430|CARD:424,NEW_ATTENDANCE,18770,Inserted inside the current SQL transaction.
PREVIEW_ROLLED_BACK,ATTENDANCE,CALTHORPE|CROCHET|2025-11-27|1245|1430|CARD:436,NEW_ATTENDANCE,18771,Inserted inside the current SQL transaction.
PREVIEW_ROLLED_BACK,ATTENDANCE,CALTHORPE|CROCHET|2025-11-27|1245|1430|CARD:586,NEW_ATTENDANCE,18772,Inserted inside the current SQL transaction.
PREVIEW_ROLLED_BACK,ATTENDANCE,CALTHORPE|CROCHET|2025-11-27|1245|1430|CARD:640,NEW_ATTENDANCE,18773,Inserted inside the current SQL transaction.
PREVIEW_ROLLED_BACK,ATTENDANCE,CALTHORPE|CROCHET|2025-11-27|1245|1430|CARD:655,NEW_ATTENDANCE,18774,Inserted inside the current SQL transaction.
PREVIEW_ROLLED_BACK,ATTENDANCE,CALTHORPE|ESOL|2025-11-28|0930|1030|CARD:375,NEW_ATTENDANCE,18775,Inserted inside the current SQL transaction.
PREVIEW_ROLLED_BACK,ATTENDANCE,CALTHORPE|ESOL|2025-11-28|0930|1030|CARD:453,NEW_ATTENDANCE,18776,Inserted inside the current SQL transaction.
PREVIEW_ROLLED_BACK,ATTENDANCE,CALTHORPE|ESOL|2025-11-28|0930|1030|CARD:455,NEW_ATTENDANCE,18777,Inserted inside the current SQL transaction.
PREVIEW_ROLLED_BACK,ATTENDANCE,CALTHORPE|ESOL|2025-11-28|0930|1030|CARD:458,NEW_ATTENDANCE,18778,Inserted inside the current SQL transaction.
PREVIEW_ROLLED_BACK,ATTENDANCE,CALTHORPE|ESOL|2025-11-28|0930|1030|CARD:459,NEW_ATTENDANCE,18779,Inserted inside the current SQL transaction.
PREVIEW_ROLLED_BACK,ATTENDANCE,CALTHORPE|ESOL|2025-11-28|0930|1030|CARD:462,NEW_ATTENDANCE,18780,Inserted inside the current SQL transaction.
PREVIEW_ROLLED_BACK,ATTENDANCE,CALTHORPE|ESOL|2025-11-28|0930|1030|CARD:516,NEW_ATTENDANCE,18781,Inserted inside the current SQL transaction.
PREVIEW_ROLLED_BACK,ATTENDANCE,CALTHORPE|ESOL|2025-11-28|0930|1030|CARD:647,NEW_ATTENDANCE,18782,Inserted inside the current SQL transaction.
PREVIEW_ROLLED_BACK,ATTENDANCE,CALTHORPE|ESOL|2025-11-28|0930|1030|CARD:672,NEW_ATTENDANCE,18783,Inserted inside the current SQL transaction.
PREVIEW_ROLLED_BACK,ATTENDANCE,CALTHORPE|ESOL|2025-11-28|0930|1030|CARD:673,NEW_ATTENDANCE,18784,Inserted inside the current SQL transaction.
PREVIEW_ROLLED_BACK,ATTENDANCE,CALTHORPE|ESOL|2025-11-28|0930|1030|CARD:994,NEW_ATTENDANCE,18785,Inserted inside the current SQL transaction.
PREVIEW_ROLLED_BACK,ATTENDANCE,CALTHORPE|AEROBICS|2025-12-01|1000|1045|CARD:346,NEW_ATTENDANCE,18786,Inserted inside the current SQL transaction.
PREVIEW_ROLLED_BACK,ATTENDANCE,CALTHORPE|AEROBICS|2025-12-01|1000|1045|CARD:398,NEW_ATTENDANCE,18787,Inserted inside the current SQL transaction.
PREVIEW_ROLLED_BACK,ATTENDANCE,CALTHORPE|AEROBICS|2025-12-01|1000|1045|CARD:429,NEW_ATTENDANCE,18788,Inserted inside the current SQL transaction.
PREVIEW_ROLLED_BACK,ATTENDANCE,CALTHORPE|AEROBICS|2025-12-01|1000|1045|CARD:470,NEW_ATTENDANCE,18789,Inserted inside the current SQL transaction.
PREVIEW_ROLLED_BACK,ATTENDANCE,CALTHORPE|AEROBICS|2025-12-01|1000|1045|CARD:515,NEW_ATTENDANCE,18790,Inserted inside the current SQL transaction.
PREVIEW_ROLLED_BACK,ATTENDANCE,CALTHORPE|AEROBICS|2025-12-01|1000|1045|CARD:593,NEW_ATTENDANCE,18791,Inserted inside the current SQL transaction.
PREVIEW_ROLLED_BACK,ATTENDANCE,CALTHORPE|AEROBICS|2025-12-01|1000|1045|CARD:692,NEW_ATTENDANCE,18792,Inserted inside the current SQL transaction.
PREVIEW_ROLLED_BACK,ATTENDANCE,CALTHORPE|AEROBICS|2025-12-01|1000|1045|CARD:767,NEW_ATTENDANCE,18793,Inserted inside the current SQL transaction.
PREVIEW_ROLLED_BACK,ATTENDANCE,CALTHORPE|AEROBICS|2025-12-01|1000|1045|CARD:780,NEW_ATTENDANCE,18794,Inserted inside the current SQL transaction.
PREVIEW_ROLLED_BACK,ATTENDANCE,CALTHORPE|AEROBICS|2025-12-01|1000|1045|NAME:mayal,NEW_ATTENDANCE,18795,Inserted inside the current SQL transaction.
PREVIEW_ROLLED_BACK,ATTENDANCE,CALTHORPE|AEROBICS|2025-12-01|1000|1045|NAME:zubayda,NEW_ATTENDANCE,18796,Inserted inside the current SQL transaction.
PREVIEW_ROLLED_BACK,ATTENDANCE,CALTHORPE|CHAIR BASED EXERCISE|2025-12-01|1100|1145|CARD:418,NEW_ATTENDANCE,18797,Inserted inside the current SQL transaction.
PREVIEW_ROLLED_BACK,ATTENDANCE,CALTHORPE|CHAIR BASED EXERCISE|2025-12-01|1100|1145|CARD:444,NEW_ATTENDANCE,18798,Inserted inside the current SQL transaction.
PREVIEW_ROLLED_BACK,ATTENDANCE,CALTHORPE|CHAIR BASED EXERCISE|2025-12-01|1100|1145|CARD:485,NEW_ATTENDANCE,18799,Inserted inside the current SQL transaction.
PREVIEW_ROLLED_BACK,ATTENDANCE,CALTHORPE|CHAIR BASED EXERCISE|2025-12-01|1100|1145|CARD:515,NEW_ATTENDANCE,18800,Inserted inside the current SQL transaction.
PREVIEW_ROLLED_BACK,ATTENDANCE,CALTHORPE|CHAIR BASED EXERCISE|2025-12-01|1100|1145|CARD:601,NEW_ATTENDANCE,18801,Inserted inside the current SQL transaction.
PREVIEW_ROLLED_BACK,ATTENDANCE,CALTHORPE|CHAIR BASED EXERCISE|2025-12-01|1100|1145|CARD:642,NEW_ATTENDANCE,18802,Inserted inside the current SQL transaction.
PREVIEW_ROLLED_BACK,ATTENDANCE,CALTHORPE|CHAIR BASED EXERCISE|2025-12-01|1100|1145|CARD:747,NEW_ATTENDANCE,18803,Inserted inside the current SQL transaction.
PREVIEW_ROLLED_BACK,ATTENDANCE,CALTHORPE|CHAIR BASED EXERCISE|2025-12-01|1100|1145|CARD:769,NEW_ATTENDANCE,18804,Inserted inside the current SQL transaction.
PREVIEW_ROLLED_BACK,ATTENDANCE,CALTHORPE|CHAIR BASED EXERCISE|2025-12-01|1100|1145|CARD:991,NEW_ATTENDANCE,18805,Inserted inside the current SQL transaction.
PREVIEW_ROLLED_BACK,ATTENDANCE,CALTHORPE|CROCHET|2025-12-01|1215|1415|CARD:407,NEW_ATTENDANCE,18806,Inserted inside the current SQL transaction.
PREVIEW_ROLLED_BACK,ATTENDANCE,CALTHORPE|CROCHET|2025-12-01|1215|1415|CARD:418,NEW_ATTENDANCE,18807,Inserted inside the current SQL transaction.
PREVIEW_ROLLED_BACK,ATTENDANCE,CALTHORPE|CROCHET|2025-12-01|1215|1415|CARD:468,NEW_ATTENDANCE,18808,Inserted inside the current SQL transaction.
PREVIEW_ROLLED_BACK,ATTENDANCE,CALTHORPE|CROCHET|2025-12-01|1215|1415|CARD:493,NEW_ATTENDANCE,18809,Inserted inside the current SQL transaction.
PREVIEW_ROLLED_BACK,ATTENDANCE,CALTHORPE|CROCHET|2025-12-01|1215|1415|CARD:509,NEW_ATTENDANCE,18810,Inserted inside the current SQL transaction.
PREVIEW_ROLLED_BACK,ATTENDANCE,CALTHORPE|CROCHET|2025-12-01|1215|1415|CARD:586,NEW_ATTENDANCE,18811,Inserted inside the current SQL transaction.
PREVIEW_ROLLED_BACK,ATTENDANCE,CALTHORPE|CROCHET|2025-12-01|1215|1415|CARD:613,NEW_ATTENDANCE,18812,Inserted inside the current SQL transaction.
PREVIEW_ROLLED_BACK,ATTENDANCE,CALTHORPE|CROCHET|2025-12-01|1215|1415|CARD:638,NEW_ATTENDANCE,18813,Inserted inside the current SQL transaction.
PREVIEW_ROLLED_BACK,ATTENDANCE,CALTHORPE|CROCHET|2025-12-01|1215|1415|CARD:708,NEW_ATTENDANCE,18814,Inserted inside the current SQL transaction.
PREVIEW_ROLLED_BACK,ATTENDANCE,CALTHORPE|CROCHET|2025-12-01|1215|1415|NAME:yasmin akhtar,NEW_ATTENDANCE,18815,Inserted inside the current SQL transaction.
PREVIEW_ROLLED_BACK,ATTENDANCE,CALTHORPE|ARTS|2025-12-02|1130|1230|CARD:376,NEW_ATTENDANCE,18816,Inserted inside the current SQL transaction.
PREVIEW_ROLLED_BACK,ATTENDANCE,CALTHORPE|ARTS|2025-12-02|1130|1230|CARD:411,NEW_ATTENDANCE,18817,Inserted inside the current SQL transaction.
PREVIEW_ROLLED_BACK,ATTENDANCE,CALTHORPE|ARTS|2025-12-02|1130|1230|CARD:638,NEW_ATTENDANCE,18818,Inserted inside the current SQL transaction.
PREVIEW_ROLLED_BACK,ATTENDANCE,CALTHORPE|ARTS|2025-12-02|1130|1230|CARD:657,NEW_ATTENDANCE,18819,Inserted inside the current SQL transaction.
PREVIEW_ROLLED_BACK,ATTENDANCE,CALTHORPE|STRENGTH & STRETCH|2025-12-02|1000|1100|CARD:386,NEW_ATTENDANCE,18820,Inserted inside the current SQL transaction.
PREVIEW_ROLLED_BACK,ATTENDANCE,CALTHORPE|STRENGTH & STRETCH|2025-12-02|1000|1100|CARD:388,NEW_ATTENDANCE,18821,Inserted inside the current SQL transaction.
PREVIEW_ROLLED_BACK,ATTENDANCE,CALTHORPE|STRENGTH & STRETCH|2025-12-02|1000|1100|CARD:391,NEW_ATTENDANCE,18822,Inserted inside the current SQL transaction.
PREVIEW_ROLLED_BACK,ATTENDANCE,CALTHORPE|STRENGTH & STRETCH|2025-12-02|1000|1100|CARD:396,NEW_ATTENDANCE,18823,Inserted inside the current SQL transaction.
PREVIEW_ROLLED_BACK,ATTENDANCE,CALTHORPE|STRENGTH & STRETCH|2025-12-02|1000|1100|CARD:407,NEW_ATTENDANCE,18824,Inserted inside the current SQL transaction.
PREVIEW_ROLLED_BACK,ATTENDANCE,CALTHORPE|STRENGTH & STRETCH|2025-12-02|1000|1100|CARD:410,NEW_ATTENDANCE,18825,Inserted inside the current SQL transaction.
PREVIEW_ROLLED_BACK,ATTENDANCE,CALTHORPE|STRENGTH & STRETCH|2025-12-02|1000|1100|CARD:411,NEW_ATTENDANCE,18826,Inserted inside the current SQL transaction.
PREVIEW_ROLLED_BACK,ATTENDANCE,CALTHORPE|STRENGTH & STRETCH|2025-12-02|1000|1100|CARD:416,NEW_ATTENDANCE,18827,Inserted inside the current SQL transaction.
PREVIEW_ROLLED_BACK,ATTENDANCE,CALTHORPE|STRENGTH & STRETCH|2025-12-02|1000|1100|CARD:429,NEW_ATTENDANCE,18828,Inserted inside the current SQL transaction.
PREVIEW_ROLLED_BACK,ATTENDANCE,CALTHORPE|STRENGTH & STRETCH|2025-12-02|1000|1100|CARD:504,NEW_ATTENDANCE,18829,Inserted inside the current SQL transaction.
PREVIEW_ROLLED_BACK,ATTENDANCE,CALTHORPE|STRENGTH & STRETCH|2025-12-02|1000|1100|CARD:515,NEW_ATTENDANCE,18830,Inserted inside the current SQL transaction.
PREVIEW_ROLLED_BACK,ATTENDANCE,CALTHORPE|STRENGTH & STRETCH|2025-12-02|1000|1100|CARD:596,NEW_ATTENDANCE,18831,Inserted inside the current SQL transaction.
PREVIEW_ROLLED_BACK,ATTENDANCE,CALTHORPE|STRENGTH & STRETCH|2025-12-02|1000|1100|CARD:698,NEW_ATTENDANCE,18832,Inserted inside the current SQL transaction.
PREVIEW_ROLLED_BACK,ATTENDANCE,CALTHORPE|STRENGTH & STRETCH|2025-12-02|1000|1100|CARD:717,NEW_ATTENDANCE,18833,Inserted inside the current SQL transaction.
PREVIEW_ROLLED_BACK,ATTENDANCE,CALTHORPE|STRENGTH & STRETCH|2025-12-02|1000|1100|CARD:727,NEW_ATTENDANCE,18834,Inserted inside the current SQL transaction.
PREVIEW_ROLLED_BACK,ATTENDANCE,CALTHORPE|STRENGTH & STRETCH|2025-12-02|1000|1100|CARD:770,NEW_ATTENDANCE,18835,Inserted inside the current SQL transaction.
PREVIEW_ROLLED_BACK,ATTENDANCE,CALTHORPE|STRENGTH & STRETCH|2025-12-02|1000|1100|CARD:780,NEW_ATTENDANCE,18836,Inserted inside the current SQL transaction.
PREVIEW_ROLLED_BACK,ATTENDANCE,CALTHORPE|YOGA|2025-12-02|1715|1815|CARD:269,NEW_ATTENDANCE,18837,Inserted inside the current SQL transaction.
PREVIEW_ROLLED_BACK,ATTENDANCE,CALTHORPE|YOGA|2025-12-02|1715|1815|CARD:270,NEW_ATTENDANCE,18838,Inserted inside the current SQL transaction.
PREVIEW_ROLLED_BACK,ATTENDANCE,CALTHORPE|YOGA|2025-12-02|1715|1815|CARD:334,NEW_ATTENDANCE,18839,Inserted inside the current SQL transaction.
PREVIEW_ROLLED_BACK,ATTENDANCE,CALTHORPE|YOGA|2025-12-02|1715|1815|CARD:369,NEW_ATTENDANCE,18840,Inserted inside the current SQL transaction.
PREVIEW_ROLLED_BACK,ATTENDANCE,CALTHORPE|YOGA|2025-12-02|1715|1815|CARD:429,NEW_ATTENDANCE,18841,Inserted inside the current SQL transaction.
PREVIEW_ROLLED_BACK,ATTENDANCE,CALTHORPE|YOGA|2025-12-02|1715|1815|CARD:450,NEW_ATTENDANCE,18842,Inserted inside the current SQL transaction.
PREVIEW_ROLLED_BACK,ATTENDANCE,CALTHORPE|YOGA|2025-12-02|1715|1815|CARD:451,NEW_ATTENDANCE,18843,Inserted inside the current SQL transaction.
PREVIEW_ROLLED_BACK,ATTENDANCE,CALTHORPE|YOGA|2025-12-02|1715|1815|CARD:625,NEW_ATTENDANCE,18844,Inserted inside the current SQL transaction.
PREVIEW_ROLLED_BACK,ATTENDANCE,CALTHORPE|YOGA|2025-12-02|1715|1815|CARD:691,NEW_ATTENDANCE,18845,Inserted inside the current SQL transaction.
PREVIEW_ROLLED_BACK,ATTENDANCE,CALTHORPE|YOGA|2025-12-02|1715|1815|CARD:717,NEW_ATTENDANCE,18846,Inserted inside the current SQL transaction.
PREVIEW_ROLLED_BACK,ATTENDANCE,CALTHORPE|YOGA|2025-12-02|1715|1815|CARD:722,NEW_ATTENDANCE,18847,Inserted inside the current SQL transaction.
PREVIEW_ROLLED_BACK,ATTENDANCE,CALTHORPE|YOGA|2025-12-02|1715|1815|CARD:727,NEW_ATTENDANCE,18848,Inserted inside the current SQL transaction.
PREVIEW_ROLLED_BACK,ATTENDANCE,CALTHORPE|YOGA|2025-12-02|1715|1815|CARD:784,NEW_ATTENDANCE,18849,Inserted inside the current SQL transaction.
PREVIEW_ROLLED_BACK,ATTENDANCE,CALTHORPE|YOGA|2025-12-02|1715|1815|NAME:rushsar,NEW_ATTENDANCE,18850,Inserted inside the current SQL transaction.
PREVIEW_ROLLED_BACK,ATTENDANCE,CALTHORPE|ARTS|2025-12-03|1215|1315|CARD:397,NEW_ATTENDANCE,18851,Inserted inside the current SQL transaction.
PREVIEW_ROLLED_BACK,ATTENDANCE,CALTHORPE|ARTS|2025-12-03|1215|1315|CARD:416,NEW_ATTENDANCE,18852,Inserted inside the current SQL transaction.
PREVIEW_ROLLED_BACK,ATTENDANCE,CALTHORPE|ARTS|2025-12-03|1215|1315|CARD:444,NEW_ATTENDANCE,18853,Inserted inside the current SQL transaction.
PREVIEW_ROLLED_BACK,ATTENDANCE,CALTHORPE|ARTS|2025-12-03|1215|1315|CARD:638,NEW_ATTENDANCE,18854,Inserted inside the current SQL transaction.
PREVIEW_ROLLED_BACK,ATTENDANCE,CALTHORPE|ARTS|2025-12-03|1215|1315|CARD:658,NEW_ATTENDANCE,18855,Inserted inside the current SQL transaction.
PREVIEW_ROLLED_BACK,ATTENDANCE,CALTHORPE|ARTS|2025-12-03|1215|1315|CARD:691,NEW_ATTENDANCE,18856,Inserted inside the current SQL transaction.
PREVIEW_ROLLED_BACK,ATTENDANCE,CALTHORPE|ARTS|2025-12-03|1215|1315|CARD:801,NEW_ATTENDANCE,18857,Inserted inside the current SQL transaction.
PREVIEW_ROLLED_BACK,ATTENDANCE,CALTHORPE|ARTS|2025-12-03|1215|1315|CARD:802,NEW_ATTENDANCE,18858,Inserted inside the current SQL transaction.
PREVIEW_ROLLED_BACK,ATTENDANCE,CALTHORPE|ESOL|2025-12-03|0930|1030|CARD:452,NEW_ATTENDANCE,18859,Inserted inside the current SQL transaction.
PREVIEW_ROLLED_BACK,ATTENDANCE,CALTHORPE|ESOL|2025-12-03|0930|1030|CARD:455,NEW_ATTENDANCE,18860,Inserted inside the current SQL transaction.
PREVIEW_ROLLED_BACK,ATTENDANCE,CALTHORPE|ESOL|2025-12-03|0930|1030|CARD:457,NEW_ATTENDANCE,18861,Inserted inside the current SQL transaction.
PREVIEW_ROLLED_BACK,ATTENDANCE,CALTHORPE|ESOL|2025-12-03|0930|1030|CARD:458,NEW_ATTENDANCE,18862,Inserted inside the current SQL transaction.
PREVIEW_ROLLED_BACK,ATTENDANCE,CALTHORPE|ESOL|2025-12-03|0930|1030|CARD:459,NEW_ATTENDANCE,18863,Inserted inside the current SQL transaction.
PREVIEW_ROLLED_BACK,ATTENDANCE,CALTHORPE|ESOL|2025-12-03|0930|1030|CARD:462,NEW_ATTENDANCE,18864,Inserted inside the current SQL transaction.
PREVIEW_ROLLED_BACK,ATTENDANCE,CALTHORPE|ESOL|2025-12-03|0930|1030|CARD:516,NEW_ATTENDANCE,18865,Inserted inside the current SQL transaction.
PREVIEW_ROLLED_BACK,ATTENDANCE,CALTHORPE|ESOL|2025-12-03|0930|1030|CARD:647,NEW_ATTENDANCE,18866,Inserted inside the current SQL transaction.
PREVIEW_ROLLED_BACK,ATTENDANCE,CALTHORPE|ESOL|2025-12-03|0930|1030|CARD:672,NEW_ATTENDANCE,18867,Inserted inside the current SQL transaction.
PREVIEW_ROLLED_BACK,ATTENDANCE,CALTHORPE|ESOL|2025-12-03|0930|1030|CARD:673,NEW_ATTENDANCE,18868,Inserted inside the current SQL transaction.
PREVIEW_ROLLED_BACK,ATTENDANCE,CALTHORPE|ESOL|2025-12-03|0930|1030|CARD:709,NEW_ATTENDANCE,18869,Inserted inside the current SQL transaction.
PREVIEW_ROLLED_BACK,ATTENDANCE,CALTHORPE|ESOL|2025-12-03|0930|1030|CARD:715,NEW_ATTENDANCE,18870,Inserted inside the current SQL transaction.
PREVIEW_ROLLED_BACK,ATTENDANCE,CALTHORPE|ESOL|2025-12-03|0930|1030|CARD:727,NEW_ATTENDANCE,18871,Inserted inside the current SQL transaction.
PREVIEW_ROLLED_BACK,ATTENDANCE,CALTHORPE|ESOL|2025-12-03|0930|1030|CARD:754,NEW_ATTENDANCE,18872,Inserted inside the current SQL transaction.
PREVIEW_ROLLED_BACK,ATTENDANCE,CALTHORPE|ESOL|2025-12-03|0930|1030|CARD:785,NEW_ATTENDANCE,18873,Inserted inside the current SQL transaction.
PREVIEW_ROLLED_BACK,ATTENDANCE,CALTHORPE|ESOL|2025-12-03|0930|1030|CARD:803,NEW_ATTENDANCE,18874,Inserted inside the current SQL transaction.
PREVIEW_ROLLED_BACK,ATTENDANCE,CALTHORPE|ESOL|2025-12-03|0930|1030|CARD:994,NEW_ATTENDANCE,18875,Inserted inside the current SQL transaction.
PREVIEW_ROLLED_BACK,ATTENDANCE,CALTHORPE|ESOL|2025-12-03|0930|1030|NAME:4466137 sageya,NEW_ATTENDANCE,18876,Inserted inside the current SQL transaction.
PREVIEW_ROLLED_BACK,ATTENDANCE,CALTHORPE|SALSA/BELLY DANCING|2025-12-03|1100|1200|CARD:397,NEW_ATTENDANCE,18877,Inserted inside the current SQL transaction.
PREVIEW_ROLLED_BACK,ATTENDANCE,CALTHORPE|SALSA/BELLY DANCING|2025-12-03|1100|1200|CARD:416,NEW_ATTENDANCE,18878,Inserted inside the current SQL transaction.
PREVIEW_ROLLED_BACK,ATTENDANCE,CALTHORPE|SALSA/BELLY DANCING|2025-12-03|1100|1200|CARD:441,NEW_ATTENDANCE,18879,Inserted inside the current SQL transaction.
PREVIEW_ROLLED_BACK,ATTENDANCE,CALTHORPE|SALSA/BELLY DANCING|2025-12-03|1100|1200|CARD:638,NEW_ATTENDANCE,18880,Inserted inside the current SQL transaction.
PREVIEW_ROLLED_BACK,ATTENDANCE,CALTHORPE|SALSA/BELLY DANCING|2025-12-03|1100|1200|CARD:658,NEW_ATTENDANCE,18881,Inserted inside the current SQL transaction.
PREVIEW_ROLLED_BACK,ATTENDANCE,CALTHORPE|SALSA/BELLY DANCING|2025-12-03|1100|1200|CARD:691,NEW_ATTENDANCE,18882,Inserted inside the current SQL transaction.
PREVIEW_ROLLED_BACK,ATTENDANCE,CALTHORPE|SALSA/BELLY DANCING|2025-12-03|1100|1200|CARD:786,NEW_ATTENDANCE,18883,Inserted inside the current SQL transaction.
PREVIEW_ROLLED_BACK,ATTENDANCE,CALTHORPE|SALSA/BELLY DANCING|2025-12-03|1100|1200|CARD:824,NEW_ATTENDANCE,18884,Inserted inside the current SQL transaction.
PREVIEW_ROLLED_BACK,ATTENDANCE,CALTHORPE|SALSA/BELLY DANCING|2025-12-03|1100|1200|NAME:nasra h,NEW_ATTENDANCE,18885,Inserted inside the current SQL transaction.
PREVIEW_ROLLED_BACK,ATTENDANCE,CALTHORPE|CHAIR BASED EXERCISE|2025-12-04|1145|1230|CARD:380,NEW_ATTENDANCE,18886,Inserted inside the current SQL transaction.
PREVIEW_ROLLED_BACK,ATTENDANCE,CALTHORPE|CHAIR BASED EXERCISE|2025-12-04|1145|1230|CARD:410,NEW_ATTENDANCE,18887,Inserted inside the current SQL transaction.
PREVIEW_ROLLED_BACK,ATTENDANCE,CALTHORPE|CHAIR BASED EXERCISE|2025-12-04|1145|1230|CARD:415,NEW_ATTENDANCE,18888,Inserted inside the current SQL transaction.
PREVIEW_ROLLED_BACK,ATTENDANCE,CALTHORPE|CHAIR BASED EXERCISE|2025-12-04|1145|1230|CARD:416,NEW_ATTENDANCE,18889,Inserted inside the current SQL transaction.
PREVIEW_ROLLED_BACK,ATTENDANCE,CALTHORPE|CHAIR BASED EXERCISE|2025-12-04|1145|1230|CARD:418,NEW_ATTENDANCE,18890,Inserted inside the current SQL transaction.
PREVIEW_ROLLED_BACK,ATTENDANCE,CALTHORPE|CHAIR BASED EXERCISE|2025-12-04|1145|1230|CARD:444,NEW_ATTENDANCE,18891,Inserted inside the current SQL transaction.
PREVIEW_ROLLED_BACK,ATTENDANCE,CALTHORPE|CHAIR BASED EXERCISE|2025-12-04|1145|1230|CARD:474,NEW_ATTENDANCE,18892,Inserted inside the current SQL transaction.
PREVIEW_ROLLED_BACK,ATTENDANCE,CALTHORPE|CHAIR BASED EXERCISE|2025-12-04|1145|1230|CARD:485,NEW_ATTENDANCE,18893,Inserted inside the current SQL transaction.
PREVIEW_ROLLED_BACK,ATTENDANCE,CALTHORPE|CHAIR BASED EXERCISE|2025-12-04|1145|1230|CARD:493,NEW_ATTENDANCE,18894,Inserted inside the current SQL transaction.
PREVIEW_ROLLED_BACK,ATTENDANCE,CALTHORPE|CHAIR BASED EXERCISE|2025-12-04|1145|1230|CARD:594,NEW_ATTENDANCE,18895,Inserted inside the current SQL transaction.
PREVIEW_ROLLED_BACK,ATTENDANCE,CALTHORPE|CHAIR BASED EXERCISE|2025-12-04|1145|1230|CARD:620,NEW_ATTENDANCE,18896,Inserted inside the current SQL transaction.
PREVIEW_ROLLED_BACK,ATTENDANCE,CALTHORPE|CHAIR BASED EXERCISE|2025-12-04|1145|1230|CARD:631,NEW_ATTENDANCE,18897,Inserted inside the current SQL transaction.
PREVIEW_ROLLED_BACK,ATTENDANCE,CALTHORPE|CHAIR BASED EXERCISE|2025-12-04|1145|1230|CARD:638,NEW_ATTENDANCE,18898,Inserted inside the current SQL transaction.
PREVIEW_ROLLED_BACK,ATTENDANCE,CALTHORPE|CHAIR BASED EXERCISE|2025-12-04|1145|1230|CARD:640,NEW_ATTENDANCE,18899,Inserted inside the current SQL transaction.
PREVIEW_ROLLED_BACK,ATTENDANCE,CALTHORPE|CHAIR BASED EXERCISE|2025-12-04|1145|1230|CARD:647,NEW_ATTENDANCE,18900,Inserted inside the current SQL transaction.
PREVIEW_ROLLED_BACK,ATTENDANCE,CALTHORPE|CHAIR BASED EXERCISE|2025-12-04|1145|1230|CARD:656,NEW_ATTENDANCE,18901,Inserted inside the current SQL transaction.
PREVIEW_ROLLED_BACK,ATTENDANCE,CALTHORPE|CHAIR BASED EXERCISE|2025-12-04|1145|1230|CARD:692,NEW_ATTENDANCE,18902,Inserted inside the current SQL transaction.
PREVIEW_ROLLED_BACK,ATTENDANCE,CALTHORPE|CHAIR BASED EXERCISE|2025-12-04|1145|1230|CARD:767,NEW_ATTENDANCE,18903,Inserted inside the current SQL transaction.
PREVIEW_ROLLED_BACK,ATTENDANCE,CALTHORPE|CHAIR BASED EXERCISE|2025-12-04|1145|1230|CARD:866,NEW_ATTENDANCE,18904,Inserted inside the current SQL transaction.
PREVIEW_ROLLED_BACK,ATTENDANCE,CALTHORPE|CIRCUIT TRAINING|2025-12-04|0930|1015|CARD:390,NEW_ATTENDANCE,18905,Inserted inside the current SQL transaction.
PREVIEW_ROLLED_BACK,ATTENDANCE,CALTHORPE|CIRCUIT TRAINING|2025-12-04|0930|1015|CARD:398,NEW_ATTENDANCE,18906,Inserted inside the current SQL transaction.
PREVIEW_ROLLED_BACK,ATTENDANCE,CALTHORPE|CIRCUIT TRAINING|2025-12-04|0930|1015|CARD:412,NEW_ATTENDANCE,18907,Inserted inside the current SQL transaction.
PREVIEW_ROLLED_BACK,ATTENDANCE,CALTHORPE|CIRCUIT TRAINING|2025-12-04|0930|1015|CARD:422,NEW_ATTENDANCE,18908,Inserted inside the current SQL transaction.
PREVIEW_ROLLED_BACK,ATTENDANCE,CALTHORPE|CIRCUIT TRAINING|2025-12-04|0930|1015|CARD:429,NEW_ATTENDANCE,18909,Inserted inside the current SQL transaction.
PREVIEW_ROLLED_BACK,ATTENDANCE,CALTHORPE|CIRCUIT TRAINING|2025-12-04|0930|1015|CARD:470,NEW_ATTENDANCE,18910,Inserted inside the current SQL transaction.
PREVIEW_ROLLED_BACK,ATTENDANCE,CALTHORPE|CIRCUIT TRAINING|2025-12-04|0930|1015|CARD:515,NEW_ATTENDANCE,18911,Inserted inside the current SQL transaction.
PREVIEW_ROLLED_BACK,ATTENDANCE,CALTHORPE|CIRCUIT TRAINING|2025-12-04|0930|1015|CARD:593,NEW_ATTENDANCE,18912,Inserted inside the current SQL transaction.
PREVIEW_ROLLED_BACK,ATTENDANCE,CALTHORPE|CIRCUIT TRAINING|2025-12-04|0930|1015|CARD:596,NEW_ATTENDANCE,18913,Inserted inside the current SQL transaction.
PREVIEW_ROLLED_BACK,ATTENDANCE,CALTHORPE|CIRCUIT TRAINING|2025-12-04|0930|1015|CARD:650,NEW_ATTENDANCE,18914,Inserted inside the current SQL transaction.
PREVIEW_ROLLED_BACK,ATTENDANCE,CALTHORPE|CIRCUIT TRAINING|2025-12-04|0930|1015|CARD:690,NEW_ATTENDANCE,18915,Inserted inside the current SQL transaction.
PREVIEW_ROLLED_BACK,ATTENDANCE,CALTHORPE|CIRCUIT TRAINING|2025-12-04|0930|1015|CARD:698,NEW_ATTENDANCE,18916,Inserted inside the current SQL transaction.
PREVIEW_ROLLED_BACK,ATTENDANCE,CALTHORPE|CIRCUIT TRAINING|2025-12-04|0930|1015|CARD:699,NEW_ATTENDANCE,18917,Inserted inside the current SQL transaction.
PREVIEW_ROLLED_BACK,ATTENDANCE,CALTHORPE|CIRCUIT TRAINING|2025-12-04|0930|1015|CARD:767,NEW_ATTENDANCE,18918,Inserted inside the current SQL transaction.
PREVIEW_ROLLED_BACK,ATTENDANCE,CALTHORPE|CIRCUIT TRAINING|2025-12-04|0930|1015|CARD:770,NEW_ATTENDANCE,18919,Inserted inside the current SQL transaction.
PREVIEW_ROLLED_BACK,ATTENDANCE,CALTHORPE|CIRCUIT TRAINING|2025-12-04|0930|1015|CARD:780,NEW_ATTENDANCE,18920,Inserted inside the current SQL transaction.
PREVIEW_ROLLED_BACK,ATTENDANCE,CALTHORPE|CIRCUIT TRAINING|2025-12-04|0930|1015|NAME:sara,NEW_ATTENDANCE,18921,Inserted inside the current SQL transaction.
PREVIEW_ROLLED_BACK,ATTENDANCE,CALTHORPE|CROCHET|2025-12-04|1245|1430|CARD:396,NEW_ATTENDANCE,18922,Inserted inside the current SQL transaction.
PREVIEW_ROLLED_BACK,ATTENDANCE,CALTHORPE|CROCHET|2025-12-04|1245|1430|CARD:416,NEW_ATTENDANCE,18923,Inserted inside the current SQL transaction.
PREVIEW_ROLLED_BACK,ATTENDANCE,CALTHORPE|CROCHET|2025-12-04|1245|1430|CARD:424,NEW_ATTENDANCE,18924,Inserted inside the current SQL transaction.
PREVIEW_ROLLED_BACK,ATTENDANCE,CALTHORPE|CROCHET|2025-12-04|1245|1430|CARD:638,NEW_ATTENDANCE,18925,Inserted inside the current SQL transaction.
PREVIEW_ROLLED_BACK,ATTENDANCE,CALTHORPE|CROCHET|2025-12-04|1245|1430|CARD:640,NEW_ATTENDANCE,18926,Inserted inside the current SQL transaction.
PREVIEW_ROLLED_BACK,ATTENDANCE,CALTHORPE|CROCHET|2025-12-04|1245|1430|CARD:708,NEW_ATTENDANCE,18927,Inserted inside the current SQL transaction.
PREVIEW_ROLLED_BACK,ATTENDANCE,CALTHORPE|CROCHET|2025-12-04|1245|1430|CARD:763,NEW_ATTENDANCE,18928,Inserted inside the current SQL transaction.
PREVIEW_ROLLED_BACK,ATTENDANCE,CALTHORPE|BODY CONDITIONING|2025-12-05|1145|1230|CARD:126,NEW_ATTENDANCE,18929,Inserted inside the current SQL transaction.
PREVIEW_ROLLED_BACK,ATTENDANCE,CALTHORPE|BODY CONDITIONING|2025-12-05|1145|1230|CARD:346,NEW_ATTENDANCE,18930,Inserted inside the current SQL transaction.
PREVIEW_ROLLED_BACK,ATTENDANCE,CALTHORPE|BODY CONDITIONING|2025-12-05|1145|1230|CARD:384,NEW_ATTENDANCE,18931,Inserted inside the current SQL transaction.
PREVIEW_ROLLED_BACK,ATTENDANCE,CALTHORPE|BODY CONDITIONING|2025-12-05|1145|1230|CARD:410,NEW_ATTENDANCE,18932,Inserted inside the current SQL transaction.
PREVIEW_ROLLED_BACK,ATTENDANCE,CALTHORPE|BODY CONDITIONING|2025-12-05|1145|1230|CARD:470,NEW_ATTENDANCE,18933,Inserted inside the current SQL transaction.
PREVIEW_ROLLED_BACK,ATTENDANCE,CALTHORPE|BODY CONDITIONING|2025-12-05|1145|1230|CARD:511,NEW_ATTENDANCE,18934,Inserted inside the current SQL transaction.
PREVIEW_ROLLED_BACK,ATTENDANCE,CALTHORPE|BODY CONDITIONING|2025-12-05|1145|1230|CARD:557,NEW_ATTENDANCE,18935,Inserted inside the current SQL transaction.
PREVIEW_ROLLED_BACK,ATTENDANCE,CALTHORPE|BODY CONDITIONING|2025-12-05|1145|1230|CARD:568,NEW_ATTENDANCE,18936,Inserted inside the current SQL transaction.
PREVIEW_ROLLED_BACK,ATTENDANCE,CALTHORPE|BODY CONDITIONING|2025-12-05|1145|1230|CARD:602,NEW_ATTENDANCE,18937,Inserted inside the current SQL transaction.
PREVIEW_ROLLED_BACK,ATTENDANCE,CALTHORPE|BODY CONDITIONING|2025-12-05|1145|1230|CARD:625,NEW_ATTENDANCE,18938,Inserted inside the current SQL transaction.
PREVIEW_ROLLED_BACK,ATTENDANCE,CALTHORPE|BODY CONDITIONING|2025-12-05|1145|1230|CARD:691,NEW_ATTENDANCE,18939,Inserted inside the current SQL transaction.
PREVIEW_ROLLED_BACK,ATTENDANCE,CALTHORPE|BODY CONDITIONING|2025-12-05|1145|1230|CARD:692,NEW_ATTENDANCE,18940,Inserted inside the current SQL transaction.
PREVIEW_ROLLED_BACK,ATTENDANCE,CALTHORPE|BODY CONDITIONING|2025-12-05|1145|1230|CARD:700,NEW_ATTENDANCE,18941,Inserted inside the current SQL transaction.
PREVIEW_ROLLED_BACK,ATTENDANCE,CALTHORPE|BODY CONDITIONING|2025-12-05|1145|1230|CARD:742,NEW_ATTENDANCE,18942,Inserted inside the current SQL transaction.
PREVIEW_ROLLED_BACK,ATTENDANCE,CALTHORPE|ESOL|2025-12-05|0930|1030|CARD:375,NEW_ATTENDANCE,18943,Inserted inside the current SQL transaction.
PREVIEW_ROLLED_BACK,ATTENDANCE,CALTHORPE|ESOL|2025-12-05|0930|1030|CARD:449,NEW_ATTENDANCE,18944,Inserted inside the current SQL transaction.
PREVIEW_ROLLED_BACK,ATTENDANCE,CALTHORPE|ESOL|2025-12-05|0930|1030|CARD:455,NEW_ATTENDANCE,18945,Inserted inside the current SQL transaction.
PREVIEW_ROLLED_BACK,ATTENDANCE,CALTHORPE|ESOL|2025-12-05|0930|1030|CARD:458,NEW_ATTENDANCE,18946,Inserted inside the current SQL transaction.
PREVIEW_ROLLED_BACK,ATTENDANCE,CALTHORPE|ESOL|2025-12-05|0930|1030|CARD:462,NEW_ATTENDANCE,18947,Inserted inside the current SQL transaction.
PREVIEW_ROLLED_BACK,ATTENDANCE,CALTHORPE|ESOL|2025-12-05|0930|1030|CARD:516,NEW_ATTENDANCE,18948,Inserted inside the current SQL transaction.
PREVIEW_ROLLED_BACK,ATTENDANCE,CALTHORPE|ESOL|2025-12-05|0930|1030|CARD:647,NEW_ATTENDANCE,18949,Inserted inside the current SQL transaction.
PREVIEW_ROLLED_BACK,ATTENDANCE,CALTHORPE|ESOL|2025-12-05|0930|1030|CARD:672,NEW_ATTENDANCE,18950,Inserted inside the current SQL transaction.
PREVIEW_ROLLED_BACK,ATTENDANCE,CALTHORPE|ESOL|2025-12-05|0930|1030|CARD:673,NEW_ATTENDANCE,18951,Inserted inside the current SQL transaction.
PREVIEW_ROLLED_BACK,ATTENDANCE,CALTHORPE|ESOL|2025-12-05|0930|1030|CARD:779,NEW_ATTENDANCE,18952,Inserted inside the current SQL transaction.
PREVIEW_ROLLED_BACK,ATTENDANCE,CALTHORPE|ESOL|2025-12-05|0930|1030|CARD:994,NEW_ATTENDANCE,18953,Inserted inside the current SQL transaction.
PREVIEW_ROLLED_BACK,ATTENDANCE,CALTHORPE|PILATES|2025-12-05|1245|1330|CARD:410,NEW_ATTENDANCE,18954,Inserted inside the current SQL transaction.
PREVIEW_ROLLED_BACK,ATTENDANCE,CALTHORPE|PILATES|2025-12-05|1245|1330|CARD:486,NEW_ATTENDANCE,18955,Inserted inside the current SQL transaction.
PREVIEW_ROLLED_BACK,ATTENDANCE,CALTHORPE|PILATES|2025-12-05|1245|1330|CARD:691,NEW_ATTENDANCE,18956,Inserted inside the current SQL transaction.
PREVIEW_ROLLED_BACK,ATTENDANCE,CALTHORPE|PILATES|2025-12-05|1245|1330|CARD:707,NEW_ATTENDANCE,18957,Inserted inside the current SQL transaction.
PREVIEW_ROLLED_BACK,ATTENDANCE,CALTHORPE|PILATES|2025-12-05|1245|1330|CARD:784,NEW_ATTENDANCE,18958,Inserted inside the current SQL transaction.
PREVIEW_ROLLED_BACK,ATTENDANCE,CALTHORPE|CHAIR BASED EXERCISE|2025-12-08|1100|1145|CARD:380,NEW_ATTENDANCE,18959,Inserted inside the current SQL transaction.
PREVIEW_ROLLED_BACK,ATTENDANCE,CALTHORPE|CHAIR BASED EXERCISE|2025-12-08|1100|1145|CARD:416,NEW_ATTENDANCE,18960,Inserted inside the current SQL transaction.
PREVIEW_ROLLED_BACK,ATTENDANCE,CALTHORPE|CHAIR BASED EXERCISE|2025-12-08|1100|1145|CARD:418,NEW_ATTENDANCE,18961,Inserted inside the current SQL transaction.
PREVIEW_ROLLED_BACK,ATTENDANCE,CALTHORPE|CHAIR BASED EXERCISE|2025-12-08|1100|1145|CARD:441,NEW_ATTENDANCE,18962,Inserted inside the current SQL transaction.
PREVIEW_ROLLED_BACK,ATTENDANCE,CALTHORPE|CHAIR BASED EXERCISE|2025-12-08|1100|1145|CARD:601,NEW_ATTENDANCE,18963,Inserted inside the current SQL transaction.
PREVIEW_ROLLED_BACK,ATTENDANCE,CALTHORPE|CHAIR BASED EXERCISE|2025-12-08|1100|1145|CARD:638,NEW_ATTENDANCE,18964,Inserted inside the current SQL transaction.
PREVIEW_ROLLED_BACK,ATTENDANCE,CALTHORPE|CHAIR BASED EXERCISE|2025-12-08|1100|1145|CARD:642,NEW_ATTENDANCE,18965,Inserted inside the current SQL transaction.
PREVIEW_ROLLED_BACK,ATTENDANCE,CALTHORPE|CHAIR BASED EXERCISE|2025-12-08|1100|1145|CARD:806,NEW_ATTENDANCE,18966,Inserted inside the current SQL transaction.
PREVIEW_ROLLED_BACK,ATTENDANCE,CALTHORPE|CHAIR BASED EXERCISE|2025-12-08|1100|1145|NAME:sherina chabiebi,NEW_ATTENDANCE,18967,Inserted inside the current SQL transaction.
PREVIEW_ROLLED_BACK,ATTENDANCE,CALTHORPE|CROCHET|2025-12-08|1215|1415|CARD:416,NEW_ATTENDANCE,18968,Inserted inside the current SQL transaction.
PREVIEW_ROLLED_BACK,ATTENDANCE,CALTHORPE|CROCHET|2025-12-08|1215|1415|CARD:418,NEW_ATTENDANCE,18969,Inserted inside the current SQL transaction.
PREVIEW_ROLLED_BACK,ATTENDANCE,CALTHORPE|CROCHET|2025-12-08|1215|1415|CARD:430,NEW_ATTENDANCE,18970,Inserted inside the current SQL transaction.
PREVIEW_ROLLED_BACK,ATTENDANCE,CALTHORPE|CROCHET|2025-12-08|1215|1415|CARD:468,NEW_ATTENDANCE,18971,Inserted inside the current SQL transaction.
PREVIEW_ROLLED_BACK,ATTENDANCE,CALTHORPE|CROCHET|2025-12-08|1215|1415|CARD:493,NEW_ATTENDANCE,18972,Inserted inside the current SQL transaction.
PREVIEW_ROLLED_BACK,ATTENDANCE,CALTHORPE|CROCHET|2025-12-08|1215|1415|CARD:586,NEW_ATTENDANCE,18973,Inserted inside the current SQL transaction.
PREVIEW_ROLLED_BACK,ATTENDANCE,CALTHORPE|CROCHET|2025-12-08|1215|1415|CARD:613,NEW_ATTENDANCE,18974,Inserted inside the current SQL transaction.
PREVIEW_ROLLED_BACK,ATTENDANCE,CALTHORPE|CROCHET|2025-12-08|1215|1415|CARD:638,NEW_ATTENDANCE,18975,Inserted inside the current SQL transaction.
PREVIEW_ROLLED_BACK,ATTENDANCE,CALTHORPE|HIIT|2025-12-08|1000|1045|CARD:373,NEW_ATTENDANCE,18976,Inserted inside the current SQL transaction.
PREVIEW_ROLLED_BACK,ATTENDANCE,CALTHORPE|HIIT|2025-12-08|1000|1045|CARD:406,NEW_ATTENDANCE,18977,Inserted inside the current SQL transaction.
PREVIEW_ROLLED_BACK,ATTENDANCE,CALTHORPE|HIIT|2025-12-08|1000|1045|CARD:411,NEW_ATTENDANCE,18978,Inserted inside the current SQL transaction.
PREVIEW_ROLLED_BACK,ATTENDANCE,CALTHORPE|HIIT|2025-12-08|1000|1045|CARD:429,NEW_ATTENDANCE,18979,Inserted inside the current SQL transaction.
PREVIEW_ROLLED_BACK,ATTENDANCE,CALTHORPE|HIIT|2025-12-08|1000|1045|CARD:441,NEW_ATTENDANCE,18980,Inserted inside the current SQL transaction.
PREVIEW_ROLLED_BACK,ATTENDANCE,CALTHORPE|HIIT|2025-12-08|1000|1045|CARD:470,NEW_ATTENDANCE,18981,Inserted inside the current SQL transaction.
PREVIEW_ROLLED_BACK,ATTENDANCE,CALTHORPE|HIIT|2025-12-08|1000|1045|CARD:504,NEW_ATTENDANCE,18982,Inserted inside the current SQL transaction.
PREVIEW_ROLLED_BACK,ATTENDANCE,CALTHORPE|HIIT|2025-12-08|1000|1045|CARD:565,NEW_ATTENDANCE,18983,Inserted inside the current SQL transaction.
PREVIEW_ROLLED_BACK,ATTENDANCE,CALTHORPE|HIIT|2025-12-08|1000|1045|CARD:593,NEW_ATTENDANCE,18984,Inserted inside the current SQL transaction.
PREVIEW_ROLLED_BACK,ATTENDANCE,CALTHORPE|HIIT|2025-12-08|1000|1045|CARD:602,NEW_ATTENDANCE,18985,Inserted inside the current SQL transaction.
PREVIEW_ROLLED_BACK,ATTENDANCE,CALTHORPE|HIIT|2025-12-08|1000|1045|CARD:691,NEW_ATTENDANCE,18986,Inserted inside the current SQL transaction.
PREVIEW_ROLLED_BACK,ATTENDANCE,CALTHORPE|HIIT|2025-12-08|1000|1045|CARD:770,NEW_ATTENDANCE,18987,Inserted inside the current SQL transaction.
PREVIEW_ROLLED_BACK,ATTENDANCE,CALTHORPE|HIIT|2025-12-08|1000|1045|CARD:780,NEW_ATTENDANCE,18988,Inserted inside the current SQL transaction.
PREVIEW_ROLLED_BACK,ATTENDANCE,CALTHORPE|HIIT|2025-12-08|1000|1045|CARD:798,NEW_ATTENDANCE,18989,Inserted inside the current SQL transaction.
PREVIEW_ROLLED_BACK,ATTENDANCE,CALTHORPE|HIIT|2025-12-08|1000|1045|CARD:815,NEW_ATTENDANCE,18990,Inserted inside the current SQL transaction.
PREVIEW_ROLLED_BACK,ATTENDANCE,CALTHORPE|HIIT|2025-12-08|1000|1045|NAME:interther,NEW_ATTENDANCE,18991,Inserted inside the current SQL transaction.
PREVIEW_ROLLED_BACK,ATTENDANCE,CALTHORPE|ARTS|2025-12-09|1130|1230|CARD:380,NEW_ATTENDANCE,18992,Inserted inside the current SQL transaction.
PREVIEW_ROLLED_BACK,ATTENDANCE,CALTHORPE|ARTS|2025-12-09|1130|1230|CARD:411,NEW_ATTENDANCE,18993,Inserted inside the current SQL transaction.
PREVIEW_ROLLED_BACK,ATTENDANCE,CALTHORPE|ARTS|2025-12-09|1130|1230|CARD:586,NEW_ATTENDANCE,18994,Inserted inside the current SQL transaction.
PREVIEW_ROLLED_BACK,ATTENDANCE,CALTHORPE|ARTS|2025-12-09|1130|1230|CARD:634,NEW_ATTENDANCE,18995,Inserted inside the current SQL transaction.
PREVIEW_ROLLED_BACK,ATTENDANCE,CALTHORPE|ARTS|2025-12-09|1130|1230|CARD:638,NEW_ATTENDANCE,18996,Inserted inside the current SQL transaction.
PREVIEW_ROLLED_BACK,ATTENDANCE,CALTHORPE|STRENGTH & STRETCH|2025-12-09|1000|1100|CARD:157,NEW_ATTENDANCE,18997,Inserted inside the current SQL transaction.
PREVIEW_ROLLED_BACK,ATTENDANCE,CALTHORPE|STRENGTH & STRETCH|2025-12-09|1000|1100|CARD:386,NEW_ATTENDANCE,18998,Inserted inside the current SQL transaction.
PREVIEW_ROLLED_BACK,ATTENDANCE,CALTHORPE|STRENGTH & STRETCH|2025-12-09|1000|1100|CARD:388,NEW_ATTENDANCE,18999,Inserted inside the current SQL transaction.
PREVIEW_ROLLED_BACK,ATTENDANCE,CALTHORPE|STRENGTH & STRETCH|2025-12-09|1000|1100|CARD:390,NEW_ATTENDANCE,19000,Inserted inside the current SQL transaction.
PREVIEW_ROLLED_BACK,ATTENDANCE,CALTHORPE|STRENGTH & STRETCH|2025-12-09|1000|1100|CARD:396,NEW_ATTENDANCE,19001,Inserted inside the current SQL transaction.
PREVIEW_ROLLED_BACK,ATTENDANCE,CALTHORPE|STRENGTH & STRETCH|2025-12-09|1000|1100|CARD:406,NEW_ATTENDANCE,19002,Inserted inside the current SQL transaction.
PREVIEW_ROLLED_BACK,ATTENDANCE,CALTHORPE|STRENGTH & STRETCH|2025-12-09|1000|1100|CARD:407,NEW_ATTENDANCE,19003,Inserted inside the current SQL transaction.
PREVIEW_ROLLED_BACK,ATTENDANCE,CALTHORPE|STRENGTH & STRETCH|2025-12-09|1000|1100|CARD:411,NEW_ATTENDANCE,19004,Inserted inside the current SQL transaction.
PREVIEW_ROLLED_BACK,ATTENDANCE,CALTHORPE|STRENGTH & STRETCH|2025-12-09|1000|1100|CARD:416,NEW_ATTENDANCE,19005,Inserted inside the current SQL transaction.
PREVIEW_ROLLED_BACK,ATTENDANCE,CALTHORPE|STRENGTH & STRETCH|2025-12-09|1000|1100|CARD:593,NEW_ATTENDANCE,19006,Inserted inside the current SQL transaction.
PREVIEW_ROLLED_BACK,ATTENDANCE,CALTHORPE|STRENGTH & STRETCH|2025-12-09|1000|1100|CARD:648,NEW_ATTENDANCE,19007,Inserted inside the current SQL transaction.
PREVIEW_ROLLED_BACK,ATTENDANCE,CALTHORPE|STRENGTH & STRETCH|2025-12-09|1000|1100|CARD:699,NEW_ATTENDANCE,19008,Inserted inside the current SQL transaction.
PREVIEW_ROLLED_BACK,ATTENDANCE,CALTHORPE|STRENGTH & STRETCH|2025-12-09|1000|1100|CARD:764,NEW_ATTENDANCE,19009,Inserted inside the current SQL transaction.
PREVIEW_ROLLED_BACK,ATTENDANCE,CALTHORPE|STRENGTH & STRETCH|2025-12-09|1000|1100|CARD:770,NEW_ATTENDANCE,19010,Inserted inside the current SQL transaction.
PREVIEW_ROLLED_BACK,ATTENDANCE,CALTHORPE|STRENGTH & STRETCH|2025-12-09|1000|1100|CARD:780,NEW_ATTENDANCE,19011,Inserted inside the current SQL transaction.
PREVIEW_ROLLED_BACK,ATTENDANCE,CALTHORPE|YOGA|2025-12-09|1715|1815|CARD:1269,NEW_ATTENDANCE,19012,Inserted inside the current SQL transaction.
PREVIEW_ROLLED_BACK,ATTENDANCE,CALTHORPE|YOGA|2025-12-09|1715|1815|CARD:1270,NEW_ATTENDANCE,19013,Inserted inside the current SQL transaction.
PREVIEW_ROLLED_BACK,ATTENDANCE,CALTHORPE|YOGA|2025-12-09|1715|1815|CARD:334,NEW_ATTENDANCE,19014,Inserted inside the current SQL transaction.
PREVIEW_ROLLED_BACK,ATTENDANCE,CALTHORPE|YOGA|2025-12-09|1715|1815|CARD:625,NEW_ATTENDANCE,19015,Inserted inside the current SQL transaction.
PREVIEW_ROLLED_BACK,ATTENDANCE,CALTHORPE|YOGA|2025-12-09|1715|1815|CARD:681,NEW_ATTENDANCE,19016,Inserted inside the current SQL transaction.
PREVIEW_ROLLED_BACK,ATTENDANCE,CALTHORPE|YOGA|2025-12-09|1715|1815|CARD:727,NEW_ATTENDANCE,19017,Inserted inside the current SQL transaction.
PREVIEW_ROLLED_BACK,ATTENDANCE,CALTHORPE|YOGA|2025-12-09|1715|1815|NAME:yvonne flinch,NEW_ATTENDANCE,19018,Inserted inside the current SQL transaction.
PREVIEW_ROLLED_BACK,ATTENDANCE,CALTHORPE|ESOL|2025-12-10|0930|1030|CARD:455,NEW_ATTENDANCE,19019,Inserted inside the current SQL transaction.
PREVIEW_ROLLED_BACK,ATTENDANCE,CALTHORPE|ESOL|2025-12-10|0930|1030|CARD:458,NEW_ATTENDANCE,19020,Inserted inside the current SQL transaction.
PREVIEW_ROLLED_BACK,ATTENDANCE,CALTHORPE|ESOL|2025-12-10|0930|1030|CARD:462,NEW_ATTENDANCE,19021,Inserted inside the current SQL transaction.
PREVIEW_ROLLED_BACK,ATTENDANCE,CALTHORPE|ESOL|2025-12-10|0930|1030|CARD:516,NEW_ATTENDANCE,19022,Inserted inside the current SQL transaction.
PREVIEW_ROLLED_BACK,ATTENDANCE,CALTHORPE|ESOL|2025-12-10|0930|1030|CARD:647,NEW_ATTENDANCE,19023,Inserted inside the current SQL transaction.
PREVIEW_ROLLED_BACK,ATTENDANCE,CALTHORPE|ESOL|2025-12-10|0930|1030|CARD:672,NEW_ATTENDANCE,19024,Inserted inside the current SQL transaction.
PREVIEW_ROLLED_BACK,ATTENDANCE,CALTHORPE|ESOL|2025-12-10|0930|1030|CARD:673,NEW_ATTENDANCE,19025,Inserted inside the current SQL transaction.
PREVIEW_ROLLED_BACK,ATTENDANCE,CALTHORPE|ESOL|2025-12-10|0930|1030|CARD:714,NEW_ATTENDANCE,19026,Inserted inside the current SQL transaction.
PREVIEW_ROLLED_BACK,ATTENDANCE,CALTHORPE|ESOL|2025-12-10|0930|1030|CARD:715,NEW_ATTENDANCE,19027,Inserted inside the current SQL transaction.
PREVIEW_ROLLED_BACK,ATTENDANCE,CALTHORPE|ESOL|2025-12-10|0930|1030|CARD:727,NEW_ATTENDANCE,19028,Inserted inside the current SQL transaction.
PREVIEW_ROLLED_BACK,ATTENDANCE,CALTHORPE|ESOL|2025-12-10|0930|1030|CARD:754,NEW_ATTENDANCE,19029,Inserted inside the current SQL transaction.
PREVIEW_ROLLED_BACK,ATTENDANCE,CALTHORPE|ESOL|2025-12-10|0930|1030|CARD:785,NEW_ATTENDANCE,19030,Inserted inside the current SQL transaction.
PREVIEW_ROLLED_BACK,ATTENDANCE,CALTHORPE|ESOL|2025-12-10|0930|1030|CARD:803,NEW_ATTENDANCE,19031,Inserted inside the current SQL transaction.
PREVIEW_ROLLED_BACK,ATTENDANCE,CALTHORPE|ESOL|2025-12-10|0930|1030|CARD:994,NEW_ATTENDANCE,19032,Inserted inside the current SQL transaction.
PREVIEW_ROLLED_BACK,ATTENDANCE,CALTHORPE|SALSA/BELLY DANCING|2025-12-10|1100|1200|CARD:416,NEW_ATTENDANCE,19033,Inserted inside the current SQL transaction.
PREVIEW_ROLLED_BACK,ATTENDANCE,CALTHORPE|SALSA/BELLY DANCING|2025-12-10|1100|1200|CARD:638,NEW_ATTENDANCE,19034,Inserted inside the current SQL transaction.
PREVIEW_ROLLED_BACK,ATTENDANCE,CALTHORPE|SALSA/BELLY DANCING|2025-12-10|1100|1200|CARD:658,NEW_ATTENDANCE,19035,Inserted inside the current SQL transaction.
PREVIEW_ROLLED_BACK,ATTENDANCE,CALTHORPE|SALSA/BELLY DANCING|2025-12-10|1100|1200|CARD:691,NEW_ATTENDANCE,19036,Inserted inside the current SQL transaction.
PREVIEW_ROLLED_BACK,ATTENDANCE,CALTHORPE|SALSA/BELLY DANCING|2025-12-10|1100|1200|CARD:792,NEW_ATTENDANCE,19037,Inserted inside the current SQL transaction.
PREVIEW_ROLLED_BACK,ATTENDANCE,CALTHORPE|SALSA/BELLY DANCING|2025-12-10|1100|1200|CARD:824,NEW_ATTENDANCE,19038,Inserted inside the current SQL transaction.
PREVIEW_ROLLED_BACK,ATTENDANCE,CALTHORPE|SALSA/BELLY DANCING|2025-12-10|1100|1200|NAME:nasra h,NEW_ATTENDANCE,19039,Inserted inside the current SQL transaction.
PREVIEW_ROLLED_BACK,ATTENDANCE,CALTHORPE|CHAIR BASED EXERCISE|2025-12-11|1145|1230|CARD:380,NEW_ATTENDANCE,19040,Inserted inside the current SQL transaction.
PREVIEW_ROLLED_BACK,ATTENDANCE,CALTHORPE|CHAIR BASED EXERCISE|2025-12-11|1145|1230|CARD:410,NEW_ATTENDANCE,19041,Inserted inside the current SQL transaction.
PREVIEW_ROLLED_BACK,ATTENDANCE,CALTHORPE|CHAIR BASED EXERCISE|2025-12-11|1145|1230|CARD:415,NEW_ATTENDANCE,19042,Inserted inside the current SQL transaction.
PREVIEW_ROLLED_BACK,ATTENDANCE,CALTHORPE|CHAIR BASED EXERCISE|2025-12-11|1145|1230|CARD:416,NEW_ATTENDANCE,19043,Inserted inside the current SQL transaction.
PREVIEW_ROLLED_BACK,ATTENDANCE,CALTHORPE|CHAIR BASED EXERCISE|2025-12-11|1145|1230|CARD:418,NEW_ATTENDANCE,19044,Inserted inside the current SQL transaction.
PREVIEW_ROLLED_BACK,ATTENDANCE,CALTHORPE|CHAIR BASED EXERCISE|2025-12-11|1145|1230|CARD:436,NEW_ATTENDANCE,19045,Inserted inside the current SQL transaction.
PREVIEW_ROLLED_BACK,ATTENDANCE,CALTHORPE|CHAIR BASED EXERCISE|2025-12-11|1145|1230|CARD:444,NEW_ATTENDANCE,19046,Inserted inside the current SQL transaction.
PREVIEW_ROLLED_BACK,ATTENDANCE,CALTHORPE|CHAIR BASED EXERCISE|2025-12-11|1145|1230|CARD:474,NEW_ATTENDANCE,19047,Inserted inside the current SQL transaction.
PREVIEW_ROLLED_BACK,ATTENDANCE,CALTHORPE|CHAIR BASED EXERCISE|2025-12-11|1145|1230|CARD:584,NEW_ATTENDANCE,19048,Inserted inside the current SQL transaction.
PREVIEW_ROLLED_BACK,ATTENDANCE,CALTHORPE|CHAIR BASED EXERCISE|2025-12-11|1145|1230|CARD:601,NEW_ATTENDANCE,19049,Inserted inside the current SQL transaction.
PREVIEW_ROLLED_BACK,ATTENDANCE,CALTHORPE|CHAIR BASED EXERCISE|2025-12-11|1145|1230|CARD:620,NEW_ATTENDANCE,19050,Inserted inside the current SQL transaction.
PREVIEW_ROLLED_BACK,ATTENDANCE,CALTHORPE|CHAIR BASED EXERCISE|2025-12-11|1145|1230|CARD:638,NEW_ATTENDANCE,19051,Inserted inside the current SQL transaction.
PREVIEW_ROLLED_BACK,ATTENDANCE,CALTHORPE|CHAIR BASED EXERCISE|2025-12-11|1145|1230|CARD:640,NEW_ATTENDANCE,19052,Inserted inside the current SQL transaction.
PREVIEW_ROLLED_BACK,ATTENDANCE,CALTHORPE|CHAIR BASED EXERCISE|2025-12-11|1145|1230|CARD:642,NEW_ATTENDANCE,19053,Inserted inside the current SQL transaction.
PREVIEW_ROLLED_BACK,ATTENDANCE,CALTHORPE|CHAIR BASED EXERCISE|2025-12-11|1145|1230|CARD:655,NEW_ATTENDANCE,19054,Inserted inside the current SQL transaction.
PREVIEW_ROLLED_BACK,ATTENDANCE,CALTHORPE|CHAIR BASED EXERCISE|2025-12-11|1145|1230|CARD:692,NEW_ATTENDANCE,19055,Inserted inside the current SQL transaction.
PREVIEW_ROLLED_BACK,ATTENDANCE,CALTHORPE|CHAIR BASED EXERCISE|2025-12-11|1145|1230|CARD:750,NEW_ATTENDANCE,19056,Inserted inside the current SQL transaction.
PREVIEW_ROLLED_BACK,ATTENDANCE,CALTHORPE|CHAIR BASED EXERCISE|2025-12-11|1145|1230|CARD:866,NEW_ATTENDANCE,19057,Inserted inside the current SQL transaction.
PREVIEW_ROLLED_BACK,ATTENDANCE,CALTHORPE|CIRCUIT TRAINING|2025-12-11|0930|1015|CARD:390,NEW_ATTENDANCE,19058,Inserted inside the current SQL transaction.
PREVIEW_ROLLED_BACK,ATTENDANCE,CALTHORPE|CIRCUIT TRAINING|2025-12-11|0930|1015|CARD:398,NEW_ATTENDANCE,19059,Inserted inside the current SQL transaction.
PREVIEW_ROLLED_BACK,ATTENDANCE,CALTHORPE|CIRCUIT TRAINING|2025-12-11|0930|1015|CARD:412,NEW_ATTENDANCE,19060,Inserted inside the current SQL transaction.
PREVIEW_ROLLED_BACK,ATTENDANCE,CALTHORPE|CIRCUIT TRAINING|2025-12-11|0930|1015|CARD:422,NEW_ATTENDANCE,19061,Inserted inside the current SQL transaction.
PREVIEW_ROLLED_BACK,ATTENDANCE,CALTHORPE|CIRCUIT TRAINING|2025-12-11|0930|1015|CARD:429,NEW_ATTENDANCE,19062,Inserted inside the current SQL transaction.
PREVIEW_ROLLED_BACK,ATTENDANCE,CALTHORPE|CIRCUIT TRAINING|2025-12-11|0930|1015|CARD:515,NEW_ATTENDANCE,19063,Inserted inside the current SQL transaction.
PREVIEW_ROLLED_BACK,ATTENDANCE,CALTHORPE|CIRCUIT TRAINING|2025-12-11|0930|1015|CARD:593,NEW_ATTENDANCE,19064,Inserted inside the current SQL transaction.
PREVIEW_ROLLED_BACK,ATTENDANCE,CALTHORPE|CIRCUIT TRAINING|2025-12-11|0930|1015|CARD:648,NEW_ATTENDANCE,19065,Inserted inside the current SQL transaction.
PREVIEW_ROLLED_BACK,ATTENDANCE,CALTHORPE|CIRCUIT TRAINING|2025-12-11|0930|1015|CARD:690,NEW_ATTENDANCE,19066,Inserted inside the current SQL transaction.
PREVIEW_ROLLED_BACK,ATTENDANCE,CALTHORPE|CIRCUIT TRAINING|2025-12-11|0930|1015|CARD:699,NEW_ATTENDANCE,19067,Inserted inside the current SQL transaction.
PREVIEW_ROLLED_BACK,ATTENDANCE,CALTHORPE|CIRCUIT TRAINING|2025-12-11|0930|1015|CARD:787,NEW_ATTENDANCE,19068,Inserted inside the current SQL transaction.
PREVIEW_ROLLED_BACK,ATTENDANCE,CALTHORPE|CIRCUIT TRAINING|2025-12-11|0930|1015|NAME:farah jama,NEW_ATTENDANCE,19069,Inserted inside the current SQL transaction.
PREVIEW_ROLLED_BACK,ATTENDANCE,CALTHORPE|CROCHET|2025-12-11|1245|1430|CARD:396,NEW_ATTENDANCE,19070,Inserted inside the current SQL transaction.
PREVIEW_ROLLED_BACK,ATTENDANCE,CALTHORPE|CROCHET|2025-12-11|1245|1430|CARD:407,NEW_ATTENDANCE,19071,Inserted inside the current SQL transaction.
PREVIEW_ROLLED_BACK,ATTENDANCE,CALTHORPE|CROCHET|2025-12-11|1245|1430|CARD:418,NEW_ATTENDANCE,19072,Inserted inside the current SQL transaction.
PREVIEW_ROLLED_BACK,ATTENDANCE,CALTHORPE|CROCHET|2025-12-11|1245|1430|CARD:424,NEW_ATTENDANCE,19073,Inserted inside the current SQL transaction.
PREVIEW_ROLLED_BACK,ATTENDANCE,CALTHORPE|CROCHET|2025-12-11|1245|1430|CARD:586,NEW_ATTENDANCE,19074,Inserted inside the current SQL transaction.
PREVIEW_ROLLED_BACK,ATTENDANCE,CALTHORPE|CROCHET|2025-12-11|1245|1430|CARD:638,NEW_ATTENDANCE,19075,Inserted inside the current SQL transaction.
PREVIEW_ROLLED_BACK,ATTENDANCE,CALTHORPE|CROCHET|2025-12-11|1245|1430|CARD:708,NEW_ATTENDANCE,19076,Inserted inside the current SQL transaction.
PREVIEW_ROLLED_BACK,ATTENDANCE,CALTHORPE|BODY CONDITIONING|2025-12-12|1145|1230|CARD:126,NEW_ATTENDANCE,19077,Inserted inside the current SQL transaction.
PREVIEW_ROLLED_BACK,ATTENDANCE,CALTHORPE|BODY CONDITIONING|2025-12-12|1145|1230|CARD:380,NEW_ATTENDANCE,19078,Inserted inside the current SQL transaction.
PREVIEW_ROLLED_BACK,ATTENDANCE,CALTHORPE|BODY CONDITIONING|2025-12-12|1145|1230|CARD:411,NEW_ATTENDANCE,19079,Inserted inside the current SQL transaction.
PREVIEW_ROLLED_BACK,ATTENDANCE,CALTHORPE|BODY CONDITIONING|2025-12-12|1145|1230|CARD:449,NEW_ATTENDANCE,19080,Inserted inside the current SQL transaction.
PREVIEW_ROLLED_BACK,ATTENDANCE,CALTHORPE|BODY CONDITIONING|2025-12-12|1145|1230|CARD:470,NEW_ATTENDANCE,19081,Inserted inside the current SQL transaction.
PREVIEW_ROLLED_BACK,ATTENDANCE,CALTHORPE|BODY CONDITIONING|2025-12-12|1145|1230|CARD:691,NEW_ATTENDANCE,19082,Inserted inside the current SQL transaction.
PREVIEW_ROLLED_BACK,ATTENDANCE,CALTHORPE|BODY CONDITIONING|2025-12-12|1145|1230|CARD:692,NEW_ATTENDANCE,19083,Inserted inside the current SQL transaction.
PREVIEW_ROLLED_BACK,ATTENDANCE,CALTHORPE|BODY CONDITIONING|2025-12-12|1145|1230|CARD:700,NEW_ATTENDANCE,19084,Inserted inside the current SQL transaction.
PREVIEW_ROLLED_BACK,ATTENDANCE,CALTHORPE|BODY CONDITIONING|2025-12-12|1145|1230|CARD:749,NEW_ATTENDANCE,19085,Inserted inside the current SQL transaction.
PREVIEW_ROLLED_BACK,ATTENDANCE,CALTHORPE|BODY CONDITIONING|2025-12-12|1145|1230|NAME:shamim,NEW_ATTENDANCE,19086,Inserted inside the current SQL transaction.
PREVIEW_ROLLED_BACK,ATTENDANCE,CALTHORPE|ESOL|2025-12-12|0930|1030|CARD:375,NEW_ATTENDANCE,19087,Inserted inside the current SQL transaction.
PREVIEW_ROLLED_BACK,ATTENDANCE,CALTHORPE|ESOL|2025-12-12|0930|1030|CARD:449,NEW_ATTENDANCE,19088,Inserted inside the current SQL transaction.
PREVIEW_ROLLED_BACK,ATTENDANCE,CALTHORPE|ESOL|2025-12-12|0930|1030|CARD:453,NEW_ATTENDANCE,19089,Inserted inside the current SQL transaction.
PREVIEW_ROLLED_BACK,ATTENDANCE,CALTHORPE|ESOL|2025-12-12|0930|1030|CARD:455,NEW_ATTENDANCE,19090,Inserted inside the current SQL transaction.
PREVIEW_ROLLED_BACK,ATTENDANCE,CALTHORPE|ESOL|2025-12-12|0930|1030|CARD:458,NEW_ATTENDANCE,19091,Inserted inside the current SQL transaction.
PREVIEW_ROLLED_BACK,ATTENDANCE,CALTHORPE|ESOL|2025-12-12|0930|1030|CARD:459,NEW_ATTENDANCE,19092,Inserted inside the current SQL transaction.
PREVIEW_ROLLED_BACK,ATTENDANCE,CALTHORPE|ESOL|2025-12-12|0930|1030|CARD:462,NEW_ATTENDANCE,19093,Inserted inside the current SQL transaction.
PREVIEW_ROLLED_BACK,ATTENDANCE,CALTHORPE|ESOL|2025-12-12|0930|1030|CARD:516,NEW_ATTENDANCE,19094,Inserted inside the current SQL transaction.
PREVIEW_ROLLED_BACK,ATTENDANCE,CALTHORPE|ESOL|2025-12-12|0930|1030|CARD:647,NEW_ATTENDANCE,19095,Inserted inside the current SQL transaction.
PREVIEW_ROLLED_BACK,ATTENDANCE,CALTHORPE|ESOL|2025-12-12|0930|1030|CARD:672,NEW_ATTENDANCE,19096,Inserted inside the current SQL transaction.
PREVIEW_ROLLED_BACK,ATTENDANCE,CALTHORPE|ESOL|2025-12-12|0930|1030|CARD:673,NEW_ATTENDANCE,19097,Inserted inside the current SQL transaction.
PREVIEW_ROLLED_BACK,ATTENDANCE,CALTHORPE|ESOL|2025-12-12|0930|1030|CARD:994,NEW_ATTENDANCE,19098,Inserted inside the current SQL transaction.
PREVIEW_ROLLED_BACK,ATTENDANCE,CALTHORPE|PILATES|2025-12-12|1245|1330|CARD:157,NEW_ATTENDANCE,19099,Inserted inside the current SQL transaction.
PREVIEW_ROLLED_BACK,ATTENDANCE,CALTHORPE|PILATES|2025-12-12|1245|1330|CARD:442,NEW_ATTENDANCE,19100,Inserted inside the current SQL transaction.
PREVIEW_ROLLED_BACK,ATTENDANCE,CALTHORPE|PILATES|2025-12-12|1245|1330|CARD:569,NEW_ATTENDANCE,19101,Inserted inside the current SQL transaction.
PREVIEW_ROLLED_BACK,ATTENDANCE,CALTHORPE|PILATES|2025-12-12|1245|1330|CARD:606,NEW_ATTENDANCE,19102,Inserted inside the current SQL transaction.
PREVIEW_ROLLED_BACK,ATTENDANCE,CALTHORPE|PILATES|2025-12-12|1245|1330|CARD:635,NEW_ATTENDANCE,19103,Inserted inside the current SQL transaction.
PREVIEW_ROLLED_BACK,ATTENDANCE,CALTHORPE|PILATES|2025-12-12|1245|1330|CARD:691,NEW_ATTENDANCE,19104,Inserted inside the current SQL transaction.
PREVIEW_ROLLED_BACK,ATTENDANCE,CALTHORPE|PILATES|2025-12-12|1245|1330|CARD:692,NEW_ATTENDANCE,19105,Inserted inside the current SQL transaction.
PREVIEW_ROLLED_BACK,ATTENDANCE,CALTHORPE|PILATES|2025-12-12|1245|1330|CARD:797,NEW_ATTENDANCE,19106,Inserted inside the current SQL transaction.
PREVIEW_ROLLED_BACK,ATTENDANCE,CALTHORPE|CHAIR BASED EXERCISE|2025-12-15|1100|1145|CARD:380,NEW_ATTENDANCE,19107,Inserted inside the current SQL transaction.
PREVIEW_ROLLED_BACK,ATTENDANCE,CALTHORPE|CHAIR BASED EXERCISE|2025-12-15|1100|1145|CARD:416,NEW_ATTENDANCE,19108,Inserted inside the current SQL transaction.
PREVIEW_ROLLED_BACK,ATTENDANCE,CALTHORPE|CHAIR BASED EXERCISE|2025-12-15|1100|1145|CARD:444,NEW_ATTENDANCE,19109,Inserted inside the current SQL transaction.
PREVIEW_ROLLED_BACK,ATTENDANCE,CALTHORPE|CHAIR BASED EXERCISE|2025-12-15|1100|1145|CARD:485,NEW_ATTENDANCE,19110,Inserted inside the current SQL transaction.
PREVIEW_ROLLED_BACK,ATTENDANCE,CALTHORPE|CHAIR BASED EXERCISE|2025-12-15|1100|1145|CARD:613,NEW_ATTENDANCE,19111,Inserted inside the current SQL transaction.
PREVIEW_ROLLED_BACK,ATTENDANCE,CALTHORPE|CHAIR BASED EXERCISE|2025-12-15|1100|1145|CARD:642,NEW_ATTENDANCE,19112,Inserted inside the current SQL transaction.
PREVIEW_ROLLED_BACK,ATTENDANCE,CALTHORPE|CHAIR BASED EXERCISE|2025-12-15|1100|1145|CARD:644,NEW_ATTENDANCE,19113,Inserted inside the current SQL transaction.
PREVIEW_ROLLED_BACK,ATTENDANCE,CALTHORPE|CHAIR BASED EXERCISE|2025-12-15|1100|1145|CARD:691,NEW_ATTENDANCE,19114,Inserted inside the current SQL transaction.
PREVIEW_ROLLED_BACK,ATTENDANCE,CALTHORPE|CHAIR BASED EXERCISE|2025-12-15|1100|1145|CARD:692,NEW_ATTENDANCE,19115,Inserted inside the current SQL transaction.
PREVIEW_ROLLED_BACK,ATTENDANCE,CALTHORPE|CHAIR BASED EXERCISE|2025-12-15|1100|1145|CARD:705,NEW_ATTENDANCE,19116,Inserted inside the current SQL transaction.
PREVIEW_ROLLED_BACK,ATTENDANCE,CALTHORPE|CHAIR BASED EXERCISE|2025-12-15|1100|1145|CARD:717,NEW_ATTENDANCE,19117,Inserted inside the current SQL transaction.
PREVIEW_ROLLED_BACK,ATTENDANCE,CALTHORPE|CHAIR BASED EXERCISE|2025-12-15|1100|1145|CARD:747,NEW_ATTENDANCE,19118,Inserted inside the current SQL transaction.
PREVIEW_ROLLED_BACK,ATTENDANCE,CALTHORPE|CHAIR BASED EXERCISE|2025-12-15|1100|1145|CARD:806,NEW_ATTENDANCE,19119,Inserted inside the current SQL transaction.
PREVIEW_ROLLED_BACK,ATTENDANCE,CALTHORPE|CHAIR BASED EXERCISE|2025-12-15|1100|1145|CARD:991,NEW_ATTENDANCE,19120,Inserted inside the current SQL transaction.
PREVIEW_ROLLED_BACK,ATTENDANCE,CALTHORPE|CROCHET|2025-12-15|1215|1415|CARD:145,NEW_ATTENDANCE,19121,Inserted inside the current SQL transaction.
PREVIEW_ROLLED_BACK,ATTENDANCE,CALTHORPE|CROCHET|2025-12-15|1215|1415|CARD:416,NEW_ATTENDANCE,19122,Inserted inside the current SQL transaction.
PREVIEW_ROLLED_BACK,ATTENDANCE,CALTHORPE|CROCHET|2025-12-15|1215|1415|CARD:430,NEW_ATTENDANCE,19123,Inserted inside the current SQL transaction.
PREVIEW_ROLLED_BACK,ATTENDANCE,CALTHORPE|CROCHET|2025-12-15|1215|1415|CARD:436,NEW_ATTENDANCE,19124,Inserted inside the current SQL transaction.
PREVIEW_ROLLED_BACK,ATTENDANCE,CALTHORPE|CROCHET|2025-12-15|1215|1415|CARD:468,NEW_ATTENDANCE,19125,Inserted inside the current SQL transaction.
PREVIEW_ROLLED_BACK,ATTENDANCE,CALTHORPE|CROCHET|2025-12-15|1215|1415|CARD:493,NEW_ATTENDANCE,19126,Inserted inside the current SQL transaction.
PREVIEW_ROLLED_BACK,ATTENDANCE,CALTHORPE|CROCHET|2025-12-15|1215|1415|CARD:509,NEW_ATTENDANCE,19127,Inserted inside the current SQL transaction.
PREVIEW_ROLLED_BACK,ATTENDANCE,CALTHORPE|CROCHET|2025-12-15|1215|1415|CARD:586,NEW_ATTENDANCE,19128,Inserted inside the current SQL transaction.
PREVIEW_ROLLED_BACK,ATTENDANCE,CALTHORPE|CROCHET|2025-12-15|1215|1415|CARD:613,NEW_ATTENDANCE,19129,Inserted inside the current SQL transaction.
PREVIEW_ROLLED_BACK,ATTENDANCE,CALTHORPE|CROCHET|2025-12-15|1215|1415|CARD:616,NEW_ATTENDANCE,19130,Inserted inside the current SQL transaction.
PREVIEW_ROLLED_BACK,ATTENDANCE,CALTHORPE|CROCHET|2025-12-15|1215|1415|CARD:638,NEW_ATTENDANCE,19131,Inserted inside the current SQL transaction.
PREVIEW_ROLLED_BACK,ATTENDANCE,CALTHORPE|CROCHET|2025-12-15|1215|1415|CARD:657,NEW_ATTENDANCE,19132,Inserted inside the current SQL transaction.
PREVIEW_ROLLED_BACK,ATTENDANCE,CALTHORPE|CROCHET|2025-12-15|1215|1415|CARD:697,NEW_ATTENDANCE,19133,Inserted inside the current SQL transaction.
PREVIEW_ROLLED_BACK,ATTENDANCE,CALTHORPE|CROCHET|2025-12-15|1215|1415|CARD:708,NEW_ATTENDANCE,19134,Inserted inside the current SQL transaction.
PREVIEW_ROLLED_BACK,ATTENDANCE,CALTHORPE|CROCHET|2025-12-15|1215|1415|NAME:yasmin akhtar,NEW_ATTENDANCE,19135,Inserted inside the current SQL transaction.
PREVIEW_ROLLED_BACK,ATTENDANCE,CALTHORPE|HIIT|2025-12-15|1000|1045|CARD:406,NEW_ATTENDANCE,19136,Inserted inside the current SQL transaction.
PREVIEW_ROLLED_BACK,ATTENDANCE,CALTHORPE|HIIT|2025-12-15|1000|1045|CARD:411,NEW_ATTENDANCE,19137,Inserted inside the current SQL transaction.
PREVIEW_ROLLED_BACK,ATTENDANCE,CALTHORPE|HIIT|2025-12-15|1000|1045|CARD:429,NEW_ATTENDANCE,19138,Inserted inside the current SQL transaction.
PREVIEW_ROLLED_BACK,ATTENDANCE,CALTHORPE|HIIT|2025-12-15|1000|1045|CARD:470,NEW_ATTENDANCE,19139,Inserted inside the current SQL transaction.
PREVIEW_ROLLED_BACK,ATTENDANCE,CALTHORPE|HIIT|2025-12-15|1000|1045|CARD:504,NEW_ATTENDANCE,19140,Inserted inside the current SQL transaction.
PREVIEW_ROLLED_BACK,ATTENDANCE,CALTHORPE|HIIT|2025-12-15|1000|1045|CARD:515,NEW_ATTENDANCE,19141,Inserted inside the current SQL transaction.
PREVIEW_ROLLED_BACK,ATTENDANCE,CALTHORPE|HIIT|2025-12-15|1000|1045|CARD:565,NEW_ATTENDANCE,19142,Inserted inside the current SQL transaction.
PREVIEW_ROLLED_BACK,ATTENDANCE,CALTHORPE|HIIT|2025-12-15|1000|1045|CARD:691,NEW_ATTENDANCE,19143,Inserted inside the current SQL transaction.
PREVIEW_ROLLED_BACK,ATTENDANCE,CALTHORPE|HIIT|2025-12-15|1000|1045|CARD:692,NEW_ATTENDANCE,19144,Inserted inside the current SQL transaction.
PREVIEW_ROLLED_BACK,ATTENDANCE,CALTHORPE|HIIT|2025-12-15|1000|1045|CARD:780,NEW_ATTENDANCE,19145,Inserted inside the current SQL transaction.
PREVIEW_ROLLED_BACK,ATTENDANCE,CALTHORPE|STRENGTH & STRETCH|2025-12-16|1000|1100|CARD:156,NEW_ATTENDANCE,19146,Inserted inside the current SQL transaction.
PREVIEW_ROLLED_BACK,ATTENDANCE,CALTHORPE|STRENGTH & STRETCH|2025-12-16|1000|1100|CARD:390,NEW_ATTENDANCE,19147,Inserted inside the current SQL transaction.
PREVIEW_ROLLED_BACK,ATTENDANCE,CALTHORPE|STRENGTH & STRETCH|2025-12-16|1000|1100|CARD:406,NEW_ATTENDANCE,19148,Inserted inside the current SQL transaction.
PREVIEW_ROLLED_BACK,ATTENDANCE,CALTHORPE|STRENGTH & STRETCH|2025-12-16|1000|1100|CARD:411,NEW_ATTENDANCE,19149,Inserted inside the current SQL transaction.
PREVIEW_ROLLED_BACK,ATTENDANCE,CALTHORPE|STRENGTH & STRETCH|2025-12-16|1000|1100|CARD:427,NEW_ATTENDANCE,19150,Inserted inside the current SQL transaction.
PREVIEW_ROLLED_BACK,ATTENDANCE,CALTHORPE|STRENGTH & STRETCH|2025-12-16|1000|1100|CARD:429,NEW_ATTENDANCE,19151,Inserted inside the current SQL transaction.
PREVIEW_ROLLED_BACK,ATTENDANCE,CALTHORPE|STRENGTH & STRETCH|2025-12-16|1000|1100|CARD:498,NEW_ATTENDANCE,19152,Inserted inside the current SQL transaction.
PREVIEW_ROLLED_BACK,ATTENDANCE,CALTHORPE|STRENGTH & STRETCH|2025-12-16|1000|1100|CARD:515,NEW_ATTENDANCE,19153,Inserted inside the current SQL transaction.
PREVIEW_ROLLED_BACK,ATTENDANCE,CALTHORPE|STRENGTH & STRETCH|2025-12-16|1000|1100|CARD:692,NEW_ATTENDANCE,19154,Inserted inside the current SQL transaction.
PREVIEW_ROLLED_BACK,ATTENDANCE,CALTHORPE|STRENGTH & STRETCH|2025-12-16|1000|1100|CARD:764,NEW_ATTENDANCE,19155,Inserted inside the current SQL transaction.
PREVIEW_ROLLED_BACK,ATTENDANCE,CALTHORPE|STRENGTH & STRETCH|2025-12-16|1000|1100|CARD:770,NEW_ATTENDANCE,19156,Inserted inside the current SQL transaction.
PREVIEW_ROLLED_BACK,ATTENDANCE,CALTHORPE|STRENGTH & STRETCH|2025-12-16|1000|1100|CARD:780,NEW_ATTENDANCE,19157,Inserted inside the current SQL transaction.
PREVIEW_ROLLED_BACK,ATTENDANCE,CALTHORPE|YOGA|2025-12-16|1715|1815|CARD:156,NEW_ATTENDANCE,19158,Inserted inside the current SQL transaction.
PREVIEW_ROLLED_BACK,ATTENDANCE,CALTHORPE|YOGA|2025-12-16|1715|1815|CARD:157,NEW_ATTENDANCE,19159,Inserted inside the current SQL transaction.
PREVIEW_ROLLED_BACK,ATTENDANCE,CALTHORPE|YOGA|2025-12-16|1715|1815|CARD:369,NEW_ATTENDANCE,19160,Inserted inside the current SQL transaction.
PREVIEW_ROLLED_BACK,ATTENDANCE,CALTHORPE|YOGA|2025-12-16|1715|1815|CARD:450,NEW_ATTENDANCE,19161,Inserted inside the current SQL transaction.
PREVIEW_ROLLED_BACK,ATTENDANCE,CALTHORPE|YOGA|2025-12-16|1715|1815|CARD:451,NEW_ATTENDANCE,19162,Inserted inside the current SQL transaction.
PREVIEW_ROLLED_BACK,ATTENDANCE,CALTHORPE|YOGA|2025-12-16|1715|1815|CARD:508,NEW_ATTENDANCE,19163,Inserted inside the current SQL transaction.
PREVIEW_ROLLED_BACK,ATTENDANCE,CALTHORPE|YOGA|2025-12-16|1715|1815|CARD:617,NEW_ATTENDANCE,19164,Inserted inside the current SQL transaction.
PREVIEW_ROLLED_BACK,ATTENDANCE,CALTHORPE|YOGA|2025-12-16|1715|1815|CARD:625,NEW_ATTENDANCE,19165,Inserted inside the current SQL transaction.
PREVIEW_ROLLED_BACK,ATTENDANCE,CALTHORPE|YOGA|2025-12-16|1715|1815|CARD:793,NEW_ATTENDANCE,19166,Inserted inside the current SQL transaction.
PREVIEW_ROLLED_BACK,ATTENDANCE,CALTHORPE|ESOL|2025-12-17|0930|1030|CARD:455,NEW_ATTENDANCE,19167,Inserted inside the current SQL transaction.
PREVIEW_ROLLED_BACK,ATTENDANCE,CALTHORPE|ESOL|2025-12-17|0930|1030|CARD:458,NEW_ATTENDANCE,19168,Inserted inside the current SQL transaction.
PREVIEW_ROLLED_BACK,ATTENDANCE,CALTHORPE|ESOL|2025-12-17|0930|1030|CARD:462,NEW_ATTENDANCE,19169,Inserted inside the current SQL transaction.
PREVIEW_ROLLED_BACK,ATTENDANCE,CALTHORPE|ESOL|2025-12-17|0930|1030|CARD:516,NEW_ATTENDANCE,19170,Inserted inside the current SQL transaction.
PREVIEW_ROLLED_BACK,ATTENDANCE,CALTHORPE|ESOL|2025-12-17|0930|1030|CARD:647,NEW_ATTENDANCE,19171,Inserted inside the current SQL transaction.
PREVIEW_ROLLED_BACK,ATTENDANCE,CALTHORPE|ESOL|2025-12-17|0930|1030|CARD:672,NEW_ATTENDANCE,19172,Inserted inside the current SQL transaction.
PREVIEW_ROLLED_BACK,ATTENDANCE,CALTHORPE|ESOL|2025-12-17|0930|1030|CARD:673,NEW_ATTENDANCE,19173,Inserted inside the current SQL transaction.
PREVIEW_ROLLED_BACK,ATTENDANCE,CALTHORPE|ESOL|2025-12-17|0930|1030|CARD:714,NEW_ATTENDANCE,19174,Inserted inside the current SQL transaction.
PREVIEW_ROLLED_BACK,ATTENDANCE,CALTHORPE|ESOL|2025-12-17|0930|1030|CARD:715,NEW_ATTENDANCE,19175,Inserted inside the current SQL transaction.
PREVIEW_ROLLED_BACK,ATTENDANCE,CALTHORPE|ESOL|2025-12-17|0930|1030|CARD:727,NEW_ATTENDANCE,19176,Inserted inside the current SQL transaction.
PREVIEW_ROLLED_BACK,ATTENDANCE,CALTHORPE|ESOL|2025-12-17|0930|1030|CARD:754,NEW_ATTENDANCE,19177,Inserted inside the current SQL transaction.
PREVIEW_ROLLED_BACK,ATTENDANCE,CALTHORPE|ESOL|2025-12-17|0930|1030|CARD:785,NEW_ATTENDANCE,19178,Inserted inside the current SQL transaction.
PREVIEW_ROLLED_BACK,ATTENDANCE,CALTHORPE|ESOL|2025-12-17|0930|1030|CARD:803,NEW_ATTENDANCE,19179,Inserted inside the current SQL transaction.
PREVIEW_ROLLED_BACK,ATTENDANCE,CALTHORPE|ESOL|2025-12-17|0930|1030|CARD:994,NEW_ATTENDANCE,19180,Inserted inside the current SQL transaction.
PREVIEW_ROLLED_BACK,ATTENDANCE,CALTHORPE|CIRCUIT TRAINING|2025-12-18|0930|1015|CARD:373,NEW_ATTENDANCE,19181,Inserted inside the current SQL transaction.
PREVIEW_ROLLED_BACK,ATTENDANCE,CALTHORPE|CIRCUIT TRAINING|2025-12-18|0930|1015|CARD:390,NEW_ATTENDANCE,19182,Inserted inside the current SQL transaction.
PREVIEW_ROLLED_BACK,ATTENDANCE,CALTHORPE|CIRCUIT TRAINING|2025-12-18|0930|1015|CARD:398,NEW_ATTENDANCE,19183,Inserted inside the current SQL transaction.
PREVIEW_ROLLED_BACK,ATTENDANCE,CALTHORPE|CIRCUIT TRAINING|2025-12-18|0930|1015|CARD:410,NEW_ATTENDANCE,19184,Inserted inside the current SQL transaction.
PREVIEW_ROLLED_BACK,ATTENDANCE,CALTHORPE|CIRCUIT TRAINING|2025-12-18|0930|1015|CARD:411,NEW_ATTENDANCE,19185,Inserted inside the current SQL transaction.
PREVIEW_ROLLED_BACK,ATTENDANCE,CALTHORPE|CIRCUIT TRAINING|2025-12-18|0930|1015|CARD:515,NEW_ATTENDANCE,19186,Inserted inside the current SQL transaction.
PREVIEW_ROLLED_BACK,ATTENDANCE,CALTHORPE|CIRCUIT TRAINING|2025-12-18|0930|1015|CARD:780,NEW_ATTENDANCE,19187,Inserted inside the current SQL transaction.
PREVIEW_ROLLED_BACK,ATTENDANCE,CALTHORPE|CIRCUIT TRAINING|2025-12-18|0930|1015|CARD:787,NEW_ATTENDANCE,19188,Inserted inside the current SQL transaction.
PREVIEW_ROLLED_BACK,ATTENDANCE,CALTHORPE|CROCHET|2025-12-18|1245|1430|CARD:416,NEW_ATTENDANCE,19189,Inserted inside the current SQL transaction.
PREVIEW_ROLLED_BACK,ATTENDANCE,CALTHORPE|CROCHET|2025-12-18|1245|1430|CARD:418,NEW_ATTENDANCE,19190,Inserted inside the current SQL transaction.
PREVIEW_ROLLED_BACK,ATTENDANCE,CALTHORPE|CROCHET|2025-12-18|1245|1430|CARD:424,NEW_ATTENDANCE,19191,Inserted inside the current SQL transaction.
PREVIEW_ROLLED_BACK,ATTENDANCE,CALTHORPE|CROCHET|2025-12-18|1245|1430|CARD:586,NEW_ATTENDANCE,19192,Inserted inside the current SQL transaction.
PREVIEW_ROLLED_BACK,ATTENDANCE,CALTHORPE|CROCHET|2025-12-18|1245|1430|CARD:594,NEW_ATTENDANCE,19193,Inserted inside the current SQL transaction.
PREVIEW_ROLLED_BACK,ATTENDANCE,CALTHORPE|CROCHET|2025-12-18|1245|1430|CARD:637,NEW_ATTENDANCE,19194,Inserted inside the current SQL transaction.
PREVIEW_ROLLED_BACK,ATTENDANCE,CALTHORPE|CROCHET|2025-12-18|1245|1430|CARD:638,NEW_ATTENDANCE,19195,Inserted inside the current SQL transaction.
PREVIEW_ROLLED_BACK,ATTENDANCE,CALTHORPE|CROCHET|2025-12-18|1245|1430|CARD:774,NEW_ATTENDANCE,19196,Inserted inside the current SQL transaction.
PREVIEW_ROLLED_BACK,ATTENDANCE,CALTHORPE|BODY CONDITIONING|2025-12-19|1145|1230|CARD:126,NEW_ATTENDANCE,19197,Inserted inside the current SQL transaction.
PREVIEW_ROLLED_BACK,ATTENDANCE,CALTHORPE|BODY CONDITIONING|2025-12-19|1145|1230|CARD:369,NEW_ATTENDANCE,19198,Inserted inside the current SQL transaction.
PREVIEW_ROLLED_BACK,ATTENDANCE,CALTHORPE|BODY CONDITIONING|2025-12-19|1145|1230|CARD:380,NEW_ATTENDANCE,19199,Inserted inside the current SQL transaction.
PREVIEW_ROLLED_BACK,ATTENDANCE,CALTHORPE|BODY CONDITIONING|2025-12-19|1145|1230|CARD:410,NEW_ATTENDANCE,19200,Inserted inside the current SQL transaction.
PREVIEW_ROLLED_BACK,ATTENDANCE,CALTHORPE|BODY CONDITIONING|2025-12-19|1145|1230|CARD:450,NEW_ATTENDANCE,19201,Inserted inside the current SQL transaction.
PREVIEW_ROLLED_BACK,ATTENDANCE,CALTHORPE|BODY CONDITIONING|2025-12-19|1145|1230|CARD:451,NEW_ATTENDANCE,19202,Inserted inside the current SQL transaction.
PREVIEW_ROLLED_BACK,ATTENDANCE,CALTHORPE|BODY CONDITIONING|2025-12-19|1145|1230|CARD:470,NEW_ATTENDANCE,19203,Inserted inside the current SQL transaction.
PREVIEW_ROLLED_BACK,ATTENDANCE,CALTHORPE|BODY CONDITIONING|2025-12-19|1145|1230|CARD:515,NEW_ATTENDANCE,19204,Inserted inside the current SQL transaction.
PREVIEW_ROLLED_BACK,ATTENDANCE,CALTHORPE|BODY CONDITIONING|2025-12-19|1145|1230|CARD:620,NEW_ATTENDANCE,19205,Inserted inside the current SQL transaction.
PREVIEW_ROLLED_BACK,ATTENDANCE,CALTHORPE|BODY CONDITIONING|2025-12-19|1145|1230|CARD:629,NEW_ATTENDANCE,19206,Inserted inside the current SQL transaction.
PREVIEW_ROLLED_BACK,ATTENDANCE,CALTHORPE|BODY CONDITIONING|2025-12-19|1145|1230|CARD:681,NEW_ATTENDANCE,19207,Inserted inside the current SQL transaction.
PREVIEW_ROLLED_BACK,ATTENDANCE,CALTHORPE|BODY CONDITIONING|2025-12-19|1145|1230|CARD:691,NEW_ATTENDANCE,19208,Inserted inside the current SQL transaction.
PREVIEW_ROLLED_BACK,ATTENDANCE,CALTHORPE|BODY CONDITIONING|2025-12-19|1145|1230|CARD:700,NEW_ATTENDANCE,19209,Inserted inside the current SQL transaction.
PREVIEW_ROLLED_BACK,ATTENDANCE,CALTHORPE|BODY CONDITIONING|2025-12-19|1145|1230|CARD:742,NEW_ATTENDANCE,19210,Inserted inside the current SQL transaction.
PREVIEW_ROLLED_BACK,ATTENDANCE,CALTHORPE|BODY CONDITIONING|2025-12-19|1145|1230|CARD:771,NEW_ATTENDANCE,19211,Inserted inside the current SQL transaction.
PREVIEW_ROLLED_BACK,ATTENDANCE,CALTHORPE|ESOL|2025-12-19|0930|1030|CARD:375,NEW_ATTENDANCE,19212,Inserted inside the current SQL transaction.
PREVIEW_ROLLED_BACK,ATTENDANCE,CALTHORPE|ESOL|2025-12-19|0930|1030|CARD:453,NEW_ATTENDANCE,19213,Inserted inside the current SQL transaction.
PREVIEW_ROLLED_BACK,ATTENDANCE,CALTHORPE|ESOL|2025-12-19|0930|1030|CARD:455,NEW_ATTENDANCE,19214,Inserted inside the current SQL transaction.
PREVIEW_ROLLED_BACK,ATTENDANCE,CALTHORPE|ESOL|2025-12-19|0930|1030|CARD:458,NEW_ATTENDANCE,19215,Inserted inside the current SQL transaction.
PREVIEW_ROLLED_BACK,ATTENDANCE,CALTHORPE|ESOL|2025-12-19|0930|1030|CARD:462,NEW_ATTENDANCE,19216,Inserted inside the current SQL transaction.
PREVIEW_ROLLED_BACK,ATTENDANCE,CALTHORPE|ESOL|2025-12-19|0930|1030|CARD:672,NEW_ATTENDANCE,19217,Inserted inside the current SQL transaction.
PREVIEW_ROLLED_BACK,ATTENDANCE,CALTHORPE|ESOL|2025-12-19|0930|1030|CARD:779,NEW_ATTENDANCE,19218,Inserted inside the current SQL transaction.
PREVIEW_ROLLED_BACK,ATTENDANCE,CALTHORPE|ESOL|2025-12-19|0930|1030|CARD:994,NEW_ATTENDANCE,19219,Inserted inside the current SQL transaction.
PREVIEW_ROLLED_BACK,ATTENDANCE,CALTHORPE|PILATES|2025-12-19|1245|1330|CARD:156,NEW_ATTENDANCE,19220,Inserted inside the current SQL transaction.
PREVIEW_ROLLED_BACK,ATTENDANCE,CALTHORPE|PILATES|2025-12-19|1245|1330|CARD:410,NEW_ATTENDANCE,19221,Inserted inside the current SQL transaction.
PREVIEW_ROLLED_BACK,ATTENDANCE,CALTHORPE|PILATES|2025-12-19|1245|1330|CARD:508,NEW_ATTENDANCE,19222,Inserted inside the current SQL transaction.
PREVIEW_ROLLED_BACK,ATTENDANCE,CALTHORPE|PILATES|2025-12-19|1245|1330|CARD:620,NEW_ATTENDANCE,19223,Inserted inside the current SQL transaction.
PREVIEW_ROLLED_BACK,ATTENDANCE,CALTHORPE|PILATES|2025-12-19|1245|1330|CARD:691,NEW_ATTENDANCE,19224,Inserted inside the current SQL transaction.
PREVIEW_ROLLED_BACK,ATTENDANCE,CALTHORPE|PILATES|2025-12-19|1245|1330|CARD:707,NEW_ATTENDANCE,19225,Inserted inside the current SQL transaction.
PREVIEW_ROLLED_BACK,ATTENDANCE,CALTHORPE|CHAIR BASED EXERCISE|2026-01-12|1130|1215|CARD:416,ALREADY_IN_CRM,64,Skipped because this participant already has attendance for the resolved session.
PREVIEW_ROLLED_BACK,ATTENDANCE,CALTHORPE|CHAIR BASED EXERCISE|2026-01-12|1130|1215|CARD:427,ALREADY_IN_CRM,68,Skipped because this participant already has attendance for the resolved session.
PREVIEW_ROLLED_BACK,ATTENDANCE,CALTHORPE|CHAIR BASED EXERCISE|2026-01-12|1130|1215|CARD:444,ALREADY_IN_CRM,65,Skipped because this participant already has attendance for the resolved session.
PREVIEW_ROLLED_BACK,ATTENDANCE,CALTHORPE|CHAIR BASED EXERCISE|2026-01-12|1130|1215|CARD:513,ALREADY_IN_CRM,67,Skipped because this participant already has attendance for the resolved session.
PREVIEW_ROLLED_BACK,ATTENDANCE,CALTHORPE|CHAIR BASED EXERCISE|2026-01-12|1130|1215|CARD:638,ALREADY_IN_CRM,63,Skipped because this participant already has attendance for the resolved session.
PREVIEW_ROLLED_BACK,ATTENDANCE,CALTHORPE|CHAIR BASED EXERCISE|2026-01-12|1130|1215|CARD:706,ALREADY_IN_CRM,66,Skipped because this participant already has attendance for the resolved session.
PREVIEW_ROLLED_BACK,ATTENDANCE,CALTHORPE|CHAIR BASED EXERCISE|2026-01-12|1130|1215|NAME:n begum,NEW_ATTENDANCE,19226,Inserted inside the current SQL transaction.
PREVIEW_ROLLED_BACK,ATTENDANCE,CALTHORPE|CROCHET|2026-01-12|1230|1430|CARD:416,NEW_ATTENDANCE,19227,Inserted inside the current SQL transaction.
PREVIEW_ROLLED_BACK,ATTENDANCE,CALTHORPE|CROCHET|2026-01-12|1230|1430|CARD:436,NEW_ATTENDANCE,19228,Inserted inside the current SQL transaction.
PREVIEW_ROLLED_BACK,ATTENDANCE,CALTHORPE|CROCHET|2026-01-12|1230|1430|CARD:468,NEW_ATTENDANCE,19229,Inserted inside the current SQL transaction.
PREVIEW_ROLLED_BACK,ATTENDANCE,CALTHORPE|CROCHET|2026-01-12|1230|1430|CARD:509,NEW_ATTENDANCE,19230,Inserted inside the current SQL transaction.
PREVIEW_ROLLED_BACK,ATTENDANCE,CALTHORPE|CROCHET|2026-01-12|1230|1430|CARD:586,NEW_ATTENDANCE,19231,Inserted inside the current SQL transaction.
PREVIEW_ROLLED_BACK,ATTENDANCE,CALTHORPE|CROCHET|2026-01-12|1230|1430|CARD:638,NEW_ATTENDANCE,19232,Inserted inside the current SQL transaction.
PREVIEW_ROLLED_BACK,ATTENDANCE,CALTHORPE|CROCHET|2026-01-12|1230|1430|CARD:794,NEW_ATTENDANCE,19233,Inserted inside the current SQL transaction.
PREVIEW_ROLLED_BACK,ATTENDANCE,CALTHORPE|CROCHET|2026-01-12|1230|1430|NAME:halima bibi,NEW_ATTENDANCE,19234,Inserted inside the current SQL transaction.
PREVIEW_ROLLED_BACK,ATTENDANCE,CALTHORPE|HIIT|2026-01-12|1030|1115|CARD:515,ALREADY_IN_CRM,70,Skipped because this participant already has attendance for the resolved session.
PREVIEW_ROLLED_BACK,ATTENDANCE,CALTHORPE|HIIT|2026-01-12|1030|1115|CARD:717,ALREADY_IN_CRM,69,Skipped because this participant already has attendance for the resolved session.
PREVIEW_ROLLED_BACK,ATTENDANCE,CALTHORPE|HIIT|2026-01-12|1030|1115|CARD:996,ALREADY_IN_CRM,71,Skipped because this participant already has attendance for the resolved session.
PREVIEW_ROLLED_BACK,ATTENDANCE,CALTHORPE|HIIT|2026-01-12|1030|1115|NAME:n begum,NEW_ATTENDANCE,19235,Inserted inside the current SQL transaction.
PREVIEW_ROLLED_BACK,ATTENDANCE,CALTHORPE|ZUMBA|2026-01-12|0930|1015|CARD:1020,ALREADY_IN_CRM,79,Skipped because this participant already has attendance for the resolved session.
PREVIEW_ROLLED_BACK,ATTENDANCE,CALTHORPE|ZUMBA|2026-01-12|0930|1015|CARD:371,ALREADY_IN_CRM,84,Skipped because this participant already has attendance for the resolved session.
PREVIEW_ROLLED_BACK,ATTENDANCE,CALTHORPE|ZUMBA|2026-01-12|0930|1015|CARD:402,ALREADY_IN_CRM,74,Skipped because this participant already has attendance for the resolved session.
PREVIEW_ROLLED_BACK,ATTENDANCE,CALTHORPE|ZUMBA|2026-01-12|0930|1015|CARD:413,ALREADY_IN_CRM,72,Skipped because this participant already has attendance for the resolved session.
PREVIEW_ROLLED_BACK,ATTENDANCE,CALTHORPE|ZUMBA|2026-01-12|0930|1015|CARD:440,ALREADY_IN_CRM,75,Skipped because this participant already has attendance for the resolved session.
PREVIEW_ROLLED_BACK,ATTENDANCE,CALTHORPE|ZUMBA|2026-01-12|0930|1015|CARD:441,ALREADY_IN_CRM,77,Skipped because this participant already has attendance for the resolved session.
PREVIEW_ROLLED_BACK,ATTENDANCE,CALTHORPE|ZUMBA|2026-01-12|0930|1015|CARD:470,ALREADY_IN_CRM,81,Skipped because this participant already has attendance for the resolved session.
PREVIEW_ROLLED_BACK,ATTENDANCE,CALTHORPE|ZUMBA|2026-01-12|0930|1015|CARD:639,ALREADY_IN_CRM,80,Skipped because this participant already has attendance for the resolved session.
PREVIEW_ROLLED_BACK,ATTENDANCE,CALTHORPE|ZUMBA|2026-01-12|0930|1015|CARD:656,ALREADY_IN_CRM,82,Skipped because this participant already has attendance for the resolved session.
PREVIEW_ROLLED_BACK,ATTENDANCE,CALTHORPE|ZUMBA|2026-01-12|0930|1015|CARD:691,ALREADY_IN_CRM,73,Skipped because this participant already has attendance for the resolved session.
PREVIEW_ROLLED_BACK,ATTENDANCE,CALTHORPE|ZUMBA|2026-01-12|0930|1015|CARD:698,ALREADY_IN_CRM,78,Skipped because this participant already has attendance for the resolved session.
PREVIEW_ROLLED_BACK,ATTENDANCE,CALTHORPE|ZUMBA|2026-01-12|0930|1015|CARD:742,ALREADY_IN_CRM,76,Skipped because this participant already has attendance for the resolved session.
PREVIEW_ROLLED_BACK,ATTENDANCE,CALTHORPE|ZUMBA|2026-01-12|0930|1015|CARD:780,ALREADY_IN_CRM,83,Skipped because this participant already has attendance for the resolved session.
PREVIEW_ROLLED_BACK,ATTENDANCE,CALTHORPE|ZUMBA|2026-01-12|0930|1015|CARD:996,ALREADY_IN_CRM,85,Skipped because this participant already has attendance for the resolved session.
PREVIEW_ROLLED_BACK,ATTENDANCE,CALTHORPE|ZUMBA|2026-01-12|0930|1015|NAME:hooriye bahid,NEW_ATTENDANCE,19236,Inserted inside the current SQL transaction.
PREVIEW_ROLLED_BACK,ATTENDANCE,CALTHORPE|ESOL|2026-01-13|1130|1330|CARD:375,NEW_ATTENDANCE,19237,Inserted inside the current SQL transaction.
PREVIEW_ROLLED_BACK,ATTENDANCE,CALTHORPE|ESOL|2026-01-13|1130|1330|CARD:455,NEW_ATTENDANCE,19238,Inserted inside the current SQL transaction.
PREVIEW_ROLLED_BACK,ATTENDANCE,CALTHORPE|ESOL|2026-01-13|1130|1330|CARD:458,NEW_ATTENDANCE,19239,Inserted inside the current SQL transaction.
PREVIEW_ROLLED_BACK,ATTENDANCE,CALTHORPE|ESOL|2026-01-13|1130|1330|CARD:462,NEW_ATTENDANCE,19240,Inserted inside the current SQL transaction.
PREVIEW_ROLLED_BACK,ATTENDANCE,CALTHORPE|ESOL|2026-01-13|1130|1330|CARD:516,NEW_ATTENDANCE,19241,Inserted inside the current SQL transaction.
PREVIEW_ROLLED_BACK,ATTENDANCE,CALTHORPE|ESOL|2026-01-13|1130|1330|CARD:647,NEW_ATTENDANCE,19242,Inserted inside the current SQL transaction.
PREVIEW_ROLLED_BACK,ATTENDANCE,CALTHORPE|ESOL|2026-01-13|1130|1330|CARD:673,NEW_ATTENDANCE,19243,Inserted inside the current SQL transaction.
PREVIEW_ROLLED_BACK,ATTENDANCE,CALTHORPE|ESOL|2026-01-13|1130|1330|CARD:994,NEW_ATTENDANCE,19244,Inserted inside the current SQL transaction.
PREVIEW_ROLLED_BACK,ATTENDANCE,CALTHORPE|ESOL|2026-01-13|1130|1330|NAME:asma ibrahim,NEW_ATTENDANCE,19245,Inserted inside the current SQL transaction.
PREVIEW_ROLLED_BACK,ATTENDANCE,CALTHORPE|STRENGTH & STRETCH|2026-01-13|0930|1030|CARD:390,NEW_ATTENDANCE,19246,Inserted inside the current SQL transaction.
PREVIEW_ROLLED_BACK,ATTENDANCE,CALTHORPE|STRENGTH & STRETCH|2026-01-13|0930|1030|CARD:406,NEW_ATTENDANCE,19247,Inserted inside the current SQL transaction.
PREVIEW_ROLLED_BACK,ATTENDANCE,CALTHORPE|STRENGTH & STRETCH|2026-01-13|0930|1030|CARD:413,NEW_ATTENDANCE,19248,Inserted inside the current SQL transaction.
PREVIEW_ROLLED_BACK,ATTENDANCE,CALTHORPE|STRENGTH & STRETCH|2026-01-13|0930|1030|CARD:416,NEW_ATTENDANCE,19249,Inserted inside the current SQL transaction.
PREVIEW_ROLLED_BACK,ATTENDANCE,CALTHORPE|STRENGTH & STRETCH|2026-01-13|0930|1030|CARD:440,NEW_ATTENDANCE,19250,Inserted inside the current SQL transaction.
PREVIEW_ROLLED_BACK,ATTENDANCE,CALTHORPE|STRENGTH & STRETCH|2026-01-13|0930|1030|CARD:441,NEW_ATTENDANCE,19251,Inserted inside the current SQL transaction.
PREVIEW_ROLLED_BACK,ATTENDANCE,CALTHORPE|STRENGTH & STRETCH|2026-01-13|0930|1030|CARD:498,NEW_ATTENDANCE,19252,Inserted inside the current SQL transaction.
PREVIEW_ROLLED_BACK,ATTENDANCE,CALTHORPE|STRENGTH & STRETCH|2026-01-13|0930|1030|CARD:515,NEW_ATTENDANCE,19253,Inserted inside the current SQL transaction.
PREVIEW_ROLLED_BACK,ATTENDANCE,CALTHORPE|STRENGTH & STRETCH|2026-01-13|0930|1030|CARD:625,NEW_ATTENDANCE,19254,Inserted inside the current SQL transaction.
PREVIEW_ROLLED_BACK,ATTENDANCE,CALTHORPE|STRENGTH & STRETCH|2026-01-13|0930|1030|CARD:656,NEW_ATTENDANCE,19255,Inserted inside the current SQL transaction.
PREVIEW_ROLLED_BACK,ATTENDANCE,CALTHORPE|STRENGTH & STRETCH|2026-01-13|0930|1030|CARD:727,NEW_ATTENDANCE,19256,Inserted inside the current SQL transaction.
PREVIEW_ROLLED_BACK,ATTENDANCE,CALTHORPE|STRENGTH & STRETCH|2026-01-13|0930|1030|CARD:764,NEW_ATTENDANCE,19257,Inserted inside the current SQL transaction.
PREVIEW_ROLLED_BACK,ATTENDANCE,CALTHORPE|STRENGTH & STRETCH|2026-01-13|0930|1030|CARD:780,NEW_ATTENDANCE,19258,Inserted inside the current SQL transaction.
PREVIEW_ROLLED_BACK,ATTENDANCE,CALTHORPE|STRENGTH & STRETCH|2026-01-13|0930|1030|CARD:788,NEW_ATTENDANCE,19259,Inserted inside the current SQL transaction.
PREVIEW_ROLLED_BACK,ATTENDANCE,CALTHORPE|YOGA|2026-01-13|1715|1815|CARD:498,ALREADY_IN_CRM,90,Skipped because this participant already has attendance for the resolved session.
PREVIEW_ROLLED_BACK,ATTENDANCE,CALTHORPE|YOGA|2026-01-13|1715|1815|CARD:617,ALREADY_IN_CRM,89,Skipped because this participant already has attendance for the resolved session.
PREVIEW_ROLLED_BACK,ATTENDANCE,CALTHORPE|YOGA|2026-01-13|1715|1815|CARD:681,ALREADY_IN_CRM,88,Skipped because this participant already has attendance for the resolved session.
PREVIEW_ROLLED_BACK,ATTENDANCE,CALTHORPE|YOGA|2026-01-13|1715|1815|CARD:717,ALREADY_IN_CRM,87,Skipped because this participant already has attendance for the resolved session.
PREVIEW_ROLLED_BACK,ATTENDANCE,CALTHORPE|YOGA|2026-01-13|1715|1815|CARD:727,ALREADY_IN_CRM,86,Skipped because this participant already has attendance for the resolved session.
PREVIEW_ROLLED_BACK,ATTENDANCE,CALTHORPE|ESOL|2026-01-14|0930|1030|CARD:455,ALREADY_IN_CRM,95,Skipped because this participant already has attendance for the resolved session.
PREVIEW_ROLLED_BACK,ATTENDANCE,CALTHORPE|ESOL|2026-01-14|0930|1030|CARD:458,ALREADY_IN_CRM,102,Skipped because this participant already has attendance for the resolved session.
PREVIEW_ROLLED_BACK,ATTENDANCE,CALTHORPE|ESOL|2026-01-14|0930|1030|CARD:462,ALREADY_IN_CRM,103,Skipped because this participant already has attendance for the resolved session.
PREVIEW_ROLLED_BACK,ATTENDANCE,CALTHORPE|ESOL|2026-01-14|0930|1030|CARD:516,ALREADY_IN_CRM,99,Skipped because this participant already has attendance for the resolved session.
PREVIEW_ROLLED_BACK,ATTENDANCE,CALTHORPE|ESOL|2026-01-14|0930|1030|CARD:672,ALREADY_IN_CRM,98,Skipped because this participant already has attendance for the resolved session.
PREVIEW_ROLLED_BACK,ATTENDANCE,CALTHORPE|ESOL|2026-01-14|0930|1030|CARD:709,ALREADY_IN_CRM,93,Skipped because this participant already has attendance for the resolved session.
PREVIEW_ROLLED_BACK,ATTENDANCE,CALTHORPE|ESOL|2026-01-14|0930|1030|CARD:715,ALREADY_IN_CRM,96,Skipped because this participant already has attendance for the resolved session.
PREVIEW_ROLLED_BACK,ATTENDANCE,CALTHORPE|ESOL|2026-01-14|0930|1030|CARD:727,ALREADY_IN_CRM,94,Skipped because this participant already has attendance for the resolved session.
PREVIEW_ROLLED_BACK,ATTENDANCE,CALTHORPE|ESOL|2026-01-14|0930|1030|CARD:728,ALREADY_IN_CRM,97,Skipped because this participant already has attendance for the resolved session.
PREVIEW_ROLLED_BACK,ATTENDANCE,CALTHORPE|ESOL|2026-01-14|0930|1030|CARD:738,ALREADY_IN_CRM,101,Skipped because this participant already has attendance for the resolved session.
PREVIEW_ROLLED_BACK,ATTENDANCE,CALTHORPE|ESOL|2026-01-14|0930|1030|CARD:779,ALREADY_IN_CRM,92,Skipped because this participant already has attendance for the resolved session.
PREVIEW_ROLLED_BACK,ATTENDANCE,CALTHORPE|ESOL|2026-01-14|0930|1030|CARD:785,ALREADY_IN_CRM,104,Skipped because this participant already has attendance for the resolved session.
PREVIEW_ROLLED_BACK,ATTENDANCE,CALTHORPE|ESOL|2026-01-14|0930|1030|CARD:803,ALREADY_IN_CRM,91,Skipped because this participant already has attendance for the resolved session.
PREVIEW_ROLLED_BACK,ATTENDANCE,CALTHORPE|ESOL|2026-01-14|0930|1030|CARD:994,ALREADY_IN_CRM,100,Skipped because this participant already has attendance for the resolved session.
PREVIEW_ROLLED_BACK,ATTENDANCE,CALTHORPE|SALSA/BELLY DANCING|2026-01-14|1100|1200|CARD:1236,NEW_ATTENDANCE,19260,Inserted inside the current SQL transaction.
PREVIEW_ROLLED_BACK,ATTENDANCE,CALTHORPE|SALSA/BELLY DANCING|2026-01-14|1100|1200|CARD:126,NEW_ATTENDANCE,19261,Inserted inside the current SQL transaction.
PREVIEW_ROLLED_BACK,ATTENDANCE,CALTHORPE|SALSA/BELLY DANCING|2026-01-14|1100|1200|CARD:441,NEW_ATTENDANCE,19262,Inserted inside the current SQL transaction.
PREVIEW_ROLLED_BACK,ATTENDANCE,CALTHORPE|SALSA/BELLY DANCING|2026-01-14|1100|1200|CARD:470,NEW_ATTENDANCE,19263,Inserted inside the current SQL transaction.
PREVIEW_ROLLED_BACK,ATTENDANCE,CALTHORPE|SALSA/BELLY DANCING|2026-01-14|1100|1200|CARD:638,NEW_ATTENDANCE,19264,Inserted inside the current SQL transaction.
PREVIEW_ROLLED_BACK,ATTENDANCE,CALTHORPE|SALSA/BELLY DANCING|2026-01-14|1100|1200|CARD:656,NEW_ATTENDANCE,19265,Inserted inside the current SQL transaction.
PREVIEW_ROLLED_BACK,ATTENDANCE,CALTHORPE|SALSA/BELLY DANCING|2026-01-14|1100|1200|CARD:658,NEW_ATTENDANCE,19266,Inserted inside the current SQL transaction.
PREVIEW_ROLLED_BACK,ATTENDANCE,CALTHORPE|SALSA/BELLY DANCING|2026-01-14|1100|1200|CARD:681,NEW_ATTENDANCE,19267,Inserted inside the current SQL transaction.
PREVIEW_ROLLED_BACK,ATTENDANCE,CALTHORPE|SALSA/BELLY DANCING|2026-01-14|1100|1200|CARD:691,NEW_ATTENDANCE,19268,Inserted inside the current SQL transaction.
PREVIEW_ROLLED_BACK,ATTENDANCE,CALTHORPE|SALSA/BELLY DANCING|2026-01-14|1100|1200|CARD:771,NEW_ATTENDANCE,19269,Inserted inside the current SQL transaction.
PREVIEW_ROLLED_BACK,ATTENDANCE,CALTHORPE|SALSA/BELLY DANCING|2026-01-14|1100|1200|CARD:824,NEW_ATTENDANCE,19270,Inserted inside the current SQL transaction.
PREVIEW_ROLLED_BACK,ATTENDANCE,CALTHORPE|SALSA/BELLY DANCING|2026-01-14|1100|1200|NAME:jiannua barkley,NEW_ATTENDANCE,19271,Inserted inside the current SQL transaction.
PREVIEW_ROLLED_BACK,ATTENDANCE,CALTHORPE|SALSA/BELLY DANCING|2026-01-14|1100|1200|NAME:tyra watson,NEW_ATTENDANCE,19272,Inserted inside the current SQL transaction.
PREVIEW_ROLLED_BACK,ATTENDANCE,CALTHORPE|CHAIR BASED EXERCISE|2026-01-15|1130|1215|CARD:380,ALREADY_IN_CRM,107,Skipped because this participant already has attendance for the resolved session.
PREVIEW_ROLLED_BACK,ATTENDANCE,CALTHORPE|CHAIR BASED EXERCISE|2026-01-15|1130|1215|CARD:416,ALREADY_IN_CRM,106,Skipped because this participant already has attendance for the resolved session.
PREVIEW_ROLLED_BACK,ATTENDANCE,CALTHORPE|CHAIR BASED EXERCISE|2026-01-15|1130|1215|CARD:584,ALREADY_IN_CRM,110,Skipped because this participant already has attendance for the resolved session.
PREVIEW_ROLLED_BACK,ATTENDANCE,CALTHORPE|CHAIR BASED EXERCISE|2026-01-15|1130|1215|CARD:620,ALREADY_IN_CRM,109,Skipped because this participant already has attendance for the resolved session.
PREVIEW_ROLLED_BACK,ATTENDANCE,CALTHORPE|CHAIR BASED EXERCISE|2026-01-15|1130|1215|CARD:655,ALREADY_IN_CRM,105,Skipped because this participant already has attendance for the resolved session.
PREVIEW_ROLLED_BACK,ATTENDANCE,CALTHORPE|CHAIR BASED EXERCISE|2026-01-15|1130|1215|CARD:750,ALREADY_IN_CRM,108,Skipped because this participant already has attendance for the resolved session.
PREVIEW_ROLLED_BACK,ATTENDANCE,CALTHORPE|CHAIR BASED EXERCISE|2026-01-15|1130|1215|CARD:866,ALREADY_IN_CRM,111,Skipped because this participant already has attendance for the resolved session.
PREVIEW_ROLLED_BACK,ATTENDANCE,CALTHORPE|CHAIR BASED EXERCISE|2026-01-15|1130|1215|CARD:873,ALREADY_IN_CRM,112,Skipped because this participant already has attendance for the resolved session.
PREVIEW_ROLLED_BACK,ATTENDANCE,CALTHORPE|CIRCUIT TRAINING|2026-01-15|0930|1015|CARD:398,ALREADY_IN_CRM,121,Skipped because this participant already has attendance for the resolved session.
PREVIEW_ROLLED_BACK,ATTENDANCE,CALTHORPE|CIRCUIT TRAINING|2026-01-15|0930|1015|CARD:412,ALREADY_IN_CRM,117,Skipped because this participant already has attendance for the resolved session.
PREVIEW_ROLLED_BACK,ATTENDANCE,CALTHORPE|CIRCUIT TRAINING|2026-01-15|0930|1015|CARD:413,ALREADY_IN_CRM,113,Skipped because this participant already has attendance for the resolved session.
PREVIEW_ROLLED_BACK,ATTENDANCE,CALTHORPE|CIRCUIT TRAINING|2026-01-15|0930|1015|CARD:470,ALREADY_IN_CRM,118,Skipped because this participant already has attendance for the resolved session.
PREVIEW_ROLLED_BACK,ATTENDANCE,CALTHORPE|CIRCUIT TRAINING|2026-01-15|0930|1015|CARD:515,ALREADY_IN_CRM,119,Skipped because this participant already has attendance for the resolved session.
PREVIEW_ROLLED_BACK,ATTENDANCE,CALTHORPE|CIRCUIT TRAINING|2026-01-15|0930|1015|CARD:639,ALREADY_IN_CRM,116,Skipped because this participant already has attendance for the resolved session.
PREVIEW_ROLLED_BACK,ATTENDANCE,CALTHORPE|CIRCUIT TRAINING|2026-01-15|0930|1015|CARD:690,ALREADY_IN_CRM,115,Skipped because this participant already has attendance for the resolved session.
PREVIEW_ROLLED_BACK,ATTENDANCE,CALTHORPE|CIRCUIT TRAINING|2026-01-15|0930|1015|CARD:691,ALREADY_IN_CRM,114,Skipped because this participant already has attendance for the resolved session.
PREVIEW_ROLLED_BACK,ATTENDANCE,CALTHORPE|CIRCUIT TRAINING|2026-01-15|0930|1015|CARD:780,ALREADY_IN_CRM,120,Skipped because this participant already has attendance for the resolved session.
PREVIEW_ROLLED_BACK,ATTENDANCE,CALTHORPE|CIRCUIT TRAINING|2026-01-15|0930|1015|CARD:787,ALREADY_IN_CRM,122,Skipped because this participant already has attendance for the resolved session.
PREVIEW_ROLLED_BACK,ATTENDANCE,CALTHORPE|CROCHET|2026-01-15|1230|1415|CARD:416,NEW_ATTENDANCE,19273,Inserted inside the current SQL transaction.
PREVIEW_ROLLED_BACK,ATTENDANCE,CALTHORPE|CROCHET|2026-01-15|1230|1415|CARD:418,NEW_ATTENDANCE,19274,Inserted inside the current SQL transaction.
PREVIEW_ROLLED_BACK,ATTENDANCE,CALTHORPE|CROCHET|2026-01-15|1230|1415|CARD:436,NEW_ATTENDANCE,19275,Inserted inside the current SQL transaction.
PREVIEW_ROLLED_BACK,ATTENDANCE,CALTHORPE|CROCHET|2026-01-15|1230|1415|CARD:586,NEW_ATTENDANCE,19276,Inserted inside the current SQL transaction.
PREVIEW_ROLLED_BACK,ATTENDANCE,CALTHORPE|CROCHET|2026-01-15|1230|1415|CARD:655,NEW_ATTENDANCE,19277,Inserted inside the current SQL transaction.
PREVIEW_ROLLED_BACK,ATTENDANCE,CALTHORPE|CROCHET|2026-01-15|1230|1415|CARD:708,NEW_ATTENDANCE,19278,Inserted inside the current SQL transaction.
PREVIEW_ROLLED_BACK,ATTENDANCE,CALTHORPE|CROCHET|2026-01-15|1230|1415|CARD:774,NEW_ATTENDANCE,19279,Inserted inside the current SQL transaction.
PREVIEW_ROLLED_BACK,ATTENDANCE,CALTHORPE|CROCHET|2026-01-15|1230|1415|CARD:873,NEW_ATTENDANCE,19280,Inserted inside the current SQL transaction.
PREVIEW_ROLLED_BACK,ATTENDANCE,CALTHORPE|MEN'S MULTI SPORTS|2026-01-15|1030|1130|CARD:874,NEW_ATTENDANCE,19281,Inserted inside the current SQL transaction.
PREVIEW_ROLLED_BACK,ATTENDANCE,CALTHORPE|ARTS|2026-01-16|1300|1430|CARD:402,NEW_ATTENDANCE,19282,Inserted inside the current SQL transaction.
PREVIEW_ROLLED_BACK,ATTENDANCE,CALTHORPE|ARTS|2026-01-16|1300|1430|CARD:416,NEW_ATTENDANCE,19283,Inserted inside the current SQL transaction.
PREVIEW_ROLLED_BACK,ATTENDANCE,CALTHORPE|ARTS|2026-01-16|1300|1430|CARD:441,NEW_ATTENDANCE,19284,Inserted inside the current SQL transaction.
PREVIEW_ROLLED_BACK,ATTENDANCE,CALTHORPE|ARTS|2026-01-16|1300|1430|CARD:444,NEW_ATTENDANCE,19285,Inserted inside the current SQL transaction.
PREVIEW_ROLLED_BACK,ATTENDANCE,CALTHORPE|ARTS|2026-01-16|1300|1430|CARD:468,NEW_ATTENDANCE,19286,Inserted inside the current SQL transaction.
PREVIEW_ROLLED_BACK,ATTENDANCE,CALTHORPE|ARTS|2026-01-16|1300|1430|CARD:586,NEW_ATTENDANCE,19287,Inserted inside the current SQL transaction.
PREVIEW_ROLLED_BACK,ATTENDANCE,CALTHORPE|BODY CONDITIONING|2026-01-16|1100|1145|CARD:346,ALREADY_IN_CRM,131,Skipped because this participant already has attendance for the resolved session.
PREVIEW_ROLLED_BACK,ATTENDANCE,CALTHORPE|BODY CONDITIONING|2026-01-16|1100|1145|CARD:386,ALREADY_IN_CRM,132,Skipped because this participant already has attendance for the resolved session.
PREVIEW_ROLLED_BACK,ATTENDANCE,CALTHORPE|BODY CONDITIONING|2026-01-16|1100|1145|CARD:388,ALREADY_IN_CRM,124,Skipped because this participant already has attendance for the resolved session.
PREVIEW_ROLLED_BACK,ATTENDANCE,CALTHORPE|BODY CONDITIONING|2026-01-16|1100|1145|CARD:441,ALREADY_IN_CRM,129,Skipped because this participant already has attendance for the resolved session.
PREVIEW_ROLLED_BACK,ATTENDANCE,CALTHORPE|BODY CONDITIONING|2026-01-16|1100|1145|CARD:450,ALREADY_IN_CRM,130,Skipped because this participant already has attendance for the resolved session.
PREVIEW_ROLLED_BACK,ATTENDANCE,CALTHORPE|BODY CONDITIONING|2026-01-16|1100|1145|CARD:451,ALREADY_IN_CRM,137,Skipped because this participant already has attendance for the resolved session.
PREVIEW_ROLLED_BACK,ATTENDANCE,CALTHORPE|BODY CONDITIONING|2026-01-16|1100|1145|CARD:470,ALREADY_IN_CRM,133,Skipped because this participant already has attendance for the resolved session.
PREVIEW_ROLLED_BACK,ATTENDANCE,CALTHORPE|BODY CONDITIONING|2026-01-16|1100|1145|CARD:568,ALREADY_IN_CRM,128,Skipped because this participant already has attendance for the resolved session.
PREVIEW_ROLLED_BACK,ATTENDANCE,CALTHORPE|BODY CONDITIONING|2026-01-16|1100|1145|CARD:620,ALREADY_IN_CRM,135,Skipped because this participant already has attendance for the resolved session.
PREVIEW_ROLLED_BACK,ATTENDANCE,CALTHORPE|BODY CONDITIONING|2026-01-16|1100|1145|CARD:638,ALREADY_IN_CRM,125,Skipped because this participant already has attendance for the resolved session.
PREVIEW_ROLLED_BACK,ATTENDANCE,CALTHORPE|BODY CONDITIONING|2026-01-16|1100|1145|CARD:681,ALREADY_IN_CRM,136,Skipped because this participant already has attendance for the resolved session.
PREVIEW_ROLLED_BACK,ATTENDANCE,CALTHORPE|BODY CONDITIONING|2026-01-16|1100|1145|CARD:700,ALREADY_IN_CRM,126,Skipped because this participant already has attendance for the resolved session.
PREVIEW_ROLLED_BACK,ATTENDANCE,CALTHORPE|BODY CONDITIONING|2026-01-16|1100|1145|CARD:742,ALREADY_IN_CRM,127,Skipped because this participant already has attendance for the resolved session.
PREVIEW_ROLLED_BACK,ATTENDANCE,CALTHORPE|BODY CONDITIONING|2026-01-16|1100|1145|CARD:797,ALREADY_IN_CRM,134,Skipped because this participant already has attendance for the resolved session.
PREVIEW_ROLLED_BACK,ATTENDANCE,CALTHORPE|PILATES|2026-01-16|1200|1245|CARD:386,NEW_ATTENDANCE,19288,Inserted inside the current SQL transaction.
PREVIEW_ROLLED_BACK,ATTENDANCE,CALTHORPE|PILATES|2026-01-16|1200|1245|CARD:388,NEW_ATTENDANCE,19289,Inserted inside the current SQL transaction.
PREVIEW_ROLLED_BACK,ATTENDANCE,CALTHORPE|PILATES|2026-01-16|1200|1245|CARD:395,NEW_ATTENDANCE,19290,Inserted inside the current SQL transaction.
PREVIEW_ROLLED_BACK,ATTENDANCE,CALTHORPE|PILATES|2026-01-16|1200|1245|CARD:442,NEW_ATTENDANCE,19291,Inserted inside the current SQL transaction.
PREVIEW_ROLLED_BACK,ATTENDANCE,CALTHORPE|PILATES|2026-01-16|1200|1245|CARD:450,NEW_ATTENDANCE,19292,Inserted inside the current SQL transaction.
PREVIEW_ROLLED_BACK,ATTENDANCE,CALTHORPE|PILATES|2026-01-16|1200|1245|CARD:451,NEW_ATTENDANCE,19293,Inserted inside the current SQL transaction.
PREVIEW_ROLLED_BACK,ATTENDANCE,CALTHORPE|PILATES|2026-01-16|1200|1245|CARD:620,NEW_ATTENDANCE,19294,Inserted inside the current SQL transaction.
PREVIEW_ROLLED_BACK,ATTENDANCE,CALTHORPE|PILATES|2026-01-16|1200|1245|CARD:681,NEW_ATTENDANCE,19295,Inserted inside the current SQL transaction.
PREVIEW_ROLLED_BACK,ATTENDANCE,CALTHORPE|PILATES|2026-01-16|1200|1245|CARD:707,NEW_ATTENDANCE,19296,Inserted inside the current SQL transaction.
PREVIEW_ROLLED_BACK,ATTENDANCE,CALTHORPE|PILATES|2026-01-16|1200|1245|CARD:742,NEW_ATTENDANCE,19297,Inserted inside the current SQL transaction.
PREVIEW_ROLLED_BACK,ATTENDANCE,CALTHORPE|PILATES|2026-01-16|1200|1245|CARD:797,NEW_ATTENDANCE,19298,Inserted inside the current SQL transaction.
PREVIEW_ROLLED_BACK,ATTENDANCE,CALTHORPE|CHAIR BASED EXERCISE|2026-01-19|1130|1215|CARD:380,ALREADY_IN_CRM,154,Skipped because this participant already has attendance for the resolved session.
PREVIEW_ROLLED_BACK,ATTENDANCE,CALTHORPE|CHAIR BASED EXERCISE|2026-01-19|1130|1215|CARD:413,ALREADY_IN_CRM,149,Skipped because this participant already has attendance for the resolved session.
PREVIEW_ROLLED_BACK,ATTENDANCE,CALTHORPE|CHAIR BASED EXERCISE|2026-01-19|1130|1215|CARD:416,ALREADY_IN_CRM,152,Skipped because this participant already has attendance for the resolved session.
PREVIEW_ROLLED_BACK,ATTENDANCE,CALTHORPE|CHAIR BASED EXERCISE|2026-01-19|1130|1215|CARD:444,ALREADY_IN_CRM,153,Skipped because this participant already has attendance for the resolved session.
PREVIEW_ROLLED_BACK,ATTENDANCE,CALTHORPE|CHAIR BASED EXERCISE|2026-01-19|1130|1215|CARD:518,ALREADY_IN_CRM,155,Skipped because this participant already has attendance for the resolved session.
PREVIEW_ROLLED_BACK,ATTENDANCE,CALTHORPE|CHAIR BASED EXERCISE|2026-01-19|1130|1215|CARD:638,ALREADY_IN_CRM,151,Skipped because this participant already has attendance for the resolved session.
PREVIEW_ROLLED_BACK,ATTENDANCE,CALTHORPE|CHAIR BASED EXERCISE|2026-01-19|1130|1215|CARD:705,ALREADY_IN_CRM,156,Skipped because this participant already has attendance for the resolved session.
PREVIEW_ROLLED_BACK,ATTENDANCE,CALTHORPE|CHAIR BASED EXERCISE|2026-01-19|1130|1215|CARD:707,ALREADY_IN_CRM,150,Skipped because this participant already has attendance for the resolved session.
PREVIEW_ROLLED_BACK,ATTENDANCE,CALTHORPE|CROCHET|2026-01-19|1230|1430|CARD:416,NEW_ATTENDANCE,19299,Inserted inside the current SQL transaction.
PREVIEW_ROLLED_BACK,ATTENDANCE,CALTHORPE|CROCHET|2026-01-19|1230|1430|CARD:436,NEW_ATTENDANCE,19300,Inserted inside the current SQL transaction.
PREVIEW_ROLLED_BACK,ATTENDANCE,CALTHORPE|CROCHET|2026-01-19|1230|1430|CARD:493,NEW_ATTENDANCE,19301,Inserted inside the current SQL transaction.
PREVIEW_ROLLED_BACK,ATTENDANCE,CALTHORPE|CROCHET|2026-01-19|1230|1430|CARD:509,NEW_ATTENDANCE,19302,Inserted inside the current SQL transaction.
PREVIEW_ROLLED_BACK,ATTENDANCE,CALTHORPE|CROCHET|2026-01-19|1230|1430|CARD:638,NEW_ATTENDANCE,19303,Inserted inside the current SQL transaction.
PREVIEW_ROLLED_BACK,ATTENDANCE,CALTHORPE|CROCHET|2026-01-19|1230|1430|CARD:794,NEW_ATTENDANCE,19304,Inserted inside the current SQL transaction.
PREVIEW_ROLLED_BACK,ATTENDANCE,CALTHORPE|CROCHET|2026-01-19|1230|1430|NAME:halima bibi,NEW_ATTENDANCE,19305,Inserted inside the current SQL transaction.
PREVIEW_ROLLED_BACK,ATTENDANCE,CALTHORPE|CROCHET|2026-01-19|1230|1430|NAME:shailla sharif,NEW_ATTENDANCE,19306,Inserted inside the current SQL transaction.
PREVIEW_ROLLED_BACK,ATTENDANCE,CALTHORPE|HIIT|2026-01-19|1030|1115|CARD:386,ALREADY_IN_CRM,167,Skipped because this participant already has attendance for the resolved session.
PREVIEW_ROLLED_BACK,ATTENDANCE,CALTHORPE|HIIT|2026-01-19|1030|1115|CARD:388,ALREADY_IN_CRM,162,Skipped because this participant already has attendance for the resolved session.
PREVIEW_ROLLED_BACK,ATTENDANCE,CALTHORPE|HIIT|2026-01-19|1030|1115|CARD:391,ALREADY_IN_CRM,165,Skipped because this participant already has attendance for the resolved session.
PREVIEW_ROLLED_BACK,ATTENDANCE,CALTHORPE|HIIT|2026-01-19|1030|1115|CARD:407,ALREADY_IN_CRM,169,Skipped because this participant already has attendance for the resolved session.
PREVIEW_ROLLED_BACK,ATTENDANCE,CALTHORPE|HIIT|2026-01-19|1030|1115|CARD:413,ALREADY_IN_CRM,157,Skipped because this participant already has attendance for the resolved session.
PREVIEW_ROLLED_BACK,ATTENDANCE,CALTHORPE|HIIT|2026-01-19|1030|1115|CARD:422,ALREADY_IN_CRM,158,Skipped because this participant already has attendance for the resolved session.
PREVIEW_ROLLED_BACK,ATTENDANCE,CALTHORPE|HIIT|2026-01-19|1030|1115|CARD:440,ALREADY_IN_CRM,163,Skipped because this participant already has attendance for the resolved session.
PREVIEW_ROLLED_BACK,ATTENDANCE,CALTHORPE|HIIT|2026-01-19|1030|1115|CARD:450,ALREADY_IN_CRM,166,Skipped because this participant already has attendance for the resolved session.
PREVIEW_ROLLED_BACK,ATTENDANCE,CALTHORPE|HIIT|2026-01-19|1030|1115|CARD:451,ALREADY_IN_CRM,171,Skipped because this participant already has attendance for the resolved session.
PREVIEW_ROLLED_BACK,ATTENDANCE,CALTHORPE|HIIT|2026-01-19|1030|1115|CARD:515,ALREADY_IN_CRM,168,Skipped because this participant already has attendance for the resolved session.
PREVIEW_ROLLED_BACK,ATTENDANCE,CALTHORPE|HIIT|2026-01-19|1030|1115|CARD:620,ALREADY_IN_CRM,170,Skipped because this participant already has attendance for the resolved session.
PREVIEW_ROLLED_BACK,ATTENDANCE,CALTHORPE|HIIT|2026-01-19|1030|1115|CARD:692,ALREADY_IN_CRM,159,Skipped because this participant already has attendance for the resolved session.
PREVIEW_ROLLED_BACK,ATTENDANCE,CALTHORPE|HIIT|2026-01-19|1030|1115|CARD:707,ALREADY_IN_CRM,160,Skipped because this participant already has attendance for the resolved session.
PREVIEW_ROLLED_BACK,ATTENDANCE,CALTHORPE|HIIT|2026-01-19|1030|1115|CARD:717,ALREADY_IN_CRM,164,Skipped because this participant already has attendance for the resolved session.
PREVIEW_ROLLED_BACK,ATTENDANCE,CALTHORPE|HIIT|2026-01-19|1030|1115|CARD:727,ALREADY_IN_CRM,161,Skipped because this participant already has attendance for the resolved session.
PREVIEW_ROLLED_BACK,ATTENDANCE,CALTHORPE|HIIT|2026-01-19|1030|1115|CARD:996,ALREADY_IN_CRM,172,Skipped because this participant already has attendance for the resolved session.
PREVIEW_ROLLED_BACK,ATTENDANCE,CALTHORPE|ZUMBA|2026-01-19|0930|1015|CARD:371,ALREADY_IN_CRM,182,Skipped because this participant already has attendance for the resolved session.
PREVIEW_ROLLED_BACK,ATTENDANCE,CALTHORPE|ZUMBA|2026-01-19|0930|1015|CARD:402,ALREADY_IN_CRM,176,Skipped because this participant already has attendance for the resolved session.
PREVIEW_ROLLED_BACK,ATTENDANCE,CALTHORPE|ZUMBA|2026-01-19|0930|1015|CARD:406,ALREADY_IN_CRM,184,Skipped because this participant already has attendance for the resolved session.
PREVIEW_ROLLED_BACK,ATTENDANCE,CALTHORPE|ZUMBA|2026-01-19|0930|1015|CARD:441,ALREADY_IN_CRM,178,Skipped because this participant already has attendance for the resolved session.
PREVIEW_ROLLED_BACK,ATTENDANCE,CALTHORPE|ZUMBA|2026-01-19|0930|1015|CARD:515,ALREADY_IN_CRM,181,Skipped because this participant already has attendance for the resolved session.
PREVIEW_ROLLED_BACK,ATTENDANCE,CALTHORPE|ZUMBA|2026-01-19|0930|1015|CARD:565,ALREADY_IN_CRM,183,Skipped because this participant already has attendance for the resolved session.
PREVIEW_ROLLED_BACK,ATTENDANCE,CALTHORPE|ZUMBA|2026-01-19|0930|1015|CARD:648,ALREADY_IN_CRM,175,Skipped because this participant already has attendance for the resolved session.
PREVIEW_ROLLED_BACK,ATTENDANCE,CALTHORPE|ZUMBA|2026-01-19|0930|1015|CARD:654,ALREADY_IN_CRM,177,Skipped because this participant already has attendance for the resolved session.
PREVIEW_ROLLED_BACK,ATTENDANCE,CALTHORPE|ZUMBA|2026-01-19|0930|1015|CARD:691,ALREADY_IN_CRM,173,Skipped because this participant already has attendance for the resolved session.
PREVIEW_ROLLED_BACK,ATTENDANCE,CALTHORPE|ZUMBA|2026-01-19|0930|1015|CARD:698,ALREADY_IN_CRM,179,Skipped because this participant already has attendance for the resolved session.
PREVIEW_ROLLED_BACK,ATTENDANCE,CALTHORPE|ZUMBA|2026-01-19|0930|1015|CARD:699,ALREADY_IN_CRM,180,Skipped because this participant already has attendance for the resolved session.
PREVIEW_ROLLED_BACK,ATTENDANCE,CALTHORPE|ZUMBA|2026-01-19|0930|1015|CARD:727,ALREADY_IN_CRM,174,Skipped because this participant already has attendance for the resolved session.
PREVIEW_ROLLED_BACK,ATTENDANCE,CALTHORPE|ZUMBA|2026-01-19|0930|1015|CARD:996,ALREADY_IN_CRM,185,Skipped because this participant already has attendance for the resolved session.
PREVIEW_ROLLED_BACK,ATTENDANCE,CALTHORPE|ESOL|2026-01-20|1130|1330|CARD:375,NEW_ATTENDANCE,19307,Inserted inside the current SQL transaction.
PREVIEW_ROLLED_BACK,ATTENDANCE,CALTHORPE|ESOL|2026-01-20|1130|1330|CARD:455,NEW_ATTENDANCE,19308,Inserted inside the current SQL transaction.
PREVIEW_ROLLED_BACK,ATTENDANCE,CALTHORPE|ESOL|2026-01-20|1130|1330|CARD:462,NEW_ATTENDANCE,19309,Inserted inside the current SQL transaction.
PREVIEW_ROLLED_BACK,ATTENDANCE,CALTHORPE|ESOL|2026-01-20|1130|1330|CARD:516,NEW_ATTENDANCE,19310,Inserted inside the current SQL transaction.
PREVIEW_ROLLED_BACK,ATTENDANCE,CALTHORPE|ESOL|2026-01-20|1130|1330|CARD:647,NEW_ATTENDANCE,19311,Inserted inside the current SQL transaction.
PREVIEW_ROLLED_BACK,ATTENDANCE,CALTHORPE|ESOL|2026-01-20|1130|1330|CARD:728,NEW_ATTENDANCE,19312,Inserted inside the current SQL transaction.
PREVIEW_ROLLED_BACK,ATTENDANCE,CALTHORPE|ESOL|2026-01-20|1130|1330|CARD:994,NEW_ATTENDANCE,19313,Inserted inside the current SQL transaction.
PREVIEW_ROLLED_BACK,ATTENDANCE,CALTHORPE|STRENGTH & STRETCH|2026-01-20|0930|1030|CARD:157,NEW_ATTENDANCE,19314,Inserted inside the current SQL transaction.
PREVIEW_ROLLED_BACK,ATTENDANCE,CALTHORPE|STRENGTH & STRETCH|2026-01-20|0930|1030|CARD:386,NEW_ATTENDANCE,19315,Inserted inside the current SQL transaction.
PREVIEW_ROLLED_BACK,ATTENDANCE,CALTHORPE|STRENGTH & STRETCH|2026-01-20|0930|1030|CARD:388,NEW_ATTENDANCE,19316,Inserted inside the current SQL transaction.
PREVIEW_ROLLED_BACK,ATTENDANCE,CALTHORPE|STRENGTH & STRETCH|2026-01-20|0930|1030|CARD:391,NEW_ATTENDANCE,19317,Inserted inside the current SQL transaction.
PREVIEW_ROLLED_BACK,ATTENDANCE,CALTHORPE|STRENGTH & STRETCH|2026-01-20|0930|1030|CARD:396,NEW_ATTENDANCE,19318,Inserted inside the current SQL transaction.
PREVIEW_ROLLED_BACK,ATTENDANCE,CALTHORPE|STRENGTH & STRETCH|2026-01-20|0930|1030|CARD:407,NEW_ATTENDANCE,19319,Inserted inside the current SQL transaction.
PREVIEW_ROLLED_BACK,ATTENDANCE,CALTHORPE|STRENGTH & STRETCH|2026-01-20|0930|1030|CARD:413,NEW_ATTENDANCE,19320,Inserted inside the current SQL transaction.
PREVIEW_ROLLED_BACK,ATTENDANCE,CALTHORPE|STRENGTH & STRETCH|2026-01-20|0930|1030|CARD:416,NEW_ATTENDANCE,19321,Inserted inside the current SQL transaction.
PREVIEW_ROLLED_BACK,ATTENDANCE,CALTHORPE|STRENGTH & STRETCH|2026-01-20|0930|1030|CARD:440,NEW_ATTENDANCE,19322,Inserted inside the current SQL transaction.
PREVIEW_ROLLED_BACK,ATTENDANCE,CALTHORPE|STRENGTH & STRETCH|2026-01-20|0930|1030|CARD:486,NEW_ATTENDANCE,19323,Inserted inside the current SQL transaction.
PREVIEW_ROLLED_BACK,ATTENDANCE,CALTHORPE|STRENGTH & STRETCH|2026-01-20|0930|1030|CARD:515,NEW_ATTENDANCE,19324,Inserted inside the current SQL transaction.
PREVIEW_ROLLED_BACK,ATTENDANCE,CALTHORPE|STRENGTH & STRETCH|2026-01-20|0930|1030|CARD:648,NEW_ATTENDANCE,19325,Inserted inside the current SQL transaction.
PREVIEW_ROLLED_BACK,ATTENDANCE,CALTHORPE|STRENGTH & STRETCH|2026-01-20|0930|1030|CARD:656,NEW_ATTENDANCE,19326,Inserted inside the current SQL transaction.
PREVIEW_ROLLED_BACK,ATTENDANCE,CALTHORPE|STRENGTH & STRETCH|2026-01-20|0930|1030|CARD:691,NEW_ATTENDANCE,19327,Inserted inside the current SQL transaction.
PREVIEW_ROLLED_BACK,ATTENDANCE,CALTHORPE|STRENGTH & STRETCH|2026-01-20|0930|1030|CARD:698,NEW_ATTENDANCE,19328,Inserted inside the current SQL transaction.
PREVIEW_ROLLED_BACK,ATTENDANCE,CALTHORPE|STRENGTH & STRETCH|2026-01-20|0930|1030|CARD:727,NEW_ATTENDANCE,19329,Inserted inside the current SQL transaction.
PREVIEW_ROLLED_BACK,ATTENDANCE,CALTHORPE|STRENGTH & STRETCH|2026-01-20|0930|1030|CARD:764,NEW_ATTENDANCE,19330,Inserted inside the current SQL transaction.
PREVIEW_ROLLED_BACK,ATTENDANCE,CALTHORPE|STRENGTH & STRETCH|2026-01-20|0930|1030|CARD:780,NEW_ATTENDANCE,19331,Inserted inside the current SQL transaction.
PREVIEW_ROLLED_BACK,ATTENDANCE,CALTHORPE|YOGA|2026-01-20|1715|1815|CARD:156,ALREADY_IN_CRM,188,Skipped because this participant already has attendance for the resolved session.
PREVIEW_ROLLED_BACK,ATTENDANCE,CALTHORPE|YOGA|2026-01-20|1715|1815|CARD:204,ALREADY_IN_CRM,189,Skipped because this participant already has attendance for the resolved session.
PREVIEW_ROLLED_BACK,ATTENDANCE,CALTHORPE|YOGA|2026-01-20|1715|1815|CARD:617,ALREADY_IN_CRM,190,Skipped because this participant already has attendance for the resolved session.
PREVIEW_ROLLED_BACK,ATTENDANCE,CALTHORPE|YOGA|2026-01-20|1715|1815|CARD:625,ALREADY_IN_CRM,191,Skipped because this participant already has attendance for the resolved session.
PREVIEW_ROLLED_BACK,ATTENDANCE,CALTHORPE|YOGA|2026-01-20|1715|1815|CARD:703,ALREADY_IN_CRM,187,Skipped because this participant already has attendance for the resolved session.
PREVIEW_ROLLED_BACK,ATTENDANCE,CALTHORPE|YOGA|2026-01-20|1715|1815|CARD:727,ALREADY_IN_CRM,186,Skipped because this participant already has attendance for the resolved session.
PREVIEW_ROLLED_BACK,ATTENDANCE,CALTHORPE|ESOL|2026-01-21|0930|1030|CARD:455,ALREADY_IN_CRM,194,Skipped because this participant already has attendance for the resolved session.
PREVIEW_ROLLED_BACK,ATTENDANCE,CALTHORPE|ESOL|2026-01-21|0930|1030|CARD:462,ALREADY_IN_CRM,198,Skipped because this participant already has attendance for the resolved session.
PREVIEW_ROLLED_BACK,ATTENDANCE,CALTHORPE|ESOL|2026-01-21|0930|1030|CARD:516,ALREADY_IN_CRM,197,Skipped because this participant already has attendance for the resolved session.
PREVIEW_ROLLED_BACK,ATTENDANCE,CALTHORPE|ESOL|2026-01-21|0930|1030|CARD:709,ALREADY_IN_CRM,192,Skipped because this participant already has attendance for the resolved session.
PREVIEW_ROLLED_BACK,ATTENDANCE,CALTHORPE|ESOL|2026-01-21|0930|1030|CARD:715,ALREADY_IN_CRM,195,Skipped because this participant already has attendance for the resolved session.
PREVIEW_ROLLED_BACK,ATTENDANCE,CALTHORPE|ESOL|2026-01-21|0930|1030|CARD:727,ALREADY_IN_CRM,193,Skipped because this participant already has attendance for the resolved session.
PREVIEW_ROLLED_BACK,ATTENDANCE,CALTHORPE|ESOL|2026-01-21|0930|1030|CARD:728,ALREADY_IN_CRM,196,Skipped because this participant already has attendance for the resolved session.
PREVIEW_ROLLED_BACK,ATTENDANCE,CALTHORPE|ESOL|2026-01-21|0930|1030|CARD:785,ALREADY_IN_CRM,199,Skipped because this participant already has attendance for the resolved session.
PREVIEW_ROLLED_BACK,ATTENDANCE,CALTHORPE|SALSA/BELLY DANCING|2026-01-21|1100|1200|CARD:402,NEW_ATTENDANCE,19332,Inserted inside the current SQL transaction.
PREVIEW_ROLLED_BACK,ATTENDANCE,CALTHORPE|SALSA/BELLY DANCING|2026-01-21|1100|1200|CARD:441,NEW_ATTENDANCE,19333,Inserted inside the current SQL transaction.
PREVIEW_ROLLED_BACK,ATTENDANCE,CALTHORPE|SALSA/BELLY DANCING|2026-01-21|1100|1200|CARD:486,NEW_ATTENDANCE,19334,Inserted inside the current SQL transaction.
PREVIEW_ROLLED_BACK,ATTENDANCE,CALTHORPE|SALSA/BELLY DANCING|2026-01-21|1100|1200|CARD:638,NEW_ATTENDANCE,19335,Inserted inside the current SQL transaction.
PREVIEW_ROLLED_BACK,ATTENDANCE,CALTHORPE|SALSA/BELLY DANCING|2026-01-21|1100|1200|CARD:656,NEW_ATTENDANCE,19336,Inserted inside the current SQL transaction.
PREVIEW_ROLLED_BACK,ATTENDANCE,CALTHORPE|SALSA/BELLY DANCING|2026-01-21|1100|1200|CARD:658,NEW_ATTENDANCE,19337,Inserted inside the current SQL transaction.
PREVIEW_ROLLED_BACK,ATTENDANCE,CALTHORPE|SALSA/BELLY DANCING|2026-01-21|1100|1200|CARD:681,NEW_ATTENDANCE,19338,Inserted inside the current SQL transaction.
PREVIEW_ROLLED_BACK,ATTENDANCE,CALTHORPE|SALSA/BELLY DANCING|2026-01-21|1100|1200|CARD:771,NEW_ATTENDANCE,19339,Inserted inside the current SQL transaction.
PREVIEW_ROLLED_BACK,ATTENDANCE,CALTHORPE|SALSA/BELLY DANCING|2026-01-21|1100|1200|CARD:824,NEW_ATTENDANCE,19340,Inserted inside the current SQL transaction.
PREVIEW_ROLLED_BACK,ATTENDANCE,CALTHORPE|SALSA/BELLY DANCING|2026-01-21|1100|1200|NAME:jiannua barkley,NEW_ATTENDANCE,19341,Inserted inside the current SQL transaction.
PREVIEW_ROLLED_BACK,ATTENDANCE,CALTHORPE|SALSA/BELLY DANCING|2026-01-21|1100|1200|NAME:roduka,NEW_ATTENDANCE,19342,Inserted inside the current SQL transaction.
PREVIEW_ROLLED_BACK,ATTENDANCE,CALTHORPE|CHAIR BASED EXERCISE|2026-01-22|1130|1215|CARD:337,ALREADY_IN_CRM,211,Skipped because this participant already has attendance for the resolved session.
PREVIEW_ROLLED_BACK,ATTENDANCE,CALTHORPE|CHAIR BASED EXERCISE|2026-01-22|1130|1215|CARD:380,ALREADY_IN_CRM,208,Skipped because this participant already has attendance for the resolved session.
PREVIEW_ROLLED_BACK,ATTENDANCE,CALTHORPE|CHAIR BASED EXERCISE|2026-01-22|1130|1215|CARD:416,ALREADY_IN_CRM,203,Skipped because this participant already has attendance for the resolved session.
PREVIEW_ROLLED_BACK,ATTENDANCE,CALTHORPE|CHAIR BASED EXERCISE|2026-01-22|1130|1215|CARD:418,ALREADY_IN_CRM,212,Skipped because this participant already has attendance for the resolved session.
PREVIEW_ROLLED_BACK,ATTENDANCE,CALTHORPE|CHAIR BASED EXERCISE|2026-01-22|1130|1215|CARD:436,ALREADY_IN_CRM,206,Skipped because this participant already has attendance for the resolved session.
PREVIEW_ROLLED_BACK,ATTENDANCE,CALTHORPE|CHAIR BASED EXERCISE|2026-01-22|1130|1215|CARD:444,ALREADY_IN_CRM,204,Skipped because this participant already has attendance for the resolved session.
PREVIEW_ROLLED_BACK,ATTENDANCE,CALTHORPE|CHAIR BASED EXERCISE|2026-01-22|1130|1215|CARD:474,ALREADY_IN_CRM,207,Skipped because this participant already has attendance for the resolved session.
PREVIEW_ROLLED_BACK,ATTENDANCE,CALTHORPE|CHAIR BASED EXERCISE|2026-01-22|1130|1215|CARD:584,ALREADY_IN_CRM,213,Skipped because this participant already has attendance for the resolved session.
PREVIEW_ROLLED_BACK,ATTENDANCE,CALTHORPE|CHAIR BASED EXERCISE|2026-01-22|1130|1215|CARD:586,ALREADY_IN_CRM,205,Skipped because this participant already has attendance for the resolved session.
PREVIEW_ROLLED_BACK,ATTENDANCE,CALTHORPE|CHAIR BASED EXERCISE|2026-01-22|1130|1215|CARD:620,ALREADY_IN_CRM,210,Skipped because this participant already has attendance for the resolved session.
PREVIEW_ROLLED_BACK,ATTENDANCE,CALTHORPE|CHAIR BASED EXERCISE|2026-01-22|1130|1215|CARD:638,ALREADY_IN_CRM,201,Skipped because this participant already has attendance for the resolved session.
PREVIEW_ROLLED_BACK,ATTENDANCE,CALTHORPE|CHAIR BASED EXERCISE|2026-01-22|1130|1215|CARD:640,ALREADY_IN_CRM,202,Skipped because this participant already has attendance for the resolved session.
PREVIEW_ROLLED_BACK,ATTENDANCE,CALTHORPE|CHAIR BASED EXERCISE|2026-01-22|1130|1215|CARD:655,ALREADY_IN_CRM,200,Skipped because this participant already has attendance for the resolved session.
PREVIEW_ROLLED_BACK,ATTENDANCE,CALTHORPE|CHAIR BASED EXERCISE|2026-01-22|1130|1215|CARD:750,ALREADY_IN_CRM,209,Skipped because this participant already has attendance for the resolved session.
PREVIEW_ROLLED_BACK,ATTENDANCE,CALTHORPE|CHAIR BASED EXERCISE|2026-01-22|1130|1215|CARD:873,ALREADY_IN_CRM,214,Skipped because this participant already has attendance for the resolved session.
PREVIEW_ROLLED_BACK,ATTENDANCE,CALTHORPE|CIRCUIT TRAINING|2026-01-22|0930|1015|CARD:373,ALREADY_IN_CRM,227,Skipped because this participant already has attendance for the resolved session.
PREVIEW_ROLLED_BACK,ATTENDANCE,CALTHORPE|CIRCUIT TRAINING|2026-01-22|0930|1015|CARD:398,ALREADY_IN_CRM,226,Skipped because this participant already has attendance for the resolved session.
PREVIEW_ROLLED_BACK,ATTENDANCE,CALTHORPE|CIRCUIT TRAINING|2026-01-22|0930|1015|CARD:413,ALREADY_IN_CRM,215,Skipped because this participant already has attendance for the resolved session.
PREVIEW_ROLLED_BACK,ATTENDANCE,CALTHORPE|CIRCUIT TRAINING|2026-01-22|0930|1015|CARD:440,ALREADY_IN_CRM,220,Skipped because this participant already has attendance for the resolved session.
PREVIEW_ROLLED_BACK,ATTENDANCE,CALTHORPE|CIRCUIT TRAINING|2026-01-22|0930|1015|CARD:441,ALREADY_IN_CRM,222,Skipped because this participant already has attendance for the resolved session.
PREVIEW_ROLLED_BACK,ATTENDANCE,CALTHORPE|CIRCUIT TRAINING|2026-01-22|0930|1015|CARD:470,ALREADY_IN_CRM,223,Skipped because this participant already has attendance for the resolved session.
PREVIEW_ROLLED_BACK,ATTENDANCE,CALTHORPE|CIRCUIT TRAINING|2026-01-22|0930|1015|CARD:515,ALREADY_IN_CRM,224,Skipped because this participant already has attendance for the resolved session.
PREVIEW_ROLLED_BACK,ATTENDANCE,CALTHORPE|CIRCUIT TRAINING|2026-01-22|0930|1015|CARD:648,ALREADY_IN_CRM,219,Skipped because this participant already has attendance for the resolved session.
PREVIEW_ROLLED_BACK,ATTENDANCE,CALTHORPE|CIRCUIT TRAINING|2026-01-22|0930|1015|CARD:691,ALREADY_IN_CRM,217,Skipped because this participant already has attendance for the resolved session.
PREVIEW_ROLLED_BACK,ATTENDANCE,CALTHORPE|CIRCUIT TRAINING|2026-01-22|0930|1015|CARD:692,ALREADY_IN_CRM,216,Skipped because this participant already has attendance for the resolved session.
PREVIEW_ROLLED_BACK,ATTENDANCE,CALTHORPE|CIRCUIT TRAINING|2026-01-22|0930|1015|CARD:727,ALREADY_IN_CRM,218,Skipped because this participant already has attendance for the resolved session.
PREVIEW_ROLLED_BACK,ATTENDANCE,CALTHORPE|CIRCUIT TRAINING|2026-01-22|0930|1015|CARD:770,ALREADY_IN_CRM,221,Skipped because this participant already has attendance for the resolved session.
PREVIEW_ROLLED_BACK,ATTENDANCE,CALTHORPE|CIRCUIT TRAINING|2026-01-22|0930|1015|CARD:780,ALREADY_IN_CRM,225,Skipped because this participant already has attendance for the resolved session.
PREVIEW_ROLLED_BACK,ATTENDANCE,CALTHORPE|CIRCUIT TRAINING|2026-01-22|0930|1015|CARD:790,ALREADY_IN_CRM,228,Skipped because this participant already has attendance for the resolved session.
PREVIEW_ROLLED_BACK,ATTENDANCE,CALTHORPE|CROCHET|2026-01-22|1230|1415|CARD:337,NEW_ATTENDANCE,19343,Inserted inside the current SQL transaction.
PREVIEW_ROLLED_BACK,ATTENDANCE,CALTHORPE|CROCHET|2026-01-22|1230|1415|CARD:380,NEW_ATTENDANCE,19344,Inserted inside the current SQL transaction.
PREVIEW_ROLLED_BACK,ATTENDANCE,CALTHORPE|CROCHET|2026-01-22|1230|1415|CARD:416,NEW_ATTENDANCE,19345,Inserted inside the current SQL transaction.
PREVIEW_ROLLED_BACK,ATTENDANCE,CALTHORPE|CROCHET|2026-01-22|1230|1415|CARD:418,NEW_ATTENDANCE,19346,Inserted inside the current SQL transaction.
PREVIEW_ROLLED_BACK,ATTENDANCE,CALTHORPE|CROCHET|2026-01-22|1230|1415|CARD:436,NEW_ATTENDANCE,19347,Inserted inside the current SQL transaction.
PREVIEW_ROLLED_BACK,ATTENDANCE,CALTHORPE|CROCHET|2026-01-22|1230|1415|CARD:444,NEW_ATTENDANCE,19348,Inserted inside the current SQL transaction.
PREVIEW_ROLLED_BACK,ATTENDANCE,CALTHORPE|CROCHET|2026-01-22|1230|1415|CARD:474,NEW_ATTENDANCE,19349,Inserted inside the current SQL transaction.
PREVIEW_ROLLED_BACK,ATTENDANCE,CALTHORPE|CROCHET|2026-01-22|1230|1415|CARD:584,NEW_ATTENDANCE,19350,Inserted inside the current SQL transaction.
PREVIEW_ROLLED_BACK,ATTENDANCE,CALTHORPE|CROCHET|2026-01-22|1230|1415|CARD:586,NEW_ATTENDANCE,19351,Inserted inside the current SQL transaction.
PREVIEW_ROLLED_BACK,ATTENDANCE,CALTHORPE|CROCHET|2026-01-22|1230|1415|CARD:620,NEW_ATTENDANCE,19352,Inserted inside the current SQL transaction.
PREVIEW_ROLLED_BACK,ATTENDANCE,CALTHORPE|CROCHET|2026-01-22|1230|1415|CARD:638,NEW_ATTENDANCE,19353,Inserted inside the current SQL transaction.
PREVIEW_ROLLED_BACK,ATTENDANCE,CALTHORPE|CROCHET|2026-01-22|1230|1415|CARD:640,NEW_ATTENDANCE,19354,Inserted inside the current SQL transaction.
PREVIEW_ROLLED_BACK,ATTENDANCE,CALTHORPE|CROCHET|2026-01-22|1230|1415|CARD:655,NEW_ATTENDANCE,19355,Inserted inside the current SQL transaction.
PREVIEW_ROLLED_BACK,ATTENDANCE,CALTHORPE|CROCHET|2026-01-22|1230|1415|CARD:750,NEW_ATTENDANCE,19356,Inserted inside the current SQL transaction.
PREVIEW_ROLLED_BACK,ATTENDANCE,CALTHORPE|CROCHET|2026-01-22|1230|1415|CARD:873,NEW_ATTENDANCE,19357,Inserted inside the current SQL transaction.
PREVIEW_ROLLED_BACK,ATTENDANCE,CALTHORPE|MEN'S MULTI SPORTS|2026-01-22|1030|1130|CARD:874,NEW_ATTENDANCE,19358,Inserted inside the current SQL transaction.
PREVIEW_ROLLED_BACK,ATTENDANCE,CALTHORPE|ARTS|2026-01-23|1300|1430|CARD:397,NEW_ATTENDANCE,19359,Inserted inside the current SQL transaction.
PREVIEW_ROLLED_BACK,ATTENDANCE,CALTHORPE|ARTS|2026-01-23|1300|1430|CARD:416,NEW_ATTENDANCE,19360,Inserted inside the current SQL transaction.
PREVIEW_ROLLED_BACK,ATTENDANCE,CALTHORPE|ARTS|2026-01-23|1300|1430|CARD:634,NEW_ATTENDANCE,19361,Inserted inside the current SQL transaction.
PREVIEW_ROLLED_BACK,ATTENDANCE,CALTHORPE|ARTS|2026-01-23|1300|1430|CARD:637,NEW_ATTENDANCE,19362,Inserted inside the current SQL transaction.
PREVIEW_ROLLED_BACK,ATTENDANCE,CALTHORPE|ARTS|2026-01-23|1300|1430|CARD:658,NEW_ATTENDANCE,19363,Inserted inside the current SQL transaction.
PREVIEW_ROLLED_BACK,ATTENDANCE,CALTHORPE|BODY CONDITIONING|2026-01-23|1100|1145|CARD:126,ALREADY_IN_CRM,234,Skipped because this participant already has attendance for the resolved session.
PREVIEW_ROLLED_BACK,ATTENDANCE,CALTHORPE|BODY CONDITIONING|2026-01-23|1100|1145|CARD:346,ALREADY_IN_CRM,237,Skipped because this participant already has attendance for the resolved session.
PREVIEW_ROLLED_BACK,ATTENDANCE,CALTHORPE|BODY CONDITIONING|2026-01-23|1100|1145|CARD:380,ALREADY_IN_CRM,238,Skipped because this participant already has attendance for the resolved session.
PREVIEW_ROLLED_BACK,ATTENDANCE,CALTHORPE|BODY CONDITIONING|2026-01-23|1100|1145|CARD:413,ALREADY_IN_CRM,230,Skipped because this participant already has attendance for the resolved session.
PREVIEW_ROLLED_BACK,ATTENDANCE,CALTHORPE|BODY CONDITIONING|2026-01-23|1100|1145|CARD:44,ALREADY_IN_CRM,240,Skipped because this participant already has attendance for the resolved session.
PREVIEW_ROLLED_BACK,ATTENDANCE,CALTHORPE|BODY CONDITIONING|2026-01-23|1100|1145|CARD:442,ALREADY_IN_CRM,236,Skipped because this participant already has attendance for the resolved session.
PREVIEW_ROLLED_BACK,ATTENDANCE,CALTHORPE|BODY CONDITIONING|2026-01-23|1100|1145|CARD:470,ALREADY_IN_CRM,239,Skipped because this participant already has attendance for the resolved session.
PREVIEW_ROLLED_BACK,ATTENDANCE,CALTHORPE|BODY CONDITIONING|2026-01-23|1100|1145|CARD:568,ALREADY_IN_CRM,235,Skipped because this participant already has attendance for the resolved session.
PREVIEW_ROLLED_BACK,ATTENDANCE,CALTHORPE|BODY CONDITIONING|2026-01-23|1100|1145|CARD:625,ALREADY_IN_CRM,245,Skipped because this participant already has attendance for the resolved session.
PREVIEW_ROLLED_BACK,ATTENDANCE,CALTHORPE|BODY CONDITIONING|2026-01-23|1100|1145|CARD:644,ALREADY_IN_CRM,242,Skipped because this participant already has attendance for the resolved session.
PREVIEW_ROLLED_BACK,ATTENDANCE,CALTHORPE|BODY CONDITIONING|2026-01-23|1100|1145|CARD:681,ALREADY_IN_CRM,244,Skipped because this participant already has attendance for the resolved session.
PREVIEW_ROLLED_BACK,ATTENDANCE,CALTHORPE|BODY CONDITIONING|2026-01-23|1100|1145|CARD:692,ALREADY_IN_CRM,231,Skipped because this participant already has attendance for the resolved session.
PREVIEW_ROLLED_BACK,ATTENDANCE,CALTHORPE|BODY CONDITIONING|2026-01-23|1100|1145|CARD:700,ALREADY_IN_CRM,232,Skipped because this participant already has attendance for the resolved session.
PREVIEW_ROLLED_BACK,ATTENDANCE,CALTHORPE|BODY CONDITIONING|2026-01-23|1100|1145|CARD:742,ALREADY_IN_CRM,233,Skipped because this participant already has attendance for the resolved session.
PREVIEW_ROLLED_BACK,ATTENDANCE,CALTHORPE|BODY CONDITIONING|2026-01-23|1100|1145|CARD:771,ALREADY_IN_CRM,243,Skipped because this participant already has attendance for the resolved session.
PREVIEW_ROLLED_BACK,ATTENDANCE,CALTHORPE|BODY CONDITIONING|2026-01-23|1100|1145|CARD:797,ALREADY_IN_CRM,241,Skipped because this participant already has attendance for the resolved session.
PREVIEW_ROLLED_BACK,ATTENDANCE,CALTHORPE|PILATES|2026-01-23|1200|1245|CARD:156,NEW_ATTENDANCE,19364,Inserted inside the current SQL transaction.
PREVIEW_ROLLED_BACK,ATTENDANCE,CALTHORPE|PILATES|2026-01-23|1200|1245|CARD:337,NEW_ATTENDANCE,19365,Inserted inside the current SQL transaction.
PREVIEW_ROLLED_BACK,ATTENDANCE,CALTHORPE|PILATES|2026-01-23|1200|1245|CARD:390,NEW_ATTENDANCE,19366,Inserted inside the current SQL transaction.
PREVIEW_ROLLED_BACK,ATTENDANCE,CALTHORPE|PILATES|2026-01-23|1200|1245|CARD:410,NEW_ATTENDANCE,19367,Inserted inside the current SQL transaction.
PREVIEW_ROLLED_BACK,ATTENDANCE,CALTHORPE|PILATES|2026-01-23|1200|1245|CARD:413,NEW_ATTENDANCE,19368,Inserted inside the current SQL transaction.
PREVIEW_ROLLED_BACK,ATTENDANCE,CALTHORPE|PILATES|2026-01-23|1200|1245|CARD:440,NEW_ATTENDANCE,19369,Inserted inside the current SQL transaction.
PREVIEW_ROLLED_BACK,ATTENDANCE,CALTHORPE|PILATES|2026-01-23|1200|1245|CARD:442,NEW_ATTENDANCE,19370,Inserted inside the current SQL transaction.
PREVIEW_ROLLED_BACK,ATTENDANCE,CALTHORPE|PILATES|2026-01-23|1200|1245|CARD:486,NEW_ATTENDANCE,19371,Inserted inside the current SQL transaction.
PREVIEW_ROLLED_BACK,ATTENDANCE,CALTHORPE|PILATES|2026-01-23|1200|1245|CARD:606,NEW_ATTENDANCE,19372,Inserted inside the current SQL transaction.
PREVIEW_ROLLED_BACK,ATTENDANCE,CALTHORPE|PILATES|2026-01-23|1200|1245|CARD:625,NEW_ATTENDANCE,19373,Inserted inside the current SQL transaction.
PREVIEW_ROLLED_BACK,ATTENDANCE,CALTHORPE|PILATES|2026-01-23|1200|1245|CARD:635,NEW_ATTENDANCE,19374,Inserted inside the current SQL transaction.
PREVIEW_ROLLED_BACK,ATTENDANCE,CALTHORPE|PILATES|2026-01-23|1200|1245|CARD:644,NEW_ATTENDANCE,19375,Inserted inside the current SQL transaction.
PREVIEW_ROLLED_BACK,ATTENDANCE,CALTHORPE|PILATES|2026-01-23|1200|1245|CARD:681,NEW_ATTENDANCE,19376,Inserted inside the current SQL transaction.
PREVIEW_ROLLED_BACK,ATTENDANCE,CALTHORPE|PILATES|2026-01-23|1200|1245|CARD:692,NEW_ATTENDANCE,19377,Inserted inside the current SQL transaction.
PREVIEW_ROLLED_BACK,ATTENDANCE,CALTHORPE|PILATES|2026-01-23|1200|1245|CARD:707,NEW_ATTENDANCE,19378,Inserted inside the current SQL transaction.
PREVIEW_ROLLED_BACK,ATTENDANCE,CALTHORPE|PILATES|2026-01-23|1200|1245|CARD:742,NEW_ATTENDANCE,19379,Inserted inside the current SQL transaction.
PREVIEW_ROLLED_BACK,ATTENDANCE,CALTHORPE|CHAIR BASED EXERCISE|2026-01-26|1130|1215|CARD:380,ALREADY_IN_CRM,267,Skipped because this participant already has attendance for the resolved session.
PREVIEW_ROLLED_BACK,ATTENDANCE,CALTHORPE|CHAIR BASED EXERCISE|2026-01-26|1130|1215|CARD:410,ALREADY_IN_CRM,265,Skipped because this participant already has attendance for the resolved session.
PREVIEW_ROLLED_BACK,ATTENDANCE,CALTHORPE|CHAIR BASED EXERCISE|2026-01-26|1130|1215|CARD:416,ALREADY_IN_CRM,263,Skipped because this participant already has attendance for the resolved session.
PREVIEW_ROLLED_BACK,ATTENDANCE,CALTHORPE|CHAIR BASED EXERCISE|2026-01-26|1130|1215|CARD:444,ALREADY_IN_CRM,264,Skipped because this participant already has attendance for the resolved session.
PREVIEW_ROLLED_BACK,ATTENDANCE,CALTHORPE|CHAIR BASED EXERCISE|2026-01-26|1130|1215|CARD:485,ALREADY_IN_CRM,272,Skipped because this participant already has attendance for the resolved session.
PREVIEW_ROLLED_BACK,ATTENDANCE,CALTHORPE|CHAIR BASED EXERCISE|2026-01-26|1130|1215|CARD:586,ALREADY_IN_CRM,266,Skipped because this participant already has attendance for the resolved session.
PREVIEW_ROLLED_BACK,ATTENDANCE,CALTHORPE|CHAIR BASED EXERCISE|2026-01-26|1130|1215|CARD:601,ALREADY_IN_CRM,270,Skipped because this participant already has attendance for the resolved session.
PREVIEW_ROLLED_BACK,ATTENDANCE,CALTHORPE|CHAIR BASED EXERCISE|2026-01-26|1130|1215|CARD:620,ALREADY_IN_CRM,269,Skipped because this participant already has attendance for the resolved session.
PREVIEW_ROLLED_BACK,ATTENDANCE,CALTHORPE|CHAIR BASED EXERCISE|2026-01-26|1130|1215|CARD:638,ALREADY_IN_CRM,262,Skipped because this participant already has attendance for the resolved session.
PREVIEW_ROLLED_BACK,ATTENDANCE,CALTHORPE|CHAIR BASED EXERCISE|2026-01-26|1130|1215|CARD:656,ALREADY_IN_CRM,268,Skipped because this participant already has attendance for the resolved session.
PREVIEW_ROLLED_BACK,ATTENDANCE,CALTHORPE|CHAIR BASED EXERCISE|2026-01-26|1130|1215|CARD:681,ALREADY_IN_CRM,271,Skipped because this participant already has attendance for the resolved session.
PREVIEW_ROLLED_BACK,ATTENDANCE,CALTHORPE|CHAIR BASED EXERCISE|2026-01-26|1130|1215|CARD:705,ALREADY_IN_CRM,273,Skipped because this participant already has attendance for the resolved session.
PREVIEW_ROLLED_BACK,ATTENDANCE,CALTHORPE|CHAIR BASED EXERCISE|2026-01-26|1130|1215|CARD:866,ALREADY_IN_CRM,274,Skipped because this participant already has attendance for the resolved session.
PREVIEW_ROLLED_BACK,ATTENDANCE,CALTHORPE|CROCHET|2026-01-26|1230|1430|CARD:418,NEW_ATTENDANCE,19380,Inserted inside the current SQL transaction.
PREVIEW_ROLLED_BACK,ATTENDANCE,CALTHORPE|CROCHET|2026-01-26|1230|1430|CARD:436,NEW_ATTENDANCE,19381,Inserted inside the current SQL transaction.
PREVIEW_ROLLED_BACK,ATTENDANCE,CALTHORPE|CROCHET|2026-01-26|1230|1430|CARD:468,NEW_ATTENDANCE,19382,Inserted inside the current SQL transaction.
PREVIEW_ROLLED_BACK,ATTENDANCE,CALTHORPE|CROCHET|2026-01-26|1230|1430|CARD:493,NEW_ATTENDANCE,19383,Inserted inside the current SQL transaction.
PREVIEW_ROLLED_BACK,ATTENDANCE,CALTHORPE|CROCHET|2026-01-26|1230|1430|CARD:509,NEW_ATTENDANCE,19384,Inserted inside the current SQL transaction.
PREVIEW_ROLLED_BACK,ATTENDANCE,CALTHORPE|CROCHET|2026-01-26|1230|1430|CARD:586,NEW_ATTENDANCE,19385,Inserted inside the current SQL transaction.
PREVIEW_ROLLED_BACK,ATTENDANCE,CALTHORPE|CROCHET|2026-01-26|1230|1430|CARD:638,NEW_ATTENDANCE,19386,Inserted inside the current SQL transaction.
PREVIEW_ROLLED_BACK,ATTENDANCE,CALTHORPE|CROCHET|2026-01-26|1230|1430|CARD:708,NEW_ATTENDANCE,19387,Inserted inside the current SQL transaction.
PREVIEW_ROLLED_BACK,ATTENDANCE,CALTHORPE|CROCHET|2026-01-26|1230|1430|NAME:shailla sharif,NEW_ATTENDANCE,19388,Inserted inside the current SQL transaction.
PREVIEW_ROLLED_BACK,ATTENDANCE,CALTHORPE|HIIT|2026-01-26|1030|1115|CARD:396,ALREADY_IN_CRM,282,Skipped because this participant already has attendance for the resolved session.
PREVIEW_ROLLED_BACK,ATTENDANCE,CALTHORPE|HIIT|2026-01-26|1030|1115|CARD:407,ALREADY_IN_CRM,281,Skipped because this participant already has attendance for the resolved session.
PREVIEW_ROLLED_BACK,ATTENDANCE,CALTHORPE|HIIT|2026-01-26|1030|1115|CARD:638,ALREADY_IN_CRM,276,Skipped because this participant already has attendance for the resolved session.
PREVIEW_ROLLED_BACK,ATTENDANCE,CALTHORPE|HIIT|2026-01-26|1030|1115|CARD:656,ALREADY_IN_CRM,279,Skipped because this participant already has attendance for the resolved session.
PREVIEW_ROLLED_BACK,ATTENDANCE,CALTHORPE|HIIT|2026-01-26|1030|1115|CARD:692,ALREADY_IN_CRM,275,Skipped because this participant already has attendance for the resolved session.
PREVIEW_ROLLED_BACK,ATTENDANCE,CALTHORPE|HIIT|2026-01-26|1030|1115|CARD:704,ALREADY_IN_CRM,278,Skipped because this participant already has attendance for the resolved session.
PREVIEW_ROLLED_BACK,ATTENDANCE,CALTHORPE|HIIT|2026-01-26|1030|1115|CARD:717,ALREADY_IN_CRM,277,Skipped because this participant already has attendance for the resolved session.
PREVIEW_ROLLED_BACK,ATTENDANCE,CALTHORPE|HIIT|2026-01-26|1030|1115|CARD:771,ALREADY_IN_CRM,283,Skipped because this participant already has attendance for the resolved session.
PREVIEW_ROLLED_BACK,ATTENDANCE,CALTHORPE|HIIT|2026-01-26|1030|1115|CARD:780,ALREADY_IN_CRM,280,Skipped because this participant already has attendance for the resolved session.
PREVIEW_ROLLED_BACK,ATTENDANCE,CALTHORPE|HIIT|2026-01-26|1030|1115|CARD:877,ALREADY_IN_CRM,285,Skipped because this participant already has attendance for the resolved session.
PREVIEW_ROLLED_BACK,ATTENDANCE,CALTHORPE|HIIT|2026-01-26|1030|1115|CARD:996,ALREADY_IN_CRM,284,Skipped because this participant already has attendance for the resolved session.
PREVIEW_ROLLED_BACK,ATTENDANCE,CALTHORPE|HIIT|2026-01-26|1030|1115|NAME:saima begum,NEW_ATTENDANCE,19389,Inserted inside the current SQL transaction.
PREVIEW_ROLLED_BACK,ATTENDANCE,CALTHORPE|ZUMBA|2026-01-26|0930|1015|CARD:1236,ALREADY_IN_CRM,288,Skipped because this participant already has attendance for the resolved session.
PREVIEW_ROLLED_BACK,ATTENDANCE,CALTHORPE|ZUMBA|2026-01-26|0930|1015|CARD:390,ALREADY_IN_CRM,290,Skipped because this participant already has attendance for the resolved session.
PREVIEW_ROLLED_BACK,ATTENDANCE,CALTHORPE|ZUMBA|2026-01-26|0930|1015|CARD:515,ALREADY_IN_CRM,295,Skipped because this participant already has attendance for the resolved session.
PREVIEW_ROLLED_BACK,ATTENDANCE,CALTHORPE|ZUMBA|2026-01-26|0930|1015|CARD:565,ALREADY_IN_CRM,297,Skipped because this participant already has attendance for the resolved session.
PREVIEW_ROLLED_BACK,ATTENDANCE,CALTHORPE|ZUMBA|2026-01-26|0930|1015|CARD:639,ALREADY_IN_CRM,293,Skipped because this participant already has attendance for the resolved session.
PREVIEW_ROLLED_BACK,ATTENDANCE,CALTHORPE|ZUMBA|2026-01-26|0930|1015|CARD:656,ALREADY_IN_CRM,294,Skipped because this participant already has attendance for the resolved session.
PREVIEW_ROLLED_BACK,ATTENDANCE,CALTHORPE|ZUMBA|2026-01-26|0930|1015|CARD:691,ALREADY_IN_CRM,287,Skipped because this participant already has attendance for the resolved session.
PREVIEW_ROLLED_BACK,ATTENDANCE,CALTHORPE|ZUMBA|2026-01-26|0930|1015|CARD:692,ALREADY_IN_CRM,286,Skipped because this participant already has attendance for the resolved session.
PREVIEW_ROLLED_BACK,ATTENDANCE,CALTHORPE|ZUMBA|2026-01-26|0930|1015|CARD:699,ALREADY_IN_CRM,292,Skipped because this participant already has attendance for the resolved session.
PREVIEW_ROLLED_BACK,ATTENDANCE,CALTHORPE|ZUMBA|2026-01-26|0930|1015|CARD:703,ALREADY_IN_CRM,291,Skipped because this participant already has attendance for the resolved session.
PREVIEW_ROLLED_BACK,ATTENDANCE,CALTHORPE|ZUMBA|2026-01-26|0930|1015|CARD:704,ALREADY_IN_CRM,289,Skipped because this participant already has attendance for the resolved session.
PREVIEW_ROLLED_BACK,ATTENDANCE,CALTHORPE|ZUMBA|2026-01-26|0930|1015|CARD:771,ALREADY_IN_CRM,296,Skipped because this participant already has attendance for the resolved session.
PREVIEW_ROLLED_BACK,ATTENDANCE,CALTHORPE|ZUMBA|2026-01-26|0930|1015|CARD:996,ALREADY_IN_CRM,298,Skipped because this participant already has attendance for the resolved session.
PREVIEW_ROLLED_BACK,ATTENDANCE,CALTHORPE|ZUMBA|2026-01-26|0930|1015|NAME:intether yafai,NEW_ATTENDANCE,19390,Inserted inside the current SQL transaction.
PREVIEW_ROLLED_BACK,ATTENDANCE,CALTHORPE|ZUMBA|2026-01-26|0930|1015|NAME:saima begum,NEW_ATTENDANCE,19391,Inserted inside the current SQL transaction.
PREVIEW_ROLLED_BACK,ATTENDANCE,CALTHORPE|ESOL|2026-01-27|0930|1030|CARD:455,ALREADY_IN_CRM,302,Skipped because this participant already has attendance for the resolved session.
PREVIEW_ROLLED_BACK,ATTENDANCE,CALTHORPE|ESOL|2026-01-27|0930|1030|CARD:457,ALREADY_IN_CRM,307,Skipped because this participant already has attendance for the resolved session.
PREVIEW_ROLLED_BACK,ATTENDANCE,CALTHORPE|ESOL|2026-01-27|0930|1030|CARD:458,ALREADY_IN_CRM,306,Skipped because this participant already has attendance for the resolved session.
PREVIEW_ROLLED_BACK,ATTENDANCE,CALTHORPE|ESOL|2026-01-27|0930|1030|CARD:459,ALREADY_IN_CRM,300,Skipped because this participant already has attendance for the resolved session.
PREVIEW_ROLLED_BACK,ATTENDANCE,CALTHORPE|ESOL|2026-01-27|0930|1030|CARD:516,ALREADY_IN_CRM,304,Skipped because this participant already has attendance for the resolved session.
PREVIEW_ROLLED_BACK,ATTENDANCE,CALTHORPE|ESOL|2026-01-27|0930|1030|CARD:622,ALREADY_IN_CRM,305,Skipped because this participant already has attendance for the resolved session.
PREVIEW_ROLLED_BACK,ATTENDANCE,CALTHORPE|ESOL|2026-01-27|0930|1030|CARD:715,ALREADY_IN_CRM,303,Skipped because this participant already has attendance for the resolved session.
PREVIEW_ROLLED_BACK,ATTENDANCE,CALTHORPE|ESOL|2026-01-27|0930|1030|CARD:754,ALREADY_IN_CRM,301,Skipped because this participant already has attendance for the resolved session.
PREVIEW_ROLLED_BACK,ATTENDANCE,CALTHORPE|ESOL|2026-01-27|0930|1030|CARD:803,ALREADY_IN_CRM,299,Skipped because this participant already has attendance for the resolved session.
PREVIEW_ROLLED_BACK,ATTENDANCE,CALTHORPE|ESOL|2026-01-27|0930|1030|NAME:sarah abduluwhab,NEW_ATTENDANCE,19392,Inserted inside the current SQL transaction.
PREVIEW_ROLLED_BACK,ATTENDANCE,CALTHORPE|STRENGTH & STRETCH|2026-01-27|0930|1030|CARD:386,NEW_ATTENDANCE,19393,Inserted inside the current SQL transaction.
PREVIEW_ROLLED_BACK,ATTENDANCE,CALTHORPE|STRENGTH & STRETCH|2026-01-27|0930|1030|CARD:388,NEW_ATTENDANCE,19394,Inserted inside the current SQL transaction.
PREVIEW_ROLLED_BACK,ATTENDANCE,CALTHORPE|STRENGTH & STRETCH|2026-01-27|0930|1030|CARD:396,NEW_ATTENDANCE,19395,Inserted inside the current SQL transaction.
PREVIEW_ROLLED_BACK,ATTENDANCE,CALTHORPE|STRENGTH & STRETCH|2026-01-27|0930|1030|CARD:406,NEW_ATTENDANCE,19396,Inserted inside the current SQL transaction.
PREVIEW_ROLLED_BACK,ATTENDANCE,CALTHORPE|STRENGTH & STRETCH|2026-01-27|0930|1030|CARD:407,NEW_ATTENDANCE,19397,Inserted inside the current SQL transaction.
PREVIEW_ROLLED_BACK,ATTENDANCE,CALTHORPE|STRENGTH & STRETCH|2026-01-27|0930|1030|CARD:416,NEW_ATTENDANCE,19398,Inserted inside the current SQL transaction.
PREVIEW_ROLLED_BACK,ATTENDANCE,CALTHORPE|STRENGTH & STRETCH|2026-01-27|0930|1030|CARD:441,NEW_ATTENDANCE,19399,Inserted inside the current SQL transaction.
PREVIEW_ROLLED_BACK,ATTENDANCE,CALTHORPE|STRENGTH & STRETCH|2026-01-27|0930|1030|CARD:486,NEW_ATTENDANCE,19400,Inserted inside the current SQL transaction.
PREVIEW_ROLLED_BACK,ATTENDANCE,CALTHORPE|STRENGTH & STRETCH|2026-01-27|0930|1030|CARD:515,NEW_ATTENDANCE,19401,Inserted inside the current SQL transaction.
PREVIEW_ROLLED_BACK,ATTENDANCE,CALTHORPE|STRENGTH & STRETCH|2026-01-27|0930|1030|CARD:625,NEW_ATTENDANCE,19402,Inserted inside the current SQL transaction.
PREVIEW_ROLLED_BACK,ATTENDANCE,CALTHORPE|STRENGTH & STRETCH|2026-01-27|0930|1030|CARD:656,NEW_ATTENDANCE,19403,Inserted inside the current SQL transaction.
PREVIEW_ROLLED_BACK,ATTENDANCE,CALTHORPE|STRENGTH & STRETCH|2026-01-27|0930|1030|CARD:681,NEW_ATTENDANCE,19404,Inserted inside the current SQL transaction.
PREVIEW_ROLLED_BACK,ATTENDANCE,CALTHORPE|STRENGTH & STRETCH|2026-01-27|0930|1030|CARD:692,NEW_ATTENDANCE,19405,Inserted inside the current SQL transaction.
PREVIEW_ROLLED_BACK,ATTENDANCE,CALTHORPE|STRENGTH & STRETCH|2026-01-27|0930|1030|CARD:780,NEW_ATTENDANCE,19406,Inserted inside the current SQL transaction.
PREVIEW_ROLLED_BACK,ATTENDANCE,CALTHORPE|YOGA|2026-01-27|1715|1815|CARD:617,NEW_ATTENDANCE,19407,Inserted inside the current SQL transaction.
PREVIEW_ROLLED_BACK,ATTENDANCE,CALTHORPE|YOGA|2026-01-27|1715|1815|CARD:625,NEW_ATTENDANCE,19408,Inserted inside the current SQL transaction.
PREVIEW_ROLLED_BACK,ATTENDANCE,CALTHORPE|YOGA|2026-01-27|1715|1815|CARD:703,NEW_ATTENDANCE,19409,Inserted inside the current SQL transaction.
PREVIEW_ROLLED_BACK,ATTENDANCE,CALTHORPE|YOGA|2026-01-27|1715|1815|CARD:704,NEW_ATTENDANCE,19410,Inserted inside the current SQL transaction.
PREVIEW_ROLLED_BACK,ATTENDANCE,CALTHORPE|YOGA|2026-01-27|1715|1815|CARD:707,NEW_ATTENDANCE,19411,Inserted inside the current SQL transaction.
PREVIEW_ROLLED_BACK,ATTENDANCE,CALTHORPE|YOGA|2026-01-27|1715|1815|CARD:717,NEW_ATTENDANCE,19412,Inserted inside the current SQL transaction.
PREVIEW_ROLLED_BACK,ATTENDANCE,CALTHORPE|YOGA|2026-01-27|1715|1815|CARD:727,NEW_ATTENDANCE,19413,Inserted inside the current SQL transaction.
PREVIEW_ROLLED_BACK,ATTENDANCE,CALTHORPE|ESOL|2026-01-28|1130|1330|CARD:375,NEW_ATTENDANCE,19414,Inserted inside the current SQL transaction.
PREVIEW_ROLLED_BACK,ATTENDANCE,CALTHORPE|ESOL|2026-01-28|1130|1330|CARD:455,NEW_ATTENDANCE,19415,Inserted inside the current SQL transaction.
PREVIEW_ROLLED_BACK,ATTENDANCE,CALTHORPE|ESOL|2026-01-28|1130|1330|CARD:462,NEW_ATTENDANCE,19416,Inserted inside the current SQL transaction.
PREVIEW_ROLLED_BACK,ATTENDANCE,CALTHORPE|ESOL|2026-01-28|1130|1330|CARD:516,NEW_ATTENDANCE,19417,Inserted inside the current SQL transaction.
PREVIEW_ROLLED_BACK,ATTENDANCE,CALTHORPE|ESOL|2026-01-28|1130|1330|CARD:647,NEW_ATTENDANCE,19418,Inserted inside the current SQL transaction.
PREVIEW_ROLLED_BACK,ATTENDANCE,CALTHORPE|ESOL|2026-01-28|1130|1330|CARD:709,NEW_ATTENDANCE,19419,Inserted inside the current SQL transaction.
PREVIEW_ROLLED_BACK,ATTENDANCE,CALTHORPE|ESOL|2026-01-28|1130|1330|CARD:715,NEW_ATTENDANCE,19420,Inserted inside the current SQL transaction.
PREVIEW_ROLLED_BACK,ATTENDANCE,CALTHORPE|ESOL|2026-01-28|1130|1330|CARD:727,NEW_ATTENDANCE,19421,Inserted inside the current SQL transaction.
PREVIEW_ROLLED_BACK,ATTENDANCE,CALTHORPE|ESOL|2026-01-28|1130|1330|CARD:728,NEW_ATTENDANCE,19422,Inserted inside the current SQL transaction.
PREVIEW_ROLLED_BACK,ATTENDANCE,CALTHORPE|ESOL|2026-01-28|1130|1330|CARD:785,NEW_ATTENDANCE,19423,Inserted inside the current SQL transaction.
PREVIEW_ROLLED_BACK,ATTENDANCE,CALTHORPE|ESOL|2026-01-28|1130|1330|CARD:994,NEW_ATTENDANCE,19424,Inserted inside the current SQL transaction.
PREVIEW_ROLLED_BACK,ATTENDANCE,CALTHORPE|SALSA/BELLY DANCING|2026-01-28|1100|1200|CARD:416,NEW_ATTENDANCE,19425,Inserted inside the current SQL transaction.
PREVIEW_ROLLED_BACK,ATTENDANCE,CALTHORPE|SALSA/BELLY DANCING|2026-01-28|1100|1200|CARD:457,NEW_ATTENDANCE,19426,Inserted inside the current SQL transaction.
PREVIEW_ROLLED_BACK,ATTENDANCE,CALTHORPE|SALSA/BELLY DANCING|2026-01-28|1100|1200|CARD:470,NEW_ATTENDANCE,19427,Inserted inside the current SQL transaction.
PREVIEW_ROLLED_BACK,ATTENDANCE,CALTHORPE|SALSA/BELLY DANCING|2026-01-28|1100|1200|CARD:486,NEW_ATTENDANCE,19428,Inserted inside the current SQL transaction.
PREVIEW_ROLLED_BACK,ATTENDANCE,CALTHORPE|SALSA/BELLY DANCING|2026-01-28|1100|1200|CARD:513,NEW_ATTENDANCE,19429,Inserted inside the current SQL transaction.
PREVIEW_ROLLED_BACK,ATTENDANCE,CALTHORPE|SALSA/BELLY DANCING|2026-01-28|1100|1200|CARD:638,NEW_ATTENDANCE,19430,Inserted inside the current SQL transaction.
PREVIEW_ROLLED_BACK,ATTENDANCE,CALTHORPE|SALSA/BELLY DANCING|2026-01-28|1100|1200|CARD:647,NEW_ATTENDANCE,19431,Inserted inside the current SQL transaction.
PREVIEW_ROLLED_BACK,ATTENDANCE,CALTHORPE|SALSA/BELLY DANCING|2026-01-28|1100|1200|CARD:656,NEW_ATTENDANCE,19432,Inserted inside the current SQL transaction.
PREVIEW_ROLLED_BACK,ATTENDANCE,CALTHORPE|SALSA/BELLY DANCING|2026-01-28|1100|1200|CARD:658,NEW_ATTENDANCE,19433,Inserted inside the current SQL transaction.
PREVIEW_ROLLED_BACK,ATTENDANCE,CALTHORPE|SALSA/BELLY DANCING|2026-01-28|1100|1200|CARD:691,NEW_ATTENDANCE,19434,Inserted inside the current SQL transaction.
PREVIEW_ROLLED_BACK,ATTENDANCE,CALTHORPE|SALSA/BELLY DANCING|2026-01-28|1100|1200|CARD:824,NEW_ATTENDANCE,19435,Inserted inside the current SQL transaction.
PREVIEW_ROLLED_BACK,ATTENDANCE,CALTHORPE|CHAIR BASED EXERCISE|2026-01-29|1130|1215|CARD:337,ALREADY_IN_CRM,330,Skipped because this participant already has attendance for the resolved session.
PREVIEW_ROLLED_BACK,ATTENDANCE,CALTHORPE|CHAIR BASED EXERCISE|2026-01-29|1130|1215|CARD:380,ALREADY_IN_CRM,326,Skipped because this participant already has attendance for the resolved session.
PREVIEW_ROLLED_BACK,ATTENDANCE,CALTHORPE|CHAIR BASED EXERCISE|2026-01-29|1130|1215|CARD:410,ALREADY_IN_CRM,322,Skipped because this participant already has attendance for the resolved session.
PREVIEW_ROLLED_BACK,ATTENDANCE,CALTHORPE|CHAIR BASED EXERCISE|2026-01-29|1130|1215|CARD:416,ALREADY_IN_CRM,321,Skipped because this participant already has attendance for the resolved session.
PREVIEW_ROLLED_BACK,ATTENDANCE,CALTHORPE|CHAIR BASED EXERCISE|2026-01-29|1130|1215|CARD:418,ALREADY_IN_CRM,331,Skipped because this participant already has attendance for the resolved session.
PREVIEW_ROLLED_BACK,ATTENDANCE,CALTHORPE|CHAIR BASED EXERCISE|2026-01-29|1130|1215|CARD:424,ALREADY_IN_CRM,317,Skipped because this participant already has attendance for the resolved session.
PREVIEW_ROLLED_BACK,ATTENDANCE,CALTHORPE|CHAIR BASED EXERCISE|2026-01-29|1130|1215|CARD:436,ALREADY_IN_CRM,324,Skipped because this participant already has attendance for the resolved session.
PREVIEW_ROLLED_BACK,ATTENDANCE,CALTHORPE|CHAIR BASED EXERCISE|2026-01-29|1130|1215|CARD:485,ALREADY_IN_CRM,332,Skipped because this participant already has attendance for the resolved session.
PREVIEW_ROLLED_BACK,ATTENDANCE,CALTHORPE|CHAIR BASED EXERCISE|2026-01-29|1130|1215|CARD:620,ALREADY_IN_CRM,329,Skipped because this participant already has attendance for the resolved session.
PREVIEW_ROLLED_BACK,ATTENDANCE,CALTHORPE|CHAIR BASED EXERCISE|2026-01-29|1130|1215|CARD:638,ALREADY_IN_CRM,318,Skipped because this participant already has attendance for the resolved session.
PREVIEW_ROLLED_BACK,ATTENDANCE,CALTHORPE|CHAIR BASED EXERCISE|2026-01-29|1130|1215|CARD:640,ALREADY_IN_CRM,319,Skipped because this participant already has attendance for the resolved session.
PREVIEW_ROLLED_BACK,ATTENDANCE,CALTHORPE|CHAIR BASED EXERCISE|2026-01-29|1130|1215|CARD:642,ALREADY_IN_CRM,325,Skipped because this participant already has attendance for the resolved session.
PREVIEW_ROLLED_BACK,ATTENDANCE,CALTHORPE|CHAIR BASED EXERCISE|2026-01-29|1130|1215|CARD:647,ALREADY_IN_CRM,320,Skipped because this participant already has attendance for the resolved session.
PREVIEW_ROLLED_BACK,ATTENDANCE,CALTHORPE|CHAIR BASED EXERCISE|2026-01-29|1130|1215|CARD:655,ALREADY_IN_CRM,316,Skipped because this participant already has attendance for the resolved session.
PREVIEW_ROLLED_BACK,ATTENDANCE,CALTHORPE|CHAIR BASED EXERCISE|2026-01-29|1130|1215|CARD:656,ALREADY_IN_CRM,327,Skipped because this participant already has attendance for the resolved session.
PREVIEW_ROLLED_BACK,ATTENDANCE,CALTHORPE|CHAIR BASED EXERCISE|2026-01-29|1130|1215|CARD:692,ALREADY_IN_CRM,315,Skipped because this participant already has attendance for the resolved session.
PREVIEW_ROLLED_BACK,ATTENDANCE,CALTHORPE|CHAIR BASED EXERCISE|2026-01-29|1130|1215|CARD:706,ALREADY_IN_CRM,323,Skipped because this participant already has attendance for the resolved session.
PREVIEW_ROLLED_BACK,ATTENDANCE,CALTHORPE|CHAIR BASED EXERCISE|2026-01-29|1130|1215|CARD:750,ALREADY_IN_CRM,328,Skipped because this participant already has attendance for the resolved session.
PREVIEW_ROLLED_BACK,ATTENDANCE,CALTHORPE|CHAIR BASED EXERCISE|2026-01-29|1130|1215|CARD:866,ALREADY_IN_CRM,333,Skipped because this participant already has attendance for the resolved session.
PREVIEW_ROLLED_BACK,ATTENDANCE,CALTHORPE|CROCHET|2026-01-29|1230|1415|CARD:337,NEW_ATTENDANCE,19436,Inserted inside the current SQL transaction.
PREVIEW_ROLLED_BACK,ATTENDANCE,CALTHORPE|CROCHET|2026-01-29|1230|1415|CARD:380,NEW_ATTENDANCE,19437,Inserted inside the current SQL transaction.
PREVIEW_ROLLED_BACK,ATTENDANCE,CALTHORPE|CROCHET|2026-01-29|1230|1415|CARD:410,NEW_ATTENDANCE,19438,Inserted inside the current SQL transaction.
PREVIEW_ROLLED_BACK,ATTENDANCE,CALTHORPE|CROCHET|2026-01-29|1230|1415|CARD:416,NEW_ATTENDANCE,19439,Inserted inside the current SQL transaction.
PREVIEW_ROLLED_BACK,ATTENDANCE,CALTHORPE|CROCHET|2026-01-29|1230|1415|CARD:418,NEW_ATTENDANCE,19440,Inserted inside the current SQL transaction.
PREVIEW_ROLLED_BACK,ATTENDANCE,CALTHORPE|CROCHET|2026-01-29|1230|1415|CARD:424,NEW_ATTENDANCE,19441,Inserted inside the current SQL transaction.
PREVIEW_ROLLED_BACK,ATTENDANCE,CALTHORPE|CROCHET|2026-01-29|1230|1415|CARD:436,NEW_ATTENDANCE,19442,Inserted inside the current SQL transaction.
PREVIEW_ROLLED_BACK,ATTENDANCE,CALTHORPE|CROCHET|2026-01-29|1230|1415|CARD:485,NEW_ATTENDANCE,19443,Inserted inside the current SQL transaction.
PREVIEW_ROLLED_BACK,ATTENDANCE,CALTHORPE|CROCHET|2026-01-29|1230|1415|CARD:620,NEW_ATTENDANCE,19444,Inserted inside the current SQL transaction.
PREVIEW_ROLLED_BACK,ATTENDANCE,CALTHORPE|CROCHET|2026-01-29|1230|1415|CARD:638,NEW_ATTENDANCE,19445,Inserted inside the current SQL transaction.
PREVIEW_ROLLED_BACK,ATTENDANCE,CALTHORPE|CROCHET|2026-01-29|1230|1415|CARD:640,NEW_ATTENDANCE,19446,Inserted inside the current SQL transaction.
PREVIEW_ROLLED_BACK,ATTENDANCE,CALTHORPE|CROCHET|2026-01-29|1230|1415|CARD:642,NEW_ATTENDANCE,19447,Inserted inside the current SQL transaction.
PREVIEW_ROLLED_BACK,ATTENDANCE,CALTHORPE|CROCHET|2026-01-29|1230|1415|CARD:647,NEW_ATTENDANCE,19448,Inserted inside the current SQL transaction.
PREVIEW_ROLLED_BACK,ATTENDANCE,CALTHORPE|CROCHET|2026-01-29|1230|1415|CARD:655,NEW_ATTENDANCE,19449,Inserted inside the current SQL transaction.
PREVIEW_ROLLED_BACK,ATTENDANCE,CALTHORPE|CROCHET|2026-01-29|1230|1415|CARD:656,NEW_ATTENDANCE,19450,Inserted inside the current SQL transaction.
PREVIEW_ROLLED_BACK,ATTENDANCE,CALTHORPE|CROCHET|2026-01-29|1230|1415|CARD:692,NEW_ATTENDANCE,19451,Inserted inside the current SQL transaction.
PREVIEW_ROLLED_BACK,ATTENDANCE,CALTHORPE|CROCHET|2026-01-29|1230|1415|CARD:706,NEW_ATTENDANCE,19452,Inserted inside the current SQL transaction.
PREVIEW_ROLLED_BACK,ATTENDANCE,CALTHORPE|CROCHET|2026-01-29|1230|1415|CARD:750,NEW_ATTENDANCE,19453,Inserted inside the current SQL transaction.
PREVIEW_ROLLED_BACK,ATTENDANCE,CALTHORPE|CROCHET|2026-01-29|1230|1415|CARD:866,NEW_ATTENDANCE,19454,Inserted inside the current SQL transaction.
PREVIEW_ROLLED_BACK,ATTENDANCE,CALTHORPE|MEN'S MULTI SPORTS|2026-01-29|1030|1130|CARD:789,NEW_ATTENDANCE,19455,Inserted inside the current SQL transaction.
PREVIEW_ROLLED_BACK,ATTENDANCE,CALTHORPE|MEN'S MULTI SPORTS|2026-01-29|1030|1130|CARD:791,NEW_ATTENDANCE,19456,Inserted inside the current SQL transaction.
PREVIEW_ROLLED_BACK,ATTENDANCE,CALTHORPE|ARTS|2026-01-30|1300|1430|CARD:402,NEW_ATTENDANCE,19457,Inserted inside the current SQL transaction.
PREVIEW_ROLLED_BACK,ATTENDANCE,CALTHORPE|ARTS|2026-01-30|1300|1430|CARD:416,NEW_ATTENDANCE,19458,Inserted inside the current SQL transaction.
PREVIEW_ROLLED_BACK,ATTENDANCE,CALTHORPE|ARTS|2026-01-30|1300|1430|CARD:444,NEW_ATTENDANCE,19459,Inserted inside the current SQL transaction.
PREVIEW_ROLLED_BACK,ATTENDANCE,CALTHORPE|ARTS|2026-01-30|1300|1430|CARD:586,NEW_ATTENDANCE,19460,Inserted inside the current SQL transaction.
PREVIEW_ROLLED_BACK,ATTENDANCE,CALTHORPE|ARTS|2026-01-30|1300|1430|CARD:691,NEW_ATTENDANCE,19461,Inserted inside the current SQL transaction.
PREVIEW_ROLLED_BACK,ATTENDANCE,CALTHORPE|ARTS|2026-01-30|1300|1430|CARD:700,NEW_ATTENDANCE,19462,Inserted inside the current SQL transaction.
PREVIEW_ROLLED_BACK,ATTENDANCE,CALTHORPE|ARTS|2026-01-30|1300|1430|CARD:707,NEW_ATTENDANCE,19463,Inserted inside the current SQL transaction.
PREVIEW_ROLLED_BACK,ATTENDANCE,CALTHORPE|ARTS|2026-01-30|1300|1430|CARD:996,NEW_ATTENDANCE,19464,Inserted inside the current SQL transaction.
PREVIEW_ROLLED_BACK,ATTENDANCE,CALTHORPE|BODY CONDITIONING|2026-01-30|1100|1145|CARD:346,ALREADY_IN_CRM,346,Skipped because this participant already has attendance for the resolved session.
PREVIEW_ROLLED_BACK,ATTENDANCE,CALTHORPE|BODY CONDITIONING|2026-01-30|1100|1145|CARD:380,ALREADY_IN_CRM,347,Skipped because this participant already has attendance for the resolved session.
PREVIEW_ROLLED_BACK,ATTENDANCE,CALTHORPE|BODY CONDITIONING|2026-01-30|1100|1145|CARD:390,ALREADY_IN_CRM,341,Skipped because this participant already has attendance for the resolved session.
PREVIEW_ROLLED_BACK,ATTENDANCE,CALTHORPE|BODY CONDITIONING|2026-01-30|1100|1145|CARD:410,ALREADY_IN_CRM,343,Skipped because this participant already has attendance for the resolved session.
PREVIEW_ROLLED_BACK,ATTENDANCE,CALTHORPE|BODY CONDITIONING|2026-01-30|1100|1145|CARD:413,ALREADY_IN_CRM,336,Skipped because this participant already has attendance for the resolved session.
PREVIEW_ROLLED_BACK,ATTENDANCE,CALTHORPE|BODY CONDITIONING|2026-01-30|1100|1145|CARD:440,ALREADY_IN_CRM,338,Skipped because this participant already has attendance for the resolved session.
PREVIEW_ROLLED_BACK,ATTENDANCE,CALTHORPE|BODY CONDITIONING|2026-01-30|1100|1145|CARD:442,ALREADY_IN_CRM,345,Skipped because this participant already has attendance for the resolved session.
PREVIEW_ROLLED_BACK,ATTENDANCE,CALTHORPE|BODY CONDITIONING|2026-01-30|1100|1145|CARD:470,ALREADY_IN_CRM,348,Skipped because this participant already has attendance for the resolved session.
PREVIEW_ROLLED_BACK,ATTENDANCE,CALTHORPE|BODY CONDITIONING|2026-01-30|1100|1145|CARD:557,ALREADY_IN_CRM,344,Skipped because this participant already has attendance for the resolved session.
PREVIEW_ROLLED_BACK,ATTENDANCE,CALTHORPE|BODY CONDITIONING|2026-01-30|1100|1145|CARD:568,ALREADY_IN_CRM,342,Skipped because this participant already has attendance for the resolved session.
PREVIEW_ROLLED_BACK,ATTENDANCE,CALTHORPE|BODY CONDITIONING|2026-01-30|1100|1145|CARD:620,ALREADY_IN_CRM,349,Skipped because this participant already has attendance for the resolved session.
PREVIEW_ROLLED_BACK,ATTENDANCE,CALTHORPE|BODY CONDITIONING|2026-01-30|1100|1145|CARD:681,ALREADY_IN_CRM,350,Skipped because this participant already has attendance for the resolved session.
PREVIEW_ROLLED_BACK,ATTENDANCE,CALTHORPE|BODY CONDITIONING|2026-01-30|1100|1145|CARD:691,ALREADY_IN_CRM,337,Skipped because this participant already has attendance for the resolved session.
PREVIEW_ROLLED_BACK,ATTENDANCE,CALTHORPE|BODY CONDITIONING|2026-01-30|1100|1145|CARD:700,ALREADY_IN_CRM,339,Skipped because this participant already has attendance for the resolved session.
PREVIEW_ROLLED_BACK,ATTENDANCE,CALTHORPE|BODY CONDITIONING|2026-01-30|1100|1145|CARD:742,ALREADY_IN_CRM,340,Skipped because this participant already has attendance for the resolved session.
PREVIEW_ROLLED_BACK,ATTENDANCE,CALTHORPE|PILATES|2026-01-30|1200|1245|CARD:337,NEW_ATTENDANCE,19465,Inserted inside the current SQL transaction.
PREVIEW_ROLLED_BACK,ATTENDANCE,CALTHORPE|PILATES|2026-01-30|1200|1245|CARD:440,NEW_ATTENDANCE,19466,Inserted inside the current SQL transaction.
PREVIEW_ROLLED_BACK,ATTENDANCE,CALTHORPE|PILATES|2026-01-30|1200|1245|CARD:442,NEW_ATTENDANCE,19467,Inserted inside the current SQL transaction.
PREVIEW_ROLLED_BACK,ATTENDANCE,CALTHORPE|PILATES|2026-01-30|1200|1245|CARD:606,NEW_ATTENDANCE,19468,Inserted inside the current SQL transaction.
PREVIEW_ROLLED_BACK,ATTENDANCE,CALTHORPE|PILATES|2026-01-30|1200|1245|CARD:635,NEW_ATTENDANCE,19469,Inserted inside the current SQL transaction.
PREVIEW_ROLLED_BACK,ATTENDANCE,CALTHORPE|PILATES|2026-01-30|1200|1245|CARD:681,NEW_ATTENDANCE,19470,Inserted inside the current SQL transaction.
PREVIEW_ROLLED_BACK,ATTENDANCE,CALTHORPE|PILATES|2026-01-30|1200|1245|CARD:691,NEW_ATTENDANCE,19471,Inserted inside the current SQL transaction.
PREVIEW_ROLLED_BACK,ATTENDANCE,CALTHORPE|PILATES|2026-01-30|1200|1245|CARD:707,NEW_ATTENDANCE,19472,Inserted inside the current SQL transaction.
PREVIEW_ROLLED_BACK,ATTENDANCE,CALTHORPE|PILATES|2026-01-30|1200|1245|CARD:742,NEW_ATTENDANCE,19473,Inserted inside the current SQL transaction.
PREVIEW_ROLLED_BACK,ATTENDANCE,CALTHORPE|PILATES|2026-01-30|1200|1245|CARD:77,NEW_ATTENDANCE,19474,Inserted inside the current SQL transaction.
PREVIEW_ROLLED_BACK,ATTENDANCE,CALTHORPE|CHAIR BASED EXERCISE|2026-02-02|1130|1215|CARD:380,ALREADY_IN_CRM,366,Skipped because this participant already has attendance for the resolved session.
PREVIEW_ROLLED_BACK,ATTENDANCE,CALTHORPE|CHAIR BASED EXERCISE|2026-02-02|1130|1215|CARD:410,ALREADY_IN_CRM,364,Skipped because this participant already has attendance for the resolved session.
PREVIEW_ROLLED_BACK,ATTENDANCE,CALTHORPE|CHAIR BASED EXERCISE|2026-02-02|1130|1215|CARD:418,ALREADY_IN_CRM,368,Skipped because this participant already has attendance for the resolved session.
PREVIEW_ROLLED_BACK,ATTENDANCE,CALTHORPE|CHAIR BASED EXERCISE|2026-02-02|1130|1215|CARD:444,ALREADY_IN_CRM,363,Skipped because this participant already has attendance for the resolved session.
PREVIEW_ROLLED_BACK,ATTENDANCE,CALTHORPE|CHAIR BASED EXERCISE|2026-02-02|1130|1215|CARD:604,ALREADY_IN_CRM,361,Skipped because this participant already has attendance for the resolved session.
PREVIEW_ROLLED_BACK,ATTENDANCE,CALTHORPE|CHAIR BASED EXERCISE|2026-02-02|1130|1215|CARD:620,ALREADY_IN_CRM,367,Skipped because this participant already has attendance for the resolved session.
PREVIEW_ROLLED_BACK,ATTENDANCE,CALTHORPE|CHAIR BASED EXERCISE|2026-02-02|1130|1215|CARD:642,ALREADY_IN_CRM,365,Skipped because this participant already has attendance for the resolved session.
PREVIEW_ROLLED_BACK,ATTENDANCE,CALTHORPE|CHAIR BASED EXERCISE|2026-02-02|1130|1215|CARD:692,ALREADY_IN_CRM,362,Skipped because this participant already has attendance for the resolved session.
PREVIEW_ROLLED_BACK,ATTENDANCE,CALTHORPE|CROCHET|2026-02-02|1230|1430|CARD:145,NEW_ATTENDANCE,19475,Inserted inside the current SQL transaction.
PREVIEW_ROLLED_BACK,ATTENDANCE,CALTHORPE|CROCHET|2026-02-02|1230|1430|CARD:418,NEW_ATTENDANCE,19476,Inserted inside the current SQL transaction.
PREVIEW_ROLLED_BACK,ATTENDANCE,CALTHORPE|CROCHET|2026-02-02|1230|1430|CARD:436,NEW_ATTENDANCE,19477,Inserted inside the current SQL transaction.
PREVIEW_ROLLED_BACK,ATTENDANCE,CALTHORPE|CROCHET|2026-02-02|1230|1430|CARD:468,NEW_ATTENDANCE,19478,Inserted inside the current SQL transaction.
PREVIEW_ROLLED_BACK,ATTENDANCE,CALTHORPE|CROCHET|2026-02-02|1230|1430|CARD:493,NEW_ATTENDANCE,19479,Inserted inside the current SQL transaction.
PREVIEW_ROLLED_BACK,ATTENDANCE,CALTHORPE|CROCHET|2026-02-02|1230|1430|CARD:586,NEW_ATTENDANCE,19480,Inserted inside the current SQL transaction.
PREVIEW_ROLLED_BACK,ATTENDANCE,CALTHORPE|CROCHET|2026-02-02|1230|1430|CARD:638,NEW_ATTENDANCE,19481,Inserted inside the current SQL transaction.
PREVIEW_ROLLED_BACK,ATTENDANCE,CALTHORPE|CROCHET|2026-02-02|1230|1430|CARD:708,NEW_ATTENDANCE,19482,Inserted inside the current SQL transaction.
PREVIEW_ROLLED_BACK,ATTENDANCE,CALTHORPE|CROCHET|2026-02-02|1230|1430|CARD:794,NEW_ATTENDANCE,19483,Inserted inside the current SQL transaction.
PREVIEW_ROLLED_BACK,ATTENDANCE,CALTHORPE|CROCHET|2026-02-02|1230|1430|CARD:826,NEW_ATTENDANCE,19484,Inserted inside the current SQL transaction.
PREVIEW_ROLLED_BACK,ATTENDANCE,CALTHORPE|CROCHET|2026-02-02|1230|1430|CARD:996,NEW_ATTENDANCE,19485,Inserted inside the current SQL transaction.
PREVIEW_ROLLED_BACK,ATTENDANCE,CALTHORPE|CROCHET|2026-02-02|1230|1430|NAME:shailla sharif,NEW_ATTENDANCE,19486,Inserted inside the current SQL transaction.
PREVIEW_ROLLED_BACK,ATTENDANCE,CALTHORPE|HIIT|2026-02-02|1030|1115|CARD:402,ALREADY_IN_CRM,371,Skipped because this participant already has attendance for the resolved session.
PREVIEW_ROLLED_BACK,ATTENDANCE,CALTHORPE|HIIT|2026-02-02|1030|1115|CARD:429,ALREADY_IN_CRM,375,Skipped because this participant already has attendance for the resolved session.
PREVIEW_ROLLED_BACK,ATTENDANCE,CALTHORPE|HIIT|2026-02-02|1030|1115|CARD:440,ALREADY_IN_CRM,372,Skipped because this participant already has attendance for the resolved session.
PREVIEW_ROLLED_BACK,ATTENDANCE,CALTHORPE|HIIT|2026-02-02|1030|1115|CARD:470,ALREADY_IN_CRM,376,Skipped because this participant already has attendance for the resolved session.
PREVIEW_ROLLED_BACK,ATTENDANCE,CALTHORPE|HIIT|2026-02-02|1030|1115|CARD:486,ALREADY_IN_CRM,374,Skipped because this participant already has attendance for the resolved session.
PREVIEW_ROLLED_BACK,ATTENDANCE,CALTHORPE|HIIT|2026-02-02|1030|1115|CARD:515,ALREADY_IN_CRM,377,Skipped because this participant already has attendance for the resolved session.
PREVIEW_ROLLED_BACK,ATTENDANCE,CALTHORPE|HIIT|2026-02-02|1030|1115|CARD:653,ALREADY_IN_CRM,379,Skipped because this participant already has attendance for the resolved session.
PREVIEW_ROLLED_BACK,ATTENDANCE,CALTHORPE|HIIT|2026-02-02|1030|1115|CARD:691,ALREADY_IN_CRM,370,Skipped because this participant already has attendance for the resolved session.
PREVIEW_ROLLED_BACK,ATTENDANCE,CALTHORPE|HIIT|2026-02-02|1030|1115|CARD:692,ALREADY_IN_CRM,369,Skipped because this participant already has attendance for the resolved session.
PREVIEW_ROLLED_BACK,ATTENDANCE,CALTHORPE|HIIT|2026-02-02|1030|1115|CARD:704,ALREADY_IN_CRM,373,Skipped because this participant already has attendance for the resolved session.
PREVIEW_ROLLED_BACK,ATTENDANCE,CALTHORPE|HIIT|2026-02-02|1030|1115|CARD:780,ALREADY_IN_CRM,378,Skipped because this participant already has attendance for the resolved session.
PREVIEW_ROLLED_BACK,ATTENDANCE,CALTHORPE|HIIT|2026-02-02|1030|1115|NAME:aisha saeed,NEW_ATTENDANCE,19487,Inserted inside the current SQL transaction.
PREVIEW_ROLLED_BACK,ATTENDANCE,CALTHORPE|ZUMBA|2026-02-02|0930|1015|CARD:402,ALREADY_IN_CRM,382,Skipped because this participant already has attendance for the resolved session.
PREVIEW_ROLLED_BACK,ATTENDANCE,CALTHORPE|ZUMBA|2026-02-02|0930|1015|CARD:429,ALREADY_IN_CRM,386,Skipped because this participant already has attendance for the resolved session.
PREVIEW_ROLLED_BACK,ATTENDANCE,CALTHORPE|ZUMBA|2026-02-02|0930|1015|CARD:440,ALREADY_IN_CRM,383,Skipped because this participant already has attendance for the resolved session.
PREVIEW_ROLLED_BACK,ATTENDANCE,CALTHORPE|ZUMBA|2026-02-02|0930|1015|CARD:470,ALREADY_IN_CRM,387,Skipped because this participant already has attendance for the resolved session.
PREVIEW_ROLLED_BACK,ATTENDANCE,CALTHORPE|ZUMBA|2026-02-02|0930|1015|CARD:486,ALREADY_IN_CRM,385,Skipped because this participant already has attendance for the resolved session.
PREVIEW_ROLLED_BACK,ATTENDANCE,CALTHORPE|ZUMBA|2026-02-02|0930|1015|CARD:515,ALREADY_IN_CRM,388,Skipped because this participant already has attendance for the resolved session.
PREVIEW_ROLLED_BACK,ATTENDANCE,CALTHORPE|ZUMBA|2026-02-02|0930|1015|CARD:653,ALREADY_IN_CRM,390,Skipped because this participant already has attendance for the resolved session.
PREVIEW_ROLLED_BACK,ATTENDANCE,CALTHORPE|ZUMBA|2026-02-02|0930|1015|CARD:691,ALREADY_IN_CRM,381,Skipped because this participant already has attendance for the resolved session.
PREVIEW_ROLLED_BACK,ATTENDANCE,CALTHORPE|ZUMBA|2026-02-02|0930|1015|CARD:692,ALREADY_IN_CRM,380,Skipped because this participant already has attendance for the resolved session.
PREVIEW_ROLLED_BACK,ATTENDANCE,CALTHORPE|ZUMBA|2026-02-02|0930|1015|CARD:704,ALREADY_IN_CRM,384,Skipped because this participant already has attendance for the resolved session.
PREVIEW_ROLLED_BACK,ATTENDANCE,CALTHORPE|ZUMBA|2026-02-02|0930|1015|CARD:780,ALREADY_IN_CRM,389,Skipped because this participant already has attendance for the resolved session.
PREVIEW_ROLLED_BACK,ATTENDANCE,CALTHORPE|ZUMBA|2026-02-02|0930|1015|NAME:aisha saeed,NEW_ATTENDANCE,19488,Inserted inside the current SQL transaction.
PREVIEW_ROLLED_BACK,ATTENDANCE,CALTHORPE|ESOL|2026-02-03|0930|1030|CARD:375,ALREADY_IN_CRM,395,Skipped because this participant already has attendance for the resolved session.
PREVIEW_ROLLED_BACK,ATTENDANCE,CALTHORPE|ESOL|2026-02-03|0930|1030|CARD:455,ALREADY_IN_CRM,393,Skipped because this participant already has attendance for the resolved session.
PREVIEW_ROLLED_BACK,ATTENDANCE,CALTHORPE|ESOL|2026-02-03|1130|1330|CARD:455,NEW_ATTENDANCE,19489,Inserted inside the current SQL transaction.
PREVIEW_ROLLED_BACK,ATTENDANCE,CALTHORPE|ESOL|2026-02-03|0930|1030|CARD:462,ALREADY_IN_CRM,396,Skipped because this participant already has attendance for the resolved session.
PREVIEW_ROLLED_BACK,ATTENDANCE,CALTHORPE|ESOL|2026-02-03|0930|1030|CARD:516,ALREADY_IN_CRM,394,Skipped because this participant already has attendance for the resolved session.
PREVIEW_ROLLED_BACK,ATTENDANCE,CALTHORPE|ESOL|2026-02-03|0930|1030|CARD:673,ALREADY_IN_CRM,397,Skipped because this participant already has attendance for the resolved session.
PREVIEW_ROLLED_BACK,ATTENDANCE,CALTHORPE|ESOL|2026-02-03|0930|1030|CARD:779,ALREADY_IN_CRM,391,Skipped because this participant already has attendance for the resolved session.
PREVIEW_ROLLED_BACK,ATTENDANCE,CALTHORPE|STRENGTH & STRETCH|2026-02-03|0930|1030|CARD:156,NEW_ATTENDANCE,19490,Inserted inside the current SQL transaction.
PREVIEW_ROLLED_BACK,ATTENDANCE,CALTHORPE|STRENGTH & STRETCH|2026-02-03|0930|1030|CARD:396,NEW_ATTENDANCE,19491,Inserted inside the current SQL transaction.
PREVIEW_ROLLED_BACK,ATTENDANCE,CALTHORPE|STRENGTH & STRETCH|2026-02-03|0930|1030|CARD:407,NEW_ATTENDANCE,19492,Inserted inside the current SQL transaction.
PREVIEW_ROLLED_BACK,ATTENDANCE,CALTHORPE|STRENGTH & STRETCH|2026-02-03|0930|1030|CARD:429,NEW_ATTENDANCE,19493,Inserted inside the current SQL transaction.
PREVIEW_ROLLED_BACK,ATTENDANCE,CALTHORPE|STRENGTH & STRETCH|2026-02-03|0930|1030|CARD:486,NEW_ATTENDANCE,19494,Inserted inside the current SQL transaction.
PREVIEW_ROLLED_BACK,ATTENDANCE,CALTHORPE|STRENGTH & STRETCH|2026-02-03|0930|1030|CARD:515,NEW_ATTENDANCE,19495,Inserted inside the current SQL transaction.
PREVIEW_ROLLED_BACK,ATTENDANCE,CALTHORPE|STRENGTH & STRETCH|2026-02-03|0930|1030|CARD:604,NEW_ATTENDANCE,19496,Inserted inside the current SQL transaction.
PREVIEW_ROLLED_BACK,ATTENDANCE,CALTHORPE|STRENGTH & STRETCH|2026-02-03|0930|1030|CARD:625,NEW_ATTENDANCE,19497,Inserted inside the current SQL transaction.
PREVIEW_ROLLED_BACK,ATTENDANCE,CALTHORPE|STRENGTH & STRETCH|2026-02-03|0930|1030|CARD:681,NEW_ATTENDANCE,19498,Inserted inside the current SQL transaction.
PREVIEW_ROLLED_BACK,ATTENDANCE,CALTHORPE|STRENGTH & STRETCH|2026-02-03|0930|1030|CARD:692,NEW_ATTENDANCE,19499,Inserted inside the current SQL transaction.
PREVIEW_ROLLED_BACK,ATTENDANCE,CALTHORPE|STRENGTH & STRETCH|2026-02-03|0930|1030|CARD:717,NEW_ATTENDANCE,19500,Inserted inside the current SQL transaction.
PREVIEW_ROLLED_BACK,ATTENDANCE,CALTHORPE|STRENGTH & STRETCH|2026-02-03|0930|1030|CARD:764,NEW_ATTENDANCE,19501,Inserted inside the current SQL transaction.
PREVIEW_ROLLED_BACK,ATTENDANCE,CALTHORPE|STRENGTH & STRETCH|2026-02-03|0930|1030|CARD:780,NEW_ATTENDANCE,19502,Inserted inside the current SQL transaction.
PREVIEW_ROLLED_BACK,ATTENDANCE,CALTHORPE|YOGA|2026-02-03|1715|1815|CARD:475,NEW_ATTENDANCE,19503,Inserted inside the current SQL transaction.
PREVIEW_ROLLED_BACK,ATTENDANCE,CALTHORPE|YOGA|2026-02-03|1715|1815|CARD:625,NEW_ATTENDANCE,19504,Inserted inside the current SQL transaction.
PREVIEW_ROLLED_BACK,ATTENDANCE,CALTHORPE|YOGA|2026-02-03|1715|1815|CARD:704,NEW_ATTENDANCE,19505,Inserted inside the current SQL transaction.
PREVIEW_ROLLED_BACK,ATTENDANCE,CALTHORPE|YOGA|2026-02-03|1715|1815|CARD:717,NEW_ATTENDANCE,19506,Inserted inside the current SQL transaction.
PREVIEW_ROLLED_BACK,ATTENDANCE,CALTHORPE|YOGA|2026-02-03|1715|1815|NAME:aesha ali,NEW_ATTENDANCE,19507,Inserted inside the current SQL transaction.
PREVIEW_ROLLED_BACK,ATTENDANCE,CALTHORPE|SALSA/BELLY DANCING|2026-02-04|1100|1200|CARD:441,NEW_ATTENDANCE,19508,Inserted inside the current SQL transaction.
PREVIEW_ROLLED_BACK,ATTENDANCE,CALTHORPE|SALSA/BELLY DANCING|2026-02-04|1100|1200|CARD:470,NEW_ATTENDANCE,19509,Inserted inside the current SQL transaction.
PREVIEW_ROLLED_BACK,ATTENDANCE,CALTHORPE|SALSA/BELLY DANCING|2026-02-04|1100|1200|CARD:486,NEW_ATTENDANCE,19510,Inserted inside the current SQL transaction.
PREVIEW_ROLLED_BACK,ATTENDANCE,CALTHORPE|SALSA/BELLY DANCING|2026-02-04|1100|1200|CARD:513,NEW_ATTENDANCE,19511,Inserted inside the current SQL transaction.
PREVIEW_ROLLED_BACK,ATTENDANCE,CALTHORPE|SALSA/BELLY DANCING|2026-02-04|1100|1200|CARD:634,NEW_ATTENDANCE,19512,Inserted inside the current SQL transaction.
PREVIEW_ROLLED_BACK,ATTENDANCE,CALTHORPE|SALSA/BELLY DANCING|2026-02-04|1100|1200|CARD:638,NEW_ATTENDANCE,19513,Inserted inside the current SQL transaction.
PREVIEW_ROLLED_BACK,ATTENDANCE,CALTHORPE|SALSA/BELLY DANCING|2026-02-04|1100|1200|CARD:691,NEW_ATTENDANCE,19514,Inserted inside the current SQL transaction.
PREVIEW_ROLLED_BACK,ATTENDANCE,CALTHORPE|SALSA/BELLY DANCING|2026-02-04|1100|1200|CARD:693,NEW_ATTENDANCE,19515,Inserted inside the current SQL transaction.
PREVIEW_ROLLED_BACK,ATTENDANCE,CALTHORPE|SALSA/BELLY DANCING|2026-02-04|1100|1200|CARD:877,NEW_ATTENDANCE,19516,Inserted inside the current SQL transaction.
PREVIEW_ROLLED_BACK,ATTENDANCE,CALTHORPE|WORKSHOPS|2026-02-04|1215|1330|CARD:441,NEW_ATTENDANCE,19517,Inserted inside the current SQL transaction.
PREVIEW_ROLLED_BACK,ATTENDANCE,CALTHORPE|WORKSHOPS|2026-02-04|1215|1330|CARD:470,NEW_ATTENDANCE,19518,Inserted inside the current SQL transaction.
PREVIEW_ROLLED_BACK,ATTENDANCE,CALTHORPE|WORKSHOPS|2026-02-04|1215|1330|CARD:486,NEW_ATTENDANCE,19519,Inserted inside the current SQL transaction.
PREVIEW_ROLLED_BACK,ATTENDANCE,CALTHORPE|WORKSHOPS|2026-02-04|1215|1330|CARD:513,NEW_ATTENDANCE,19520,Inserted inside the current SQL transaction.
PREVIEW_ROLLED_BACK,ATTENDANCE,CALTHORPE|WORKSHOPS|2026-02-04|1215|1330|CARD:617,NEW_ATTENDANCE,19521,Inserted inside the current SQL transaction.
PREVIEW_ROLLED_BACK,ATTENDANCE,CALTHORPE|WORKSHOPS|2026-02-04|1215|1330|CARD:638,NEW_ATTENDANCE,19522,Inserted inside the current SQL transaction.
PREVIEW_ROLLED_BACK,ATTENDANCE,CALTHORPE|WORKSHOPS|2026-02-04|1215|1330|CARD:691,NEW_ATTENDANCE,19523,Inserted inside the current SQL transaction.
PREVIEW_ROLLED_BACK,ATTENDANCE,CALTHORPE|CHAIR BASED EXERCISE|2026-02-05|1130|1215|CARD:337,ALREADY_IN_CRM,414,Skipped because this participant already has attendance for the resolved session.
PREVIEW_ROLLED_BACK,ATTENDANCE,CALTHORPE|CHAIR BASED EXERCISE|2026-02-05|1130|1215|CARD:380,ALREADY_IN_CRM,413,Skipped because this participant already has attendance for the resolved session.
PREVIEW_ROLLED_BACK,ATTENDANCE,CALTHORPE|CHAIR BASED EXERCISE|2026-02-05|1130|1215|CARD:415,ALREADY_IN_CRM,402,Skipped because this participant already has attendance for the resolved session.
PREVIEW_ROLLED_BACK,ATTENDANCE,CALTHORPE|CHAIR BASED EXERCISE|2026-02-05|1130|1215|CARD:424,ALREADY_IN_CRM,405,Skipped because this participant already has attendance for the resolved session.
PREVIEW_ROLLED_BACK,ATTENDANCE,CALTHORPE|CHAIR BASED EXERCISE|2026-02-05|1130|1215|CARD:436,ALREADY_IN_CRM,410,Skipped because this participant already has attendance for the resolved session.
PREVIEW_ROLLED_BACK,ATTENDANCE,CALTHORPE|CHAIR BASED EXERCISE|2026-02-05|1130|1215|CARD:444,ALREADY_IN_CRM,407,Skipped because this participant already has attendance for the resolved session.
PREVIEW_ROLLED_BACK,ATTENDANCE,CALTHORPE|CHAIR BASED EXERCISE|2026-02-05|1130|1215|CARD:474,ALREADY_IN_CRM,411,Skipped because this participant already has attendance for the resolved session.
PREVIEW_ROLLED_BACK,ATTENDANCE,CALTHORPE|CHAIR BASED EXERCISE|2026-02-05|1130|1215|CARD:586,ALREADY_IN_CRM,409,Skipped because this participant already has attendance for the resolved session.
PREVIEW_ROLLED_BACK,ATTENDANCE,CALTHORPE|CHAIR BASED EXERCISE|2026-02-05|1130|1215|CARD:594,ALREADY_IN_CRM,408,Skipped because this participant already has attendance for the resolved session.
PREVIEW_ROLLED_BACK,ATTENDANCE,CALTHORPE|CHAIR BASED EXERCISE|2026-02-05|1130|1215|CARD:640,ALREADY_IN_CRM,406,Skipped because this participant already has attendance for the resolved session.
PREVIEW_ROLLED_BACK,ATTENDANCE,CALTHORPE|CHAIR BASED EXERCISE|2026-02-05|1130|1215|CARD:642,ALREADY_IN_CRM,412,Skipped because this participant already has attendance for the resolved session.
PREVIEW_ROLLED_BACK,ATTENDANCE,CALTHORPE|CHAIR BASED EXERCISE|2026-02-05|1130|1215|CARD:655,ALREADY_IN_CRM,404,Skipped because this participant already has attendance for the resolved session.
PREVIEW_ROLLED_BACK,ATTENDANCE,CALTHORPE|CHAIR BASED EXERCISE|2026-02-05|1130|1215|CARD:692,ALREADY_IN_CRM,403,Skipped because this participant already has attendance for the resolved session.
PREVIEW_ROLLED_BACK,ATTENDANCE,CALTHORPE|CIRCUIT TRAINING|2026-02-05|0930|1015|CARD:390,ALREADY_IN_CRM,416,Skipped because this participant already has attendance for the resolved session.
PREVIEW_ROLLED_BACK,ATTENDANCE,CALTHORPE|CIRCUIT TRAINING|2026-02-05|0930|1015|CARD:398,ALREADY_IN_CRM,422,Skipped because this participant already has attendance for the resolved session.
PREVIEW_ROLLED_BACK,ATTENDANCE,CALTHORPE|CIRCUIT TRAINING|2026-02-05|0930|1015|CARD:429,ALREADY_IN_CRM,418,Skipped because this participant already has attendance for the resolved session.
PREVIEW_ROLLED_BACK,ATTENDANCE,CALTHORPE|CIRCUIT TRAINING|2026-02-05|0930|1015|CARD:470,ALREADY_IN_CRM,419,Skipped because this participant already has attendance for the resolved session.
PREVIEW_ROLLED_BACK,ATTENDANCE,CALTHORPE|CIRCUIT TRAINING|2026-02-05|0930|1015|CARD:515,ALREADY_IN_CRM,420,Skipped because this participant already has attendance for the resolved session.
PREVIEW_ROLLED_BACK,ATTENDANCE,CALTHORPE|CIRCUIT TRAINING|2026-02-05|0930|1015|CARD:699,ALREADY_IN_CRM,417,Skipped because this participant already has attendance for the resolved session.
PREVIEW_ROLLED_BACK,ATTENDANCE,CALTHORPE|CIRCUIT TRAINING|2026-02-05|0930|1015|CARD:770,ALREADY_IN_CRM,415,Skipped because this participant already has attendance for the resolved session.
PREVIEW_ROLLED_BACK,ATTENDANCE,CALTHORPE|CIRCUIT TRAINING|2026-02-05|0930|1015|CARD:780,ALREADY_IN_CRM,421,Skipped because this participant already has attendance for the resolved session.
PREVIEW_ROLLED_BACK,ATTENDANCE,CALTHORPE|CIRCUIT TRAINING|2026-02-05|0930|1015|CARD:787,ALREADY_IN_CRM,423,Skipped because this participant already has attendance for the resolved session.
PREVIEW_ROLLED_BACK,ATTENDANCE,CALTHORPE|CROCHET|2026-02-05|1230|1415|CARD:424,NEW_ATTENDANCE,19524,Inserted inside the current SQL transaction.
PREVIEW_ROLLED_BACK,ATTENDANCE,CALTHORPE|CROCHET|2026-02-05|1230|1415|CARD:436,NEW_ATTENDANCE,19525,Inserted inside the current SQL transaction.
PREVIEW_ROLLED_BACK,ATTENDANCE,CALTHORPE|CROCHET|2026-02-05|1230|1415|CARD:586,NEW_ATTENDANCE,19526,Inserted inside the current SQL transaction.
PREVIEW_ROLLED_BACK,ATTENDANCE,CALTHORPE|CROCHET|2026-02-05|1230|1415|CARD:640,NEW_ATTENDANCE,19527,Inserted inside the current SQL transaction.
PREVIEW_ROLLED_BACK,ATTENDANCE,CALTHORPE|CROCHET|2026-02-05|1230|1415|CARD:655,NEW_ATTENDANCE,19528,Inserted inside the current SQL transaction.
PREVIEW_ROLLED_BACK,ATTENDANCE,CALTHORPE|MEN'S MULTI SPORTS|2026-02-05|1030|1130|NAME:ali,NEW_ATTENDANCE,19529,Inserted inside the current SQL transaction.
PREVIEW_ROLLED_BACK,ATTENDANCE,CALTHORPE|ARTS|2026-02-06|1300|1430|CARD:416,NEW_ATTENDANCE,19530,Inserted inside the current SQL transaction.
PREVIEW_ROLLED_BACK,ATTENDANCE,CALTHORPE|ARTS|2026-02-06|1300|1430|CARD:444,NEW_ATTENDANCE,19531,Inserted inside the current SQL transaction.
PREVIEW_ROLLED_BACK,ATTENDANCE,CALTHORPE|ARTS|2026-02-06|1300|1430|CARD:550,NEW_ATTENDANCE,19532,Inserted inside the current SQL transaction.
PREVIEW_ROLLED_BACK,ATTENDANCE,CALTHORPE|ARTS|2026-02-06|1300|1430|CARD:658,NEW_ATTENDANCE,19533,Inserted inside the current SQL transaction.
PREVIEW_ROLLED_BACK,ATTENDANCE,CALTHORPE|ARTS|2026-02-06|1300|1430|CARD:700,NEW_ATTENDANCE,19534,Inserted inside the current SQL transaction.
PREVIEW_ROLLED_BACK,ATTENDANCE,CALTHORPE|ARTS|2026-02-06|1300|1430|CARD:771,NEW_ATTENDANCE,19535,Inserted inside the current SQL transaction.
PREVIEW_ROLLED_BACK,ATTENDANCE,CALTHORPE|ARTS|2026-02-06|1300|1430|CARD:799,NEW_ATTENDANCE,19536,Inserted inside the current SQL transaction.
PREVIEW_ROLLED_BACK,ATTENDANCE,CALTHORPE|BODY CONDITIONING|2026-02-06|1100|1145|CARD:126,ALREADY_IN_CRM,426,Skipped because this participant already has attendance for the resolved session.
PREVIEW_ROLLED_BACK,ATTENDANCE,CALTHORPE|BODY CONDITIONING|2026-02-06|1100|1145|CARD:346,ALREADY_IN_CRM,429,Skipped because this participant already has attendance for the resolved session.
PREVIEW_ROLLED_BACK,ATTENDANCE,CALTHORPE|BODY CONDITIONING|2026-02-06|1100|1145|CARD:440,ALREADY_IN_CRM,424,Skipped because this participant already has attendance for the resolved session.
PREVIEW_ROLLED_BACK,ATTENDANCE,CALTHORPE|BODY CONDITIONING|2026-02-06|1100|1145|CARD:470,ALREADY_IN_CRM,430,Skipped because this participant already has attendance for the resolved session.
PREVIEW_ROLLED_BACK,ATTENDANCE,CALTHORPE|BODY CONDITIONING|2026-02-06|1100|1145|CARD:557,ALREADY_IN_CRM,428,Skipped because this participant already has attendance for the resolved session.
PREVIEW_ROLLED_BACK,ATTENDANCE,CALTHORPE|BODY CONDITIONING|2026-02-06|1100|1145|CARD:568,ALREADY_IN_CRM,427,Skipped because this participant already has attendance for the resolved session.
PREVIEW_ROLLED_BACK,ATTENDANCE,CALTHORPE|BODY CONDITIONING|2026-02-06|1100|1145|CARD:681,ALREADY_IN_CRM,432,Skipped because this participant already has attendance for the resolved session.
PREVIEW_ROLLED_BACK,ATTENDANCE,CALTHORPE|BODY CONDITIONING|2026-02-06|1100|1145|CARD:700,ALREADY_IN_CRM,425,Skipped because this participant already has attendance for the resolved session.
PREVIEW_ROLLED_BACK,ATTENDANCE,CALTHORPE|BODY CONDITIONING|2026-02-06|1100|1145|CARD:771,ALREADY_IN_CRM,431,Skipped because this participant already has attendance for the resolved session.
PREVIEW_ROLLED_BACK,ATTENDANCE,CALTHORPE|BODY CONDITIONING|2026-02-06|1100|1145|CARD:872,ALREADY_IN_CRM,433,Skipped because this participant already has attendance for the resolved session.
PREVIEW_ROLLED_BACK,ATTENDANCE,CALTHORPE|PILATES|2026-02-06|1200|1245|CARD:390,NEW_ATTENDANCE,19537,Inserted inside the current SQL transaction.
PREVIEW_ROLLED_BACK,ATTENDANCE,CALTHORPE|PILATES|2026-02-06|1200|1245|CARD:440,NEW_ATTENDANCE,19538,Inserted inside the current SQL transaction.
PREVIEW_ROLLED_BACK,ATTENDANCE,CALTHORPE|PILATES|2026-02-06|1200|1245|CARD:550,NEW_ATTENDANCE,19539,Inserted inside the current SQL transaction.
PREVIEW_ROLLED_BACK,ATTENDANCE,CALTHORPE|PILATES|2026-02-06|1200|1245|CARD:606,NEW_ATTENDANCE,19540,Inserted inside the current SQL transaction.
PREVIEW_ROLLED_BACK,ATTENDANCE,CALTHORPE|PILATES|2026-02-06|1200|1245|CARD:635,NEW_ATTENDANCE,19541,Inserted inside the current SQL transaction.
PREVIEW_ROLLED_BACK,ATTENDANCE,CALTHORPE|PILATES|2026-02-06|1200|1245|CARD:644,NEW_ATTENDANCE,19542,Inserted inside the current SQL transaction.
PREVIEW_ROLLED_BACK,ATTENDANCE,CALTHORPE|PILATES|2026-02-06|1200|1245|CARD:681,NEW_ATTENDANCE,19543,Inserted inside the current SQL transaction.
PREVIEW_ROLLED_BACK,ATTENDANCE,CALTHORPE|PILATES|2026-02-06|1200|1245|CARD:707,NEW_ATTENDANCE,19544,Inserted inside the current SQL transaction.
PREVIEW_ROLLED_BACK,ATTENDANCE,CALTHORPE|PILATES|2026-02-06|1200|1245|CARD:742,NEW_ATTENDANCE,19545,Inserted inside the current SQL transaction.
PREVIEW_ROLLED_BACK,ATTENDANCE,CALTHORPE|PILATES|2026-02-06|1200|1245|CARD:799,NEW_ATTENDANCE,19546,Inserted inside the current SQL transaction.
PREVIEW_ROLLED_BACK,ATTENDANCE,CALTHORPE|PILATES|2026-02-06|1200|1245|CARD:872,NEW_ATTENDANCE,19547,Inserted inside the current SQL transaction.
PREVIEW_ROLLED_BACK,ATTENDANCE,CALTHORPE|CHAIR BASED EXERCISE|2026-02-09|1130|1215|CARD:415,ALREADY_IN_CRM,445,Skipped because this participant already has attendance for the resolved session.
PREVIEW_ROLLED_BACK,ATTENDANCE,CALTHORPE|CHAIR BASED EXERCISE|2026-02-09|1130|1215|CARD:416,ALREADY_IN_CRM,449,Skipped because this participant already has attendance for the resolved session.
PREVIEW_ROLLED_BACK,ATTENDANCE,CALTHORPE|CHAIR BASED EXERCISE|2026-02-09|1130|1215|CARD:444,ALREADY_IN_CRM,450,Skipped because this participant already has attendance for the resolved session.
PREVIEW_ROLLED_BACK,ATTENDANCE,CALTHORPE|CHAIR BASED EXERCISE|2026-02-09|1130|1215|CARD:601,ALREADY_IN_CRM,451,Skipped because this participant already has attendance for the resolved session.
PREVIEW_ROLLED_BACK,ATTENDANCE,CALTHORPE|CHAIR BASED EXERCISE|2026-02-09|1130|1215|CARD:638,ALREADY_IN_CRM,448,Skipped because this participant already has attendance for the resolved session.
PREVIEW_ROLLED_BACK,ATTENDANCE,CALTHORPE|CHAIR BASED EXERCISE|2026-02-09|1130|1215|CARD:681,ALREADY_IN_CRM,452,Skipped because this participant already has attendance for the resolved session.
PREVIEW_ROLLED_BACK,ATTENDANCE,CALTHORPE|CHAIR BASED EXERCISE|2026-02-09|1130|1215|CARD:692,ALREADY_IN_CRM,446,Skipped because this participant already has attendance for the resolved session.
PREVIEW_ROLLED_BACK,ATTENDANCE,CALTHORPE|CHAIR BASED EXERCISE|2026-02-09|1130|1215|CARD:707,ALREADY_IN_CRM,447,Skipped because this participant already has attendance for the resolved session.
PREVIEW_ROLLED_BACK,ATTENDANCE,CALTHORPE|CHAIR BASED EXERCISE|2026-02-09|1130|1215|NAME:k bibi,NEW_ATTENDANCE,19548,Inserted inside the current SQL transaction.
PREVIEW_ROLLED_BACK,ATTENDANCE,CALTHORPE|CROCHET|2026-02-09|1230|1430|CARD:436,NEW_ATTENDANCE,19549,Inserted inside the current SQL transaction.
PREVIEW_ROLLED_BACK,ATTENDANCE,CALTHORPE|CROCHET|2026-02-09|1230|1430|CARD:468,NEW_ATTENDANCE,19550,Inserted inside the current SQL transaction.
PREVIEW_ROLLED_BACK,ATTENDANCE,CALTHORPE|CROCHET|2026-02-09|1230|1430|CARD:509,NEW_ATTENDANCE,19551,Inserted inside the current SQL transaction.
PREVIEW_ROLLED_BACK,ATTENDANCE,CALTHORPE|CROCHET|2026-02-09|1230|1430|CARD:586,NEW_ATTENDANCE,19552,Inserted inside the current SQL transaction.
PREVIEW_ROLLED_BACK,ATTENDANCE,CALTHORPE|CROCHET|2026-02-09|1230|1430|CARD:616,NEW_ATTENDANCE,19553,Inserted inside the current SQL transaction.
PREVIEW_ROLLED_BACK,ATTENDANCE,CALTHORPE|CROCHET|2026-02-09|1230|1430|CARD:638,NEW_ATTENDANCE,19554,Inserted inside the current SQL transaction.
PREVIEW_ROLLED_BACK,ATTENDANCE,CALTHORPE|CROCHET|2026-02-09|1230|1430|CARD:657,NEW_ATTENDANCE,19555,Inserted inside the current SQL transaction.
PREVIEW_ROLLED_BACK,ATTENDANCE,CALTHORPE|CROCHET|2026-02-09|1230|1430|CARD:708,NEW_ATTENDANCE,19556,Inserted inside the current SQL transaction.
PREVIEW_ROLLED_BACK,ATTENDANCE,CALTHORPE|CROCHET|2026-02-09|1230|1430|CARD:794,NEW_ATTENDANCE,19557,Inserted inside the current SQL transaction.
PREVIEW_ROLLED_BACK,ATTENDANCE,CALTHORPE|HIIT|2026-02-09|1030|1115|CARD:515,ALREADY_IN_CRM,456,Skipped because this participant already has attendance for the resolved session.
PREVIEW_ROLLED_BACK,ATTENDANCE,CALTHORPE|HIIT|2026-02-09|1030|1115|CARD:681,ALREADY_IN_CRM,457,Skipped because this participant already has attendance for the resolved session.
PREVIEW_ROLLED_BACK,ATTENDANCE,CALTHORPE|HIIT|2026-02-09|1030|1115|CARD:692,ALREADY_IN_CRM,453,Skipped because this participant already has attendance for the resolved session.
PREVIEW_ROLLED_BACK,ATTENDANCE,CALTHORPE|HIIT|2026-02-09|1030|1115|CARD:707,ALREADY_IN_CRM,454,Skipped because this participant already has attendance for the resolved session.
PREVIEW_ROLLED_BACK,ATTENDANCE,CALTHORPE|HIIT|2026-02-09|1030|1115|CARD:717,ALREADY_IN_CRM,455,Skipped because this participant already has attendance for the resolved session.
PREVIEW_ROLLED_BACK,ATTENDANCE,CALTHORPE|ZUMBA|2026-02-09|0930|1015|CARD:390,ALREADY_IN_CRM,459,Skipped because this participant already has attendance for the resolved session.
PREVIEW_ROLLED_BACK,ATTENDANCE,CALTHORPE|ZUMBA|2026-02-09|0930|1015|CARD:429,ALREADY_IN_CRM,460,Skipped because this participant already has attendance for the resolved session.
PREVIEW_ROLLED_BACK,ATTENDANCE,CALTHORPE|ZUMBA|2026-02-09|0930|1015|CARD:440,ALREADY_IN_CRM,458,Skipped because this participant already has attendance for the resolved session.
PREVIEW_ROLLED_BACK,ATTENDANCE,CALTHORPE|ZUMBA|2026-02-09|0930|1015|CARD:515,ALREADY_IN_CRM,461,Skipped because this participant already has attendance for the resolved session.
PREVIEW_ROLLED_BACK,ATTENDANCE,CALTHORPE|ZUMBA|2026-02-09|0930|1015|CARD:780,ALREADY_IN_CRM,462,Skipped because this participant already has attendance for the resolved session.
PREVIEW_ROLLED_BACK,ATTENDANCE,CALTHORPE|ZUMBA|2026-02-09|0930|1015|CARD:996,ALREADY_IN_CRM,463,Skipped because this participant already has attendance for the resolved session.
PREVIEW_ROLLED_BACK,ATTENDANCE,CALTHORPE|ZUMBA|2026-02-09|0930|1015|NAME:aisha saeed,NEW_ATTENDANCE,19558,Inserted inside the current SQL transaction.
PREVIEW_ROLLED_BACK,ATTENDANCE,CALTHORPE|ESOL|2026-02-10|1130|1330|CARD:455,NEW_ATTENDANCE,19559,Inserted inside the current SQL transaction.
PREVIEW_ROLLED_BACK,ATTENDANCE,CALTHORPE|ESOL|2026-02-10|1130|1330|CARD:462,NEW_ATTENDANCE,19560,Inserted inside the current SQL transaction.
PREVIEW_ROLLED_BACK,ATTENDANCE,CALTHORPE|ESOL|2026-02-10|1130|1330|CARD:516,NEW_ATTENDANCE,19561,Inserted inside the current SQL transaction.
PREVIEW_ROLLED_BACK,ATTENDANCE,CALTHORPE|ESOL|2026-02-10|1130|1330|CARD:647,NEW_ATTENDANCE,19562,Inserted inside the current SQL transaction.
PREVIEW_ROLLED_BACK,ATTENDANCE,CALTHORPE|ESOL|2026-02-10|1130|1330|CARD:994,NEW_ATTENDANCE,19563,Inserted inside the current SQL transaction.
PREVIEW_ROLLED_BACK,ATTENDANCE,CALTHORPE|SALSA/BELLY DANCING|2026-02-10|1715|1815|CARD:305,NEW_ATTENDANCE,19564,Inserted inside the current SQL transaction.
PREVIEW_ROLLED_BACK,ATTENDANCE,CALTHORPE|SALSA/BELLY DANCING|2026-02-10|1715|1815|CARD:625,NEW_ATTENDANCE,19565,Inserted inside the current SQL transaction.
PREVIEW_ROLLED_BACK,ATTENDANCE,CALTHORPE|SALSA/BELLY DANCING|2026-02-10|1715|1815|CARD:703,NEW_ATTENDANCE,19566,Inserted inside the current SQL transaction.
PREVIEW_ROLLED_BACK,ATTENDANCE,CALTHORPE|SALSA/BELLY DANCING|2026-02-10|1715|1815|CARD:704,NEW_ATTENDANCE,19567,Inserted inside the current SQL transaction.
PREVIEW_ROLLED_BACK,ATTENDANCE,CALTHORPE|SALSA/BELLY DANCING|2026-02-10|1715|1815|CARD:717,NEW_ATTENDANCE,19568,Inserted inside the current SQL transaction.
PREVIEW_ROLLED_BACK,ATTENDANCE,CALTHORPE|SALSA/BELLY DANCING|2026-02-10|1715|1815|NAME:ronnie,NEW_ATTENDANCE,19569,Inserted inside the current SQL transaction.
PREVIEW_ROLLED_BACK,ATTENDANCE,CALTHORPE|STRENGTH & STRETCH|2026-02-10|0930|1030|CARD:157,NEW_ATTENDANCE,19570,Inserted inside the current SQL transaction.
PREVIEW_ROLLED_BACK,ATTENDANCE,CALTHORPE|STRENGTH & STRETCH|2026-02-10|0930|1030|CARD:386,NEW_ATTENDANCE,19571,Inserted inside the current SQL transaction.
PREVIEW_ROLLED_BACK,ATTENDANCE,CALTHORPE|STRENGTH & STRETCH|2026-02-10|0930|1030|CARD:388,NEW_ATTENDANCE,19572,Inserted inside the current SQL transaction.
PREVIEW_ROLLED_BACK,ATTENDANCE,CALTHORPE|STRENGTH & STRETCH|2026-02-10|0930|1030|CARD:418,NEW_ATTENDANCE,19573,Inserted inside the current SQL transaction.
PREVIEW_ROLLED_BACK,ATTENDANCE,CALTHORPE|STRENGTH & STRETCH|2026-02-10|0930|1030|CARD:422,NEW_ATTENDANCE,19574,Inserted inside the current SQL transaction.
PREVIEW_ROLLED_BACK,ATTENDANCE,CALTHORPE|STRENGTH & STRETCH|2026-02-10|0930|1030|CARD:429,NEW_ATTENDANCE,19575,Inserted inside the current SQL transaction.
PREVIEW_ROLLED_BACK,ATTENDANCE,CALTHORPE|STRENGTH & STRETCH|2026-02-10|0930|1030|CARD:441,NEW_ATTENDANCE,19576,Inserted inside the current SQL transaction.
PREVIEW_ROLLED_BACK,ATTENDANCE,CALTHORPE|STRENGTH & STRETCH|2026-02-10|0930|1030|CARD:515,NEW_ATTENDANCE,19577,Inserted inside the current SQL transaction.
PREVIEW_ROLLED_BACK,ATTENDANCE,CALTHORPE|STRENGTH & STRETCH|2026-02-10|0930|1030|CARD:625,NEW_ATTENDANCE,19578,Inserted inside the current SQL transaction.
PREVIEW_ROLLED_BACK,ATTENDANCE,CALTHORPE|STRENGTH & STRETCH|2026-02-10|0930|1030|CARD:648,NEW_ATTENDANCE,19579,Inserted inside the current SQL transaction.
PREVIEW_ROLLED_BACK,ATTENDANCE,CALTHORPE|STRENGTH & STRETCH|2026-02-10|0930|1030|CARD:692,NEW_ATTENDANCE,19580,Inserted inside the current SQL transaction.
PREVIEW_ROLLED_BACK,ATTENDANCE,CALTHORPE|STRENGTH & STRETCH|2026-02-10|0930|1030|CARD:717,NEW_ATTENDANCE,19581,Inserted inside the current SQL transaction.
PREVIEW_ROLLED_BACK,ATTENDANCE,CALTHORPE|STRENGTH & STRETCH|2026-02-10|0930|1030|CARD:764,NEW_ATTENDANCE,19582,Inserted inside the current SQL transaction.
PREVIEW_ROLLED_BACK,ATTENDANCE,CALTHORPE|STRENGTH & STRETCH|2026-02-10|0930|1030|CARD:780,NEW_ATTENDANCE,19583,Inserted inside the current SQL transaction.
PREVIEW_ROLLED_BACK,ATTENDANCE,CALTHORPE|ESOL|2026-02-11|1130|1330|CARD:455,NEW_ATTENDANCE,19584,Inserted inside the current SQL transaction.
PREVIEW_ROLLED_BACK,ATTENDANCE,CALTHORPE|ESOL|2026-02-11|1130|1330|CARD:457,NEW_ATTENDANCE,19585,Inserted inside the current SQL transaction.
PREVIEW_ROLLED_BACK,ATTENDANCE,CALTHORPE|ESOL|2026-02-11|1130|1330|CARD:462,NEW_ATTENDANCE,19586,Inserted inside the current SQL transaction.
PREVIEW_ROLLED_BACK,ATTENDANCE,CALTHORPE|ESOL|2026-02-11|1130|1330|CARD:516,NEW_ATTENDANCE,19587,Inserted inside the current SQL transaction.
PREVIEW_ROLLED_BACK,ATTENDANCE,CALTHORPE|ESOL|2026-02-11|1130|1330|CARD:647,NEW_ATTENDANCE,19588,Inserted inside the current SQL transaction.
PREVIEW_ROLLED_BACK,ATTENDANCE,CALTHORPE|ESOL|2026-02-11|1130|1330|CARD:709,NEW_ATTENDANCE,19589,Inserted inside the current SQL transaction.
PREVIEW_ROLLED_BACK,ATTENDANCE,CALTHORPE|ESOL|2026-02-11|1130|1330|CARD:715,NEW_ATTENDANCE,19590,Inserted inside the current SQL transaction.
PREVIEW_ROLLED_BACK,ATTENDANCE,CALTHORPE|ESOL|2026-02-11|1130|1330|CARD:728,NEW_ATTENDANCE,19591,Inserted inside the current SQL transaction.
PREVIEW_ROLLED_BACK,ATTENDANCE,CALTHORPE|ESOL|2026-02-11|1130|1330|CARD:785,NEW_ATTENDANCE,19592,Inserted inside the current SQL transaction.
PREVIEW_ROLLED_BACK,ATTENDANCE,CALTHORPE|ESOL|2026-02-11|1130|1330|NAME:yasmeen,NEW_ATTENDANCE,19593,Inserted inside the current SQL transaction.
PREVIEW_ROLLED_BACK,ATTENDANCE,CALTHORPE|SALSA/BELLY DANCING|2026-02-11|1100|1200|CARD:441,NEW_ATTENDANCE,19594,Inserted inside the current SQL transaction.
PREVIEW_ROLLED_BACK,ATTENDANCE,CALTHORPE|SALSA/BELLY DANCING|2026-02-11|1100|1200|CARD:470,NEW_ATTENDANCE,19595,Inserted inside the current SQL transaction.
PREVIEW_ROLLED_BACK,ATTENDANCE,CALTHORPE|SALSA/BELLY DANCING|2026-02-11|1100|1200|CARD:513,NEW_ATTENDANCE,19596,Inserted inside the current SQL transaction.
PREVIEW_ROLLED_BACK,ATTENDANCE,CALTHORPE|SALSA/BELLY DANCING|2026-02-11|1100|1200|CARD:604,NEW_ATTENDANCE,19597,Inserted inside the current SQL transaction.
PREVIEW_ROLLED_BACK,ATTENDANCE,CALTHORPE|SALSA/BELLY DANCING|2026-02-11|1100|1200|CARD:638,NEW_ATTENDANCE,19598,Inserted inside the current SQL transaction.
PREVIEW_ROLLED_BACK,ATTENDANCE,CALTHORPE|SALSA/BELLY DANCING|2026-02-11|1100|1200|CARD:658,NEW_ATTENDANCE,19599,Inserted inside the current SQL transaction.
PREVIEW_ROLLED_BACK,ATTENDANCE,CALTHORPE|SALSA/BELLY DANCING|2026-02-11|1100|1200|CARD:995,NEW_ATTENDANCE,19600,Inserted inside the current SQL transaction.
PREVIEW_ROLLED_BACK,ATTENDANCE,CALTHORPE|CHAIR BASED EXERCISE|2026-02-12|1130|1215|CARD:337,ALREADY_IN_CRM,478,Skipped because this participant already has attendance for the resolved session.
PREVIEW_ROLLED_BACK,ATTENDANCE,CALTHORPE|CHAIR BASED EXERCISE|2026-02-12|1130|1215|CARD:380,ALREADY_IN_CRM,477,Skipped because this participant already has attendance for the resolved session.
PREVIEW_ROLLED_BACK,ATTENDANCE,CALTHORPE|CHAIR BASED EXERCISE|2026-02-12|1130|1215|CARD:413,ALREADY_IN_CRM,469,Skipped because this participant already has attendance for the resolved session.
PREVIEW_ROLLED_BACK,ATTENDANCE,CALTHORPE|CHAIR BASED EXERCISE|2026-02-12|1130|1215|CARD:416,ALREADY_IN_CRM,474,Skipped because this participant already has attendance for the resolved session.
PREVIEW_ROLLED_BACK,ATTENDANCE,CALTHORPE|CHAIR BASED EXERCISE|2026-02-12|1130|1215|CARD:440,ALREADY_IN_CRM,472,Skipped because this participant already has attendance for the resolved session.
PREVIEW_ROLLED_BACK,ATTENDANCE,CALTHORPE|CHAIR BASED EXERCISE|2026-02-12|1130|1215|CARD:444,ALREADY_IN_CRM,475,Skipped because this participant already has attendance for the resolved session.
PREVIEW_ROLLED_BACK,ATTENDANCE,CALTHORPE|CHAIR BASED EXERCISE|2026-02-12|1130|1215|CARD:584,ALREADY_IN_CRM,479,Skipped because this participant already has attendance for the resolved session.
PREVIEW_ROLLED_BACK,ATTENDANCE,CALTHORPE|CHAIR BASED EXERCISE|2026-02-12|1130|1215|CARD:586,ALREADY_IN_CRM,476,Skipped because this participant already has attendance for the resolved session.
PREVIEW_ROLLED_BACK,ATTENDANCE,CALTHORPE|CHAIR BASED EXERCISE|2026-02-12|1130|1215|CARD:638,ALREADY_IN_CRM,471,Skipped because this participant already has attendance for the resolved session.
PREVIEW_ROLLED_BACK,ATTENDANCE,CALTHORPE|CHAIR BASED EXERCISE|2026-02-12|1130|1215|CARD:640,ALREADY_IN_CRM,473,Skipped because this participant already has attendance for the resolved session.
PREVIEW_ROLLED_BACK,ATTENDANCE,CALTHORPE|CHAIR BASED EXERCISE|2026-02-12|1130|1215|CARD:692,ALREADY_IN_CRM,470,Skipped because this participant already has attendance for the resolved session.
PREVIEW_ROLLED_BACK,ATTENDANCE,CALTHORPE|CIRCUIT TRAINING|2026-02-12|0930|1015|CARD:373,ALREADY_IN_CRM,483,Skipped because this participant already has attendance for the resolved session.
PREVIEW_ROLLED_BACK,ATTENDANCE,CALTHORPE|CIRCUIT TRAINING|2026-02-12|0930|1015|CARD:429,ALREADY_IN_CRM,480,Skipped because this participant already has attendance for the resolved session.
PREVIEW_ROLLED_BACK,ATTENDANCE,CALTHORPE|CIRCUIT TRAINING|2026-02-12|0930|1015|CARD:470,ALREADY_IN_CRM,481,Skipped because this participant already has attendance for the resolved session.
PREVIEW_ROLLED_BACK,ATTENDANCE,CALTHORPE|CIRCUIT TRAINING|2026-02-12|0930|1015|CARD:515,ALREADY_IN_CRM,482,Skipped because this participant already has attendance for the resolved session.
PREVIEW_ROLLED_BACK,ATTENDANCE,CALTHORPE|CIRCUIT TRAINING|2026-02-12|0930|1015|CARD:787,ALREADY_IN_CRM,484,Skipped because this participant already has attendance for the resolved session.
PREVIEW_ROLLED_BACK,ATTENDANCE,CALTHORPE|CROCHET|2026-02-12|1230|1415|CARD:586,NEW_ATTENDANCE,19601,Inserted inside the current SQL transaction.
PREVIEW_ROLLED_BACK,ATTENDANCE,CALTHORPE|CROCHET|2026-02-12|1230|1415|CARD:640,NEW_ATTENDANCE,19602,Inserted inside the current SQL transaction.
PREVIEW_ROLLED_BACK,ATTENDANCE,CALTHORPE|CROCHET|2026-02-12|1230|1415|CARD:655,NEW_ATTENDANCE,19603,Inserted inside the current SQL transaction.
PREVIEW_ROLLED_BACK,ATTENDANCE,CALTHORPE|CROCHET|2026-02-12|1230|1415|CARD:708,NEW_ATTENDANCE,19604,Inserted inside the current SQL transaction.
PREVIEW_ROLLED_BACK,ATTENDANCE,CALTHORPE|CROCHET|2026-02-12|1230|1415|CARD:763,NEW_ATTENDANCE,19605,Inserted inside the current SQL transaction.
PREVIEW_ROLLED_BACK,ATTENDANCE,CALTHORPE|CROCHET|2026-02-12|1230|1415|CARD:774,NEW_ATTENDANCE,19606,Inserted inside the current SQL transaction.
PREVIEW_ROLLED_BACK,ATTENDANCE,CALTHORPE|MEN'S MULTI SPORTS|2026-02-12|1030|1130|CARD:791,NEW_ATTENDANCE,19607,Inserted inside the current SQL transaction.
PREVIEW_ROLLED_BACK,ATTENDANCE,CALTHORPE|MEN'S MULTI SPORTS|2026-02-12|1030|1130|CARD:857,NEW_ATTENDANCE,19608,Inserted inside the current SQL transaction.
PREVIEW_ROLLED_BACK,ATTENDANCE,CALTHORPE|MEN'S MULTI SPORTS|2026-02-12|1030|1130|NAME:ali,NEW_ATTENDANCE,19609,Inserted inside the current SQL transaction.
PREVIEW_ROLLED_BACK,ATTENDANCE,CALTHORPE|ARTS|2026-02-13|1300|1430|CARD:411,NEW_ATTENDANCE,19610,Inserted inside the current SQL transaction.
PREVIEW_ROLLED_BACK,ATTENDANCE,CALTHORPE|ARTS|2026-02-13|1300|1430|CARD:416,NEW_ATTENDANCE,19611,Inserted inside the current SQL transaction.
PREVIEW_ROLLED_BACK,ATTENDANCE,CALTHORPE|ARTS|2026-02-13|1300|1430|CARD:444,NEW_ATTENDANCE,19612,Inserted inside the current SQL transaction.
PREVIEW_ROLLED_BACK,ATTENDANCE,CALTHORPE|ARTS|2026-02-13|1300|1430|CARD:550,NEW_ATTENDANCE,19613,Inserted inside the current SQL transaction.
PREVIEW_ROLLED_BACK,ATTENDANCE,CALTHORPE|ARTS|2026-02-13|1300|1430|CARD:586,NEW_ATTENDANCE,19614,Inserted inside the current SQL transaction.
PREVIEW_ROLLED_BACK,ATTENDANCE,CALTHORPE|ARTS|2026-02-13|1300|1430|CARD:700,NEW_ATTENDANCE,19615,Inserted inside the current SQL transaction.
PREVIEW_ROLLED_BACK,ATTENDANCE,CALTHORPE|BODY CONDITIONING|2026-02-13|1100|1145|CARD:126,ALREADY_IN_CRM,493,Skipped because this participant already has attendance for the resolved session.
PREVIEW_ROLLED_BACK,ATTENDANCE,CALTHORPE|BODY CONDITIONING|2026-02-13|1100|1145|CARD:346,ALREADY_IN_CRM,495,Skipped because this participant already has attendance for the resolved session.
PREVIEW_ROLLED_BACK,ATTENDANCE,CALTHORPE|BODY CONDITIONING|2026-02-13|1100|1145|CARD:380,ALREADY_IN_CRM,497,Skipped because this participant already has attendance for the resolved session.
PREVIEW_ROLLED_BACK,ATTENDANCE,CALTHORPE|BODY CONDITIONING|2026-02-13|1100|1145|CARD:386,ALREADY_IN_CRM,496,Skipped because this participant already has attendance for the resolved session.
PREVIEW_ROLLED_BACK,ATTENDANCE,CALTHORPE|BODY CONDITIONING|2026-02-13|1100|1145|CARD:388,ALREADY_IN_CRM,488,Skipped because this participant already has attendance for the resolved session.
PREVIEW_ROLLED_BACK,ATTENDANCE,CALTHORPE|BODY CONDITIONING|2026-02-13|1100|1145|CARD:390,ALREADY_IN_CRM,492,Skipped because this participant already has attendance for the resolved session.
PREVIEW_ROLLED_BACK,ATTENDANCE,CALTHORPE|BODY CONDITIONING|2026-02-13|1100|1145|CARD:411,ALREADY_IN_CRM,501,Skipped because this participant already has attendance for the resolved session.
PREVIEW_ROLLED_BACK,ATTENDANCE,CALTHORPE|BODY CONDITIONING|2026-02-13|1100|1145|CARD:413,ALREADY_IN_CRM,487,Skipped because this participant already has attendance for the resolved session.
PREVIEW_ROLLED_BACK,ATTENDANCE,CALTHORPE|BODY CONDITIONING|2026-02-13|1100|1145|CARD:440,ALREADY_IN_CRM,489,Skipped because this participant already has attendance for the resolved session.
PREVIEW_ROLLED_BACK,ATTENDANCE,CALTHORPE|BODY CONDITIONING|2026-02-13|1100|1145|CARD:515,ALREADY_IN_CRM,498,Skipped because this participant already has attendance for the resolved session.
PREVIEW_ROLLED_BACK,ATTENDANCE,CALTHORPE|BODY CONDITIONING|2026-02-13|1100|1145|CARD:568,ALREADY_IN_CRM,494,Skipped because this participant already has attendance for the resolved session.
PREVIEW_ROLLED_BACK,ATTENDANCE,CALTHORPE|BODY CONDITIONING|2026-02-13|1100|1145|CARD:625,ALREADY_IN_CRM,500,Skipped because this participant already has attendance for the resolved session.
PREVIEW_ROLLED_BACK,ATTENDANCE,CALTHORPE|BODY CONDITIONING|2026-02-13|1100|1145|CARD:681,ALREADY_IN_CRM,499,Skipped because this participant already has attendance for the resolved session.
PREVIEW_ROLLED_BACK,ATTENDANCE,CALTHORPE|BODY CONDITIONING|2026-02-13|1100|1145|CARD:700,ALREADY_IN_CRM,490,Skipped because this participant already has attendance for the resolved session.
PREVIEW_ROLLED_BACK,ATTENDANCE,CALTHORPE|BODY CONDITIONING|2026-02-13|1100|1145|CARD:742,ALREADY_IN_CRM,491,Skipped because this participant already has attendance for the resolved session.
PREVIEW_ROLLED_BACK,ATTENDANCE,CALTHORPE|PILATES|2026-02-13|1200|1245|CARD:157,NEW_ATTENDANCE,19616,Inserted inside the current SQL transaction.
PREVIEW_ROLLED_BACK,ATTENDANCE,CALTHORPE|PILATES|2026-02-13|1200|1245|CARD:390,NEW_ATTENDANCE,19617,Inserted inside the current SQL transaction.
PREVIEW_ROLLED_BACK,ATTENDANCE,CALTHORPE|PILATES|2026-02-13|1200|1245|CARD:413,NEW_ATTENDANCE,19618,Inserted inside the current SQL transaction.
PREVIEW_ROLLED_BACK,ATTENDANCE,CALTHORPE|PILATES|2026-02-13|1200|1245|CARD:440,NEW_ATTENDANCE,19619,Inserted inside the current SQL transaction.
PREVIEW_ROLLED_BACK,ATTENDANCE,CALTHORPE|PILATES|2026-02-13|1200|1245|CARD:442,NEW_ATTENDANCE,19620,Inserted inside the current SQL transaction.
PREVIEW_ROLLED_BACK,ATTENDANCE,CALTHORPE|PILATES|2026-02-13|1200|1245|CARD:486,NEW_ATTENDANCE,19621,Inserted inside the current SQL transaction.
PREVIEW_ROLLED_BACK,ATTENDANCE,CALTHORPE|PILATES|2026-02-13|1200|1245|CARD:515,NEW_ATTENDANCE,19622,Inserted inside the current SQL transaction.
PREVIEW_ROLLED_BACK,ATTENDANCE,CALTHORPE|PILATES|2026-02-13|1200|1245|CARD:550,NEW_ATTENDANCE,19623,Inserted inside the current SQL transaction.
PREVIEW_ROLLED_BACK,ATTENDANCE,CALTHORPE|PILATES|2026-02-13|1200|1245|CARD:625,NEW_ATTENDANCE,19624,Inserted inside the current SQL transaction.
PREVIEW_ROLLED_BACK,ATTENDANCE,CALTHORPE|PILATES|2026-02-13|1200|1245|CARD:681,NEW_ATTENDANCE,19625,Inserted inside the current SQL transaction.
PREVIEW_ROLLED_BACK,ATTENDANCE,CALTHORPE|PILATES|2026-02-13|1200|1245|CARD:707,NEW_ATTENDANCE,19626,Inserted inside the current SQL transaction.
PREVIEW_ROLLED_BACK,ATTENDANCE,CALTHORPE|PILATES|2026-02-13|1200|1245|CARD:742,NEW_ATTENDANCE,19627,Inserted inside the current SQL transaction.
PREVIEW_ROLLED_BACK,ATTENDANCE,CALTHORPE|PILATES|2026-02-13|1200|1245|NAME:helen,NEW_ATTENDANCE,19628,Inserted inside the current SQL transaction.
PREVIEW_ROLLED_BACK,ATTENDANCE,CALTHORPE|CHAIR BASED EXERCISE|2026-02-16|1130|1215|CARD:416,ALREADY_IN_CRM,516,Skipped because this participant already has attendance for the resolved session.
PREVIEW_ROLLED_BACK,ATTENDANCE,CALTHORPE|CHAIR BASED EXERCISE|2026-02-16|1130|1215|CARD:485,ALREADY_IN_CRM,519,Skipped because this participant already has attendance for the resolved session.
PREVIEW_ROLLED_BACK,ATTENDANCE,CALTHORPE|CHAIR BASED EXERCISE|2026-02-16|1130|1215|CARD:601,ALREADY_IN_CRM,517,Skipped because this participant already has attendance for the resolved session.
PREVIEW_ROLLED_BACK,ATTENDANCE,CALTHORPE|CHAIR BASED EXERCISE|2026-02-16|1130|1215|CARD:681,ALREADY_IN_CRM,518,Skipped because this participant already has attendance for the resolved session.
PREVIEW_ROLLED_BACK,ATTENDANCE,CALTHORPE|CHAIR BASED EXERCISE|2026-02-16|1130|1215|CARD:707,ALREADY_IN_CRM,514,Skipped because this participant already has attendance for the resolved session.
PREVIEW_ROLLED_BACK,ATTENDANCE,CALTHORPE|CHAIR BASED EXERCISE|2026-02-16|1130|1215|CARD:717,ALREADY_IN_CRM,515,Skipped because this participant already has attendance for the resolved session.
PREVIEW_ROLLED_BACK,ATTENDANCE,CALTHORPE|CHAIR BASED EXERCISE|2026-02-16|1130|1215|CARD:855,ALREADY_IN_CRM,520,Skipped because this participant already has attendance for the resolved session.
PREVIEW_ROLLED_BACK,ATTENDANCE,CALTHORPE|CROCHET|2026-02-16|1230|1430|CARD:436,NEW_ATTENDANCE,19629,Inserted inside the current SQL transaction.
PREVIEW_ROLLED_BACK,ATTENDANCE,CALTHORPE|CROCHET|2026-02-16|1230|1430|CARD:468,NEW_ATTENDANCE,19630,Inserted inside the current SQL transaction.
PREVIEW_ROLLED_BACK,ATTENDANCE,CALTHORPE|CROCHET|2026-02-16|1230|1430|CARD:509,NEW_ATTENDANCE,19631,Inserted inside the current SQL transaction.
PREVIEW_ROLLED_BACK,ATTENDANCE,CALTHORPE|CROCHET|2026-02-16|1230|1430|CARD:586,NEW_ATTENDANCE,19632,Inserted inside the current SQL transaction.
PREVIEW_ROLLED_BACK,ATTENDANCE,CALTHORPE|CROCHET|2026-02-16|1230|1430|CARD:638,NEW_ATTENDANCE,19633,Inserted inside the current SQL transaction.
PREVIEW_ROLLED_BACK,ATTENDANCE,CALTHORPE|CROCHET|2026-02-16|1230|1430|CARD:708,NEW_ATTENDANCE,19634,Inserted inside the current SQL transaction.
PREVIEW_ROLLED_BACK,ATTENDANCE,CALTHORPE|CROCHET|2026-02-16|1230|1430|NAME:shailla sharif,NEW_ATTENDANCE,19635,Inserted inside the current SQL transaction.
PREVIEW_ROLLED_BACK,ATTENDANCE,CALTHORPE|HIIT|2026-02-16|1030|1115|CARD:441,ALREADY_IN_CRM,526,Skipped because this participant already has attendance for the resolved session.
PREVIEW_ROLLED_BACK,ATTENDANCE,CALTHORPE|HIIT|2026-02-16|1030|1115|CARD:515,ALREADY_IN_CRM,527,Skipped because this participant already has attendance for the resolved session.
PREVIEW_ROLLED_BACK,ATTENDANCE,CALTHORPE|HIIT|2026-02-16|1030|1115|CARD:681,ALREADY_IN_CRM,529,Skipped because this participant already has attendance for the resolved session.
PREVIEW_ROLLED_BACK,ATTENDANCE,CALTHORPE|HIIT|2026-02-16|1030|1115|CARD:692,ALREADY_IN_CRM,521,Skipped because this participant already has attendance for the resolved session.
PREVIEW_ROLLED_BACK,ATTENDANCE,CALTHORPE|HIIT|2026-02-16|1030|1115|CARD:700,ALREADY_IN_CRM,523,Skipped because this participant already has attendance for the resolved session.
PREVIEW_ROLLED_BACK,ATTENDANCE,CALTHORPE|HIIT|2026-02-16|1030|1115|CARD:704,ALREADY_IN_CRM,525,Skipped because this participant already has attendance for the resolved session.
PREVIEW_ROLLED_BACK,ATTENDANCE,CALTHORPE|HIIT|2026-02-16|1030|1115|CARD:707,ALREADY_IN_CRM,522,Skipped because this participant already has attendance for the resolved session.
PREVIEW_ROLLED_BACK,ATTENDANCE,CALTHORPE|HIIT|2026-02-16|1030|1115|CARD:717,ALREADY_IN_CRM,524,Skipped because this participant already has attendance for the resolved session.
PREVIEW_ROLLED_BACK,ATTENDANCE,CALTHORPE|HIIT|2026-02-16|1030|1115|CARD:771,ALREADY_IN_CRM,528,Skipped because this participant already has attendance for the resolved session.
PREVIEW_ROLLED_BACK,ATTENDANCE,CALTHORPE|ZUMBA|2026-02-16|0930|1015|CARD:413,ALREADY_IN_CRM,530,Skipped because this participant already has attendance for the resolved session.
PREVIEW_ROLLED_BACK,ATTENDANCE,CALTHORPE|ZUMBA|2026-02-16|0930|1015|CARD:429,ALREADY_IN_CRM,536,Skipped because this participant already has attendance for the resolved session.
PREVIEW_ROLLED_BACK,ATTENDANCE,CALTHORPE|ZUMBA|2026-02-16|0930|1015|CARD:440,ALREADY_IN_CRM,531,Skipped because this participant already has attendance for the resolved session.
PREVIEW_ROLLED_BACK,ATTENDANCE,CALTHORPE|ZUMBA|2026-02-16|0930|1015|CARD:470,ALREADY_IN_CRM,537,Skipped because this participant already has attendance for the resolved session.
PREVIEW_ROLLED_BACK,ATTENDANCE,CALTHORPE|ZUMBA|2026-02-16|0930|1015|CARD:498,ALREADY_IN_CRM,540,Skipped because this participant already has attendance for the resolved session.
PREVIEW_ROLLED_BACK,ATTENDANCE,CALTHORPE|ZUMBA|2026-02-16|0930|1015|CARD:515,ALREADY_IN_CRM,538,Skipped because this participant already has attendance for the resolved session.
PREVIEW_ROLLED_BACK,ATTENDANCE,CALTHORPE|ZUMBA|2026-02-16|0930|1015|CARD:557,ALREADY_IN_CRM,535,Skipped because this participant already has attendance for the resolved session.
PREVIEW_ROLLED_BACK,ATTENDANCE,CALTHORPE|ZUMBA|2026-02-16|0930|1015|CARD:700,ALREADY_IN_CRM,532,Skipped because this participant already has attendance for the resolved session.
PREVIEW_ROLLED_BACK,ATTENDANCE,CALTHORPE|ZUMBA|2026-02-16|0930|1015|CARD:704,ALREADY_IN_CRM,534,Skipped because this participant already has attendance for the resolved session.
PREVIEW_ROLLED_BACK,ATTENDANCE,CALTHORPE|ZUMBA|2026-02-16|0930|1015|CARD:742,ALREADY_IN_CRM,533,Skipped because this participant already has attendance for the resolved session.
PREVIEW_ROLLED_BACK,ATTENDANCE,CALTHORPE|ZUMBA|2026-02-16|0930|1015|CARD:771,ALREADY_IN_CRM,539,Skipped because this participant already has attendance for the resolved session.
PREVIEW_ROLLED_BACK,ATTENDANCE,CALTHORPE|STRENGTH & STRETCH|2026-02-17|0930|1030|CARD:390,NEW_ATTENDANCE,19636,Inserted inside the current SQL transaction.
PREVIEW_ROLLED_BACK,ATTENDANCE,CALTHORPE|STRENGTH & STRETCH|2026-02-17|0930|1030|CARD:411,NEW_ATTENDANCE,19637,Inserted inside the current SQL transaction.
PREVIEW_ROLLED_BACK,ATTENDANCE,CALTHORPE|STRENGTH & STRETCH|2026-02-17|0930|1030|CARD:441,NEW_ATTENDANCE,19638,Inserted inside the current SQL transaction.
PREVIEW_ROLLED_BACK,ATTENDANCE,CALTHORPE|STRENGTH & STRETCH|2026-02-17|0930|1030|CARD:470,NEW_ATTENDANCE,19639,Inserted inside the current SQL transaction.
PREVIEW_ROLLED_BACK,ATTENDANCE,CALTHORPE|STRENGTH & STRETCH|2026-02-17|0930|1030|CARD:515,NEW_ATTENDANCE,19640,Inserted inside the current SQL transaction.
PREVIEW_ROLLED_BACK,ATTENDANCE,CALTHORPE|STRENGTH & STRETCH|2026-02-17|0930|1030|CARD:656,NEW_ATTENDANCE,19641,Inserted inside the current SQL transaction.
PREVIEW_ROLLED_BACK,ATTENDANCE,CALTHORPE|STRENGTH & STRETCH|2026-02-17|0930|1030|CARD:681,NEW_ATTENDANCE,19642,Inserted inside the current SQL transaction.
PREVIEW_ROLLED_BACK,ATTENDANCE,CALTHORPE|STRENGTH & STRETCH|2026-02-17|0930|1030|CARD:717,NEW_ATTENDANCE,19643,Inserted inside the current SQL transaction.
PREVIEW_ROLLED_BACK,ATTENDANCE,CALTHORPE|STRENGTH & STRETCH|2026-02-17|0930|1030|CARD:764,NEW_ATTENDANCE,19644,Inserted inside the current SQL transaction.
PREVIEW_ROLLED_BACK,ATTENDANCE,CALTHORPE|YOGA|2026-02-17|1715|1815|CARD:612,NEW_ATTENDANCE,19645,Inserted inside the current SQL transaction.
PREVIEW_ROLLED_BACK,ATTENDANCE,CALTHORPE|YOGA|2026-02-17|1715|1815|CARD:625,NEW_ATTENDANCE,19646,Inserted inside the current SQL transaction.
PREVIEW_ROLLED_BACK,ATTENDANCE,CALTHORPE|YOGA|2026-02-17|1715|1815|CARD:704,NEW_ATTENDANCE,19647,Inserted inside the current SQL transaction.
PREVIEW_ROLLED_BACK,ATTENDANCE,CALTHORPE|YOGA|2026-02-17|1715|1815|CARD:717,NEW_ATTENDANCE,19648,Inserted inside the current SQL transaction.
PREVIEW_ROLLED_BACK,ATTENDANCE,CALTHORPE|YOGA|2026-02-17|1715|1815|NAME:nasima,NEW_ATTENDANCE,19649,Inserted inside the current SQL transaction.
PREVIEW_ROLLED_BACK,ATTENDANCE,CALTHORPE|ESOL|2026-02-18|1130|1330|CARD:455,NEW_ATTENDANCE,19650,Inserted inside the current SQL transaction.
PREVIEW_ROLLED_BACK,ATTENDANCE,CALTHORPE|ESOL|2026-02-18|1130|1330|CARD:458,NEW_ATTENDANCE,19651,Inserted inside the current SQL transaction.
PREVIEW_ROLLED_BACK,ATTENDANCE,CALTHORPE|ESOL|2026-02-18|1130|1330|CARD:462,NEW_ATTENDANCE,19652,Inserted inside the current SQL transaction.
PREVIEW_ROLLED_BACK,ATTENDANCE,CALTHORPE|ESOL|2026-02-18|1130|1330|CARD:647,NEW_ATTENDANCE,19653,Inserted inside the current SQL transaction.
PREVIEW_ROLLED_BACK,ATTENDANCE,CALTHORPE|ESOL|2026-02-18|1130|1330|CARD:672,NEW_ATTENDANCE,19654,Inserted inside the current SQL transaction.
PREVIEW_ROLLED_BACK,ATTENDANCE,CALTHORPE|ESOL|2026-02-18|1130|1330|CARD:709,NEW_ATTENDANCE,19655,Inserted inside the current SQL transaction.
PREVIEW_ROLLED_BACK,ATTENDANCE,CALTHORPE|ESOL|2026-02-18|1130|1330|CARD:715,NEW_ATTENDANCE,19656,Inserted inside the current SQL transaction.
PREVIEW_ROLLED_BACK,ATTENDANCE,CALTHORPE|ESOL|2026-02-18|1130|1330|CARD:728,NEW_ATTENDANCE,19657,Inserted inside the current SQL transaction.
PREVIEW_ROLLED_BACK,ATTENDANCE,CALTHORPE|ESOL|2026-02-18|1130|1330|CARD:779,NEW_ATTENDANCE,19658,Inserted inside the current SQL transaction.
PREVIEW_ROLLED_BACK,ATTENDANCE,CALTHORPE|SALSA/BELLY DANCING|2026-02-18|1100|1200|CARD:416,NEW_ATTENDANCE,19659,Inserted inside the current SQL transaction.
PREVIEW_ROLLED_BACK,ATTENDANCE,CALTHORPE|SALSA/BELLY DANCING|2026-02-18|1100|1200|CARD:441,NEW_ATTENDANCE,19660,Inserted inside the current SQL transaction.
PREVIEW_ROLLED_BACK,ATTENDANCE,CALTHORPE|SALSA/BELLY DANCING|2026-02-18|1100|1200|CARD:513,NEW_ATTENDANCE,19661,Inserted inside the current SQL transaction.
PREVIEW_ROLLED_BACK,ATTENDANCE,CALTHORPE|SALSA/BELLY DANCING|2026-02-18|1100|1200|CARD:638,NEW_ATTENDANCE,19662,Inserted inside the current SQL transaction.
PREVIEW_ROLLED_BACK,ATTENDANCE,CALTHORPE|SALSA/BELLY DANCING|2026-02-18|1100|1200|CARD:995,NEW_ATTENDANCE,19663,Inserted inside the current SQL transaction.
PREVIEW_ROLLED_BACK,ATTENDANCE,CALTHORPE|CHAIR BASED EXERCISE|2026-02-19|1130|1215|CARD:380,ALREADY_IN_CRM,551,Skipped because this participant already has attendance for the resolved session.
PREVIEW_ROLLED_BACK,ATTENDANCE,CALTHORPE|CHAIR BASED EXERCISE|2026-02-19|1130|1215|CARD:416,ALREADY_IN_CRM,547,Skipped because this participant already has attendance for the resolved session.
PREVIEW_ROLLED_BACK,ATTENDANCE,CALTHORPE|CHAIR BASED EXERCISE|2026-02-19|1130|1215|CARD:424,ALREADY_IN_CRM,546,Skipped because this participant already has attendance for the resolved session.
PREVIEW_ROLLED_BACK,ATTENDANCE,CALTHORPE|CHAIR BASED EXERCISE|2026-02-19|1130|1215|CARD:436,ALREADY_IN_CRM,550,Skipped because this participant already has attendance for the resolved session.
PREVIEW_ROLLED_BACK,ATTENDANCE,CALTHORPE|CHAIR BASED EXERCISE|2026-02-19|1130|1215|CARD:444,ALREADY_IN_CRM,548,Skipped because this participant already has attendance for the resolved session.
PREVIEW_ROLLED_BACK,ATTENDANCE,CALTHORPE|CHAIR BASED EXERCISE|2026-02-19|1130|1215|CARD:586,ALREADY_IN_CRM,549,Skipped because this participant already has attendance for the resolved session.
PREVIEW_ROLLED_BACK,ATTENDANCE,CALTHORPE|CHAIR BASED EXERCISE|2026-02-19|1130|1215|CARD:655,ALREADY_IN_CRM,545,Skipped because this participant already has attendance for the resolved session.
PREVIEW_ROLLED_BACK,ATTENDANCE,CALTHORPE|CHAIR BASED EXERCISE|2026-02-19|1130|1215|CARD:855,ALREADY_IN_CRM,552,Skipped because this participant already has attendance for the resolved session.
PREVIEW_ROLLED_BACK,ATTENDANCE,CALTHORPE|CHAIR BASED EXERCISE|2026-02-19|1130|1215|NAME:parveen,NEW_ATTENDANCE,19664,Inserted inside the current SQL transaction.
PREVIEW_ROLLED_BACK,ATTENDANCE,CALTHORPE|CIRCUIT TRAINING|2026-02-19|0930|1015|CARD:429,ALREADY_IN_CRM,554,Skipped because this participant already has attendance for the resolved session.
PREVIEW_ROLLED_BACK,ATTENDANCE,CALTHORPE|CIRCUIT TRAINING|2026-02-19|0930|1015|CARD:441,ALREADY_IN_CRM,553,Skipped because this participant already has attendance for the resolved session.
PREVIEW_ROLLED_BACK,ATTENDANCE,CALTHORPE|CIRCUIT TRAINING|2026-02-19|0930|1015|CARD:470,ALREADY_IN_CRM,555,Skipped because this participant already has attendance for the resolved session.
PREVIEW_ROLLED_BACK,ATTENDANCE,CALTHORPE|CIRCUIT TRAINING|2026-02-19|0930|1015|CARD:515,ALREADY_IN_CRM,556,Skipped because this participant already has attendance for the resolved session.
PREVIEW_ROLLED_BACK,ATTENDANCE,CALTHORPE|CIRCUIT TRAINING|2026-02-19|0930|1015|NAME:nasima,NEW_ATTENDANCE,19665,Inserted inside the current SQL transaction.
PREVIEW_ROLLED_BACK,ATTENDANCE,CALTHORPE|CROCHET|2026-02-19|1230|1415|CARD:337,NEW_ATTENDANCE,19666,Inserted inside the current SQL transaction.
PREVIEW_ROLLED_BACK,ATTENDANCE,CALTHORPE|CROCHET|2026-02-19|1230|1415|CARD:416,NEW_ATTENDANCE,19667,Inserted inside the current SQL transaction.
PREVIEW_ROLLED_BACK,ATTENDANCE,CALTHORPE|CROCHET|2026-02-19|1230|1415|CARD:418,NEW_ATTENDANCE,19668,Inserted inside the current SQL transaction.
PREVIEW_ROLLED_BACK,ATTENDANCE,CALTHORPE|CROCHET|2026-02-19|1230|1415|CARD:424,NEW_ATTENDANCE,19669,Inserted inside the current SQL transaction.
PREVIEW_ROLLED_BACK,ATTENDANCE,CALTHORPE|CROCHET|2026-02-19|1230|1415|CARD:586,NEW_ATTENDANCE,19670,Inserted inside the current SQL transaction.
PREVIEW_ROLLED_BACK,ATTENDANCE,CALTHORPE|CROCHET|2026-02-19|1230|1415|CARD:640,NEW_ATTENDANCE,19671,Inserted inside the current SQL transaction.
PREVIEW_ROLLED_BACK,ATTENDANCE,CALTHORPE|CROCHET|2026-02-19|1230|1415|CARD:655,NEW_ATTENDANCE,19672,Inserted inside the current SQL transaction.
PREVIEW_ROLLED_BACK,ATTENDANCE,CALTHORPE|MEN'S MULTI SPORTS|2026-02-19|1030|1130|NAME:abdul bashir,NEW_ATTENDANCE,19673,Inserted inside the current SQL transaction.
PREVIEW_ROLLED_BACK,ATTENDANCE,CALTHORPE|MEN'S MULTI SPORTS|2026-02-19|1030|1130|NAME:mohd al islam,NEW_ATTENDANCE,19674,Inserted inside the current SQL transaction.
PREVIEW_ROLLED_BACK,ATTENDANCE,CALTHORPE|ARTS|2026-02-20|1230|1400|CARD:411,NEW_ATTENDANCE,19675,Inserted inside the current SQL transaction.
PREVIEW_ROLLED_BACK,ATTENDANCE,CALTHORPE|ARTS|2026-02-20|1230|1400|CARD:416,NEW_ATTENDANCE,19676,Inserted inside the current SQL transaction.
PREVIEW_ROLLED_BACK,ATTENDANCE,CALTHORPE|ARTS|2026-02-20|1230|1400|CARD:444,NEW_ATTENDANCE,19677,Inserted inside the current SQL transaction.
PREVIEW_ROLLED_BACK,ATTENDANCE,CALTHORPE|ARTS|2026-02-20|1230|1400|CARD:586,NEW_ATTENDANCE,19678,Inserted inside the current SQL transaction.
PREVIEW_ROLLED_BACK,ATTENDANCE,CALTHORPE|ARTS|2026-02-20|1230|1400|CARD:700,NEW_ATTENDANCE,19679,Inserted inside the current SQL transaction.
PREVIEW_ROLLED_BACK,ATTENDANCE,CALTHORPE|ARTS|2026-02-20|1230|1400|CARD:720,NEW_ATTENDANCE,19680,Inserted inside the current SQL transaction.
PREVIEW_ROLLED_BACK,ATTENDANCE,CALTHORPE|ARTS|2026-02-20|1230|1400|CARD:771,NEW_ATTENDANCE,19681,Inserted inside the current SQL transaction.
PREVIEW_ROLLED_BACK,ATTENDANCE,CALTHORPE|BODY CONDITIONING|2026-02-20|1100|1145|CARD:126,ALREADY_IN_CRM,559,Skipped because this participant already has attendance for the resolved session.
PREVIEW_ROLLED_BACK,ATTENDANCE,CALTHORPE|BODY CONDITIONING|2026-02-20|1100|1145|CARD:429,ALREADY_IN_CRM,560,Skipped because this participant already has attendance for the resolved session.
PREVIEW_ROLLED_BACK,ATTENDANCE,CALTHORPE|BODY CONDITIONING|2026-02-20|1100|1145|CARD:470,ALREADY_IN_CRM,561,Skipped because this participant already has attendance for the resolved session.
PREVIEW_ROLLED_BACK,ATTENDANCE,CALTHORPE|BODY CONDITIONING|2026-02-20|1100|1145|CARD:625,ALREADY_IN_CRM,564,Skipped because this participant already has attendance for the resolved session.
PREVIEW_ROLLED_BACK,ATTENDANCE,CALTHORPE|BODY CONDITIONING|2026-02-20|1100|1145|CARD:681,ALREADY_IN_CRM,563,Skipped because this participant already has attendance for the resolved session.
PREVIEW_ROLLED_BACK,ATTENDANCE,CALTHORPE|BODY CONDITIONING|2026-02-20|1100|1145|CARD:700,ALREADY_IN_CRM,557,Skipped because this participant already has attendance for the resolved session.
PREVIEW_ROLLED_BACK,ATTENDANCE,CALTHORPE|BODY CONDITIONING|2026-02-20|1100|1145|CARD:742,ALREADY_IN_CRM,558,Skipped because this participant already has attendance for the resolved session.
PREVIEW_ROLLED_BACK,ATTENDANCE,CALTHORPE|BODY CONDITIONING|2026-02-20|1100|1145|CARD:771,ALREADY_IN_CRM,562,Skipped because this participant already has attendance for the resolved session.
PREVIEW_ROLLED_BACK,ATTENDANCE,CALTHORPE|PILATES|2026-02-20|1200|1245|CARD:442,NEW_ATTENDANCE,19682,Inserted inside the current SQL transaction.
PREVIEW_ROLLED_BACK,ATTENDANCE,CALTHORPE|PILATES|2026-02-20|1200|1245|CARD:515,NEW_ATTENDANCE,19683,Inserted inside the current SQL transaction.
PREVIEW_ROLLED_BACK,ATTENDANCE,CALTHORPE|PILATES|2026-02-20|1200|1245|CARD:550,NEW_ATTENDANCE,19684,Inserted inside the current SQL transaction.
PREVIEW_ROLLED_BACK,ATTENDANCE,CALTHORPE|PILATES|2026-02-20|1200|1245|CARD:606,NEW_ATTENDANCE,19685,Inserted inside the current SQL transaction.
PREVIEW_ROLLED_BACK,ATTENDANCE,CALTHORPE|PILATES|2026-02-20|1200|1245|CARD:635,NEW_ATTENDANCE,19686,Inserted inside the current SQL transaction.
PREVIEW_ROLLED_BACK,ATTENDANCE,CALTHORPE|PILATES|2026-02-20|1200|1245|CARD:681,NEW_ATTENDANCE,19687,Inserted inside the current SQL transaction.
PREVIEW_ROLLED_BACK,ATTENDANCE,CALTHORPE|PILATES|2026-02-20|1200|1245|CARD:707,NEW_ATTENDANCE,19688,Inserted inside the current SQL transaction.
PREVIEW_ROLLED_BACK,ATTENDANCE,CALTHORPE|CHAIR BASED EXERCISE|2026-02-23|1130|1215|CARD:415,ALREADY_IN_CRM,572,Skipped because this participant already has attendance for the resolved session.
PREVIEW_ROLLED_BACK,ATTENDANCE,CALTHORPE|CHAIR BASED EXERCISE|2026-02-23|1130|1215|CARD:444,ALREADY_IN_CRM,578,Skipped because this participant already has attendance for the resolved session.
PREVIEW_ROLLED_BACK,ATTENDANCE,CALTHORPE|CHAIR BASED EXERCISE|2026-02-23|1130|1215|CARD:586,ALREADY_IN_CRM,579,Skipped because this participant already has attendance for the resolved session.
PREVIEW_ROLLED_BACK,ATTENDANCE,CALTHORPE|CHAIR BASED EXERCISE|2026-02-23|1130|1215|CARD:601,ALREADY_IN_CRM,580,Skipped because this participant already has attendance for the resolved session.
PREVIEW_ROLLED_BACK,ATTENDANCE,CALTHORPE|CHAIR BASED EXERCISE|2026-02-23|1130|1215|CARD:638,ALREADY_IN_CRM,575,Skipped because this participant already has attendance for the resolved session.
PREVIEW_ROLLED_BACK,ATTENDANCE,CALTHORPE|CHAIR BASED EXERCISE|2026-02-23|1130|1215|CARD:704,ALREADY_IN_CRM,577,Skipped because this participant already has attendance for the resolved session.
PREVIEW_ROLLED_BACK,ATTENDANCE,CALTHORPE|CHAIR BASED EXERCISE|2026-02-23|1130|1215|CARD:707,ALREADY_IN_CRM,573,Skipped because this participant already has attendance for the resolved session.
PREVIEW_ROLLED_BACK,ATTENDANCE,CALTHORPE|CHAIR BASED EXERCISE|2026-02-23|1130|1215|CARD:717,ALREADY_IN_CRM,576,Skipped because this participant already has attendance for the resolved session.
PREVIEW_ROLLED_BACK,ATTENDANCE,CALTHORPE|CHAIR BASED EXERCISE|2026-02-23|1130|1215|CARD:806,ALREADY_IN_CRM,574,Skipped because this participant already has attendance for the resolved session.
PREVIEW_ROLLED_BACK,ATTENDANCE,CALTHORPE|CHAIR BASED EXERCISE|2026-02-23|1130|1215|CARD:855,ALREADY_IN_CRM,581,Skipped because this participant already has attendance for the resolved session.
PREVIEW_ROLLED_BACK,ATTENDANCE,CALTHORPE|CROCHET|2026-02-23|1230|1430|CARD:436,NEW_ATTENDANCE,19689,Inserted inside the current SQL transaction.
PREVIEW_ROLLED_BACK,ATTENDANCE,CALTHORPE|CROCHET|2026-02-23|1230|1430|CARD:586,NEW_ATTENDANCE,19690,Inserted inside the current SQL transaction.
PREVIEW_ROLLED_BACK,ATTENDANCE,CALTHORPE|CROCHET|2026-02-23|1230|1430|CARD:638,NEW_ATTENDANCE,19691,Inserted inside the current SQL transaction.
PREVIEW_ROLLED_BACK,ATTENDANCE,CALTHORPE|CROCHET|2026-02-23|1230|1430|CARD:708,NEW_ATTENDANCE,19692,Inserted inside the current SQL transaction.
PREVIEW_ROLLED_BACK,ATTENDANCE,CALTHORPE|CROCHET|2026-02-23|1230|1430|NAME:shailla sharif,NEW_ATTENDANCE,19693,Inserted inside the current SQL transaction.
PREVIEW_ROLLED_BACK,ATTENDANCE,CALTHORPE|HIIT|2026-02-23|1030|1115|CARD:68,ALREADY_IN_CRM,584,Skipped because this participant already has attendance for the resolved session.
PREVIEW_ROLLED_BACK,ATTENDANCE,CALTHORPE|HIIT|2026-02-23|1030|1115|CARD:704,ALREADY_IN_CRM,583,Skipped because this participant already has attendance for the resolved session.
PREVIEW_ROLLED_BACK,ATTENDANCE,CALTHORPE|HIIT|2026-02-23|1030|1115|CARD:707,ALREADY_IN_CRM,582,Skipped because this participant already has attendance for the resolved session.
PREVIEW_ROLLED_BACK,ATTENDANCE,CALTHORPE|HIIT|2026-02-23|1030|1115|CARD:771,ALREADY_IN_CRM,585,Skipped because this participant already has attendance for the resolved session.
PREVIEW_ROLLED_BACK,ATTENDANCE,CALTHORPE|ZUMBA|2026-02-23|0930|1015|CARD:411,ALREADY_IN_CRM,590,Skipped because this participant already has attendance for the resolved session.
PREVIEW_ROLLED_BACK,ATTENDANCE,CALTHORPE|ZUMBA|2026-02-23|0930|1015|CARD:429,ALREADY_IN_CRM,587,Skipped because this participant already has attendance for the resolved session.
PREVIEW_ROLLED_BACK,ATTENDANCE,CALTHORPE|ZUMBA|2026-02-23|0930|1015|CARD:470,ALREADY_IN_CRM,588,Skipped because this participant already has attendance for the resolved session.
PREVIEW_ROLLED_BACK,ATTENDANCE,CALTHORPE|ZUMBA|2026-02-23|0930|1015|CARD:498,ALREADY_IN_CRM,591,Skipped because this participant already has attendance for the resolved session.
PREVIEW_ROLLED_BACK,ATTENDANCE,CALTHORPE|ZUMBA|2026-02-23|0930|1015|CARD:704,ALREADY_IN_CRM,586,Skipped because this participant already has attendance for the resolved session.
PREVIEW_ROLLED_BACK,ATTENDANCE,CALTHORPE|ZUMBA|2026-02-23|0930|1015|CARD:771,ALREADY_IN_CRM,589,Skipped because this participant already has attendance for the resolved session.
PREVIEW_ROLLED_BACK,ATTENDANCE,CALTHORPE|ESOL|2026-02-24|1130|1330|CARD:375,NEW_ATTENDANCE,19694,Inserted inside the current SQL transaction.
PREVIEW_ROLLED_BACK,ATTENDANCE,CALTHORPE|ESOL|2026-02-24|1130|1330|CARD:455,NEW_ATTENDANCE,19695,Inserted inside the current SQL transaction.
PREVIEW_ROLLED_BACK,ATTENDANCE,CALTHORPE|ESOL|2026-02-24|1130|1330|CARD:462,NEW_ATTENDANCE,19696,Inserted inside the current SQL transaction.
PREVIEW_ROLLED_BACK,ATTENDANCE,CALTHORPE|ESOL|2026-02-24|1130|1330|CARD:516,NEW_ATTENDANCE,19697,Inserted inside the current SQL transaction.
PREVIEW_ROLLED_BACK,ATTENDANCE,CALTHORPE|ESOL|2026-02-24|1130|1330|CARD:672,NEW_ATTENDANCE,19698,Inserted inside the current SQL transaction.
PREVIEW_ROLLED_BACK,ATTENDANCE,CALTHORPE|ESOL|2026-02-24|1130|1330|CARD:673,NEW_ATTENDANCE,19699,Inserted inside the current SQL transaction.
PREVIEW_ROLLED_BACK,ATTENDANCE,CALTHORPE|ESOL|2026-02-24|1130|1330|CARD:728,NEW_ATTENDANCE,19700,Inserted inside the current SQL transaction.
PREVIEW_ROLLED_BACK,ATTENDANCE,CALTHORPE|ESOL|2026-02-24|1130|1330|CARD:994,NEW_ATTENDANCE,19701,Inserted inside the current SQL transaction.
PREVIEW_ROLLED_BACK,ATTENDANCE,CALTHORPE|STRENGTH & STRETCH|2026-02-24|0930|1030|CARD:390,NEW_ATTENDANCE,19702,Inserted inside the current SQL transaction.
PREVIEW_ROLLED_BACK,ATTENDANCE,CALTHORPE|STRENGTH & STRETCH|2026-02-24|0930|1030|CARD:411,NEW_ATTENDANCE,19703,Inserted inside the current SQL transaction.
PREVIEW_ROLLED_BACK,ATTENDANCE,CALTHORPE|STRENGTH & STRETCH|2026-02-24|0930|1030|CARD:429,NEW_ATTENDANCE,19704,Inserted inside the current SQL transaction.
PREVIEW_ROLLED_BACK,ATTENDANCE,CALTHORPE|STRENGTH & STRETCH|2026-02-24|0930|1030|CARD:470,NEW_ATTENDANCE,19705,Inserted inside the current SQL transaction.
PREVIEW_ROLLED_BACK,ATTENDANCE,CALTHORPE|STRENGTH & STRETCH|2026-02-24|0930|1030|CARD:515,NEW_ATTENDANCE,19706,Inserted inside the current SQL transaction.
PREVIEW_ROLLED_BACK,ATTENDANCE,CALTHORPE|STRENGTH & STRETCH|2026-02-24|0930|1030|CARD:625,NEW_ATTENDANCE,19707,Inserted inside the current SQL transaction.
PREVIEW_ROLLED_BACK,ATTENDANCE,CALTHORPE|STRENGTH & STRETCH|2026-02-24|0930|1030|CARD:681,NEW_ATTENDANCE,19708,Inserted inside the current SQL transaction.
PREVIEW_ROLLED_BACK,ATTENDANCE,CALTHORPE|STRENGTH & STRETCH|2026-02-24|0930|1030|CARD:717,NEW_ATTENDANCE,19709,Inserted inside the current SQL transaction.
PREVIEW_ROLLED_BACK,ATTENDANCE,CALTHORPE|STRENGTH & STRETCH|2026-02-24|0930|1030|CARD:780,NEW_ATTENDANCE,19710,Inserted inside the current SQL transaction.
PREVIEW_ROLLED_BACK,ATTENDANCE,CALTHORPE|ESOL|2026-02-25|1130|1330|CARD:455,NEW_ATTENDANCE,19711,Inserted inside the current SQL transaction.
PREVIEW_ROLLED_BACK,ATTENDANCE,CALTHORPE|ESOL|2026-02-25|1130|1330|CARD:458,NEW_ATTENDANCE,19712,Inserted inside the current SQL transaction.
PREVIEW_ROLLED_BACK,ATTENDANCE,CALTHORPE|ESOL|2026-02-25|1130|1330|CARD:462,NEW_ATTENDANCE,19713,Inserted inside the current SQL transaction.
PREVIEW_ROLLED_BACK,ATTENDANCE,CALTHORPE|ESOL|2026-02-25|1130|1330|CARD:647,NEW_ATTENDANCE,19714,Inserted inside the current SQL transaction.
PREVIEW_ROLLED_BACK,ATTENDANCE,CALTHORPE|ESOL|2026-02-25|1130|1330|CARD:672,NEW_ATTENDANCE,19715,Inserted inside the current SQL transaction.
PREVIEW_ROLLED_BACK,ATTENDANCE,CALTHORPE|ESOL|2026-02-25|1130|1330|CARD:709,NEW_ATTENDANCE,19716,Inserted inside the current SQL transaction.
PREVIEW_ROLLED_BACK,ATTENDANCE,CALTHORPE|ESOL|2026-02-25|1130|1330|CARD:715,NEW_ATTENDANCE,19717,Inserted inside the current SQL transaction.
PREVIEW_ROLLED_BACK,ATTENDANCE,CALTHORPE|ESOL|2026-02-25|1130|1330|CARD:728,NEW_ATTENDANCE,19718,Inserted inside the current SQL transaction.
PREVIEW_ROLLED_BACK,ATTENDANCE,CALTHORPE|ESOL|2026-02-25|1130|1330|CARD:779,NEW_ATTENDANCE,19719,Inserted inside the current SQL transaction.
PREVIEW_ROLLED_BACK,ATTENDANCE,CALTHORPE|ESOL|2026-02-25|1130|1330|NAME:sarah abdualwlhd,NEW_ATTENDANCE,19720,Inserted inside the current SQL transaction.
PREVIEW_ROLLED_BACK,ATTENDANCE,CALTHORPE|SALSA/BELLY DANCING|2026-02-25|1100|1200|CARD:411,NEW_ATTENDANCE,19721,Inserted inside the current SQL transaction.
PREVIEW_ROLLED_BACK,ATTENDANCE,CALTHORPE|SALSA/BELLY DANCING|2026-02-25|1100|1200|CARD:691,NEW_ATTENDANCE,19722,Inserted inside the current SQL transaction.
PREVIEW_ROLLED_BACK,ATTENDANCE,CALTHORPE|SALSA/BELLY DANCING|2026-02-25|1100|1200|CARD:700,NEW_ATTENDANCE,19723,Inserted inside the current SQL transaction.
PREVIEW_ROLLED_BACK,ATTENDANCE,CALTHORPE|SALSA/BELLY DANCING|2026-02-25|1100|1200|CARD:851,NEW_ATTENDANCE,19724,Inserted inside the current SQL transaction.
PREVIEW_ROLLED_BACK,ATTENDANCE,CALTHORPE|CHAIR BASED EXERCISE|2026-02-26|1130|1215|CARD:380,ALREADY_IN_CRM,599,Skipped because this participant already has attendance for the resolved session.
PREVIEW_ROLLED_BACK,ATTENDANCE,CALTHORPE|CHAIR BASED EXERCISE|2026-02-26|1130|1215|CARD:416,ALREADY_IN_CRM,596,Skipped because this participant already has attendance for the resolved session.
PREVIEW_ROLLED_BACK,ATTENDANCE,CALTHORPE|CHAIR BASED EXERCISE|2026-02-26|1130|1215|CARD:418,ALREADY_IN_CRM,600,Skipped because this participant already has attendance for the resolved session.
PREVIEW_ROLLED_BACK,ATTENDANCE,CALTHORPE|CHAIR BASED EXERCISE|2026-02-26|1130|1215|CARD:424,ALREADY_IN_CRM,594,Skipped because this participant already has attendance for the resolved session.
PREVIEW_ROLLED_BACK,ATTENDANCE,CALTHORPE|CHAIR BASED EXERCISE|2026-02-26|1130|1215|CARD:444,ALREADY_IN_CRM,597,Skipped because this participant already has attendance for the resolved session.
PREVIEW_ROLLED_BACK,ATTENDANCE,CALTHORPE|CHAIR BASED EXERCISE|2026-02-26|1130|1215|CARD:474,ALREADY_IN_CRM,598,Skipped because this participant already has attendance for the resolved session.
PREVIEW_ROLLED_BACK,ATTENDANCE,CALTHORPE|CHAIR BASED EXERCISE|2026-02-26|1130|1215|CARD:640,ALREADY_IN_CRM,595,Skipped because this participant already has attendance for the resolved session.
PREVIEW_ROLLED_BACK,ATTENDANCE,CALTHORPE|CHAIR BASED EXERCISE|2026-02-26|1130|1215|CARD:655,ALREADY_IN_CRM,593,Skipped because this participant already has attendance for the resolved session.
PREVIEW_ROLLED_BACK,ATTENDANCE,CALTHORPE|CHAIR BASED EXERCISE|2026-02-26|1130|1215|CARD:692,ALREADY_IN_CRM,592,Skipped because this participant already has attendance for the resolved session.
PREVIEW_ROLLED_BACK,ATTENDANCE,CALTHORPE|CHAIR BASED EXERCISE|2026-02-26|1130|1215|CARD:855,ALREADY_IN_CRM,601,Skipped because this participant already has attendance for the resolved session.
PREVIEW_ROLLED_BACK,ATTENDANCE,CALTHORPE|CHAIR BASED EXERCISE|2026-02-26|1130|1215|CARD:862,ALREADY_IN_CRM,602,Skipped because this participant already has attendance for the resolved session.
PREVIEW_ROLLED_BACK,ATTENDANCE,CALTHORPE|CHAIR BASED EXERCISE|2026-02-26|1130|1215|CARD:866,ALREADY_IN_CRM,603,Skipped because this participant already has attendance for the resolved session.
PREVIEW_ROLLED_BACK,ATTENDANCE,CALTHORPE|CIRCUIT TRAINING|2026-02-26|0930|1015|CARD:470,ALREADY_IN_CRM,604,Skipped because this participant already has attendance for the resolved session.
PREVIEW_ROLLED_BACK,ATTENDANCE,CALTHORPE|CIRCUIT TRAINING|2026-02-26|0930|1015|CARD:515,ALREADY_IN_CRM,605,Skipped because this participant already has attendance for the resolved session.
PREVIEW_ROLLED_BACK,ATTENDANCE,CALTHORPE|CROCHET|2026-02-26|1230|1415|CARD:261,NEW_ATTENDANCE,19725,Inserted inside the current SQL transaction.
PREVIEW_ROLLED_BACK,ATTENDANCE,CALTHORPE|CROCHET|2026-02-26|1230|1415|CARD:337,NEW_ATTENDANCE,19726,Inserted inside the current SQL transaction.
PREVIEW_ROLLED_BACK,ATTENDANCE,CALTHORPE|CROCHET|2026-02-26|1230|1415|CARD:418,NEW_ATTENDANCE,19727,Inserted inside the current SQL transaction.
PREVIEW_ROLLED_BACK,ATTENDANCE,CALTHORPE|CROCHET|2026-02-26|1230|1415|CARD:424,NEW_ATTENDANCE,19728,Inserted inside the current SQL transaction.
PREVIEW_ROLLED_BACK,ATTENDANCE,CALTHORPE|CROCHET|2026-02-26|1230|1415|CARD:586,NEW_ATTENDANCE,19729,Inserted inside the current SQL transaction.
PREVIEW_ROLLED_BACK,ATTENDANCE,CALTHORPE|CROCHET|2026-02-26|1230|1415|CARD:640,NEW_ATTENDANCE,19730,Inserted inside the current SQL transaction.
PREVIEW_ROLLED_BACK,ATTENDANCE,CALTHORPE|CROCHET|2026-02-26|1230|1415|CARD:655,NEW_ATTENDANCE,19731,Inserted inside the current SQL transaction.
PREVIEW_ROLLED_BACK,ATTENDANCE,CALTHORPE|CROCHET|2026-02-26|1230|1415|CARD:708,NEW_ATTENDANCE,19732,Inserted inside the current SQL transaction.
PREVIEW_ROLLED_BACK,ATTENDANCE,CALTHORPE|CROCHET|2026-02-26|1230|1415|CARD:763,NEW_ATTENDANCE,19733,Inserted inside the current SQL transaction.
PREVIEW_ROLLED_BACK,ATTENDANCE,CALTHORPE|CROCHET|2026-02-26|1230|1415|CARD:774,NEW_ATTENDANCE,19734,Inserted inside the current SQL transaction.
PREVIEW_ROLLED_BACK,ATTENDANCE,CALTHORPE|CROCHET|2026-02-26|1230|1415|CARD:799,NEW_ATTENDANCE,19735,Inserted inside the current SQL transaction.
PREVIEW_ROLLED_BACK,ATTENDANCE,CALTHORPE|ARTS|2026-02-27|1230|1400|CARD:416,NEW_ATTENDANCE,19736,Inserted inside the current SQL transaction.
PREVIEW_ROLLED_BACK,ATTENDANCE,CALTHORPE|ARTS|2026-02-27|1230|1400|CARD:550,NEW_ATTENDANCE,19737,Inserted inside the current SQL transaction.
PREVIEW_ROLLED_BACK,ATTENDANCE,CALTHORPE|ARTS|2026-02-27|1230|1400|CARD:586,NEW_ATTENDANCE,19738,Inserted inside the current SQL transaction.
PREVIEW_ROLLED_BACK,ATTENDANCE,CALTHORPE|ARTS|2026-02-27|1230|1400|CARD:700,NEW_ATTENDANCE,19739,Inserted inside the current SQL transaction.
PREVIEW_ROLLED_BACK,ATTENDANCE,CALTHORPE|ARTS|2026-02-27|1230|1400|CARD:771,NEW_ATTENDANCE,19740,Inserted inside the current SQL transaction.
PREVIEW_ROLLED_BACK,ATTENDANCE,CALTHORPE|BODY CONDITIONING|2026-02-27|1100|1145|CARD:126,ALREADY_IN_CRM,607,Skipped because this participant already has attendance for the resolved session.
PREVIEW_ROLLED_BACK,ATTENDANCE,CALTHORPE|BODY CONDITIONING|2026-02-27|1100|1145|CARD:346,ALREADY_IN_CRM,610,Skipped because this participant already has attendance for the resolved session.
PREVIEW_ROLLED_BACK,ATTENDANCE,CALTHORPE|BODY CONDITIONING|2026-02-27|1100|1145|CARD:380,ALREADY_IN_CRM,611,Skipped because this participant already has attendance for the resolved session.
PREVIEW_ROLLED_BACK,ATTENDANCE,CALTHORPE|BODY CONDITIONING|2026-02-27|1100|1145|CARD:441,ALREADY_IN_CRM,609,Skipped because this participant already has attendance for the resolved session.
PREVIEW_ROLLED_BACK,ATTENDANCE,CALTHORPE|BODY CONDITIONING|2026-02-27|1100|1145|CARD:470,ALREADY_IN_CRM,612,Skipped because this participant already has attendance for the resolved session.
PREVIEW_ROLLED_BACK,ATTENDANCE,CALTHORPE|BODY CONDITIONING|2026-02-27|1100|1145|CARD:568,ALREADY_IN_CRM,608,Skipped because this participant already has attendance for the resolved session.
PREVIEW_ROLLED_BACK,ATTENDANCE,CALTHORPE|BODY CONDITIONING|2026-02-27|1100|1145|CARD:625,ALREADY_IN_CRM,616,Skipped because this participant already has attendance for the resolved session.
PREVIEW_ROLLED_BACK,ATTENDANCE,CALTHORPE|BODY CONDITIONING|2026-02-27|1100|1145|CARD:656,ALREADY_IN_CRM,613,Skipped because this participant already has attendance for the resolved session.
PREVIEW_ROLLED_BACK,ATTENDANCE,CALTHORPE|BODY CONDITIONING|2026-02-27|1100|1145|CARD:681,ALREADY_IN_CRM,615,Skipped because this participant already has attendance for the resolved session.
PREVIEW_ROLLED_BACK,ATTENDANCE,CALTHORPE|BODY CONDITIONING|2026-02-27|1100|1145|CARD:700,ALREADY_IN_CRM,606,Skipped because this participant already has attendance for the resolved session.
PREVIEW_ROLLED_BACK,ATTENDANCE,CALTHORPE|BODY CONDITIONING|2026-02-27|1100|1145|CARD:771,ALREADY_IN_CRM,614,Skipped because this participant already has attendance for the resolved session.
PREVIEW_ROLLED_BACK,ATTENDANCE,CALTHORPE|PILATES|2026-02-27|1200|1245|CARD:129,NEW_ATTENDANCE,19741,Inserted inside the current SQL transaction.
PREVIEW_ROLLED_BACK,ATTENDANCE,CALTHORPE|PILATES|2026-02-27|1200|1245|CARD:157,NEW_ATTENDANCE,19742,Inserted inside the current SQL transaction.
PREVIEW_ROLLED_BACK,ATTENDANCE,CALTHORPE|PILATES|2026-02-27|1200|1245|CARD:337,NEW_ATTENDANCE,19743,Inserted inside the current SQL transaction.
PREVIEW_ROLLED_BACK,ATTENDANCE,CALTHORPE|PILATES|2026-02-27|1200|1245|CARD:385,NEW_ATTENDANCE,19744,Inserted inside the current SQL transaction.
PREVIEW_ROLLED_BACK,ATTENDANCE,CALTHORPE|PILATES|2026-02-27|1200|1245|CARD:515,NEW_ATTENDANCE,19745,Inserted inside the current SQL transaction.
PREVIEW_ROLLED_BACK,ATTENDANCE,CALTHORPE|PILATES|2026-02-27|1200|1245|CARD:550,NEW_ATTENDANCE,19746,Inserted inside the current SQL transaction.
PREVIEW_ROLLED_BACK,ATTENDANCE,CALTHORPE|PILATES|2026-02-27|1200|1245|CARD:606,NEW_ATTENDANCE,19747,Inserted inside the current SQL transaction.
PREVIEW_ROLLED_BACK,ATTENDANCE,CALTHORPE|PILATES|2026-02-27|1200|1245|CARD:635,NEW_ATTENDANCE,19748,Inserted inside the current SQL transaction.
PREVIEW_ROLLED_BACK,ATTENDANCE,CALTHORPE|PILATES|2026-02-27|1200|1245|NAME:lubna anwar,NEW_ATTENDANCE,19749,Inserted inside the current SQL transaction.
PREVIEW_ROLLED_BACK,ATTENDANCE,CALTHORPE|CHAIR BASED EXERCISE|2026-03-02|1130|1215|CARD:380,ALREADY_IN_CRM,629,Skipped because this participant already has attendance for the resolved session.
PREVIEW_ROLLED_BACK,ATTENDANCE,CALTHORPE|CHAIR BASED EXERCISE|2026-03-02|1130|1215|CARD:416,ALREADY_IN_CRM,628,Skipped because this participant already has attendance for the resolved session.
PREVIEW_ROLLED_BACK,ATTENDANCE,CALTHORPE|CHAIR BASED EXERCISE|2026-03-02|1130|1215|CARD:418,ALREADY_IN_CRM,630,Skipped because this participant already has attendance for the resolved session.
PREVIEW_ROLLED_BACK,ATTENDANCE,CALTHORPE|CHAIR BASED EXERCISE|2026-03-02|1130|1215|CARD:640,ALREADY_IN_CRM,627,Skipped because this participant already has attendance for the resolved session.
PREVIEW_ROLLED_BACK,ATTENDANCE,CALTHORPE|CHAIR BASED EXERCISE|2026-03-02|1130|1215|CARD:655,ALREADY_IN_CRM,625,Skipped because this participant already has attendance for the resolved session.
PREVIEW_ROLLED_BACK,ATTENDANCE,CALTHORPE|CHAIR BASED EXERCISE|2026-03-02|1130|1215|CARD:717,ALREADY_IN_CRM,626,Skipped because this participant already has attendance for the resolved session.
PREVIEW_ROLLED_BACK,ATTENDANCE,CALTHORPE|CROCHET|2026-03-02|1230|1430|CARD:418,NEW_ATTENDANCE,19750,Inserted inside the current SQL transaction.
PREVIEW_ROLLED_BACK,ATTENDANCE,CALTHORPE|CROCHET|2026-03-02|1230|1430|CARD:436,NEW_ATTENDANCE,19751,Inserted inside the current SQL transaction.
PREVIEW_ROLLED_BACK,ATTENDANCE,CALTHORPE|CROCHET|2026-03-02|1230|1430|CARD:468,NEW_ATTENDANCE,19752,Inserted inside the current SQL transaction.
PREVIEW_ROLLED_BACK,ATTENDANCE,CALTHORPE|CROCHET|2026-03-02|1230|1430|CARD:586,NEW_ATTENDANCE,19753,Inserted inside the current SQL transaction.
PREVIEW_ROLLED_BACK,ATTENDANCE,CALTHORPE|CROCHET|2026-03-02|1230|1430|CARD:613,NEW_ATTENDANCE,19754,Inserted inside the current SQL transaction.
PREVIEW_ROLLED_BACK,ATTENDANCE,CALTHORPE|CROCHET|2026-03-02|1230|1430|CARD:638,NEW_ATTENDANCE,19755,Inserted inside the current SQL transaction.
PREVIEW_ROLLED_BACK,ATTENDANCE,CALTHORPE|CROCHET|2026-03-02|1230|1430|CARD:708,NEW_ATTENDANCE,19756,Inserted inside the current SQL transaction.
PREVIEW_ROLLED_BACK,ATTENDANCE,CALTHORPE|CROCHET|2026-03-02|1230|1430|CARD:794,NEW_ATTENDANCE,19757,Inserted inside the current SQL transaction.
PREVIEW_ROLLED_BACK,ATTENDANCE,CALTHORPE|HIIT|2026-03-02|1030|1115|CARD:515,ALREADY_IN_CRM,634,Skipped because this participant already has attendance for the resolved session.
PREVIEW_ROLLED_BACK,ATTENDANCE,CALTHORPE|HIIT|2026-03-02|1030|1115|CARD:681,ALREADY_IN_CRM,636,Skipped because this participant already has attendance for the resolved session.
PREVIEW_ROLLED_BACK,ATTENDANCE,CALTHORPE|HIIT|2026-03-02|1030|1115|CARD:704,ALREADY_IN_CRM,633,Skipped because this participant already has attendance for the resolved session.
PREVIEW_ROLLED_BACK,ATTENDANCE,CALTHORPE|HIIT|2026-03-02|1030|1115|CARD:707,ALREADY_IN_CRM,631,Skipped because this participant already has attendance for the resolved session.
PREVIEW_ROLLED_BACK,ATTENDANCE,CALTHORPE|HIIT|2026-03-02|1030|1115|CARD:717,ALREADY_IN_CRM,632,Skipped because this participant already has attendance for the resolved session.
PREVIEW_ROLLED_BACK,ATTENDANCE,CALTHORPE|HIIT|2026-03-02|1030|1115|CARD:771,ALREADY_IN_CRM,635,Skipped because this participant already has attendance for the resolved session.
PREVIEW_ROLLED_BACK,ATTENDANCE,CALTHORPE|HIIT|2026-03-02|1030|1115|CARD:996,ALREADY_IN_CRM,637,Skipped because this participant already has attendance for the resolved session.
PREVIEW_ROLLED_BACK,ATTENDANCE,CALTHORPE|ZUMBA|2026-03-02|0930|1015|CARD:411,ALREADY_IN_CRM,644,Skipped because this participant already has attendance for the resolved session.
PREVIEW_ROLLED_BACK,ATTENDANCE,CALTHORPE|ZUMBA|2026-03-02|0930|1015|CARD:429,ALREADY_IN_CRM,640,Skipped because this participant already has attendance for the resolved session.
PREVIEW_ROLLED_BACK,ATTENDANCE,CALTHORPE|ZUMBA|2026-03-02|0930|1015|CARD:470,ALREADY_IN_CRM,641,Skipped because this participant already has attendance for the resolved session.
PREVIEW_ROLLED_BACK,ATTENDANCE,CALTHORPE|ZUMBA|2026-03-02|0930|1015|CARD:681,ALREADY_IN_CRM,643,Skipped because this participant already has attendance for the resolved session.
PREVIEW_ROLLED_BACK,ATTENDANCE,CALTHORPE|ZUMBA|2026-03-02|0930|1015|CARD:691,ALREADY_IN_CRM,638,Skipped because this participant already has attendance for the resolved session.
PREVIEW_ROLLED_BACK,ATTENDANCE,CALTHORPE|ZUMBA|2026-03-02|0930|1015|CARD:704,ALREADY_IN_CRM,639,Skipped because this participant already has attendance for the resolved session.
PREVIEW_ROLLED_BACK,ATTENDANCE,CALTHORPE|ZUMBA|2026-03-02|0930|1015|CARD:771,ALREADY_IN_CRM,642,Skipped because this participant already has attendance for the resolved session.
PREVIEW_ROLLED_BACK,ATTENDANCE,CALTHORPE|ZUMBA|2026-03-02|0930|1015|CARD:846,ALREADY_IN_CRM,646,Skipped because this participant already has attendance for the resolved session.
PREVIEW_ROLLED_BACK,ATTENDANCE,CALTHORPE|ZUMBA|2026-03-02|0930|1015|CARD:996,ALREADY_IN_CRM,645,Skipped because this participant already has attendance for the resolved session.
PREVIEW_ROLLED_BACK,ATTENDANCE,CALTHORPE|ESOL|2026-03-03|1130|1330|CARD:455,NEW_ATTENDANCE,19758,Inserted inside the current SQL transaction.
PREVIEW_ROLLED_BACK,ATTENDANCE,CALTHORPE|ESOL|2026-03-03|1130|1330|CARD:462,NEW_ATTENDANCE,19759,Inserted inside the current SQL transaction.
PREVIEW_ROLLED_BACK,ATTENDANCE,CALTHORPE|ESOL|2026-03-03|1130|1330|CARD:516,NEW_ATTENDANCE,19760,Inserted inside the current SQL transaction.
PREVIEW_ROLLED_BACK,ATTENDANCE,CALTHORPE|ESOL|2026-03-03|1130|1330|CARD:647,NEW_ATTENDANCE,19761,Inserted inside the current SQL transaction.
PREVIEW_ROLLED_BACK,ATTENDANCE,CALTHORPE|ESOL|2026-03-03|1130|1330|CARD:672,NEW_ATTENDANCE,19762,Inserted inside the current SQL transaction.
PREVIEW_ROLLED_BACK,ATTENDANCE,CALTHORPE|ESOL|2026-03-03|1130|1330|CARD:673,NEW_ATTENDANCE,19763,Inserted inside the current SQL transaction.
PREVIEW_ROLLED_BACK,ATTENDANCE,CALTHORPE|ESOL|2026-03-03|1130|1330|CARD:779,NEW_ATTENDANCE,19764,Inserted inside the current SQL transaction.
PREVIEW_ROLLED_BACK,ATTENDANCE,CALTHORPE|STRENGTH & STRETCH|2026-03-03|0930|1030|CARD:416,NEW_ATTENDANCE,19765,Inserted inside the current SQL transaction.
PREVIEW_ROLLED_BACK,ATTENDANCE,CALTHORPE|STRENGTH & STRETCH|2026-03-03|0930|1030|CARD:429,NEW_ATTENDANCE,19766,Inserted inside the current SQL transaction.
PREVIEW_ROLLED_BACK,ATTENDANCE,CALTHORPE|STRENGTH & STRETCH|2026-03-03|0930|1030|CARD:441,NEW_ATTENDANCE,19767,Inserted inside the current SQL transaction.
PREVIEW_ROLLED_BACK,ATTENDANCE,CALTHORPE|STRENGTH & STRETCH|2026-03-03|0930|1030|CARD:470,NEW_ATTENDANCE,19768,Inserted inside the current SQL transaction.
PREVIEW_ROLLED_BACK,ATTENDANCE,CALTHORPE|STRENGTH & STRETCH|2026-03-03|0930|1030|CARD:486,NEW_ATTENDANCE,19769,Inserted inside the current SQL transaction.
PREVIEW_ROLLED_BACK,ATTENDANCE,CALTHORPE|STRENGTH & STRETCH|2026-03-03|0930|1030|CARD:515,NEW_ATTENDANCE,19770,Inserted inside the current SQL transaction.
PREVIEW_ROLLED_BACK,ATTENDANCE,CALTHORPE|STRENGTH & STRETCH|2026-03-03|0930|1030|CARD:656,NEW_ATTENDANCE,19771,Inserted inside the current SQL transaction.
PREVIEW_ROLLED_BACK,ATTENDANCE,CALTHORPE|STRENGTH & STRETCH|2026-03-03|0930|1030|CARD:681,NEW_ATTENDANCE,19772,Inserted inside the current SQL transaction.
PREVIEW_ROLLED_BACK,ATTENDANCE,CALTHORPE|STRENGTH & STRETCH|2026-03-03|0930|1030|CARD:717,NEW_ATTENDANCE,19773,Inserted inside the current SQL transaction.
PREVIEW_ROLLED_BACK,ATTENDANCE,CALTHORPE|STRENGTH & STRETCH|2026-03-03|0930|1030|CARD:764,NEW_ATTENDANCE,19774,Inserted inside the current SQL transaction.
PREVIEW_ROLLED_BACK,ATTENDANCE,CALTHORPE|STRENGTH & STRETCH|2026-03-03|0930|1030|CARD:780,NEW_ATTENDANCE,19775,Inserted inside the current SQL transaction.
PREVIEW_ROLLED_BACK,ATTENDANCE,CALTHORPE|STRENGTH & STRETCH|2026-03-03|0930|1030|CARD:851,NEW_ATTENDANCE,19776,Inserted inside the current SQL transaction.
PREVIEW_ROLLED_BACK,ATTENDANCE,CALTHORPE|ESOL|2026-03-04|1130|1330|CARD:455,NEW_ATTENDANCE,19777,Inserted inside the current SQL transaction.
PREVIEW_ROLLED_BACK,ATTENDANCE,CALTHORPE|ESOL|2026-03-04|1130|1330|CARD:457,NEW_ATTENDANCE,19778,Inserted inside the current SQL transaction.
PREVIEW_ROLLED_BACK,ATTENDANCE,CALTHORPE|ESOL|2026-03-04|1130|1330|CARD:458,NEW_ATTENDANCE,19779,Inserted inside the current SQL transaction.
PREVIEW_ROLLED_BACK,ATTENDANCE,CALTHORPE|ESOL|2026-03-04|1130|1330|CARD:459,NEW_ATTENDANCE,19780,Inserted inside the current SQL transaction.
PREVIEW_ROLLED_BACK,ATTENDANCE,CALTHORPE|ESOL|2026-03-04|1130|1330|CARD:462,NEW_ATTENDANCE,19781,Inserted inside the current SQL transaction.
PREVIEW_ROLLED_BACK,ATTENDANCE,CALTHORPE|ESOL|2026-03-04|1130|1330|CARD:672,NEW_ATTENDANCE,19782,Inserted inside the current SQL transaction.
PREVIEW_ROLLED_BACK,ATTENDANCE,CALTHORPE|ESOL|2026-03-04|1130|1330|CARD:715,NEW_ATTENDANCE,19783,Inserted inside the current SQL transaction.
PREVIEW_ROLLED_BACK,ATTENDANCE,CALTHORPE|ESOL|2026-03-04|1130|1330|CARD:727,NEW_ATTENDANCE,19784,Inserted inside the current SQL transaction.
PREVIEW_ROLLED_BACK,ATTENDANCE,CALTHORPE|ESOL|2026-03-04|1130|1330|CARD:728,NEW_ATTENDANCE,19785,Inserted inside the current SQL transaction.
PREVIEW_ROLLED_BACK,ATTENDANCE,CALTHORPE|ESOL|2026-03-04|1130|1330|CARD:754,NEW_ATTENDANCE,19786,Inserted inside the current SQL transaction.
PREVIEW_ROLLED_BACK,ATTENDANCE,CALTHORPE|ESOL|2026-03-04|1130|1330|CARD:779,NEW_ATTENDANCE,19787,Inserted inside the current SQL transaction.
PREVIEW_ROLLED_BACK,ATTENDANCE,CALTHORPE|ESOL|2026-03-04|1130|1330|CARD:994,NEW_ATTENDANCE,19788,Inserted inside the current SQL transaction.
PREVIEW_ROLLED_BACK,ATTENDANCE,CALTHORPE|CHAIR BASED EXERCISE|2026-03-05|1130|1215|CARD:337,ALREADY_IN_CRM,656,Skipped because this participant already has attendance for the resolved session.
PREVIEW_ROLLED_BACK,ATTENDANCE,CALTHORPE|CHAIR BASED EXERCISE|2026-03-05|1130|1215|CARD:380,ALREADY_IN_CRM,650,Skipped because this participant already has attendance for the resolved session.
PREVIEW_ROLLED_BACK,ATTENDANCE,CALTHORPE|CHAIR BASED EXERCISE|2026-03-05|1130|1215|CARD:382,ALREADY_IN_CRM,655,Skipped because this participant already has attendance for the resolved session.
PREVIEW_ROLLED_BACK,ATTENDANCE,CALTHORPE|CHAIR BASED EXERCISE|2026-03-05|1130|1215|CARD:416,ALREADY_IN_CRM,651,Skipped because this participant already has attendance for the resolved session.
PREVIEW_ROLLED_BACK,ATTENDANCE,CALTHORPE|CHAIR BASED EXERCISE|2026-03-05|1130|1215|CARD:418,ALREADY_IN_CRM,653,Skipped because this participant already has attendance for the resolved session.
PREVIEW_ROLLED_BACK,ATTENDANCE,CALTHORPE|CHAIR BASED EXERCISE|2026-03-05|1130|1215|CARD:424,ALREADY_IN_CRM,648,Skipped because this participant already has attendance for the resolved session.
PREVIEW_ROLLED_BACK,ATTENDANCE,CALTHORPE|CHAIR BASED EXERCISE|2026-03-05|1130|1215|CARD:515,ALREADY_IN_CRM,654,Skipped because this participant already has attendance for the resolved session.
PREVIEW_ROLLED_BACK,ATTENDANCE,CALTHORPE|CHAIR BASED EXERCISE|2026-03-05|1130|1215|CARD:586,ALREADY_IN_CRM,652,Skipped because this participant already has attendance for the resolved session.
PREVIEW_ROLLED_BACK,ATTENDANCE,CALTHORPE|CHAIR BASED EXERCISE|2026-03-05|1130|1215|CARD:601,ALREADY_IN_CRM,657,Skipped because this participant already has attendance for the resolved session.
PREVIEW_ROLLED_BACK,ATTENDANCE,CALTHORPE|CHAIR BASED EXERCISE|2026-03-05|1130|1215|CARD:640,ALREADY_IN_CRM,649,Skipped because this participant already has attendance for the resolved session.
PREVIEW_ROLLED_BACK,ATTENDANCE,CALTHORPE|CHAIR BASED EXERCISE|2026-03-05|1130|1215|CARD:655,ALREADY_IN_CRM,647,Skipped because this participant already has attendance for the resolved session.
PREVIEW_ROLLED_BACK,ATTENDANCE,CALTHORPE|CHAIR BASED EXERCISE|2026-03-05|1130|1215|CARD:855,ALREADY_IN_CRM,658,Skipped because this participant already has attendance for the resolved session.
PREVIEW_ROLLED_BACK,ATTENDANCE,CALTHORPE|CHAIR BASED EXERCISE|2026-03-05|1130|1215|CARD:866,ALREADY_IN_CRM,659,Skipped because this participant already has attendance for the resolved session.
PREVIEW_ROLLED_BACK,ATTENDANCE,CALTHORPE|CIRCUIT TRAINING|2026-03-05|0930|1015|CARD:429,ALREADY_IN_CRM,660,Skipped because this participant already has attendance for the resolved session.
PREVIEW_ROLLED_BACK,ATTENDANCE,CALTHORPE|CIRCUIT TRAINING|2026-03-05|0930|1015|CARD:470,ALREADY_IN_CRM,661,Skipped because this participant already has attendance for the resolved session.
PREVIEW_ROLLED_BACK,ATTENDANCE,CALTHORPE|CROCHET|2026-03-05|1230|1415|CARD:416,NEW_ATTENDANCE,19789,Inserted inside the current SQL transaction.
PREVIEW_ROLLED_BACK,ATTENDANCE,CALTHORPE|CROCHET|2026-03-05|1230|1415|CARD:418,NEW_ATTENDANCE,19790,Inserted inside the current SQL transaction.
PREVIEW_ROLLED_BACK,ATTENDANCE,CALTHORPE|CROCHET|2026-03-05|1230|1415|CARD:424,NEW_ATTENDANCE,19791,Inserted inside the current SQL transaction.
PREVIEW_ROLLED_BACK,ATTENDANCE,CALTHORPE|CROCHET|2026-03-05|1230|1415|CARD:586,NEW_ATTENDANCE,19792,Inserted inside the current SQL transaction.
PREVIEW_ROLLED_BACK,ATTENDANCE,CALTHORPE|CROCHET|2026-03-05|1230|1415|CARD:640,NEW_ATTENDANCE,19793,Inserted inside the current SQL transaction.
PREVIEW_ROLLED_BACK,ATTENDANCE,CALTHORPE|CROCHET|2026-03-05|1230|1415|CARD:655,NEW_ATTENDANCE,19794,Inserted inside the current SQL transaction.
PREVIEW_ROLLED_BACK,ATTENDANCE,CALTHORPE|CROCHET|2026-03-05|1230|1415|CARD:708,NEW_ATTENDANCE,19795,Inserted inside the current SQL transaction.
PREVIEW_ROLLED_BACK,ATTENDANCE,CALTHORPE|CROCHET|2026-03-05|1230|1415|CARD:774,NEW_ATTENDANCE,19796,Inserted inside the current SQL transaction.
PREVIEW_ROLLED_BACK,ATTENDANCE,CALTHORPE|ARTS|2026-03-06|1230|1400|CARD:411,NEW_ATTENDANCE,19797,Inserted inside the current SQL transaction.
PREVIEW_ROLLED_BACK,ATTENDANCE,CALTHORPE|ARTS|2026-03-06|1230|1400|CARD:416,NEW_ATTENDANCE,19798,Inserted inside the current SQL transaction.
PREVIEW_ROLLED_BACK,ATTENDANCE,CALTHORPE|ARTS|2026-03-06|1230|1400|CARD:586,NEW_ATTENDANCE,19799,Inserted inside the current SQL transaction.
PREVIEW_ROLLED_BACK,ATTENDANCE,CALTHORPE|ARTS|2026-03-06|1230|1400|CARD:700,NEW_ATTENDANCE,19800,Inserted inside the current SQL transaction.
PREVIEW_ROLLED_BACK,ATTENDANCE,CALTHORPE|SALSA/BELLY DANCING|2026-03-06|1000|1100|CARD:411,ALREADY_IN_CRM,664,Skipped because this participant already has attendance for the resolved session.
PREVIEW_ROLLED_BACK,ATTENDANCE,CALTHORPE|SALSA/BELLY DANCING|2026-03-06|1000|1100|CARD:700,ALREADY_IN_CRM,663,Skipped because this participant already has attendance for the resolved session.
PREVIEW_ROLLED_BACK,ATTENDANCE,CALTHORPE|SALSA/BELLY DANCING|2026-03-06|1000|1100|CARD:708,ALREADY_IN_CRM,662,Skipped because this participant already has attendance for the resolved session.
PREVIEW_ROLLED_BACK,ATTENDANCE,CALTHORPE|SALSA/BELLY DANCING|2026-03-06|1000|1100|NAME:christie charley,NEW_ATTENDANCE,19801,Inserted inside the current SQL transaction.
PREVIEW_ROLLED_BACK,ATTENDANCE,CALTHORPE|CHAIR BASED EXERCISE|2026-03-09|1130|1215|CARD:380,ALREADY_IN_CRM,668,Skipped because this participant already has attendance for the resolved session.
PREVIEW_ROLLED_BACK,ATTENDANCE,CALTHORPE|CHAIR BASED EXERCISE|2026-03-09|1130|1215|CARD:444,ALREADY_IN_CRM,667,Skipped because this participant already has attendance for the resolved session.
PREVIEW_ROLLED_BACK,ATTENDANCE,CALTHORPE|CHAIR BASED EXERCISE|2026-03-09|1130|1215|CARD:704,ALREADY_IN_CRM,666,Skipped because this participant already has attendance for the resolved session.
PREVIEW_ROLLED_BACK,ATTENDANCE,CALTHORPE|CHAIR BASED EXERCISE|2026-03-09|1130|1215|CARD:806,ALREADY_IN_CRM,665,Skipped because this participant already has attendance for the resolved session.
PREVIEW_ROLLED_BACK,ATTENDANCE,CALTHORPE|CROCHET|2026-03-09|1230|1430|CARD:416,NEW_ATTENDANCE,19802,Inserted inside the current SQL transaction.
PREVIEW_ROLLED_BACK,ATTENDANCE,CALTHORPE|CROCHET|2026-03-09|1230|1430|CARD:436,NEW_ATTENDANCE,19803,Inserted inside the current SQL transaction.
PREVIEW_ROLLED_BACK,ATTENDANCE,CALTHORPE|CROCHET|2026-03-09|1230|1430|CARD:468,NEW_ATTENDANCE,19804,Inserted inside the current SQL transaction.
PREVIEW_ROLLED_BACK,ATTENDANCE,CALTHORPE|CROCHET|2026-03-09|1230|1430|CARD:513,NEW_ATTENDANCE,19805,Inserted inside the current SQL transaction.
PREVIEW_ROLLED_BACK,ATTENDANCE,CALTHORPE|CROCHET|2026-03-09|1230|1430|CARD:586,NEW_ATTENDANCE,19806,Inserted inside the current SQL transaction.
PREVIEW_ROLLED_BACK,ATTENDANCE,CALTHORPE|CROCHET|2026-03-09|1230|1430|CARD:613,NEW_ATTENDANCE,19807,Inserted inside the current SQL transaction.
PREVIEW_ROLLED_BACK,ATTENDANCE,CALTHORPE|CROCHET|2026-03-09|1230|1430|CARD:638,NEW_ATTENDANCE,19808,Inserted inside the current SQL transaction.
PREVIEW_ROLLED_BACK,ATTENDANCE,CALTHORPE|HIIT|2026-03-09|1030|1115|CARD:515,ALREADY_IN_CRM,671,Skipped because this participant already has attendance for the resolved session.
PREVIEW_ROLLED_BACK,ATTENDANCE,CALTHORPE|HIIT|2026-03-09|1030|1115|CARD:638,ALREADY_IN_CRM,669,Skipped because this participant already has attendance for the resolved session.
PREVIEW_ROLLED_BACK,ATTENDANCE,CALTHORPE|HIIT|2026-03-09|1030|1115|CARD:681,ALREADY_IN_CRM,673,Skipped because this participant already has attendance for the resolved session.
PREVIEW_ROLLED_BACK,ATTENDANCE,CALTHORPE|HIIT|2026-03-09|1030|1115|CARD:704,ALREADY_IN_CRM,670,Skipped because this participant already has attendance for the resolved session.
PREVIEW_ROLLED_BACK,ATTENDANCE,CALTHORPE|HIIT|2026-03-09|1030|1115|CARD:771,ALREADY_IN_CRM,672,Skipped because this participant already has attendance for the resolved session.
PREVIEW_ROLLED_BACK,ATTENDANCE,CALTHORPE|HIIT|2026-03-09|1030|1115|NAME:farhat,NEW_ATTENDANCE,19809,Inserted inside the current SQL transaction.
PREVIEW_ROLLED_BACK,ATTENDANCE,CALTHORPE|ZUMBA|2026-03-09|0930|1015|CARD:470,ALREADY_IN_CRM,676,Skipped because this participant already has attendance for the resolved session.
PREVIEW_ROLLED_BACK,ATTENDANCE,CALTHORPE|ZUMBA|2026-03-09|0930|1015|CARD:498,ALREADY_IN_CRM,679,Skipped because this participant already has attendance for the resolved session.
PREVIEW_ROLLED_BACK,ATTENDANCE,CALTHORPE|ZUMBA|2026-03-09|0930|1015|CARD:681,ALREADY_IN_CRM,678,Skipped because this participant already has attendance for the resolved session.
PREVIEW_ROLLED_BACK,ATTENDANCE,CALTHORPE|ZUMBA|2026-03-09|0930|1015|CARD:691,ALREADY_IN_CRM,674,Skipped because this participant already has attendance for the resolved session.
PREVIEW_ROLLED_BACK,ATTENDANCE,CALTHORPE|ZUMBA|2026-03-09|0930|1015|CARD:704,ALREADY_IN_CRM,675,Skipped because this participant already has attendance for the resolved session.
PREVIEW_ROLLED_BACK,ATTENDANCE,CALTHORPE|ZUMBA|2026-03-09|0930|1015|CARD:771,ALREADY_IN_CRM,677,Skipped because this participant already has attendance for the resolved session.
PREVIEW_ROLLED_BACK,ATTENDANCE,CALTHORPE|ZUMBA|2026-03-09|0930|1015|CARD:996,ALREADY_IN_CRM,680,Skipped because this participant already has attendance for the resolved session.
PREVIEW_ROLLED_BACK,ATTENDANCE,CALTHORPE|ESOL|2026-03-10|1130|1330|CARD:455,NEW_ATTENDANCE,19810,Inserted inside the current SQL transaction.
PREVIEW_ROLLED_BACK,ATTENDANCE,CALTHORPE|ESOL|2026-03-10|1130|1330|CARD:462,NEW_ATTENDANCE,19811,Inserted inside the current SQL transaction.
PREVIEW_ROLLED_BACK,ATTENDANCE,CALTHORPE|ESOL|2026-03-10|1130|1330|CARD:516,NEW_ATTENDANCE,19812,Inserted inside the current SQL transaction.
PREVIEW_ROLLED_BACK,ATTENDANCE,CALTHORPE|ESOL|2026-03-10|1130|1330|CARD:672,NEW_ATTENDANCE,19813,Inserted inside the current SQL transaction.
PREVIEW_ROLLED_BACK,ATTENDANCE,CALTHORPE|ESOL|2026-03-10|1130|1330|CARD:673,NEW_ATTENDANCE,19814,Inserted inside the current SQL transaction.
PREVIEW_ROLLED_BACK,ATTENDANCE,CALTHORPE|ESOL|2026-03-10|1130|1330|CARD:779,NEW_ATTENDANCE,19815,Inserted inside the current SQL transaction.
PREVIEW_ROLLED_BACK,ATTENDANCE,CALTHORPE|STRENGTH & STRETCH|2026-03-10|0930|1030|CARD:315,NEW_ATTENDANCE,19816,Inserted inside the current SQL transaction.
PREVIEW_ROLLED_BACK,ATTENDANCE,CALTHORPE|STRENGTH & STRETCH|2026-03-10|0930|1030|CARD:411,NEW_ATTENDANCE,19817,Inserted inside the current SQL transaction.
PREVIEW_ROLLED_BACK,ATTENDANCE,CALTHORPE|STRENGTH & STRETCH|2026-03-10|0930|1030|CARD:429,NEW_ATTENDANCE,19818,Inserted inside the current SQL transaction.
PREVIEW_ROLLED_BACK,ATTENDANCE,CALTHORPE|STRENGTH & STRETCH|2026-03-10|0930|1030|CARD:470,NEW_ATTENDANCE,19819,Inserted inside the current SQL transaction.
PREVIEW_ROLLED_BACK,ATTENDANCE,CALTHORPE|STRENGTH & STRETCH|2026-03-10|0930|1030|CARD:658,NEW_ATTENDANCE,19820,Inserted inside the current SQL transaction.
PREVIEW_ROLLED_BACK,ATTENDANCE,CALTHORPE|STRENGTH & STRETCH|2026-03-10|0930|1030|CARD:717,NEW_ATTENDANCE,19821,Inserted inside the current SQL transaction.
PREVIEW_ROLLED_BACK,ATTENDANCE,CALTHORPE|STRENGTH & STRETCH|2026-03-10|0930|1030|CARD:764,NEW_ATTENDANCE,19822,Inserted inside the current SQL transaction.
PREVIEW_ROLLED_BACK,ATTENDANCE,CALTHORPE|STRENGTH & STRETCH|2026-03-10|0930|1030|CARD:780,NEW_ATTENDANCE,19823,Inserted inside the current SQL transaction.
PREVIEW_ROLLED_BACK,ATTENDANCE,CALTHORPE|STRENGTH & STRETCH|2026-03-10|0930|1030|CARD:851,NEW_ATTENDANCE,19824,Inserted inside the current SQL transaction.
PREVIEW_ROLLED_BACK,ATTENDANCE,CALTHORPE|CHAIR BASED EXERCISE|2026-03-12|1130|1215|CARD:337,ALREADY_IN_CRM,691,Skipped because this participant already has attendance for the resolved session.
PREVIEW_ROLLED_BACK,ATTENDANCE,CALTHORPE|CHAIR BASED EXERCISE|2026-03-12|1130|1215|CARD:380,ALREADY_IN_CRM,689,Skipped because this participant already has attendance for the resolved session.
PREVIEW_ROLLED_BACK,ATTENDANCE,CALTHORPE|CHAIR BASED EXERCISE|2026-03-12|1130|1215|CARD:382,ALREADY_IN_CRM,690,Skipped because this participant already has attendance for the resolved session.
PREVIEW_ROLLED_BACK,ATTENDANCE,CALTHORPE|CHAIR BASED EXERCISE|2026-03-12|1130|1215|CARD:415,ALREADY_IN_CRM,681,Skipped because this participant already has attendance for the resolved session.
PREVIEW_ROLLED_BACK,ATTENDANCE,CALTHORPE|CHAIR BASED EXERCISE|2026-03-12|1130|1215|CARD:416,ALREADY_IN_CRM,686,Skipped because this participant already has attendance for the resolved session.
PREVIEW_ROLLED_BACK,ATTENDANCE,CALTHORPE|CHAIR BASED EXERCISE|2026-03-12|1130|1215|CARD:418,ALREADY_IN_CRM,692,Skipped because this participant already has attendance for the resolved session.
PREVIEW_ROLLED_BACK,ATTENDANCE,CALTHORPE|CHAIR BASED EXERCISE|2026-03-12|1130|1215|CARD:444,ALREADY_IN_CRM,687,Skipped because this participant already has attendance for the resolved session.
PREVIEW_ROLLED_BACK,ATTENDANCE,CALTHORPE|CHAIR BASED EXERCISE|2026-03-12|1130|1215|CARD:493,ALREADY_IN_CRM,684,Skipped because this participant already has attendance for the resolved session.
PREVIEW_ROLLED_BACK,ATTENDANCE,CALTHORPE|CHAIR BASED EXERCISE|2026-03-12|1130|1215|CARD:586,ALREADY_IN_CRM,688,Skipped because this participant already has attendance for the resolved session.
PREVIEW_ROLLED_BACK,ATTENDANCE,CALTHORPE|CHAIR BASED EXERCISE|2026-03-12|1130|1215|CARD:638,ALREADY_IN_CRM,683,Skipped because this participant already has attendance for the resolved session.
PREVIEW_ROLLED_BACK,ATTENDANCE,CALTHORPE|CHAIR BASED EXERCISE|2026-03-12|1130|1215|CARD:640,ALREADY_IN_CRM,685,Skipped because this participant already has attendance for the resolved session.
PREVIEW_ROLLED_BACK,ATTENDANCE,CALTHORPE|CHAIR BASED EXERCISE|2026-03-12|1130|1215|CARD:655,ALREADY_IN_CRM,682,Skipped because this participant already has attendance for the resolved session.
PREVIEW_ROLLED_BACK,ATTENDANCE,CALTHORPE|CHAIR BASED EXERCISE|2026-03-12|1130|1215|CARD:855,ALREADY_IN_CRM,693,Skipped because this participant already has attendance for the resolved session.
PREVIEW_ROLLED_BACK,ATTENDANCE,CALTHORPE|CIRCUIT TRAINING|2026-03-12|0930|1015|CARD:411,ALREADY_IN_CRM,698,Skipped because this participant already has attendance for the resolved session.
PREVIEW_ROLLED_BACK,ATTENDANCE,CALTHORPE|CIRCUIT TRAINING|2026-03-12|0930|1015|CARD:429,ALREADY_IN_CRM,695,Skipped because this participant already has attendance for the resolved session.
PREVIEW_ROLLED_BACK,ATTENDANCE,CALTHORPE|CIRCUIT TRAINING|2026-03-12|0930|1015|CARD:515,ALREADY_IN_CRM,696,Skipped because this participant already has attendance for the resolved session.
PREVIEW_ROLLED_BACK,ATTENDANCE,CALTHORPE|CIRCUIT TRAINING|2026-03-12|0930|1015|CARD:681,ALREADY_IN_CRM,697,Skipped because this participant already has attendance for the resolved session.
PREVIEW_ROLLED_BACK,ATTENDANCE,CALTHORPE|CIRCUIT TRAINING|2026-03-12|0930|1015|CARD:717,ALREADY_IN_CRM,694,Skipped because this participant already has attendance for the resolved session.
PREVIEW_ROLLED_BACK,ATTENDANCE,CALTHORPE|CROCHET|2026-03-12|1230|1415|CARD:337,NEW_ATTENDANCE,19825,Inserted inside the current SQL transaction.
PREVIEW_ROLLED_BACK,ATTENDANCE,CALTHORPE|CROCHET|2026-03-12|1230|1415|CARD:418,NEW_ATTENDANCE,19826,Inserted inside the current SQL transaction.
PREVIEW_ROLLED_BACK,ATTENDANCE,CALTHORPE|CROCHET|2026-03-12|1230|1415|CARD:586,NEW_ATTENDANCE,19827,Inserted inside the current SQL transaction.
PREVIEW_ROLLED_BACK,ATTENDANCE,CALTHORPE|CROCHET|2026-03-12|1230|1415|CARD:640,NEW_ATTENDANCE,19828,Inserted inside the current SQL transaction.
PREVIEW_ROLLED_BACK,ATTENDANCE,CALTHORPE|CROCHET|2026-03-12|1230|1415|CARD:655,NEW_ATTENDANCE,19829,Inserted inside the current SQL transaction.
PREVIEW_ROLLED_BACK,ATTENDANCE,CALTHORPE|CROCHET|2026-03-12|1230|1415|CARD:763,NEW_ATTENDANCE,19830,Inserted inside the current SQL transaction.
PREVIEW_ROLLED_BACK,ATTENDANCE,CALTHORPE|ARTS|2026-03-13|1230|1400|CARD:416,NEW_ATTENDANCE,19831,Inserted inside the current SQL transaction.
PREVIEW_ROLLED_BACK,ATTENDANCE,CALTHORPE|ARTS|2026-03-13|1230|1400|CARD:586,NEW_ATTENDANCE,19832,Inserted inside the current SQL transaction.
PREVIEW_ROLLED_BACK,ATTENDANCE,CALTHORPE|ARTS|2026-03-13|1230|1400|CARD:700,NEW_ATTENDANCE,19833,Inserted inside the current SQL transaction.
PREVIEW_ROLLED_BACK,ATTENDANCE,CALTHORPE|BODY CONDITIONING|2026-03-13|1100|1145|CARD:126,ALREADY_IN_CRM,702,Skipped because this participant already has attendance for the resolved session.
PREVIEW_ROLLED_BACK,ATTENDANCE,CALTHORPE|BODY CONDITIONING|2026-03-13|1100|1145|CARD:346,ALREADY_IN_CRM,706,Skipped because this participant already has attendance for the resolved session.
PREVIEW_ROLLED_BACK,ATTENDANCE,CALTHORPE|BODY CONDITIONING|2026-03-13|1100|1145|CARD:411,ALREADY_IN_CRM,711,Skipped because this participant already has attendance for the resolved session.
PREVIEW_ROLLED_BACK,ATTENDANCE,CALTHORPE|BODY CONDITIONING|2026-03-13|1100|1145|CARD:418,ALREADY_IN_CRM,709,Skipped because this participant already has attendance for the resolved session.
PREVIEW_ROLLED_BACK,ATTENDANCE,CALTHORPE|BODY CONDITIONING|2026-03-13|1100|1145|CARD:429,ALREADY_IN_CRM,705,Skipped because this participant already has attendance for the resolved session.
PREVIEW_ROLLED_BACK,ATTENDANCE,CALTHORPE|BODY CONDITIONING|2026-03-13|1100|1145|CARD:441,ALREADY_IN_CRM,704,Skipped because this participant already has attendance for the resolved session.
PREVIEW_ROLLED_BACK,ATTENDANCE,CALTHORPE|BODY CONDITIONING|2026-03-13|1100|1145|CARD:470,ALREADY_IN_CRM,707,Skipped because this participant already has attendance for the resolved session.
PREVIEW_ROLLED_BACK,ATTENDANCE,CALTHORPE|BODY CONDITIONING|2026-03-13|1100|1145|CARD:515,ALREADY_IN_CRM,708,Skipped because this participant already has attendance for the resolved session.
PREVIEW_ROLLED_BACK,ATTENDANCE,CALTHORPE|BODY CONDITIONING|2026-03-13|1100|1145|CARD:568,ALREADY_IN_CRM,703,Skipped because this participant already has attendance for the resolved session.
PREVIEW_ROLLED_BACK,ATTENDANCE,CALTHORPE|BODY CONDITIONING|2026-03-13|1100|1145|CARD:625,ALREADY_IN_CRM,710,Skipped because this participant already has attendance for the resolved session.
PREVIEW_ROLLED_BACK,ATTENDANCE,CALTHORPE|BODY CONDITIONING|2026-03-13|1100|1145|CARD:700,ALREADY_IN_CRM,699,Skipped because this participant already has attendance for the resolved session.
PREVIEW_ROLLED_BACK,ATTENDANCE,CALTHORPE|BODY CONDITIONING|2026-03-13|1100|1145|CARD:717,ALREADY_IN_CRM,700,Skipped because this participant already has attendance for the resolved session.
PREVIEW_ROLLED_BACK,ATTENDANCE,CALTHORPE|BODY CONDITIONING|2026-03-13|1100|1145|CARD:742,ALREADY_IN_CRM,701,Skipped because this participant already has attendance for the resolved session.
PREVIEW_ROLLED_BACK,ATTENDANCE,CALTHORPE|BODY CONDITIONING|2026-03-13|1100|1145|NAME:jamila,NEW_ATTENDANCE,19834,Inserted inside the current SQL transaction.
PREVIEW_ROLLED_BACK,ATTENDANCE,CALTHORPE|PILATES|2026-03-13|1200|1245|CARD:337,NEW_ATTENDANCE,19835,Inserted inside the current SQL transaction.
PREVIEW_ROLLED_BACK,ATTENDANCE,CALTHORPE|PILATES|2026-03-13|1200|1245|CARD:515,NEW_ATTENDANCE,19836,Inserted inside the current SQL transaction.
PREVIEW_ROLLED_BACK,ATTENDANCE,CALTHORPE|PILATES|2026-03-13|1200|1245|CARD:606,NEW_ATTENDANCE,19837,Inserted inside the current SQL transaction.
PREVIEW_ROLLED_BACK,ATTENDANCE,CALTHORPE|PILATES|2026-03-13|1200|1245|CARD:625,NEW_ATTENDANCE,19838,Inserted inside the current SQL transaction.
PREVIEW_ROLLED_BACK,ATTENDANCE,CALTHORPE|PILATES|2026-03-13|1200|1245|CARD:635,NEW_ATTENDANCE,19839,Inserted inside the current SQL transaction.
PREVIEW_ROLLED_BACK,ATTENDANCE,CALTHORPE|PILATES|2026-03-13|1200|1245|CARD:681,NEW_ATTENDANCE,19840,Inserted inside the current SQL transaction.
PREVIEW_ROLLED_BACK,ATTENDANCE,CALTHORPE|PILATES|2026-03-13|1200|1245|CARD:707,NEW_ATTENDANCE,19841,Inserted inside the current SQL transaction.
PREVIEW_ROLLED_BACK,ATTENDANCE,CALTHORPE|PILATES|2026-03-13|1200|1245|CARD:849,NEW_ATTENDANCE,19842,Inserted inside the current SQL transaction.
PREVIEW_ROLLED_BACK,ATTENDANCE,CALTHORPE|PILATES|2026-03-13|1200|1245|CARD:856,NEW_ATTENDANCE,19843,Inserted inside the current SQL transaction.
PREVIEW_ROLLED_BACK,ATTENDANCE,CALTHORPE|PILATES|2026-03-13|1200|1245|NAME:lubna,NEW_ATTENDANCE,19844,Inserted inside the current SQL transaction.
PREVIEW_ROLLED_BACK,ATTENDANCE,CALTHORPE|CHAIR BASED EXERCISE|2026-03-16|1130|1215|CARD:380,NEW_ATTENDANCE,19845,Inserted inside the current SQL transaction.
PREVIEW_ROLLED_BACK,ATTENDANCE,CALTHORPE|CHAIR BASED EXERCISE|2026-03-16|1130|1215|CARD:411,NEW_ATTENDANCE,19846,Inserted inside the current SQL transaction.
PREVIEW_ROLLED_BACK,ATTENDANCE,CALTHORPE|CHAIR BASED EXERCISE|2026-03-16|1130|1215|CARD:416,NEW_ATTENDANCE,19847,Inserted inside the current SQL transaction.
PREVIEW_ROLLED_BACK,ATTENDANCE,CALTHORPE|CHAIR BASED EXERCISE|2026-03-16|1130|1215|CARD:444,NEW_ATTENDANCE,19848,Inserted inside the current SQL transaction.
PREVIEW_ROLLED_BACK,ATTENDANCE,CALTHORPE|CHAIR BASED EXERCISE|2026-03-16|1130|1215|CARD:485,NEW_ATTENDANCE,19849,Inserted inside the current SQL transaction.
PREVIEW_ROLLED_BACK,ATTENDANCE,CALTHORPE|CHAIR BASED EXERCISE|2026-03-16|1130|1215|CARD:586,NEW_ATTENDANCE,19850,Inserted inside the current SQL transaction.
PREVIEW_ROLLED_BACK,ATTENDANCE,CALTHORPE|CHAIR BASED EXERCISE|2026-03-16|1130|1215|CARD:704,ALREADY_IN_CRM,721,Skipped because this participant already has attendance for the resolved session.
PREVIEW_ROLLED_BACK,ATTENDANCE,CALTHORPE|CHAIR BASED EXERCISE|2026-03-16|1130|1215|CARD:708,NEW_ATTENDANCE,19851,Inserted inside the current SQL transaction.
PREVIEW_ROLLED_BACK,ATTENDANCE,CALTHORPE|CHAIR BASED EXERCISE|2026-03-16|1130|1215|CARD:806,NEW_ATTENDANCE,19852,Inserted inside the current SQL transaction.
PREVIEW_ROLLED_BACK,ATTENDANCE,CALTHORPE|CHAIR BASED EXERCISE|2026-03-16|1130|1215|CARD:852,NEW_ATTENDANCE,19853,Inserted inside the current SQL transaction.
PREVIEW_ROLLED_BACK,ATTENDANCE,CALTHORPE|CHAIR BASED EXERCISE|2026-03-16|1130|1215|CARD:853,NEW_ATTENDANCE,19854,Inserted inside the current SQL transaction.
PREVIEW_ROLLED_BACK,ATTENDANCE,CALTHORPE|CHAIR BASED EXERCISE|2026-03-16|1130|1215|CARD:855,NEW_ATTENDANCE,19855,Inserted inside the current SQL transaction.
PREVIEW_ROLLED_BACK,ATTENDANCE,CALTHORPE|CROCHET|2026-03-16|1230|1430|CARD:416,NEW_ATTENDANCE,19856,Inserted inside the current SQL transaction.
PREVIEW_ROLLED_BACK,ATTENDANCE,CALTHORPE|CROCHET|2026-03-16|1230|1430|CARD:436,NEW_ATTENDANCE,19857,Inserted inside the current SQL transaction.
PREVIEW_ROLLED_BACK,ATTENDANCE,CALTHORPE|CROCHET|2026-03-16|1230|1430|CARD:468,NEW_ATTENDANCE,19858,Inserted inside the current SQL transaction.
PREVIEW_ROLLED_BACK,ATTENDANCE,CALTHORPE|CROCHET|2026-03-16|1230|1430|CARD:493,NEW_ATTENDANCE,19859,Inserted inside the current SQL transaction.
PREVIEW_ROLLED_BACK,ATTENDANCE,CALTHORPE|CROCHET|2026-03-16|1230|1430|CARD:513,NEW_ATTENDANCE,19860,Inserted inside the current SQL transaction.
PREVIEW_ROLLED_BACK,ATTENDANCE,CALTHORPE|CROCHET|2026-03-16|1230|1430|CARD:586,NEW_ATTENDANCE,19861,Inserted inside the current SQL transaction.
PREVIEW_ROLLED_BACK,ATTENDANCE,CALTHORPE|CROCHET|2026-03-16|1230|1430|CARD:613,NEW_ATTENDANCE,19862,Inserted inside the current SQL transaction.
PREVIEW_ROLLED_BACK,ATTENDANCE,CALTHORPE|CROCHET|2026-03-16|1230|1430|CARD:638,NEW_ATTENDANCE,19863,Inserted inside the current SQL transaction.
PREVIEW_ROLLED_BACK,ATTENDANCE,CALTHORPE|CROCHET|2026-03-16|1230|1430|CARD:657,NEW_ATTENDANCE,19864,Inserted inside the current SQL transaction.
PREVIEW_ROLLED_BACK,ATTENDANCE,CALTHORPE|CROCHET|2026-03-16|1230|1430|CARD:708,NEW_ATTENDANCE,19865,Inserted inside the current SQL transaction.
PREVIEW_ROLLED_BACK,ATTENDANCE,CALTHORPE|HIIT|2026-03-16|1030|1115|CARD:441,ALREADY_IN_CRM,726,Skipped because this participant already has attendance for the resolved session.
PREVIEW_ROLLED_BACK,ATTENDANCE,CALTHORPE|HIIT|2026-03-16|1030|1115|CARD:515,ALREADY_IN_CRM,727,Skipped because this participant already has attendance for the resolved session.
PREVIEW_ROLLED_BACK,ATTENDANCE,CALTHORPE|HIIT|2026-03-16|1030|1115|CARD:681,ALREADY_IN_CRM,729,Skipped because this participant already has attendance for the resolved session.
PREVIEW_ROLLED_BACK,ATTENDANCE,CALTHORPE|HIIT|2026-03-16|1030|1115|CARD:691,ALREADY_IN_CRM,722,Skipped because this participant already has attendance for the resolved session.
PREVIEW_ROLLED_BACK,ATTENDANCE,CALTHORPE|HIIT|2026-03-16|1030|1115|CARD:704,ALREADY_IN_CRM,725,Skipped because this participant already has attendance for the resolved session.
PREVIEW_ROLLED_BACK,ATTENDANCE,CALTHORPE|HIIT|2026-03-16|1030|1115|CARD:707,ALREADY_IN_CRM,723,Skipped because this participant already has attendance for the resolved session.
PREVIEW_ROLLED_BACK,ATTENDANCE,CALTHORPE|HIIT|2026-03-16|1030|1115|CARD:717,ALREADY_IN_CRM,724,Skipped because this participant already has attendance for the resolved session.
PREVIEW_ROLLED_BACK,ATTENDANCE,CALTHORPE|HIIT|2026-03-16|1030|1115|CARD:771,ALREADY_IN_CRM,728,Skipped because this participant already has attendance for the resolved session.
PREVIEW_ROLLED_BACK,ATTENDANCE,CALTHORPE|HIIT|2026-03-16|1030|1115|NAME:farhat,NEW_ATTENDANCE,19866,Inserted inside the current SQL transaction.
PREVIEW_ROLLED_BACK,ATTENDANCE,CALTHORPE|ZUMBA|2026-03-16|0930|1015|CARD:411,ALREADY_IN_CRM,737,Skipped because this participant already has attendance for the resolved session.
PREVIEW_ROLLED_BACK,ATTENDANCE,CALTHORPE|ZUMBA|2026-03-16|0930|1015|CARD:418,ALREADY_IN_CRM,735,Skipped because this participant already has attendance for the resolved session.
PREVIEW_ROLLED_BACK,ATTENDANCE,CALTHORPE|ZUMBA|2026-03-16|0930|1015|CARD:429,ALREADY_IN_CRM,733,Skipped because this participant already has attendance for the resolved session.
PREVIEW_ROLLED_BACK,ATTENDANCE,CALTHORPE|ZUMBA|2026-03-16|0930|1015|CARD:441,ALREADY_IN_CRM,732,Skipped because this participant already has attendance for the resolved session.
PREVIEW_ROLLED_BACK,ATTENDANCE,CALTHORPE|ZUMBA|2026-03-16|0930|1015|CARD:681,ALREADY_IN_CRM,736,Skipped because this participant already has attendance for the resolved session.
PREVIEW_ROLLED_BACK,ATTENDANCE,CALTHORPE|ZUMBA|2026-03-16|0930|1015|CARD:691,ALREADY_IN_CRM,730,Skipped because this participant already has attendance for the resolved session.
PREVIEW_ROLLED_BACK,ATTENDANCE,CALTHORPE|ZUMBA|2026-03-16|0930|1015|CARD:704,ALREADY_IN_CRM,731,Skipped because this participant already has attendance for the resolved session.
PREVIEW_ROLLED_BACK,ATTENDANCE,CALTHORPE|ZUMBA|2026-03-16|0930|1015|CARD:771,ALREADY_IN_CRM,734,Skipped because this participant already has attendance for the resolved session.
PREVIEW_ROLLED_BACK,ATTENDANCE,CALTHORPE|ZUMBA|2026-03-16|0930|1015|CARD:846,ALREADY_IN_CRM,739,Skipped because this participant already has attendance for the resolved session.
PREVIEW_ROLLED_BACK,ATTENDANCE,CALTHORPE|ZUMBA|2026-03-16|0930|1015|CARD:996,ALREADY_IN_CRM,738,Skipped because this participant already has attendance for the resolved session.
PREVIEW_ROLLED_BACK,ATTENDANCE,CALTHORPE|ESOL|2026-03-17|1130|1330|CARD:455,NEW_ATTENDANCE,19867,Inserted inside the current SQL transaction.
PREVIEW_ROLLED_BACK,ATTENDANCE,CALTHORPE|ESOL|2026-03-17|1130|1330|CARD:462,NEW_ATTENDANCE,19868,Inserted inside the current SQL transaction.
PREVIEW_ROLLED_BACK,ATTENDANCE,CALTHORPE|ESOL|2026-03-17|1130|1330|CARD:672,NEW_ATTENDANCE,19869,Inserted inside the current SQL transaction.
PREVIEW_ROLLED_BACK,ATTENDANCE,CALTHORPE|ESOL|2026-03-17|1130|1330|CARD:715,NEW_ATTENDANCE,19870,Inserted inside the current SQL transaction.
PREVIEW_ROLLED_BACK,ATTENDANCE,CALTHORPE|ESOL|2026-03-17|1130|1330|CARD:728,NEW_ATTENDANCE,19871,Inserted inside the current SQL transaction.
PREVIEW_ROLLED_BACK,ATTENDANCE,CALTHORPE|ESOL|2026-03-17|1130|1330|CARD:779,NEW_ATTENDANCE,19872,Inserted inside the current SQL transaction.
PREVIEW_ROLLED_BACK,ATTENDANCE,CALTHORPE|STRENGTH & STRETCH|2026-03-17|0930|1030|CARD:1418,NEW_ATTENDANCE,19873,Inserted inside the current SQL transaction.
PREVIEW_ROLLED_BACK,ATTENDANCE,CALTHORPE|STRENGTH & STRETCH|2026-03-17|0930|1030|CARD:411,NEW_ATTENDANCE,19874,Inserted inside the current SQL transaction.
PREVIEW_ROLLED_BACK,ATTENDANCE,CALTHORPE|STRENGTH & STRETCH|2026-03-17|0930|1030|CARD:418,ALREADY_IN_CRM,748,Skipped because this participant already has attendance for the resolved session.
PREVIEW_ROLLED_BACK,ATTENDANCE,CALTHORPE|STRENGTH & STRETCH|2026-03-17|0930|1030|CARD:429,NEW_ATTENDANCE,19875,Inserted inside the current SQL transaction.
PREVIEW_ROLLED_BACK,ATTENDANCE,CALTHORPE|STRENGTH & STRETCH|2026-03-17|0930|1030|CARD:470,ALREADY_IN_CRM,752,Skipped because this participant already has attendance for the resolved session.
PREVIEW_ROLLED_BACK,ATTENDANCE,CALTHORPE|STRENGTH & STRETCH|2026-03-17|0930|1030|CARD:515,ALREADY_IN_CRM,751,Skipped because this participant already has attendance for the resolved session.
PREVIEW_ROLLED_BACK,ATTENDANCE,CALTHORPE|STRENGTH & STRETCH|2026-03-17|0930|1030|CARD:764,ALREADY_IN_CRM,749,Skipped because this participant already has attendance for the resolved session.
PREVIEW_ROLLED_BACK,ATTENDANCE,CALTHORPE|STRENGTH & STRETCH|2026-03-17|0930|1030|CARD:851,ALREADY_IN_CRM,750,Skipped because this participant already has attendance for the resolved session.
PREVIEW_ROLLED_BACK,ATTENDANCE,CALTHORPE|STRENGTH & STRETCH|2026-03-17|0930|1030|CARD:868,NEW_ATTENDANCE,19876,Inserted inside the current SQL transaction.
PREVIEW_ROLLED_BACK,ATTENDANCE,CALTHORPE|SALSA/BELLY DANCING|2026-03-18|1100|1200|CARD:658,NEW_ATTENDANCE,19877,Inserted inside the current SQL transaction.
PREVIEW_ROLLED_BACK,ATTENDANCE,CALTHORPE|SALSA/BELLY DANCING|2026-03-18|1100|1200|CARD:681,ALREADY_IN_CRM,742,Skipped because this participant already has attendance for the resolved session.
PREVIEW_ROLLED_BACK,ATTENDANCE,CALTHORPE|SALSA/BELLY DANCING|2026-03-18|1100|1200|CARD:691,ALREADY_IN_CRM,740,Skipped because this participant already has attendance for the resolved session.
PREVIEW_ROLLED_BACK,ATTENDANCE,CALTHORPE|SALSA/BELLY DANCING|2026-03-18|1100|1200|CARD:995,ALREADY_IN_CRM,741,Skipped because this participant already has attendance for the resolved session.
PREVIEW_ROLLED_BACK,ATTENDANCE,CALTHORPE|SALSA/BELLY DANCING|2026-03-18|1100|1200|NAME:adele grant,NEW_ATTENDANCE,19878,Inserted inside the current SQL transaction.
PREVIEW_ROLLED_BACK,ATTENDANCE,CALTHORPE|CHAIR BASED EXERCISE|2026-03-19|1130|1215|CARD:380,NEW_ATTENDANCE,19879,Inserted inside the current SQL transaction.
PREVIEW_ROLLED_BACK,ATTENDANCE,CALTHORPE|CHAIR BASED EXERCISE|2026-03-19|1130|1215|CARD:382,NEW_ATTENDANCE,19880,Inserted inside the current SQL transaction.
PREVIEW_ROLLED_BACK,ATTENDANCE,CALTHORPE|CHAIR BASED EXERCISE|2026-03-19|1130|1215|CARD:416,NEW_ATTENDANCE,19881,Inserted inside the current SQL transaction.
PREVIEW_ROLLED_BACK,ATTENDANCE,CALTHORPE|CHAIR BASED EXERCISE|2026-03-19|1130|1215|CARD:418,NEW_ATTENDANCE,19882,Inserted inside the current SQL transaction.
PREVIEW_ROLLED_BACK,ATTENDANCE,CALTHORPE|CHAIR BASED EXERCISE|2026-03-19|1130|1215|CARD:424,NEW_ATTENDANCE,19883,Inserted inside the current SQL transaction.
PREVIEW_ROLLED_BACK,ATTENDANCE,CALTHORPE|CHAIR BASED EXERCISE|2026-03-19|1130|1215|CARD:434,NEW_ATTENDANCE,19884,Inserted inside the current SQL transaction.
PREVIEW_ROLLED_BACK,ATTENDANCE,CALTHORPE|CHAIR BASED EXERCISE|2026-03-19|1130|1215|CARD:586,NEW_ATTENDANCE,19885,Inserted inside the current SQL transaction.
PREVIEW_ROLLED_BACK,ATTENDANCE,CALTHORPE|CHAIR BASED EXERCISE|2026-03-19|1130|1215|CARD:640,NEW_ATTENDANCE,19886,Inserted inside the current SQL transaction.
PREVIEW_ROLLED_BACK,ATTENDANCE,CALTHORPE|CHAIR BASED EXERCISE|2026-03-19|1130|1215|CARD:655,NEW_ATTENDANCE,19887,Inserted inside the current SQL transaction.
PREVIEW_ROLLED_BACK,ATTENDANCE,CALTHORPE|CHAIR BASED EXERCISE|2026-03-19|1130|1215|CARD:855,NEW_ATTENDANCE,19888,Inserted inside the current SQL transaction.
PREVIEW_ROLLED_BACK,ATTENDANCE,CALTHORPE|CHAIR BASED EXERCISE|2026-03-19|1130|1215|CARD:866,NEW_ATTENDANCE,19889,Inserted inside the current SQL transaction.
PREVIEW_ROLLED_BACK,ATTENDANCE,CALTHORPE|CIRCUIT TRAINING|2026-03-19|0930|1015|CARD:429,ALREADY_IN_CRM,744,Skipped because this participant already has attendance for the resolved session.
PREVIEW_ROLLED_BACK,ATTENDANCE,CALTHORPE|CIRCUIT TRAINING|2026-03-19|0930|1015|CARD:470,NEW_ATTENDANCE,19890,Inserted inside the current SQL transaction.
PREVIEW_ROLLED_BACK,ATTENDANCE,CALTHORPE|CIRCUIT TRAINING|2026-03-19|0930|1015|CARD:486,ALREADY_IN_CRM,746,Skipped because this participant already has attendance for the resolved session.
PREVIEW_ROLLED_BACK,ATTENDANCE,CALTHORPE|CIRCUIT TRAINING|2026-03-19|0930|1015|CARD:515,NEW_ATTENDANCE,19891,Inserted inside the current SQL transaction.
PREVIEW_ROLLED_BACK,ATTENDANCE,CALTHORPE|CIRCUIT TRAINING|2026-03-19|0930|1015|CARD:681,NEW_ATTENDANCE,19892,Inserted inside the current SQL transaction.
PREVIEW_ROLLED_BACK,ATTENDANCE,CALTHORPE|CIRCUIT TRAINING|2026-03-19|0930|1015|CARD:717,ALREADY_IN_CRM,745,Skipped because this participant already has attendance for the resolved session.
PREVIEW_ROLLED_BACK,ATTENDANCE,CALTHORPE|CROCHET|2026-03-19|1230|1415|CARD:416,NEW_ATTENDANCE,19893,Inserted inside the current SQL transaction.
PREVIEW_ROLLED_BACK,ATTENDANCE,CALTHORPE|CROCHET|2026-03-19|1230|1415|CARD:418,NEW_ATTENDANCE,19894,Inserted inside the current SQL transaction.
PREVIEW_ROLLED_BACK,ATTENDANCE,CALTHORPE|CROCHET|2026-03-19|1230|1415|CARD:424,NEW_ATTENDANCE,19895,Inserted inside the current SQL transaction.
PREVIEW_ROLLED_BACK,ATTENDANCE,CALTHORPE|CROCHET|2026-03-19|1230|1415|CARD:586,NEW_ATTENDANCE,19896,Inserted inside the current SQL transaction.
PREVIEW_ROLLED_BACK,ATTENDANCE,CALTHORPE|CROCHET|2026-03-19|1230|1415|CARD:640,NEW_ATTENDANCE,19897,Inserted inside the current SQL transaction.
PREVIEW_ROLLED_BACK,ATTENDANCE,CALTHORPE|CROCHET|2026-03-19|1230|1415|CARD:655,NEW_ATTENDANCE,19898,Inserted inside the current SQL transaction.
PREVIEW_ROLLED_BACK,ATTENDANCE,CALTHORPE|CHAIR BASED EXERCISE|2026-03-23|1130|1215|CARD:415,NEW_ATTENDANCE,19899,Inserted inside the current SQL transaction.
PREVIEW_ROLLED_BACK,ATTENDANCE,CALTHORPE|CHAIR BASED EXERCISE|2026-03-23|1130|1215|CARD:416,NEW_ATTENDANCE,19900,Inserted inside the current SQL transaction.
PREVIEW_ROLLED_BACK,ATTENDANCE,CALTHORPE|CHAIR BASED EXERCISE|2026-03-23|1130|1215|CARD:418,NEW_ATTENDANCE,19901,Inserted inside the current SQL transaction.
PREVIEW_ROLLED_BACK,ATTENDANCE,CALTHORPE|CHAIR BASED EXERCISE|2026-03-23|1130|1215|CARD:427,NEW_ATTENDANCE,19902,Inserted inside the current SQL transaction.
PREVIEW_ROLLED_BACK,ATTENDANCE,CALTHORPE|CHAIR BASED EXERCISE|2026-03-23|1130|1215|CARD:638,NEW_ATTENDANCE,19903,Inserted inside the current SQL transaction.
PREVIEW_ROLLED_BACK,ATTENDANCE,CALTHORPE|CHAIR BASED EXERCISE|2026-03-23|1130|1215|CARD:764,NEW_ATTENDANCE,19904,Inserted inside the current SQL transaction.
PREVIEW_ROLLED_BACK,ATTENDANCE,CALTHORPE|CHAIR BASED EXERCISE|2026-03-23|1130|1215|CARD:855,NEW_ATTENDANCE,19905,Inserted inside the current SQL transaction.
PREVIEW_ROLLED_BACK,ATTENDANCE,CALTHORPE|CHAIR BASED EXERCISE|2026-03-23|1130|1215|NAME:bennice,NEW_ATTENDANCE,19906,Inserted inside the current SQL transaction.
PREVIEW_ROLLED_BACK,ATTENDANCE,CALTHORPE|CHAIR BASED EXERCISE|2026-03-23|1130|1215|NAME:nasra,NEW_ATTENDANCE,19907,Inserted inside the current SQL transaction.
PREVIEW_ROLLED_BACK,ATTENDANCE,CALTHORPE|CROCHET|2026-03-23|1230|1430|CARD:416,NEW_ATTENDANCE,19908,Inserted inside the current SQL transaction.
PREVIEW_ROLLED_BACK,ATTENDANCE,CALTHORPE|CROCHET|2026-03-23|1230|1430|CARD:418,NEW_ATTENDANCE,19909,Inserted inside the current SQL transaction.
PREVIEW_ROLLED_BACK,ATTENDANCE,CALTHORPE|CROCHET|2026-03-23|1230|1430|CARD:436,NEW_ATTENDANCE,19910,Inserted inside the current SQL transaction.
PREVIEW_ROLLED_BACK,ATTENDANCE,CALTHORPE|CROCHET|2026-03-23|1230|1430|CARD:468,NEW_ATTENDANCE,19911,Inserted inside the current SQL transaction.
PREVIEW_ROLLED_BACK,ATTENDANCE,CALTHORPE|CROCHET|2026-03-23|1230|1430|CARD:513,NEW_ATTENDANCE,19912,Inserted inside the current SQL transaction.
PREVIEW_ROLLED_BACK,ATTENDANCE,CALTHORPE|CROCHET|2026-03-23|1230|1430|CARD:586,NEW_ATTENDANCE,19913,Inserted inside the current SQL transaction.
PREVIEW_ROLLED_BACK,ATTENDANCE,CALTHORPE|CROCHET|2026-03-23|1230|1430|CARD:638,NEW_ATTENDANCE,19914,Inserted inside the current SQL transaction.
PREVIEW_ROLLED_BACK,ATTENDANCE,CALTHORPE|CROCHET|2026-03-23|1230|1430|CARD:794,NEW_ATTENDANCE,19915,Inserted inside the current SQL transaction.
PREVIEW_ROLLED_BACK,ATTENDANCE,CALTHORPE|CROCHET|2026-03-23|1230|1430|CARD:996,NEW_ATTENDANCE,19916,Inserted inside the current SQL transaction.
PREVIEW_ROLLED_BACK,ATTENDANCE,CALTHORPE|CROCHET|2026-03-23|1230|1430|NAME:shailla sharif,NEW_ATTENDANCE,19917,Inserted inside the current SQL transaction.
PREVIEW_ROLLED_BACK,ATTENDANCE,CALTHORPE|HIIT|2026-03-23|1030|1115|CARD:411,NEW_ATTENDANCE,19918,Inserted inside the current SQL transaction.
PREVIEW_ROLLED_BACK,ATTENDANCE,CALTHORPE|HIIT|2026-03-23|1030|1115|CARD:771,NEW_ATTENDANCE,19919,Inserted inside the current SQL transaction.
PREVIEW_ROLLED_BACK,ATTENDANCE,CALTHORPE|HIIT|2026-03-23|1030|1115|CARD:996,NEW_ATTENDANCE,19920,Inserted inside the current SQL transaction.
PREVIEW_ROLLED_BACK,ATTENDANCE,CALTHORPE|ZUMBA|2026-03-23|0930|1015|CARD:1518,NEW_ATTENDANCE,19921,Inserted inside the current SQL transaction.
PREVIEW_ROLLED_BACK,ATTENDANCE,CALTHORPE|ZUMBA|2026-03-23|0930|1015|CARD:411,ALREADY_IN_CRM,30,Skipped because this participant already has attendance for the resolved session.
PREVIEW_ROLLED_BACK,ATTENDANCE,CALTHORPE|ZUMBA|2026-03-23|0930|1015|CARD:429,ALREADY_IN_CRM,31,Skipped because this participant already has attendance for the resolved session.
PREVIEW_ROLLED_BACK,ATTENDANCE,CALTHORPE|ZUMBA|2026-03-23|0930|1015|CARD:470,NEW_ATTENDANCE,19922,Inserted inside the current SQL transaction.
PREVIEW_ROLLED_BACK,ATTENDANCE,CALTHORPE|ZUMBA|2026-03-23|0930|1015|CARD:486,ALREADY_IN_CRM,32,Skipped because this participant already has attendance for the resolved session.
PREVIEW_ROLLED_BACK,ATTENDANCE,CALTHORPE|ZUMBA|2026-03-23|0930|1015|CARD:515,ALREADY_IN_CRM,29,Skipped because this participant already has attendance for the resolved session.
PREVIEW_ROLLED_BACK,ATTENDANCE,CALTHORPE|ZUMBA|2026-03-23|0930|1015|CARD:681,ALREADY_IN_CRM,50,Skipped because this participant already has attendance for the resolved session.
PREVIEW_ROLLED_BACK,ATTENDANCE,CALTHORPE|ZUMBA|2026-03-23|0930|1015|CARD:691,ALREADY_IN_CRM,33,Skipped because this participant already has attendance for the resolved session.
PREVIEW_ROLLED_BACK,ATTENDANCE,CALTHORPE|ZUMBA|2026-03-23|0930|1015|CARD:771,ALREADY_IN_CRM,35,Skipped because this participant already has attendance for the resolved session.
PREVIEW_ROLLED_BACK,ATTENDANCE,CALTHORPE|ZUMBA|2026-03-23|0930|1015|CARD:851,ALREADY_IN_CRM,34,Skipped because this participant already has attendance for the resolved session.
PREVIEW_ROLLED_BACK,ATTENDANCE,CALTHORPE|ZUMBA|2026-03-23|0930|1015|CARD:996,NEW_ATTENDANCE,19923,Inserted inside the current SQL transaction.
PREVIEW_ROLLED_BACK,ATTENDANCE,CALTHORPE|ESOL|2026-03-24|1130|1330|CARD:455,NEW_ATTENDANCE,19924,Inserted inside the current SQL transaction.
PREVIEW_ROLLED_BACK,ATTENDANCE,CALTHORPE|ESOL|2026-03-24|1130|1330|CARD:462,NEW_ATTENDANCE,19925,Inserted inside the current SQL transaction.
PREVIEW_ROLLED_BACK,ATTENDANCE,CALTHORPE|ESOL|2026-03-24|1130|1330|CARD:516,NEW_ATTENDANCE,19926,Inserted inside the current SQL transaction.
PREVIEW_ROLLED_BACK,ATTENDANCE,CALTHORPE|ESOL|2026-03-24|1130|1330|CARD:647,NEW_ATTENDANCE,19927,Inserted inside the current SQL transaction.
PREVIEW_ROLLED_BACK,ATTENDANCE,CALTHORPE|ESOL|2026-03-24|1130|1330|CARD:672,NEW_ATTENDANCE,19928,Inserted inside the current SQL transaction.
PREVIEW_ROLLED_BACK,ATTENDANCE,CALTHORPE|ESOL|2026-03-24|1130|1330|CARD:673,NEW_ATTENDANCE,19929,Inserted inside the current SQL transaction.
PREVIEW_ROLLED_BACK,ATTENDANCE,CALTHORPE|ESOL|2026-03-24|1130|1330|CARD:728,NEW_ATTENDANCE,19930,Inserted inside the current SQL transaction.
PREVIEW_ROLLED_BACK,ATTENDANCE,CALTHORPE|ESOL|2026-03-24|1130|1330|CARD:779,NEW_ATTENDANCE,19931,Inserted inside the current SQL transaction.
PREVIEW_ROLLED_BACK,ATTENDANCE,CALTHORPE|STRENGTH & STRETCH|2026-03-24|0930|1030|CARD:157,ALREADY_IN_CRM,49,Skipped because this participant already has attendance for the resolved session.
PREVIEW_ROLLED_BACK,ATTENDANCE,CALTHORPE|STRENGTH & STRETCH|2026-03-24|0930|1030|CARD:386,ALREADY_IN_CRM,42,Skipped because this participant already has attendance for the resolved session.
PREVIEW_ROLLED_BACK,ATTENDANCE,CALTHORPE|STRENGTH & STRETCH|2026-03-24|0930|1030|CARD:391,ALREADY_IN_CRM,47,Skipped because this participant already has attendance for the resolved session.
PREVIEW_ROLLED_BACK,ATTENDANCE,CALTHORPE|STRENGTH & STRETCH|2026-03-24|0930|1030|CARD:413,ALREADY_IN_CRM,40,Skipped because this participant already has attendance for the resolved session.
PREVIEW_ROLLED_BACK,ATTENDANCE,CALTHORPE|STRENGTH & STRETCH|2026-03-24|0930|1030|CARD:416,ALREADY_IN_CRM,45,Skipped because this participant already has attendance for the resolved session.
PREVIEW_ROLLED_BACK,ATTENDANCE,CALTHORPE|STRENGTH & STRETCH|2026-03-24|0930|1030|CARD:429,ALREADY_IN_CRM,41,Skipped because this participant already has attendance for the resolved session.
PREVIEW_ROLLED_BACK,ATTENDANCE,CALTHORPE|STRENGTH & STRETCH|2026-03-24|0930|1030|CARD:440,ALREADY_IN_CRM,39,Skipped because this participant already has attendance for the resolved session.
PREVIEW_ROLLED_BACK,ATTENDANCE,CALTHORPE|STRENGTH & STRETCH|2026-03-24|0930|1030|CARD:441,ALREADY_IN_CRM,48,Skipped because this participant already has attendance for the resolved session.
PREVIEW_ROLLED_BACK,ATTENDANCE,CALTHORPE|STRENGTH & STRETCH|2026-03-24|0930|1030|CARD:470,ALREADY_IN_CRM,743,Skipped because this participant already has attendance for the resolved session.
PREVIEW_ROLLED_BACK,ATTENDANCE,CALTHORPE|STRENGTH & STRETCH|2026-03-24|0930|1030|CARD:515,ALREADY_IN_CRM,38,Skipped because this participant already has attendance for the resolved session.
PREVIEW_ROLLED_BACK,ATTENDANCE,CALTHORPE|STRENGTH & STRETCH|2026-03-24|0930|1030|CARD:717,ALREADY_IN_CRM,44,Skipped because this participant already has attendance for the resolved session.
PREVIEW_ROLLED_BACK,ATTENDANCE,CALTHORPE|STRENGTH & STRETCH|2026-03-24|0930|1030|CARD:764,ALREADY_IN_CRM,46,Skipped because this participant already has attendance for the resolved session.
PREVIEW_ROLLED_BACK,ATTENDANCE,CALTHORPE|STRENGTH & STRETCH|2026-03-24|0930|1030|CARD:780,ALREADY_IN_CRM,43,Skipped because this participant already has attendance for the resolved session.
PREVIEW_ROLLED_BACK,ATTENDANCE,CALTHORPE|SALSA/BELLY DANCING|2026-03-25|1100|1200|CARD:681,NEW_ATTENDANCE,19932,Inserted inside the current SQL transaction.
PREVIEW_ROLLED_BACK,ATTENDANCE,CALTHORPE|ARTS|2026-03-27|1230|1400|CARD:402,NEW_ATTENDANCE,19933,Inserted inside the current SQL transaction.
PREVIEW_ROLLED_BACK,ATTENDANCE,CALTHORPE|ARTS|2026-03-27|1230|1400|CARD:444,NEW_ATTENDANCE,19934,Inserted inside the current SQL transaction.
PREVIEW_ROLLED_BACK,ATTENDANCE,CALTHORPE|ARTS|2026-03-27|1230|1400|CARD:586,NEW_ATTENDANCE,19935,Inserted inside the current SQL transaction.
PREVIEW_ROLLED_BACK,ATTENDANCE,CALTHORPE|ARTS|2026-03-27|1230|1400|CARD:700,NEW_ATTENDANCE,19936,Inserted inside the current SQL transaction.
PREVIEW_ROLLED_BACK,ATTENDANCE,CALTHORPE|ARTS|2026-03-27|1230|1400|CARD:771,NEW_ATTENDANCE,19937,Inserted inside the current SQL transaction.
PREVIEW_ROLLED_BACK,ATTENDANCE,CALTHORPE|BODY CONDITIONING|2026-03-27|1100|1145|CARD:126,NEW_ATTENDANCE,19938,Inserted inside the current SQL transaction.
PREVIEW_ROLLED_BACK,ATTENDANCE,CALTHORPE|BODY CONDITIONING|2026-03-27|1100|1145|CARD:1418,NEW_ATTENDANCE,19939,Inserted inside the current SQL transaction.
PREVIEW_ROLLED_BACK,ATTENDANCE,CALTHORPE|BODY CONDITIONING|2026-03-27|1100|1145|CARD:346,NEW_ATTENDANCE,19940,Inserted inside the current SQL transaction.
PREVIEW_ROLLED_BACK,ATTENDANCE,CALTHORPE|BODY CONDITIONING|2026-03-27|1100|1145|CARD:380,NEW_ATTENDANCE,19941,Inserted inside the current SQL transaction.
PREVIEW_ROLLED_BACK,ATTENDANCE,CALTHORPE|BODY CONDITIONING|2026-03-27|1100|1145|CARD:429,NEW_ATTENDANCE,19942,Inserted inside the current SQL transaction.
PREVIEW_ROLLED_BACK,ATTENDANCE,CALTHORPE|BODY CONDITIONING|2026-03-27|1100|1145|CARD:470,NEW_ATTENDANCE,19943,Inserted inside the current SQL transaction.
PREVIEW_ROLLED_BACK,ATTENDANCE,CALTHORPE|BODY CONDITIONING|2026-03-27|1100|1145|CARD:515,NEW_ATTENDANCE,19944,Inserted inside the current SQL transaction.
PREVIEW_ROLLED_BACK,ATTENDANCE,CALTHORPE|BODY CONDITIONING|2026-03-27|1100|1145|CARD:625,NEW_ATTENDANCE,19945,Inserted inside the current SQL transaction.
PREVIEW_ROLLED_BACK,ATTENDANCE,CALTHORPE|BODY CONDITIONING|2026-03-27|1100|1145|CARD:700,NEW_ATTENDANCE,19946,Inserted inside the current SQL transaction.
PREVIEW_ROLLED_BACK,ATTENDANCE,CALTHORPE|BODY CONDITIONING|2026-03-27|1100|1145|CARD:740,NEW_ATTENDANCE,19947,Inserted inside the current SQL transaction.
PREVIEW_ROLLED_BACK,ATTENDANCE,CALTHORPE|BODY CONDITIONING|2026-03-27|1100|1145|CARD:761,NEW_ATTENDANCE,19948,Inserted inside the current SQL transaction.
PREVIEW_ROLLED_BACK,ATTENDANCE,CALTHORPE|BODY CONDITIONING|2026-03-27|1100|1145|CARD:771,NEW_ATTENDANCE,19949,Inserted inside the current SQL transaction.
PREVIEW_ROLLED_BACK,ATTENDANCE,CALTHORPE|BODY CONDITIONING|2026-03-27|1100|1145|CARD:851,NEW_ATTENDANCE,19950,Inserted inside the current SQL transaction.
PREVIEW_ROLLED_BACK,ATTENDANCE,CALTHORPE|BODY CONDITIONING|2026-03-27|1100|1145|CARD:996,NEW_ATTENDANCE,19951,Inserted inside the current SQL transaction.
PREVIEW_ROLLED_BACK,ATTENDANCE,CALTHORPE|BODY CONDITIONING|2026-03-27|1100|1145|NAME:marziah taleb,NEW_ATTENDANCE,19952,Inserted inside the current SQL transaction.
PREVIEW_ROLLED_BACK,ATTENDANCE,CALTHORPE|PILATES|2026-03-27|1200|1245|CARD:157,NEW_ATTENDANCE,19953,Inserted inside the current SQL transaction.
PREVIEW_ROLLED_BACK,ATTENDANCE,CALTHORPE|PILATES|2026-03-27|1200|1245|CARD:416,NEW_ATTENDANCE,19954,Inserted inside the current SQL transaction.
PREVIEW_ROLLED_BACK,ATTENDANCE,CALTHORPE|PILATES|2026-03-27|1200|1245|CARD:440,NEW_ATTENDANCE,19955,Inserted inside the current SQL transaction.
PREVIEW_ROLLED_BACK,ATTENDANCE,CALTHORPE|PILATES|2026-03-27|1200|1245|CARD:441,NEW_ATTENDANCE,19956,Inserted inside the current SQL transaction.
PREVIEW_ROLLED_BACK,ATTENDANCE,CALTHORPE|PILATES|2026-03-27|1200|1245|CARD:486,NEW_ATTENDANCE,19957,Inserted inside the current SQL transaction.
PREVIEW_ROLLED_BACK,ATTENDANCE,CALTHORPE|PILATES|2026-03-27|1200|1245|CARD:515,NEW_ATTENDANCE,19958,Inserted inside the current SQL transaction.
PREVIEW_ROLLED_BACK,ATTENDANCE,CALTHORPE|PILATES|2026-03-27|1200|1245|CARD:625,NEW_ATTENDANCE,19959,Inserted inside the current SQL transaction.
PREVIEW_ROLLED_BACK,ATTENDANCE,CALTHORPE|PILATES|2026-03-27|1200|1245|CARD:629,NEW_ATTENDANCE,19960,Inserted inside the current SQL transaction.
PREVIEW_ROLLED_BACK,ATTENDANCE,CALTHORPE|PILATES|2026-03-27|1200|1245|CARD:707,NEW_ATTENDANCE,19961,Inserted inside the current SQL transaction.
PREVIEW_ROLLED_BACK,ATTENDANCE,CALTHORPE|PILATES|2026-03-27|1200|1245|CARD:732,NEW_ATTENDANCE,19962,Inserted inside the current SQL transaction.
PREVIEW_ROLLED_BACK,ATTENDANCE,CALTHORPE|PILATES|2026-03-27|1200|1245|CARD:856,NEW_ATTENDANCE,19963,Inserted inside the current SQL transaction.
PREVIEW_ROLLED_BACK,ATTENDANCE,CALTHORPE|CHAIR BASED EXERCISE|2026-03-30|1130|1215|CARD:416,NEW_ATTENDANCE,19964,Inserted inside the current SQL transaction.
PREVIEW_ROLLED_BACK,ATTENDANCE,CALTHORPE|CHAIR BASED EXERCISE|2026-03-30|1130|1215|CARD:427,NEW_ATTENDANCE,19965,Inserted inside the current SQL transaction.
PREVIEW_ROLLED_BACK,ATTENDANCE,CALTHORPE|CHAIR BASED EXERCISE|2026-03-30|1130|1215|CARD:485,NEW_ATTENDANCE,19966,Inserted inside the current SQL transaction.
PREVIEW_ROLLED_BACK,ATTENDANCE,CALTHORPE|CHAIR BASED EXERCISE|2026-03-30|1130|1215|CARD:515,NEW_ATTENDANCE,19967,Inserted inside the current SQL transaction.
PREVIEW_ROLLED_BACK,ATTENDANCE,CALTHORPE|CHAIR BASED EXERCISE|2026-03-30|1130|1215|CARD:700,NEW_ATTENDANCE,19968,Inserted inside the current SQL transaction.
PREVIEW_ROLLED_BACK,ATTENDANCE,CALTHORPE|CHAIR BASED EXERCISE|2026-03-30|1130|1215|CARD:717,NEW_ATTENDANCE,19969,Inserted inside the current SQL transaction.
PREVIEW_ROLLED_BACK,ATTENDANCE,CALTHORPE|CHAIR BASED EXERCISE|2026-03-30|1130|1215|CARD:747,NEW_ATTENDANCE,19970,Inserted inside the current SQL transaction.
PREVIEW_ROLLED_BACK,ATTENDANCE,CALTHORPE|CHAIR BASED EXERCISE|2026-03-30|1130|1215|CARD:852,NEW_ATTENDANCE,19971,Inserted inside the current SQL transaction.
PREVIEW_ROLLED_BACK,ATTENDANCE,CALTHORPE|CHAIR BASED EXERCISE|2026-03-30|1130|1215|CARD:853,NEW_ATTENDANCE,19972,Inserted inside the current SQL transaction.
PREVIEW_ROLLED_BACK,ATTENDANCE,CALTHORPE|CHAIR BASED EXERCISE|2026-03-30|1130|1215|CARD:855,NEW_ATTENDANCE,19973,Inserted inside the current SQL transaction.
PREVIEW_ROLLED_BACK,ATTENDANCE,CALTHORPE|CROCHET|2026-03-30|1230|1430|CARD:436,NEW_ATTENDANCE,19974,Inserted inside the current SQL transaction.
PREVIEW_ROLLED_BACK,ATTENDANCE,CALTHORPE|CROCHET|2026-03-30|1230|1430|CARD:468,NEW_ATTENDANCE,19975,Inserted inside the current SQL transaction.
PREVIEW_ROLLED_BACK,ATTENDANCE,CALTHORPE|CROCHET|2026-03-30|1230|1430|CARD:586,NEW_ATTENDANCE,19976,Inserted inside the current SQL transaction.
PREVIEW_ROLLED_BACK,ATTENDANCE,CALTHORPE|CROCHET|2026-03-30|1230|1430|CARD:616,NEW_ATTENDANCE,19977,Inserted inside the current SQL transaction.
PREVIEW_ROLLED_BACK,ATTENDANCE,CALTHORPE|CROCHET|2026-03-30|1230|1430|CARD:657,NEW_ATTENDANCE,19978,Inserted inside the current SQL transaction.
PREVIEW_ROLLED_BACK,ATTENDANCE,CALTHORPE|HIIT|2026-03-30|1030|1115|CARD:1418,NEW_ATTENDANCE,19979,Inserted inside the current SQL transaction.
PREVIEW_ROLLED_BACK,ATTENDANCE,CALTHORPE|HIIT|2026-03-30|1030|1115|CARD:415,NEW_ATTENDANCE,19980,Inserted inside the current SQL transaction.
PREVIEW_ROLLED_BACK,ATTENDANCE,CALTHORPE|HIIT|2026-03-30|1030|1115|CARD:515,NEW_ATTENDANCE,19981,Inserted inside the current SQL transaction.
PREVIEW_ROLLED_BACK,ATTENDANCE,CALTHORPE|HIIT|2026-03-30|1030|1115|CARD:586,NEW_ATTENDANCE,19982,Inserted inside the current SQL transaction.
PREVIEW_ROLLED_BACK,ATTENDANCE,CALTHORPE|HIIT|2026-03-30|1030|1115|CARD:642,NEW_ATTENDANCE,19983,Inserted inside the current SQL transaction.
PREVIEW_ROLLED_BACK,ATTENDANCE,CALTHORPE|HIIT|2026-03-30|1030|1115|CARD:681,NEW_ATTENDANCE,19984,Inserted inside the current SQL transaction.
PREVIEW_ROLLED_BACK,ATTENDANCE,CALTHORPE|HIIT|2026-03-30|1030|1115|CARD:761,NEW_ATTENDANCE,19985,Inserted inside the current SQL transaction.
PREVIEW_ROLLED_BACK,ATTENDANCE,CALTHORPE|ZUMBA|2026-03-30|0930|1015|CARD:1418,NEW_ATTENDANCE,19986,Inserted inside the current SQL transaction.
PREVIEW_ROLLED_BACK,ATTENDANCE,CALTHORPE|ZUMBA|2026-03-30|0930|1015|CARD:429,NEW_ATTENDANCE,19987,Inserted inside the current SQL transaction.
PREVIEW_ROLLED_BACK,ATTENDANCE,CALTHORPE|ZUMBA|2026-03-30|0930|1015|CARD:470,NEW_ATTENDANCE,19988,Inserted inside the current SQL transaction.
PREVIEW_ROLLED_BACK,ATTENDANCE,CALTHORPE|ZUMBA|2026-03-30|0930|1015|CARD:515,NEW_ATTENDANCE,19989,Inserted inside the current SQL transaction.
PREVIEW_ROLLED_BACK,ATTENDANCE,CALTHORPE|ZUMBA|2026-03-30|0930|1015|CARD:557,NEW_ATTENDANCE,19990,Inserted inside the current SQL transaction.
PREVIEW_ROLLED_BACK,ATTENDANCE,CALTHORPE|ZUMBA|2026-03-30|0930|1015|CARD:656,NEW_ATTENDANCE,19991,Inserted inside the current SQL transaction.
PREVIEW_ROLLED_BACK,ATTENDANCE,CALTHORPE|ZUMBA|2026-03-30|0930|1015|CARD:681,NEW_ATTENDANCE,19992,Inserted inside the current SQL transaction.
PREVIEW_ROLLED_BACK,ATTENDANCE,CALTHORPE|ZUMBA|2026-03-30|0930|1015|CARD:691,NEW_ATTENDANCE,19993,Inserted inside the current SQL transaction.
PREVIEW_ROLLED_BACK,ATTENDANCE,CALTHORPE|STRENGTH & STRETCH|2026-03-31|0930|1030|CARD:411,NEW_ATTENDANCE,19994,Inserted inside the current SQL transaction.
PREVIEW_ROLLED_BACK,ATTENDANCE,CALTHORPE|STRENGTH & STRETCH|2026-03-31|0930|1030|CARD:415,NEW_ATTENDANCE,19995,Inserted inside the current SQL transaction.
PREVIEW_ROLLED_BACK,ATTENDANCE,CALTHORPE|STRENGTH & STRETCH|2026-03-31|0930|1030|CARD:418,NEW_ATTENDANCE,19996,Inserted inside the current SQL transaction.
PREVIEW_ROLLED_BACK,ATTENDANCE,CALTHORPE|STRENGTH & STRETCH|2026-03-31|0930|1030|CARD:429,NEW_ATTENDANCE,19997,Inserted inside the current SQL transaction.
PREVIEW_ROLLED_BACK,ATTENDANCE,CALTHORPE|STRENGTH & STRETCH|2026-03-31|0930|1030|CARD:441,NEW_ATTENDANCE,19998,Inserted inside the current SQL transaction.
PREVIEW_ROLLED_BACK,ATTENDANCE,CALTHORPE|STRENGTH & STRETCH|2026-03-31|0930|1030|CARD:470,NEW_ATTENDANCE,19999,Inserted inside the current SQL transaction.
PREVIEW_ROLLED_BACK,ATTENDANCE,CALTHORPE|STRENGTH & STRETCH|2026-03-31|0930|1030|CARD:515,NEW_ATTENDANCE,20000,Inserted inside the current SQL transaction.
PREVIEW_ROLLED_BACK,ATTENDANCE,CALTHORPE|STRENGTH & STRETCH|2026-03-31|0930|1030|CARD:604,NEW_ATTENDANCE,20001,Inserted inside the current SQL transaction.
PREVIEW_ROLLED_BACK,ATTENDANCE,CALTHORPE|STRENGTH & STRETCH|2026-03-31|0930|1030|CARD:625,NEW_ATTENDANCE,20002,Inserted inside the current SQL transaction.
PREVIEW_ROLLED_BACK,ATTENDANCE,CALTHORPE|STRENGTH & STRETCH|2026-03-31|0930|1030|CARD:642,NEW_ATTENDANCE,20003,Inserted inside the current SQL transaction.
PREVIEW_ROLLED_BACK,ATTENDANCE,CALTHORPE|STRENGTH & STRETCH|2026-03-31|0930|1030|CARD:681,NEW_ATTENDANCE,20004,Inserted inside the current SQL transaction.
PREVIEW_ROLLED_BACK,ATTENDANCE,CALTHORPE|STRENGTH & STRETCH|2026-03-31|0930|1030|CARD:761,NEW_ATTENDANCE,20005,Inserted inside the current SQL transaction.
PREVIEW_ROLLED_BACK,ATTENDANCE,CALTHORPE|STRENGTH & STRETCH|2026-03-31|0930|1030|CARD:764,NEW_ATTENDANCE,20006,Inserted inside the current SQL transaction.
PREVIEW_ROLLED_BACK,ATTENDANCE,CALTHORPE|STRENGTH & STRETCH|2026-03-31|0930|1030|CARD:851,NEW_ATTENDANCE,20007,Inserted inside the current SQL transaction.
PREVIEW_ROLLED_BACK,ATTENDANCE,CALTHORPE|SALSA/BELLY DANCING|2026-04-01|1100|1200|CARD:416,NEW_ATTENDANCE,20008,Inserted inside the current SQL transaction.
PREVIEW_ROLLED_BACK,ATTENDANCE,CALTHORPE|SALSA/BELLY DANCING|2026-04-01|1100|1200|CARD:441,NEW_ATTENDANCE,20009,Inserted inside the current SQL transaction.
PREVIEW_ROLLED_BACK,ATTENDANCE,CALTHORPE|SALSA/BELLY DANCING|2026-04-01|1100|1200|CARD:656,NEW_ATTENDANCE,20010,Inserted inside the current SQL transaction.
PREVIEW_ROLLED_BACK,ATTENDANCE,CALTHORPE|SALSA/BELLY DANCING|2026-04-01|1100|1200|CARD:691,NEW_ATTENDANCE,20011,Inserted inside the current SQL transaction.
PREVIEW_ROLLED_BACK,ATTENDANCE,CALTHORPE|SALSA/BELLY DANCING|2026-04-01|1100|1200|CARD:700,NEW_ATTENDANCE,20012,Inserted inside the current SQL transaction.
PREVIEW_ROLLED_BACK,ATTENDANCE,CALTHORPE|SALSA/BELLY DANCING|2026-04-01|1100|1200|CARD:771,NEW_ATTENDANCE,20013,Inserted inside the current SQL transaction.
PREVIEW_ROLLED_BACK,ATTENDANCE,CALTHORPE|CHAIR BASED EXERCISE|2026-04-02|1130|1215|CARD:380,NEW_ATTENDANCE,20014,Inserted inside the current SQL transaction.
PREVIEW_ROLLED_BACK,ATTENDANCE,CALTHORPE|CHAIR BASED EXERCISE|2026-04-02|1130|1215|CARD:410,NEW_ATTENDANCE,20015,Inserted inside the current SQL transaction.
PREVIEW_ROLLED_BACK,ATTENDANCE,CALTHORPE|CHAIR BASED EXERCISE|2026-04-02|1130|1215|CARD:415,NEW_ATTENDANCE,20016,Inserted inside the current SQL transaction.
PREVIEW_ROLLED_BACK,ATTENDANCE,CALTHORPE|CHAIR BASED EXERCISE|2026-04-02|1130|1215|CARD:416,NEW_ATTENDANCE,20017,Inserted inside the current SQL transaction.
PREVIEW_ROLLED_BACK,ATTENDANCE,CALTHORPE|CHAIR BASED EXERCISE|2026-04-02|1130|1215|CARD:418,NEW_ATTENDANCE,20018,Inserted inside the current SQL transaction.
PREVIEW_ROLLED_BACK,ATTENDANCE,CALTHORPE|CHAIR BASED EXERCISE|2026-04-02|1130|1215|CARD:436,NEW_ATTENDANCE,20019,Inserted inside the current SQL transaction.
PREVIEW_ROLLED_BACK,ATTENDANCE,CALTHORPE|CHAIR BASED EXERCISE|2026-04-02|1130|1215|CARD:474,NEW_ATTENDANCE,20020,Inserted inside the current SQL transaction.
PREVIEW_ROLLED_BACK,ATTENDANCE,CALTHORPE|CHAIR BASED EXERCISE|2026-04-02|1130|1215|CARD:586,NEW_ATTENDANCE,20021,Inserted inside the current SQL transaction.
PREVIEW_ROLLED_BACK,ATTENDANCE,CALTHORPE|CHAIR BASED EXERCISE|2026-04-02|1130|1215|CARD:620,NEW_ATTENDANCE,20022,Inserted inside the current SQL transaction.
PREVIEW_ROLLED_BACK,ATTENDANCE,CALTHORPE|CHAIR BASED EXERCISE|2026-04-02|1130|1215|CARD:638,NEW_ATTENDANCE,20023,Inserted inside the current SQL transaction.
PREVIEW_ROLLED_BACK,ATTENDANCE,CALTHORPE|CHAIR BASED EXERCISE|2026-04-02|1130|1215|CARD:639,NEW_ATTENDANCE,20024,Inserted inside the current SQL transaction.
PREVIEW_ROLLED_BACK,ATTENDANCE,CALTHORPE|CHAIR BASED EXERCISE|2026-04-02|1130|1215|CARD:640,NEW_ATTENDANCE,20025,Inserted inside the current SQL transaction.
PREVIEW_ROLLED_BACK,ATTENDANCE,CALTHORPE|CHAIR BASED EXERCISE|2026-04-02|1130|1215|CARD:642,NEW_ATTENDANCE,20026,Inserted inside the current SQL transaction.
PREVIEW_ROLLED_BACK,ATTENDANCE,CALTHORPE|CHAIR BASED EXERCISE|2026-04-02|1130|1215|CARD:655,NEW_ATTENDANCE,20027,Inserted inside the current SQL transaction.
PREVIEW_ROLLED_BACK,ATTENDANCE,CALTHORPE|CHAIR BASED EXERCISE|2026-04-02|1130|1215|CARD:700,NEW_ATTENDANCE,20028,Inserted inside the current SQL transaction.
PREVIEW_ROLLED_BACK,ATTENDANCE,CALTHORPE|CHAIR BASED EXERCISE|2026-04-02|1130|1215|CARD:706,NEW_ATTENDANCE,20029,Inserted inside the current SQL transaction.
PREVIEW_ROLLED_BACK,ATTENDANCE,CALTHORPE|CHAIR BASED EXERCISE|2026-04-02|1130|1215|CARD:753,NEW_ATTENDANCE,20030,Inserted inside the current SQL transaction.
PREVIEW_ROLLED_BACK,ATTENDANCE,CALTHORPE|CHAIR BASED EXERCISE|2026-04-02|1130|1215|CARD:771,NEW_ATTENDANCE,20031,Inserted inside the current SQL transaction.
PREVIEW_ROLLED_BACK,ATTENDANCE,CALTHORPE|CHAIR BASED EXERCISE|2026-04-02|1130|1215|CARD:855,NEW_ATTENDANCE,20032,Inserted inside the current SQL transaction.
PREVIEW_ROLLED_BACK,ATTENDANCE,CALTHORPE|CHAIR BASED EXERCISE|2026-04-02|1130|1215|CARD:866,NEW_ATTENDANCE,20033,Inserted inside the current SQL transaction.
PREVIEW_ROLLED_BACK,ATTENDANCE,CALTHORPE|CIRCUIT TRAINING|2026-04-02|0930|1015|CARD:411,NEW_ATTENDANCE,20034,Inserted inside the current SQL transaction.
PREVIEW_ROLLED_BACK,ATTENDANCE,CALTHORPE|CIRCUIT TRAINING|2026-04-02|0930|1015|CARD:515,NEW_ATTENDANCE,20035,Inserted inside the current SQL transaction.
PREVIEW_ROLLED_BACK,ATTENDANCE,CALTHORPE|CIRCUIT TRAINING|2026-04-02|0930|1015|CARD:851,NEW_ATTENDANCE,20036,Inserted inside the current SQL transaction.
PREVIEW_ROLLED_BACK,ATTENDANCE,CALTHORPE|CROCHET|2026-04-02|1230|1415|CARD:416,NEW_ATTENDANCE,20037,Inserted inside the current SQL transaction.
PREVIEW_ROLLED_BACK,ATTENDANCE,CALTHORPE|CROCHET|2026-04-02|1230|1415|CARD:418,NEW_ATTENDANCE,20038,Inserted inside the current SQL transaction.
PREVIEW_ROLLED_BACK,ATTENDANCE,CALTHORPE|CROCHET|2026-04-02|1230|1415|CARD:424,NEW_ATTENDANCE,20039,Inserted inside the current SQL transaction.
PREVIEW_ROLLED_BACK,ATTENDANCE,CALTHORPE|CROCHET|2026-04-02|1230|1415|CARD:586,NEW_ATTENDANCE,20040,Inserted inside the current SQL transaction.
PREVIEW_ROLLED_BACK,ATTENDANCE,CALTHORPE|CROCHET|2026-04-02|1230|1415|CARD:655,NEW_ATTENDANCE,20041,Inserted inside the current SQL transaction.
PREVIEW_ROLLED_BACK,ATTENDANCE,CALTHORPE|STRENGTH & STRETCH|2026-04-07|0930|1030|CARD:411,NEW_ATTENDANCE,20042,Inserted inside the current SQL transaction.
PREVIEW_ROLLED_BACK,ATTENDANCE,CALTHORPE|STRENGTH & STRETCH|2026-04-07|0930|1030|CARD:415,NEW_ATTENDANCE,20043,Inserted inside the current SQL transaction.
PREVIEW_ROLLED_BACK,ATTENDANCE,CALTHORPE|STRENGTH & STRETCH|2026-04-07|0930|1030|CARD:416,NEW_ATTENDANCE,20044,Inserted inside the current SQL transaction.
PREVIEW_ROLLED_BACK,ATTENDANCE,CALTHORPE|STRENGTH & STRETCH|2026-04-07|0930|1030|CARD:418,NEW_ATTENDANCE,20045,Inserted inside the current SQL transaction.
PREVIEW_ROLLED_BACK,ATTENDANCE,CALTHORPE|STRENGTH & STRETCH|2026-04-07|0930|1030|CARD:429,NEW_ATTENDANCE,20046,Inserted inside the current SQL transaction.
PREVIEW_ROLLED_BACK,ATTENDANCE,CALTHORPE|STRENGTH & STRETCH|2026-04-07|0930|1030|CARD:470,NEW_ATTENDANCE,20047,Inserted inside the current SQL transaction.
PREVIEW_ROLLED_BACK,ATTENDANCE,CALTHORPE|STRENGTH & STRETCH|2026-04-07|0930|1030|CARD:498,NEW_ATTENDANCE,20048,Inserted inside the current SQL transaction.
PREVIEW_ROLLED_BACK,ATTENDANCE,CALTHORPE|STRENGTH & STRETCH|2026-04-07|0930|1030|CARD:515,NEW_ATTENDANCE,20049,Inserted inside the current SQL transaction.
PREVIEW_ROLLED_BACK,ATTENDANCE,CALTHORPE|STRENGTH & STRETCH|2026-04-07|0930|1030|CARD:604,NEW_ATTENDANCE,20050,Inserted inside the current SQL transaction.
PREVIEW_ROLLED_BACK,ATTENDANCE,CALTHORPE|STRENGTH & STRETCH|2026-04-07|0930|1030|CARD:625,NEW_ATTENDANCE,20051,Inserted inside the current SQL transaction.
PREVIEW_ROLLED_BACK,ATTENDANCE,CALTHORPE|STRENGTH & STRETCH|2026-04-07|0930|1030|CARD:639,NEW_ATTENDANCE,20052,Inserted inside the current SQL transaction.
PREVIEW_ROLLED_BACK,ATTENDANCE,CALTHORPE|STRENGTH & STRETCH|2026-04-07|0930|1030|CARD:642,NEW_ATTENDANCE,20053,Inserted inside the current SQL transaction.
PREVIEW_ROLLED_BACK,ATTENDANCE,CALTHORPE|STRENGTH & STRETCH|2026-04-07|0930|1030|CARD:681,NEW_ATTENDANCE,20054,Inserted inside the current SQL transaction.
PREVIEW_ROLLED_BACK,ATTENDANCE,CALTHORPE|STRENGTH & STRETCH|2026-04-07|0930|1030|CARD:761,NEW_ATTENDANCE,20055,Inserted inside the current SQL transaction.
PREVIEW_ROLLED_BACK,ATTENDANCE,CALTHORPE|STRENGTH & STRETCH|2026-04-07|0930|1030|CARD:764,NEW_ATTENDANCE,20056,Inserted inside the current SQL transaction.
PREVIEW_ROLLED_BACK,ATTENDANCE,CALTHORPE|STRENGTH & STRETCH|2026-04-07|0930|1030|CARD:851,NEW_ATTENDANCE,20057,Inserted inside the current SQL transaction.
PREVIEW_ROLLED_BACK,ATTENDANCE,CALTHORPE|YOGA|2026-04-07|1715|1815|CARD:429,NEW_ATTENDANCE,20058,Inserted inside the current SQL transaction.
PREVIEW_ROLLED_BACK,ATTENDANCE,CALTHORPE|YOGA|2026-04-07|1715|1815|CARD:513,NEW_ATTENDANCE,20059,Inserted inside the current SQL transaction.
PREVIEW_ROLLED_BACK,ATTENDANCE,CALTHORPE|YOGA|2026-04-07|1715|1815|CARD:538,NEW_ATTENDANCE,20060,Inserted inside the current SQL transaction.
PREVIEW_ROLLED_BACK,ATTENDANCE,CALTHORPE|YOGA|2026-04-07|1715|1815|CARD:617,NEW_ATTENDANCE,20061,Inserted inside the current SQL transaction.
PREVIEW_ROLLED_BACK,ATTENDANCE,CALTHORPE|YOGA|2026-04-07|1715|1815|CARD:625,NEW_ATTENDANCE,20062,Inserted inside the current SQL transaction.
PREVIEW_ROLLED_BACK,ATTENDANCE,CALTHORPE|YOGA|2026-04-07|1715|1815|CARD:629,NEW_ATTENDANCE,20063,Inserted inside the current SQL transaction.
PREVIEW_ROLLED_BACK,ATTENDANCE,CALTHORPE|YOGA|2026-04-07|1715|1815|CARD:704,NEW_ATTENDANCE,20064,Inserted inside the current SQL transaction.
PREVIEW_ROLLED_BACK,ATTENDANCE,CALTHORPE|YOGA|2026-04-07|1715|1815|CARD:717,NEW_ATTENDANCE,20065,Inserted inside the current SQL transaction.
PREVIEW_ROLLED_BACK,ATTENDANCE,CALTHORPE|YOGA|2026-04-07|1715|1815|CARD:851,NEW_ATTENDANCE,20066,Inserted inside the current SQL transaction.
PREVIEW_ROLLED_BACK,ATTENDANCE,CALTHORPE|SALSA/BELLY DANCING|2026-04-08|1100|1200|CARD:416,NEW_ATTENDANCE,20067,Inserted inside the current SQL transaction.
PREVIEW_ROLLED_BACK,ATTENDANCE,CALTHORPE|SALSA/BELLY DANCING|2026-04-08|1100|1200|CARD:441,NEW_ATTENDANCE,20068,Inserted inside the current SQL transaction.
PREVIEW_ROLLED_BACK,ATTENDANCE,CALTHORPE|SALSA/BELLY DANCING|2026-04-08|1100|1200|CARD:513,NEW_ATTENDANCE,20069,Inserted inside the current SQL transaction.
PREVIEW_ROLLED_BACK,ATTENDANCE,CALTHORPE|SALSA/BELLY DANCING|2026-04-08|1100|1200|CARD:638,NEW_ATTENDANCE,20070,Inserted inside the current SQL transaction.
PREVIEW_ROLLED_BACK,ATTENDANCE,CALTHORPE|SALSA/BELLY DANCING|2026-04-08|1100|1200|CARD:656,NEW_ATTENDANCE,20071,Inserted inside the current SQL transaction.
PREVIEW_ROLLED_BACK,ATTENDANCE,CALTHORPE|SALSA/BELLY DANCING|2026-04-08|1100|1200|CARD:681,NEW_ATTENDANCE,20072,Inserted inside the current SQL transaction.
PREVIEW_ROLLED_BACK,ATTENDANCE,CALTHORPE|SALSA/BELLY DANCING|2026-04-08|1100|1200|CARD:691,NEW_ATTENDANCE,20073,Inserted inside the current SQL transaction.
PREVIEW_ROLLED_BACK,ATTENDANCE,CALTHORPE|SALSA/BELLY DANCING|2026-04-08|1100|1200|CARD:700,NEW_ATTENDANCE,20074,Inserted inside the current SQL transaction.
PREVIEW_ROLLED_BACK,ATTENDANCE,CALTHORPE|SALSA/BELLY DANCING|2026-04-08|1100|1200|CARD:771,NEW_ATTENDANCE,20075,Inserted inside the current SQL transaction.
PREVIEW_ROLLED_BACK,ATTENDANCE,CALTHORPE|SALSA/BELLY DANCING|2026-04-08|1100|1200|CARD:995,NEW_ATTENDANCE,20076,Inserted inside the current SQL transaction.
PREVIEW_ROLLED_BACK,ATTENDANCE,CALTHORPE|SALSA/BELLY DANCING|2026-04-08|1100|1200|NAME:patti,NEW_ATTENDANCE,20077,Inserted inside the current SQL transaction.
PREVIEW_ROLLED_BACK,ATTENDANCE,CALTHORPE|CIRCUIT TRAINING|2026-04-09|0930|1015|CARD:429,NEW_ATTENDANCE,20078,Inserted inside the current SQL transaction.
PREVIEW_ROLLED_BACK,ATTENDANCE,CALTHORPE|CIRCUIT TRAINING|2026-04-09|0930|1015|CARD:441,NEW_ATTENDANCE,20079,Inserted inside the current SQL transaction.
PREVIEW_ROLLED_BACK,ATTENDANCE,CALTHORPE|CIRCUIT TRAINING|2026-04-09|0930|1015|CARD:470,NEW_ATTENDANCE,20080,Inserted inside the current SQL transaction.
PREVIEW_ROLLED_BACK,ATTENDANCE,CALTHORPE|CIRCUIT TRAINING|2026-04-09|0930|1015|CARD:515,NEW_ATTENDANCE,20081,Inserted inside the current SQL transaction.
PREVIEW_ROLLED_BACK,ATTENDANCE,CALTHORPE|CIRCUIT TRAINING|2026-04-09|0930|1015|CARD:577,NEW_ATTENDANCE,20082,Inserted inside the current SQL transaction.
PREVIEW_ROLLED_BACK,ATTENDANCE,CALTHORPE|CIRCUIT TRAINING|2026-04-09|0930|1015|CARD:681,NEW_ATTENDANCE,20083,Inserted inside the current SQL transaction.
PREVIEW_ROLLED_BACK,ATTENDANCE,CALTHORPE|CIRCUIT TRAINING|2026-04-09|0930|1015|CARD:691,NEW_ATTENDANCE,20084,Inserted inside the current SQL transaction.
PREVIEW_ROLLED_BACK,ATTENDANCE,CALTHORPE|CIRCUIT TRAINING|2026-04-09|0930|1015|CARD:717,NEW_ATTENDANCE,20085,Inserted inside the current SQL transaction.
PREVIEW_ROLLED_BACK,ATTENDANCE,CALTHORPE|CIRCUIT TRAINING|2026-04-09|0930|1015|CARD:761,NEW_ATTENDANCE,20086,Inserted inside the current SQL transaction.
PREVIEW_ROLLED_BACK,ATTENDANCE,CALTHORPE|CIRCUIT TRAINING|2026-04-09|0930|1015|CARD:851,NEW_ATTENDANCE,20087,Inserted inside the current SQL transaction.
PREVIEW_ROLLED_BACK,ATTENDANCE,CALTHORPE|CIRCUIT TRAINING|2026-04-09|0930|1015|NAME:nicky,NEW_ATTENDANCE,20088,Inserted inside the current SQL transaction.
PREVIEW_ROLLED_BACK,ATTENDANCE,CALTHORPE|MEN'S MULTI SPORTS|2026-04-09|1030|1130|CARD:791,NEW_ATTENDANCE,20089,Inserted inside the current SQL transaction.
PREVIEW_ROLLED_BACK,ATTENDANCE,CALTHORPE|MEN'S MULTI SPORTS|2026-04-09|1030|1130|NAME:gulzar menmood,NEW_ATTENDANCE,20090,Inserted inside the current SQL transaction.
PREVIEW_ROLLED_BACK,ATTENDANCE,CALTHORPE|MEN'S MULTI SPORTS|2026-04-09|1030|1130|NAME:waleed khan,NEW_ATTENDANCE,20091,Inserted inside the current SQL transaction.
PREVIEW_ROLLED_BACK,ATTENDANCE,CALTHORPE|ARTS|2026-04-10|1230|1400|CARD:416,NEW_ATTENDANCE,20092,Inserted inside the current SQL transaction.
PREVIEW_ROLLED_BACK,ATTENDANCE,CALTHORPE|ARTS|2026-04-10|1230|1400|CARD:444,NEW_ATTENDANCE,20093,Inserted inside the current SQL transaction.
PREVIEW_ROLLED_BACK,ATTENDANCE,CALTHORPE|ARTS|2026-04-10|1230|1400|CARD:586,NEW_ATTENDANCE,20094,Inserted inside the current SQL transaction.
PREVIEW_ROLLED_BACK,ATTENDANCE,CALTHORPE|ARTS|2026-04-10|1230|1400|CARD:771,NEW_ATTENDANCE,20095,Inserted inside the current SQL transaction.
PREVIEW_ROLLED_BACK,ATTENDANCE,CALTHORPE|CHAIR BASED EXERCISE|2026-04-13|1130|1215|CARD:1447,NEW_ATTENDANCE,20096,Inserted inside the current SQL transaction.
PREVIEW_ROLLED_BACK,ATTENDANCE,CALTHORPE|CHAIR BASED EXERCISE|2026-04-13|1130|1215|CARD:373,NEW_ATTENDANCE,20097,Inserted inside the current SQL transaction.
PREVIEW_ROLLED_BACK,ATTENDANCE,CALTHORPE|CHAIR BASED EXERCISE|2026-04-13|1130|1215|CARD:415,NEW_ATTENDANCE,20098,Inserted inside the current SQL transaction.
PREVIEW_ROLLED_BACK,ATTENDANCE,CALTHORPE|CHAIR BASED EXERCISE|2026-04-13|1130|1215|CARD:416,NEW_ATTENDANCE,20099,Inserted inside the current SQL transaction.
PREVIEW_ROLLED_BACK,ATTENDANCE,CALTHORPE|CHAIR BASED EXERCISE|2026-04-13|1130|1215|CARD:418,NEW_ATTENDANCE,20100,Inserted inside the current SQL transaction.
PREVIEW_ROLLED_BACK,ATTENDANCE,CALTHORPE|CHAIR BASED EXERCISE|2026-04-13|1130|1215|CARD:434,NEW_ATTENDANCE,20101,Inserted inside the current SQL transaction.
PREVIEW_ROLLED_BACK,ATTENDANCE,CALTHORPE|CHAIR BASED EXERCISE|2026-04-13|1130|1215|CARD:444,NEW_ATTENDANCE,20102,Inserted inside the current SQL transaction.
PREVIEW_ROLLED_BACK,ATTENDANCE,CALTHORPE|CHAIR BASED EXERCISE|2026-04-13|1130|1215|CARD:485,NEW_ATTENDANCE,20103,Inserted inside the current SQL transaction.
PREVIEW_ROLLED_BACK,ATTENDANCE,CALTHORPE|CHAIR BASED EXERCISE|2026-04-13|1130|1215|CARD:540,NEW_ATTENDANCE,20104,Inserted inside the current SQL transaction.
PREVIEW_ROLLED_BACK,ATTENDANCE,CALTHORPE|CHAIR BASED EXERCISE|2026-04-13|1130|1215|CARD:586,NEW_ATTENDANCE,20105,Inserted inside the current SQL transaction.
PREVIEW_ROLLED_BACK,ATTENDANCE,CALTHORPE|CHAIR BASED EXERCISE|2026-04-13|1130|1215|CARD:620,NEW_ATTENDANCE,20106,Inserted inside the current SQL transaction.
PREVIEW_ROLLED_BACK,ATTENDANCE,CALTHORPE|CHAIR BASED EXERCISE|2026-04-13|1130|1215|CARD:638,NEW_ATTENDANCE,20107,Inserted inside the current SQL transaction.
PREVIEW_ROLLED_BACK,ATTENDANCE,CALTHORPE|CHAIR BASED EXERCISE|2026-04-13|1130|1215|CARD:642,NEW_ATTENDANCE,20108,Inserted inside the current SQL transaction.
PREVIEW_ROLLED_BACK,ATTENDANCE,CALTHORPE|CHAIR BASED EXERCISE|2026-04-13|1130|1215|CARD:704,NEW_ATTENDANCE,20109,Inserted inside the current SQL transaction.
PREVIEW_ROLLED_BACK,ATTENDANCE,CALTHORPE|CHAIR BASED EXERCISE|2026-04-13|1130|1215|CARD:753,NEW_ATTENDANCE,20110,Inserted inside the current SQL transaction.
PREVIEW_ROLLED_BACK,ATTENDANCE,CALTHORPE|CHAIR BASED EXERCISE|2026-04-13|1130|1215|CARD:852,NEW_ATTENDANCE,20111,Inserted inside the current SQL transaction.
PREVIEW_ROLLED_BACK,ATTENDANCE,CALTHORPE|CHAIR BASED EXERCISE|2026-04-13|1130|1215|CARD:853,NEW_ATTENDANCE,20112,Inserted inside the current SQL transaction.
PREVIEW_ROLLED_BACK,ATTENDANCE,CALTHORPE|CHAIR BASED EXERCISE|2026-04-13|1130|1215|CARD:855,NEW_ATTENDANCE,20113,Inserted inside the current SQL transaction.
PREVIEW_ROLLED_BACK,ATTENDANCE,CALTHORPE|CROCHET|2026-04-13|1230|1430|CARD:1567,NEW_ATTENDANCE,20114,Inserted inside the current SQL transaction.
PREVIEW_ROLLED_BACK,ATTENDANCE,CALTHORPE|CROCHET|2026-04-13|1230|1430|CARD:416,NEW_ATTENDANCE,20115,Inserted inside the current SQL transaction.
PREVIEW_ROLLED_BACK,ATTENDANCE,CALTHORPE|CROCHET|2026-04-13|1230|1430|CARD:418,NEW_ATTENDANCE,20116,Inserted inside the current SQL transaction.
PREVIEW_ROLLED_BACK,ATTENDANCE,CALTHORPE|CROCHET|2026-04-13|1230|1430|CARD:436,NEW_ATTENDANCE,20117,Inserted inside the current SQL transaction.
PREVIEW_ROLLED_BACK,ATTENDANCE,CALTHORPE|CROCHET|2026-04-13|1230|1430|CARD:468,NEW_ATTENDANCE,20118,Inserted inside the current SQL transaction.
PREVIEW_ROLLED_BACK,ATTENDANCE,CALTHORPE|CROCHET|2026-04-13|1230|1430|CARD:513,NEW_ATTENDANCE,20119,Inserted inside the current SQL transaction.
PREVIEW_ROLLED_BACK,ATTENDANCE,CALTHORPE|CROCHET|2026-04-13|1230|1430|CARD:586,NEW_ATTENDANCE,20120,Inserted inside the current SQL transaction.
PREVIEW_ROLLED_BACK,ATTENDANCE,CALTHORPE|CROCHET|2026-04-13|1230|1430|CARD:616,NEW_ATTENDANCE,20121,Inserted inside the current SQL transaction.
PREVIEW_ROLLED_BACK,ATTENDANCE,CALTHORPE|CROCHET|2026-04-13|1230|1430|CARD:638,NEW_ATTENDANCE,20122,Inserted inside the current SQL transaction.
PREVIEW_ROLLED_BACK,ATTENDANCE,CALTHORPE|CROCHET|2026-04-13|1230|1430|CARD:657,NEW_ATTENDANCE,20123,Inserted inside the current SQL transaction.
PREVIEW_ROLLED_BACK,ATTENDANCE,CALTHORPE|CROCHET|2026-04-13|1230|1430|CARD:708,NEW_ATTENDANCE,20124,Inserted inside the current SQL transaction.
PREVIEW_ROLLED_BACK,ATTENDANCE,CALTHORPE|CROCHET|2026-04-13|1230|1430|CARD:794,NEW_ATTENDANCE,20125,Inserted inside the current SQL transaction.
PREVIEW_ROLLED_BACK,ATTENDANCE,CALTHORPE|CROCHET|2026-04-13|1230|1430|CARD:996,NEW_ATTENDANCE,20126,Inserted inside the current SQL transaction.
PREVIEW_ROLLED_BACK,ATTENDANCE,CALTHORPE|HIIT|2026-04-13|1030|1115|CARD:1418,NEW_ATTENDANCE,20127,Inserted inside the current SQL transaction.
PREVIEW_ROLLED_BACK,ATTENDANCE,CALTHORPE|HIIT|2026-04-13|1030|1115|CARD:411,NEW_ATTENDANCE,20128,Inserted inside the current SQL transaction.
PREVIEW_ROLLED_BACK,ATTENDANCE,CALTHORPE|HIIT|2026-04-13|1030|1115|CARD:426,NEW_ATTENDANCE,20129,Inserted inside the current SQL transaction.
PREVIEW_ROLLED_BACK,ATTENDANCE,CALTHORPE|HIIT|2026-04-13|1030|1115|CARD:441,NEW_ATTENDANCE,20130,Inserted inside the current SQL transaction.
PREVIEW_ROLLED_BACK,ATTENDANCE,CALTHORPE|HIIT|2026-04-13|1030|1115|CARD:515,NEW_ATTENDANCE,20131,Inserted inside the current SQL transaction.
PREVIEW_ROLLED_BACK,ATTENDANCE,CALTHORPE|HIIT|2026-04-13|1030|1115|CARD:692,NEW_ATTENDANCE,20132,Inserted inside the current SQL transaction.
PREVIEW_ROLLED_BACK,ATTENDANCE,CALTHORPE|HIIT|2026-04-13|1030|1115|CARD:704,NEW_ATTENDANCE,20133,Inserted inside the current SQL transaction.
PREVIEW_ROLLED_BACK,ATTENDANCE,CALTHORPE|HIIT|2026-04-13|1030|1115|CARD:707,NEW_ATTENDANCE,20134,Inserted inside the current SQL transaction.
PREVIEW_ROLLED_BACK,ATTENDANCE,CALTHORPE|HIIT|2026-04-13|1030|1115|CARD:851,NEW_ATTENDANCE,20135,Inserted inside the current SQL transaction.
PREVIEW_ROLLED_BACK,ATTENDANCE,CALTHORPE|HIIT|2026-04-13|1030|1115|CARD:996,NEW_ATTENDANCE,20136,Inserted inside the current SQL transaction.
PREVIEW_ROLLED_BACK,ATTENDANCE,CALTHORPE|ZUMBA|2026-04-13|0930|1015|CARD:1418,NEW_ATTENDANCE,20137,Inserted inside the current SQL transaction.
PREVIEW_ROLLED_BACK,ATTENDANCE,CALTHORPE|ZUMBA|2026-04-13|0930|1015|CARD:371,NEW_ATTENDANCE,20138,Inserted inside the current SQL transaction.
PREVIEW_ROLLED_BACK,ATTENDANCE,CALTHORPE|ZUMBA|2026-04-13|0930|1015|CARD:411,NEW_ATTENDANCE,20139,Inserted inside the current SQL transaction.
PREVIEW_ROLLED_BACK,ATTENDANCE,CALTHORPE|ZUMBA|2026-04-13|0930|1015|CARD:426,NEW_ATTENDANCE,20140,Inserted inside the current SQL transaction.
PREVIEW_ROLLED_BACK,ATTENDANCE,CALTHORPE|ZUMBA|2026-04-13|0930|1015|CARD:429,NEW_ATTENDANCE,20141,Inserted inside the current SQL transaction.
PREVIEW_ROLLED_BACK,ATTENDANCE,CALTHORPE|ZUMBA|2026-04-13|0930|1015|CARD:441,NEW_ATTENDANCE,20142,Inserted inside the current SQL transaction.
PREVIEW_ROLLED_BACK,ATTENDANCE,CALTHORPE|ZUMBA|2026-04-13|0930|1015|CARD:470,NEW_ATTENDANCE,20143,Inserted inside the current SQL transaction.
PREVIEW_ROLLED_BACK,ATTENDANCE,CALTHORPE|ZUMBA|2026-04-13|0930|1015|CARD:515,NEW_ATTENDANCE,20144,Inserted inside the current SQL transaction.
PREVIEW_ROLLED_BACK,ATTENDANCE,CALTHORPE|ZUMBA|2026-04-13|0930|1015|CARD:691,NEW_ATTENDANCE,20145,Inserted inside the current SQL transaction.
PREVIEW_ROLLED_BACK,ATTENDANCE,CALTHORPE|ZUMBA|2026-04-13|0930|1015|CARD:692,NEW_ATTENDANCE,20146,Inserted inside the current SQL transaction.
PREVIEW_ROLLED_BACK,ATTENDANCE,CALTHORPE|ZUMBA|2026-04-13|0930|1015|CARD:704,NEW_ATTENDANCE,20147,Inserted inside the current SQL transaction.
PREVIEW_ROLLED_BACK,ATTENDANCE,CALTHORPE|ZUMBA|2026-04-13|0930|1015|CARD:761,NEW_ATTENDANCE,20148,Inserted inside the current SQL transaction.
PREVIEW_ROLLED_BACK,ATTENDANCE,CALTHORPE|ZUMBA|2026-04-13|0930|1015|CARD:780,NEW_ATTENDANCE,20149,Inserted inside the current SQL transaction.
PREVIEW_ROLLED_BACK,ATTENDANCE,CALTHORPE|ZUMBA|2026-04-13|0930|1015|CARD:851,NEW_ATTENDANCE,20150,Inserted inside the current SQL transaction.
PREVIEW_ROLLED_BACK,ATTENDANCE,CALTHORPE|ZUMBA|2026-04-13|0930|1015|CARD:996,NEW_ATTENDANCE,20151,Inserted inside the current SQL transaction.
PREVIEW_ROLLED_BACK,ATTENDANCE,CALTHORPE|ESOL|2026-04-14|1130|1330|CARD:455,NEW_ATTENDANCE,20152,Inserted inside the current SQL transaction.
PREVIEW_ROLLED_BACK,ATTENDANCE,CALTHORPE|ESOL|2026-04-14|1130|1330|CARD:462,NEW_ATTENDANCE,20153,Inserted inside the current SQL transaction.
PREVIEW_ROLLED_BACK,ATTENDANCE,CALTHORPE|ESOL|2026-04-14|1130|1330|CARD:516,NEW_ATTENDANCE,20154,Inserted inside the current SQL transaction.
PREVIEW_ROLLED_BACK,ATTENDANCE,CALTHORPE|ESOL|2026-04-14|1130|1330|CARD:647,NEW_ATTENDANCE,20155,Inserted inside the current SQL transaction.
PREVIEW_ROLLED_BACK,ATTENDANCE,CALTHORPE|ESOL|2026-04-14|1130|1330|CARD:672,NEW_ATTENDANCE,20156,Inserted inside the current SQL transaction.
PREVIEW_ROLLED_BACK,ATTENDANCE,CALTHORPE|ESOL|2026-04-14|1130|1330|CARD:728,NEW_ATTENDANCE,20157,Inserted inside the current SQL transaction.
PREVIEW_ROLLED_BACK,ATTENDANCE,CALTHORPE|ESOL|2026-04-14|1130|1330|CARD:994,NEW_ATTENDANCE,20158,Inserted inside the current SQL transaction.
PREVIEW_ROLLED_BACK,ATTENDANCE,CALTHORPE|ESOL|2026-04-14|1130|1330|NAME:safia,NEW_ATTENDANCE,20159,Inserted inside the current SQL transaction.
PREVIEW_ROLLED_BACK,ATTENDANCE,CALTHORPE|STRENGTH & STRETCH|2026-04-14|0930|1030|CARD:1565,NEW_ATTENDANCE,20160,Inserted inside the current SQL transaction.
PREVIEW_ROLLED_BACK,ATTENDANCE,CALTHORPE|STRENGTH & STRETCH|2026-04-14|0930|1030|CARD:390,NEW_ATTENDANCE,20161,Inserted inside the current SQL transaction.
PREVIEW_ROLLED_BACK,ATTENDANCE,CALTHORPE|STRENGTH & STRETCH|2026-04-14|0930|1030|CARD:416,NEW_ATTENDANCE,20162,Inserted inside the current SQL transaction.
PREVIEW_ROLLED_BACK,ATTENDANCE,CALTHORPE|STRENGTH & STRETCH|2026-04-14|0930|1030|CARD:429,NEW_ATTENDANCE,20163,Inserted inside the current SQL transaction.
PREVIEW_ROLLED_BACK,ATTENDANCE,CALTHORPE|STRENGTH & STRETCH|2026-04-14|0930|1030|CARD:441,NEW_ATTENDANCE,20164,Inserted inside the current SQL transaction.
PREVIEW_ROLLED_BACK,ATTENDANCE,CALTHORPE|STRENGTH & STRETCH|2026-04-14|0930|1030|CARD:486,NEW_ATTENDANCE,20165,Inserted inside the current SQL transaction.
PREVIEW_ROLLED_BACK,ATTENDANCE,CALTHORPE|STRENGTH & STRETCH|2026-04-14|0930|1030|CARD:515,NEW_ATTENDANCE,20166,Inserted inside the current SQL transaction.
PREVIEW_ROLLED_BACK,ATTENDANCE,CALTHORPE|STRENGTH & STRETCH|2026-04-14|0930|1030|CARD:604,NEW_ATTENDANCE,20167,Inserted inside the current SQL transaction.
PREVIEW_ROLLED_BACK,ATTENDANCE,CALTHORPE|STRENGTH & STRETCH|2026-04-14|0930|1030|CARD:625,NEW_ATTENDANCE,20168,Inserted inside the current SQL transaction.
PREVIEW_ROLLED_BACK,ATTENDANCE,CALTHORPE|STRENGTH & STRETCH|2026-04-14|0930|1030|CARD:656,NEW_ATTENDANCE,20169,Inserted inside the current SQL transaction.
PREVIEW_ROLLED_BACK,ATTENDANCE,CALTHORPE|STRENGTH & STRETCH|2026-04-14|0930|1030|CARD:681,NEW_ATTENDANCE,20170,Inserted inside the current SQL transaction.
PREVIEW_ROLLED_BACK,ATTENDANCE,CALTHORPE|STRENGTH & STRETCH|2026-04-14|0930|1030|CARD:692,NEW_ATTENDANCE,20171,Inserted inside the current SQL transaction.
PREVIEW_ROLLED_BACK,ATTENDANCE,CALTHORPE|STRENGTH & STRETCH|2026-04-14|0930|1030|CARD:717,NEW_ATTENDANCE,20172,Inserted inside the current SQL transaction.
PREVIEW_ROLLED_BACK,ATTENDANCE,CALTHORPE|STRENGTH & STRETCH|2026-04-14|0930|1030|CARD:740,NEW_ATTENDANCE,20173,Inserted inside the current SQL transaction.
PREVIEW_ROLLED_BACK,ATTENDANCE,CALTHORPE|STRENGTH & STRETCH|2026-04-14|0930|1030|CARD:780,NEW_ATTENDANCE,20174,Inserted inside the current SQL transaction.
PREVIEW_ROLLED_BACK,ATTENDANCE,CALTHORPE|STRENGTH & STRETCH|2026-04-14|0930|1030|CARD:851,NEW_ATTENDANCE,20175,Inserted inside the current SQL transaction.
PREVIEW_ROLLED_BACK,ATTENDANCE,CALTHORPE|YOGA|2026-04-14|1715|1815|CARD:1447,NEW_ATTENDANCE,20176,Inserted inside the current SQL transaction.
PREVIEW_ROLLED_BACK,ATTENDANCE,CALTHORPE|YOGA|2026-04-14|1715|1815|CARD:540,NEW_ATTENDANCE,20177,Inserted inside the current SQL transaction.
PREVIEW_ROLLED_BACK,ATTENDANCE,CALTHORPE|YOGA|2026-04-14|1715|1815|CARD:625,NEW_ATTENDANCE,20178,Inserted inside the current SQL transaction.
PREVIEW_ROLLED_BACK,ATTENDANCE,CALTHORPE|YOGA|2026-04-14|1715|1815|CARD:629,NEW_ATTENDANCE,20179,Inserted inside the current SQL transaction.
PREVIEW_ROLLED_BACK,ATTENDANCE,CALTHORPE|YOGA|2026-04-14|1715|1815|CARD:663,NEW_ATTENDANCE,20180,Inserted inside the current SQL transaction.
PREVIEW_ROLLED_BACK,ATTENDANCE,CALTHORPE|YOGA|2026-04-14|1715|1815|CARD:704,NEW_ATTENDANCE,20181,Inserted inside the current SQL transaction.
PREVIEW_ROLLED_BACK,ATTENDANCE,CALTHORPE|YOGA|2026-04-14|1715|1815|CARD:717,NEW_ATTENDANCE,20182,Inserted inside the current SQL transaction.
PREVIEW_ROLLED_BACK,ATTENDANCE,CALTHORPE|ESOL|2026-04-15|1130|1330|CARD:452,NEW_ATTENDANCE,20183,Inserted inside the current SQL transaction.
PREVIEW_ROLLED_BACK,ATTENDANCE,CALTHORPE|ESOL|2026-04-15|1130|1330|CARD:455,NEW_ATTENDANCE,20184,Inserted inside the current SQL transaction.
PREVIEW_ROLLED_BACK,ATTENDANCE,CALTHORPE|ESOL|2026-04-15|1130|1330|CARD:457,NEW_ATTENDANCE,20185,Inserted inside the current SQL transaction.
PREVIEW_ROLLED_BACK,ATTENDANCE,CALTHORPE|ESOL|2026-04-15|1130|1330|CARD:458,NEW_ATTENDANCE,20186,Inserted inside the current SQL transaction.
PREVIEW_ROLLED_BACK,ATTENDANCE,CALTHORPE|ESOL|2026-04-15|1130|1330|CARD:459,NEW_ATTENDANCE,20187,Inserted inside the current SQL transaction.
PREVIEW_ROLLED_BACK,ATTENDANCE,CALTHORPE|ESOL|2026-04-15|1130|1330|CARD:462,NEW_ATTENDANCE,20188,Inserted inside the current SQL transaction.
PREVIEW_ROLLED_BACK,ATTENDANCE,CALTHORPE|ESOL|2026-04-15|1130|1330|CARD:516,NEW_ATTENDANCE,20189,Inserted inside the current SQL transaction.
PREVIEW_ROLLED_BACK,ATTENDANCE,CALTHORPE|ESOL|2026-04-15|1130|1330|CARD:647,NEW_ATTENDANCE,20190,Inserted inside the current SQL transaction.
PREVIEW_ROLLED_BACK,ATTENDANCE,CALTHORPE|ESOL|2026-04-15|1130|1330|CARD:672,NEW_ATTENDANCE,20191,Inserted inside the current SQL transaction.
PREVIEW_ROLLED_BACK,ATTENDANCE,CALTHORPE|ESOL|2026-04-15|1130|1330|CARD:709,NEW_ATTENDANCE,20192,Inserted inside the current SQL transaction.
PREVIEW_ROLLED_BACK,ATTENDANCE,CALTHORPE|ESOL|2026-04-15|1130|1330|CARD:785,NEW_ATTENDANCE,20193,Inserted inside the current SQL transaction.
PREVIEW_ROLLED_BACK,ATTENDANCE,CALTHORPE|ESOL|2026-04-15|1130|1330|CARD:803,NEW_ATTENDANCE,20194,Inserted inside the current SQL transaction.
PREVIEW_ROLLED_BACK,ATTENDANCE,CALTHORPE|ESOL|2026-04-15|1130|1330|NAME:malak shubri,NEW_ATTENDANCE,20195,Inserted inside the current SQL transaction.
PREVIEW_ROLLED_BACK,ATTENDANCE,CALTHORPE|SALSA/BELLY DANCING|2026-04-15|1100|1200|CARD:1418,NEW_ATTENDANCE,20196,Inserted inside the current SQL transaction.
PREVIEW_ROLLED_BACK,ATTENDANCE,CALTHORPE|SALSA/BELLY DANCING|2026-04-15|1100|1200|CARD:416,NEW_ATTENDANCE,20197,Inserted inside the current SQL transaction.
PREVIEW_ROLLED_BACK,ATTENDANCE,CALTHORPE|SALSA/BELLY DANCING|2026-04-15|1100|1200|CARD:441,NEW_ATTENDANCE,20198,Inserted inside the current SQL transaction.
PREVIEW_ROLLED_BACK,ATTENDANCE,CALTHORPE|SALSA/BELLY DANCING|2026-04-15|1100|1200|CARD:513,NEW_ATTENDANCE,20199,Inserted inside the current SQL transaction.
PREVIEW_ROLLED_BACK,ATTENDANCE,CALTHORPE|SALSA/BELLY DANCING|2026-04-15|1100|1200|CARD:538,NEW_ATTENDANCE,20200,Inserted inside the current SQL transaction.
PREVIEW_ROLLED_BACK,ATTENDANCE,CALTHORPE|SALSA/BELLY DANCING|2026-04-15|1100|1200|CARD:604,NEW_ATTENDANCE,20201,Inserted inside the current SQL transaction.
PREVIEW_ROLLED_BACK,ATTENDANCE,CALTHORPE|SALSA/BELLY DANCING|2026-04-15|1100|1200|CARD:656,NEW_ATTENDANCE,20202,Inserted inside the current SQL transaction.
PREVIEW_ROLLED_BACK,ATTENDANCE,CALTHORPE|SALSA/BELLY DANCING|2026-04-15|1100|1200|CARD:681,NEW_ATTENDANCE,20203,Inserted inside the current SQL transaction.
PREVIEW_ROLLED_BACK,ATTENDANCE,CALTHORPE|SALSA/BELLY DANCING|2026-04-15|1100|1200|CARD:691,NEW_ATTENDANCE,20204,Inserted inside the current SQL transaction.
PREVIEW_ROLLED_BACK,ATTENDANCE,CALTHORPE|SALSA/BELLY DANCING|2026-04-15|1100|1200|CARD:995,NEW_ATTENDANCE,20205,Inserted inside the current SQL transaction.
PREVIEW_ROLLED_BACK,ATTENDANCE,CALTHORPE|SALSA/BELLY DANCING|2026-04-15|1100|1200|NAME:quenny,NEW_ATTENDANCE,20206,Inserted inside the current SQL transaction.
PREVIEW_ROLLED_BACK,ATTENDANCE,CALTHORPE|CIRCUIT TRAINING|2026-04-16|0930|1015|CARD:411,NEW_ATTENDANCE,20207,Inserted inside the current SQL transaction.
PREVIEW_ROLLED_BACK,ATTENDANCE,CALTHORPE|CIRCUIT TRAINING|2026-04-16|0930|1015|CARD:412,NEW_ATTENDANCE,20208,Inserted inside the current SQL transaction.
PREVIEW_ROLLED_BACK,ATTENDANCE,CALTHORPE|CIRCUIT TRAINING|2026-04-16|0930|1015|CARD:429,NEW_ATTENDANCE,20209,Inserted inside the current SQL transaction.
PREVIEW_ROLLED_BACK,ATTENDANCE,CALTHORPE|CIRCUIT TRAINING|2026-04-16|0930|1015|CARD:470,NEW_ATTENDANCE,20210,Inserted inside the current SQL transaction.
PREVIEW_ROLLED_BACK,ATTENDANCE,CALTHORPE|CIRCUIT TRAINING|2026-04-16|0930|1015|CARD:486,NEW_ATTENDANCE,20211,Inserted inside the current SQL transaction.
PREVIEW_ROLLED_BACK,ATTENDANCE,CALTHORPE|CIRCUIT TRAINING|2026-04-16|0930|1015|CARD:619,NEW_ATTENDANCE,20212,Inserted inside the current SQL transaction.
PREVIEW_ROLLED_BACK,ATTENDANCE,CALTHORPE|CIRCUIT TRAINING|2026-04-16|0930|1015|CARD:761,NEW_ATTENDANCE,20213,Inserted inside the current SQL transaction.
PREVIEW_ROLLED_BACK,ATTENDANCE,CALTHORPE|CIRCUIT TRAINING|2026-04-16|0930|1015|CARD:780,NEW_ATTENDANCE,20214,Inserted inside the current SQL transaction.
PREVIEW_ROLLED_BACK,ATTENDANCE,CALTHORPE|CIRCUIT TRAINING|2026-04-16|0930|1015|CARD:846,NEW_ATTENDANCE,20215,Inserted inside the current SQL transaction.
PREVIEW_ROLLED_BACK,ATTENDANCE,CALTHORPE|CIRCUIT TRAINING|2026-04-16|0930|1015|CARD:851,NEW_ATTENDANCE,20216,Inserted inside the current SQL transaction.
PREVIEW_ROLLED_BACK,ATTENDANCE,CALTHORPE|CROCHET|2026-04-16|1230|1415|CARD:416,NEW_ATTENDANCE,20217,Inserted inside the current SQL transaction.
PREVIEW_ROLLED_BACK,ATTENDANCE,CALTHORPE|CROCHET|2026-04-16|1230|1415|CARD:418,NEW_ATTENDANCE,20218,Inserted inside the current SQL transaction.
PREVIEW_ROLLED_BACK,ATTENDANCE,CALTHORPE|CROCHET|2026-04-16|1230|1415|CARD:424,NEW_ATTENDANCE,20219,Inserted inside the current SQL transaction.
PREVIEW_ROLLED_BACK,ATTENDANCE,CALTHORPE|CROCHET|2026-04-16|1230|1415|CARD:436,NEW_ATTENDANCE,20220,Inserted inside the current SQL transaction.
PREVIEW_ROLLED_BACK,ATTENDANCE,CALTHORPE|CROCHET|2026-04-16|1230|1415|CARD:586,NEW_ATTENDANCE,20221,Inserted inside the current SQL transaction.
PREVIEW_ROLLED_BACK,ATTENDANCE,CALTHORPE|CROCHET|2026-04-16|1230|1415|CARD:638,NEW_ATTENDANCE,20222,Inserted inside the current SQL transaction.
PREVIEW_ROLLED_BACK,ATTENDANCE,CALTHORPE|CROCHET|2026-04-16|1230|1415|CARD:640,NEW_ATTENDANCE,20223,Inserted inside the current SQL transaction.
PREVIEW_ROLLED_BACK,ATTENDANCE,CALTHORPE|CROCHET|2026-04-16|1230|1415|CARD:655,NEW_ATTENDANCE,20224,Inserted inside the current SQL transaction.
PREVIEW_ROLLED_BACK,ATTENDANCE,CALTHORPE|CROCHET|2026-04-16|1230|1415|CARD:763,NEW_ATTENDANCE,20225,Inserted inside the current SQL transaction.
PREVIEW_ROLLED_BACK,ATTENDANCE,CALTHORPE|CROCHET|2026-04-16|1230|1415|CARD:774,NEW_ATTENDANCE,20226,Inserted inside the current SQL transaction.
PREVIEW_ROLLED_BACK,ATTENDANCE,CALTHORPE|MEN'S MULTI SPORTS|2026-04-16|1030|1130|CARD:1599,NEW_ATTENDANCE,20227,Inserted inside the current SQL transaction.
PREVIEW_ROLLED_BACK,ATTENDANCE,CALTHORPE|WALK WITH ABI|2026-04-16|1015|1115|CARD:1447,NEW_ATTENDANCE,20228,Inserted inside the current SQL transaction.
PREVIEW_ROLLED_BACK,ATTENDANCE,CALTHORPE|WALK WITH ABI|2026-04-16|1015|1115|CARD:373,NEW_ATTENDANCE,20229,Inserted inside the current SQL transaction.
PREVIEW_ROLLED_BACK,ATTENDANCE,CALTHORPE|WALK WITH ABI|2026-04-16|1015|1115|CARD:604,NEW_ATTENDANCE,20230,Inserted inside the current SQL transaction.
PREVIEW_ROLLED_BACK,ATTENDANCE,CALTHORPE|WALK WITH ABI|2026-04-16|1015|1115|NAME:pcsd alexa evans,NEW_ATTENDANCE,20231,Inserted inside the current SQL transaction.
PREVIEW_ROLLED_BACK,ATTENDANCE,CALTHORPE|ARTS|2026-04-17|1230|1400|CARD:586,NEW_ATTENDANCE,20232,Inserted inside the current SQL transaction.
PREVIEW_ROLLED_BACK,ATTENDANCE,CALTHORPE|ARTS|2026-04-17|1230|1400|CARD:700,NEW_ATTENDANCE,20233,Inserted inside the current SQL transaction.
PREVIEW_ROLLED_BACK,ATTENDANCE,CALTHORPE|ARTS|2026-04-17|1230|1400|NAME:gwen,NEW_ATTENDANCE,20234,Inserted inside the current SQL transaction.
PREVIEW_ROLLED_BACK,ATTENDANCE,CALTHORPE|ARTS|2026-04-17|1230|1400|NAME:yannmei,NEW_ATTENDANCE,20235,Inserted inside the current SQL transaction.
PREVIEW_ROLLED_BACK,ATTENDANCE,CALTHORPE|BODY CONDITIONING|2026-04-17|1100|1145|CARD:1418,NEW_ATTENDANCE,20236,Inserted inside the current SQL transaction.
PREVIEW_ROLLED_BACK,ATTENDANCE,CALTHORPE|BODY CONDITIONING|2026-04-17|1100|1145|CARD:346,NEW_ATTENDANCE,20237,Inserted inside the current SQL transaction.
PREVIEW_ROLLED_BACK,ATTENDANCE,CALTHORPE|BODY CONDITIONING|2026-04-17|1100|1145|CARD:380,NEW_ATTENDANCE,20238,Inserted inside the current SQL transaction.
PREVIEW_ROLLED_BACK,ATTENDANCE,CALTHORPE|BODY CONDITIONING|2026-04-17|1100|1145|CARD:411,NEW_ATTENDANCE,20239,Inserted inside the current SQL transaction.
PREVIEW_ROLLED_BACK,ATTENDANCE,CALTHORPE|BODY CONDITIONING|2026-04-17|1100|1145|CARD:429,NEW_ATTENDANCE,20240,Inserted inside the current SQL transaction.
PREVIEW_ROLLED_BACK,ATTENDANCE,CALTHORPE|BODY CONDITIONING|2026-04-17|1100|1145|CARD:441,NEW_ATTENDANCE,20241,Inserted inside the current SQL transaction.
PREVIEW_ROLLED_BACK,ATTENDANCE,CALTHORPE|BODY CONDITIONING|2026-04-17|1100|1145|CARD:470,NEW_ATTENDANCE,20242,Inserted inside the current SQL transaction.
PREVIEW_ROLLED_BACK,ATTENDANCE,CALTHORPE|BODY CONDITIONING|2026-04-17|1100|1145|CARD:515,NEW_ATTENDANCE,20243,Inserted inside the current SQL transaction.
PREVIEW_ROLLED_BACK,ATTENDANCE,CALTHORPE|BODY CONDITIONING|2026-04-17|1100|1145|CARD:568,NEW_ATTENDANCE,20244,Inserted inside the current SQL transaction.
PREVIEW_ROLLED_BACK,ATTENDANCE,CALTHORPE|BODY CONDITIONING|2026-04-17|1100|1145|CARD:625,NEW_ATTENDANCE,20245,Inserted inside the current SQL transaction.
PREVIEW_ROLLED_BACK,ATTENDANCE,CALTHORPE|BODY CONDITIONING|2026-04-17|1100|1145|CARD:698,NEW_ATTENDANCE,20246,Inserted inside the current SQL transaction.
PREVIEW_ROLLED_BACK,ATTENDANCE,CALTHORPE|BODY CONDITIONING|2026-04-17|1100|1145|CARD:700,NEW_ATTENDANCE,20247,Inserted inside the current SQL transaction.
PREVIEW_ROLLED_BACK,ATTENDANCE,CALTHORPE|BODY CONDITIONING|2026-04-17|1100|1145|CARD:851,NEW_ATTENDANCE,20248,Inserted inside the current SQL transaction.
PREVIEW_ROLLED_BACK,ATTENDANCE,CALTHORPE|PILATES|2026-04-17|1200|1245|CARD:1601,NEW_ATTENDANCE,20249,Inserted inside the current SQL transaction.
PREVIEW_ROLLED_BACK,ATTENDANCE,CALTHORPE|PILATES|2026-04-17|1200|1245|CARD:390,NEW_ATTENDANCE,20250,Inserted inside the current SQL transaction.
PREVIEW_ROLLED_BACK,ATTENDANCE,CALTHORPE|PILATES|2026-04-17|1200|1245|CARD:410,NEW_ATTENDANCE,20251,Inserted inside the current SQL transaction.
PREVIEW_ROLLED_BACK,ATTENDANCE,CALTHORPE|PILATES|2026-04-17|1200|1245|CARD:441,NEW_ATTENDANCE,20252,Inserted inside the current SQL transaction.
PREVIEW_ROLLED_BACK,ATTENDANCE,CALTHORPE|PILATES|2026-04-17|1200|1245|CARD:507,NEW_ATTENDANCE,20253,Inserted inside the current SQL transaction.
PREVIEW_ROLLED_BACK,ATTENDANCE,CALTHORPE|PILATES|2026-04-17|1200|1245|CARD:629,NEW_ATTENDANCE,20254,Inserted inside the current SQL transaction.
PREVIEW_ROLLED_BACK,ATTENDANCE,CALTHORPE|PILATES|2026-04-17|1200|1245|CARD:635,NEW_ATTENDANCE,20255,Inserted inside the current SQL transaction.
PREVIEW_ROLLED_BACK,ATTENDANCE,CALTHORPE|PILATES|2026-04-17|1200|1245|CARD:644,NEW_ATTENDANCE,20256,Inserted inside the current SQL transaction.
PREVIEW_ROLLED_BACK,ATTENDANCE,CALTHORPE|PILATES|2026-04-17|1200|1245|CARD:691,NEW_ATTENDANCE,20257,Inserted inside the current SQL transaction.
PREVIEW_ROLLED_BACK,ATTENDANCE,CALTHORPE|PILATES|2026-04-17|1200|1245|CARD:707,NEW_ATTENDANCE,20258,Inserted inside the current SQL transaction.
PREVIEW_ROLLED_BACK,ATTENDANCE,CALTHORPE|PILATES|2026-04-17|1200|1245|CARD:799,NEW_ATTENDANCE,20259,Inserted inside the current SQL transaction.
PREVIEW_ROLLED_BACK,ATTENDANCE,CALTHORPE|PILATES|2026-04-17|1200|1245|CARD:856,NEW_ATTENDANCE,20260,Inserted inside the current SQL transaction.
PREVIEW_ROLLED_BACK,ATTENDANCE,CALTHORPE|PILATES|2026-04-17|1200|1245|NAME:anna,NEW_ATTENDANCE,20261,Inserted inside the current SQL transaction.
PREVIEW_ROLLED_BACK,ATTENDANCE,CALTHORPE|CHAIR BASED EXERCISE|2026-04-20|1130|1215|CARD:373,NEW_ATTENDANCE,20262,Inserted inside the current SQL transaction.
PREVIEW_ROLLED_BACK,ATTENDANCE,CALTHORPE|CHAIR BASED EXERCISE|2026-04-20|1130|1215|CARD:380,NEW_ATTENDANCE,20263,Inserted inside the current SQL transaction.
PREVIEW_ROLLED_BACK,ATTENDANCE,CALTHORPE|CHAIR BASED EXERCISE|2026-04-20|1130|1215|CARD:410,NEW_ATTENDANCE,20264,Inserted inside the current SQL transaction.
PREVIEW_ROLLED_BACK,ATTENDANCE,CALTHORPE|CHAIR BASED EXERCISE|2026-04-20|1130|1215|CARD:415,NEW_ATTENDANCE,20265,Inserted inside the current SQL transaction.
PREVIEW_ROLLED_BACK,ATTENDANCE,CALTHORPE|CHAIR BASED EXERCISE|2026-04-20|1130|1215|CARD:416,NEW_ATTENDANCE,20266,Inserted inside the current SQL transaction.
PREVIEW_ROLLED_BACK,ATTENDANCE,CALTHORPE|CHAIR BASED EXERCISE|2026-04-20|1130|1215|CARD:418,NEW_ATTENDANCE,20267,Inserted inside the current SQL transaction.
PREVIEW_ROLLED_BACK,ATTENDANCE,CALTHORPE|CHAIR BASED EXERCISE|2026-04-20|1130|1215|CARD:444,NEW_ATTENDANCE,20268,Inserted inside the current SQL transaction.
PREVIEW_ROLLED_BACK,ATTENDANCE,CALTHORPE|CHAIR BASED EXERCISE|2026-04-20|1130|1215|CARD:485,NEW_ATTENDANCE,20269,Inserted inside the current SQL transaction.
PREVIEW_ROLLED_BACK,ATTENDANCE,CALTHORPE|CHAIR BASED EXERCISE|2026-04-20|1130|1215|CARD:584,NEW_ATTENDANCE,20270,Inserted inside the current SQL transaction.
PREVIEW_ROLLED_BACK,ATTENDANCE,CALTHORPE|CHAIR BASED EXERCISE|2026-04-20|1130|1215|CARD:601,NEW_ATTENDANCE,20271,Inserted inside the current SQL transaction.
PREVIEW_ROLLED_BACK,ATTENDANCE,CALTHORPE|CHAIR BASED EXERCISE|2026-04-20|1130|1215|CARD:620,NEW_ATTENDANCE,20272,Inserted inside the current SQL transaction.
PREVIEW_ROLLED_BACK,ATTENDANCE,CALTHORPE|CHAIR BASED EXERCISE|2026-04-20|1130|1215|CARD:642,NEW_ATTENDANCE,20273,Inserted inside the current SQL transaction.
PREVIEW_ROLLED_BACK,ATTENDANCE,CALTHORPE|CHAIR BASED EXERCISE|2026-04-20|1130|1215|CARD:704,NEW_ATTENDANCE,20274,Inserted inside the current SQL transaction.
PREVIEW_ROLLED_BACK,ATTENDANCE,CALTHORPE|CHAIR BASED EXERCISE|2026-04-20|1130|1215|CARD:852,NEW_ATTENDANCE,20275,Inserted inside the current SQL transaction.
PREVIEW_ROLLED_BACK,ATTENDANCE,CALTHORPE|CHAIR BASED EXERCISE|2026-04-20|1130|1215|CARD:853,NEW_ATTENDANCE,20276,Inserted inside the current SQL transaction.
PREVIEW_ROLLED_BACK,ATTENDANCE,CALTHORPE|CHAIR BASED EXERCISE|2026-04-20|1130|1215|CARD:855,NEW_ATTENDANCE,20277,Inserted inside the current SQL transaction.
PREVIEW_ROLLED_BACK,ATTENDANCE,CALTHORPE|CROCHET|2026-04-20|1230|1430|CARD:1567,NEW_ATTENDANCE,20278,Inserted inside the current SQL transaction.
PREVIEW_ROLLED_BACK,ATTENDANCE,CALTHORPE|CROCHET|2026-04-20|1230|1430|CARD:416,NEW_ATTENDANCE,20279,Inserted inside the current SQL transaction.
PREVIEW_ROLLED_BACK,ATTENDANCE,CALTHORPE|CROCHET|2026-04-20|1230|1430|CARD:418,NEW_ATTENDANCE,20280,Inserted inside the current SQL transaction.
PREVIEW_ROLLED_BACK,ATTENDANCE,CALTHORPE|CROCHET|2026-04-20|1230|1430|CARD:468,NEW_ATTENDANCE,20281,Inserted inside the current SQL transaction.
PREVIEW_ROLLED_BACK,ATTENDANCE,CALTHORPE|CROCHET|2026-04-20|1230|1430|CARD:586,NEW_ATTENDANCE,20282,Inserted inside the current SQL transaction.
PREVIEW_ROLLED_BACK,ATTENDANCE,CALTHORPE|CROCHET|2026-04-20|1230|1430|CARD:708,NEW_ATTENDANCE,20283,Inserted inside the current SQL transaction.
PREVIEW_ROLLED_BACK,ATTENDANCE,CALTHORPE|CROCHET|2026-04-20|1230|1430|CARD:794,NEW_ATTENDANCE,20284,Inserted inside the current SQL transaction.
PREVIEW_ROLLED_BACK,ATTENDANCE,CALTHORPE|HIIT|2026-04-20|1030|1115|CARD:411,NEW_ATTENDANCE,20285,Inserted inside the current SQL transaction.
PREVIEW_ROLLED_BACK,ATTENDANCE,CALTHORPE|HIIT|2026-04-20|1030|1115|CARD:426,NEW_ATTENDANCE,20286,Inserted inside the current SQL transaction.
PREVIEW_ROLLED_BACK,ATTENDANCE,CALTHORPE|HIIT|2026-04-20|1030|1115|CARD:441,NEW_ATTENDANCE,20287,Inserted inside the current SQL transaction.
PREVIEW_ROLLED_BACK,ATTENDANCE,CALTHORPE|HIIT|2026-04-20|1030|1115|CARD:486,NEW_ATTENDANCE,20288,Inserted inside the current SQL transaction.
PREVIEW_ROLLED_BACK,ATTENDANCE,CALTHORPE|HIIT|2026-04-20|1030|1115|CARD:515,NEW_ATTENDANCE,20289,Inserted inside the current SQL transaction.
PREVIEW_ROLLED_BACK,ATTENDANCE,CALTHORPE|HIIT|2026-04-20|1030|1115|CARD:681,NEW_ATTENDANCE,20290,Inserted inside the current SQL transaction.
PREVIEW_ROLLED_BACK,ATTENDANCE,CALTHORPE|HIIT|2026-04-20|1030|1115|CARD:704,NEW_ATTENDANCE,20291,Inserted inside the current SQL transaction.
PREVIEW_ROLLED_BACK,ATTENDANCE,CALTHORPE|HIIT|2026-04-20|1030|1115|CARD:717,NEW_ATTENDANCE,20292,Inserted inside the current SQL transaction.
PREVIEW_ROLLED_BACK,ATTENDANCE,CALTHORPE|HIIT|2026-04-20|1030|1115|CARD:996,NEW_ATTENDANCE,20293,Inserted inside the current SQL transaction.
PREVIEW_ROLLED_BACK,ATTENDANCE,CALTHORPE|ZUMBA|2026-04-20|0930|1015|CARD:411,NEW_ATTENDANCE,20294,Inserted inside the current SQL transaction.
PREVIEW_ROLLED_BACK,ATTENDANCE,CALTHORPE|ZUMBA|2026-04-20|0930|1015|CARD:426,NEW_ATTENDANCE,20295,Inserted inside the current SQL transaction.
PREVIEW_ROLLED_BACK,ATTENDANCE,CALTHORPE|ZUMBA|2026-04-20|0930|1015|CARD:429,NEW_ATTENDANCE,20296,Inserted inside the current SQL transaction.
PREVIEW_ROLLED_BACK,ATTENDANCE,CALTHORPE|ZUMBA|2026-04-20|0930|1015|CARD:441,NEW_ATTENDANCE,20297,Inserted inside the current SQL transaction.
PREVIEW_ROLLED_BACK,ATTENDANCE,CALTHORPE|ZUMBA|2026-04-20|0930|1015|CARD:470,NEW_ATTENDANCE,20298,Inserted inside the current SQL transaction.
PREVIEW_ROLLED_BACK,ATTENDANCE,CALTHORPE|ZUMBA|2026-04-20|0930|1015|CARD:486,NEW_ATTENDANCE,20299,Inserted inside the current SQL transaction.
PREVIEW_ROLLED_BACK,ATTENDANCE,CALTHORPE|ZUMBA|2026-04-20|0930|1015|CARD:515,NEW_ATTENDANCE,20300,Inserted inside the current SQL transaction.
PREVIEW_ROLLED_BACK,ATTENDANCE,CALTHORPE|ZUMBA|2026-04-20|0930|1015|CARD:689,NEW_ATTENDANCE,20301,Inserted inside the current SQL transaction.
PREVIEW_ROLLED_BACK,ATTENDANCE,CALTHORPE|ZUMBA|2026-04-20|0930|1015|CARD:704,NEW_ATTENDANCE,20302,Inserted inside the current SQL transaction.
PREVIEW_ROLLED_BACK,ATTENDANCE,CALTHORPE|ZUMBA|2026-04-20|0930|1015|CARD:780,NEW_ATTENDANCE,20303,Inserted inside the current SQL transaction.
PREVIEW_ROLLED_BACK,ATTENDANCE,CALTHORPE|ZUMBA|2026-04-20|0930|1015|CARD:851,NEW_ATTENDANCE,20304,Inserted inside the current SQL transaction.
PREVIEW_ROLLED_BACK,ATTENDANCE,CALTHORPE|ZUMBA|2026-04-20|0930|1015|CARD:996,NEW_ATTENDANCE,20305,Inserted inside the current SQL transaction.
PREVIEW_ROLLED_BACK,ATTENDANCE,CALTHORPE|ESOL|2026-04-21|1130|1330|CARD:375,NEW_ATTENDANCE,20306,Inserted inside the current SQL transaction.
PREVIEW_ROLLED_BACK,ATTENDANCE,CALTHORPE|ESOL|2026-04-21|1130|1330|CARD:455,NEW_ATTENDANCE,20307,Inserted inside the current SQL transaction.
PREVIEW_ROLLED_BACK,ATTENDANCE,CALTHORPE|ESOL|2026-04-21|1130|1330|CARD:462,NEW_ATTENDANCE,20308,Inserted inside the current SQL transaction.
PREVIEW_ROLLED_BACK,ATTENDANCE,CALTHORPE|ESOL|2026-04-21|1130|1330|CARD:647,NEW_ATTENDANCE,20309,Inserted inside the current SQL transaction.
PREVIEW_ROLLED_BACK,ATTENDANCE,CALTHORPE|ESOL|2026-04-21|1130|1330|CARD:672,NEW_ATTENDANCE,20310,Inserted inside the current SQL transaction.
PREVIEW_ROLLED_BACK,ATTENDANCE,CALTHORPE|ESOL|2026-04-21|1130|1330|CARD:673,NEW_ATTENDANCE,20311,Inserted inside the current SQL transaction.
PREVIEW_ROLLED_BACK,ATTENDANCE,CALTHORPE|ESOL|2026-04-21|1130|1330|CARD:994,NEW_ATTENDANCE,20312,Inserted inside the current SQL transaction.
PREVIEW_ROLLED_BACK,ATTENDANCE,CALTHORPE|STRENGTH & STRETCH|2026-04-21|0930|1030|CARD:386,NEW_ATTENDANCE,20313,Inserted inside the current SQL transaction.
PREVIEW_ROLLED_BACK,ATTENDANCE,CALTHORPE|STRENGTH & STRETCH|2026-04-21|0930|1030|CARD:388,NEW_ATTENDANCE,20314,Inserted inside the current SQL transaction.
PREVIEW_ROLLED_BACK,ATTENDANCE,CALTHORPE|STRENGTH & STRETCH|2026-04-21|0930|1030|CARD:390,NEW_ATTENDANCE,20315,Inserted inside the current SQL transaction.
PREVIEW_ROLLED_BACK,ATTENDANCE,CALTHORPE|STRENGTH & STRETCH|2026-04-21|0930|1030|CARD:429,NEW_ATTENDANCE,20316,Inserted inside the current SQL transaction.
PREVIEW_ROLLED_BACK,ATTENDANCE,CALTHORPE|STRENGTH & STRETCH|2026-04-21|0930|1030|CARD:441,NEW_ATTENDANCE,20317,Inserted inside the current SQL transaction.
PREVIEW_ROLLED_BACK,ATTENDANCE,CALTHORPE|STRENGTH & STRETCH|2026-04-21|0930|1030|CARD:468,NEW_ATTENDANCE,20318,Inserted inside the current SQL transaction.
PREVIEW_ROLLED_BACK,ATTENDANCE,CALTHORPE|STRENGTH & STRETCH|2026-04-21|0930|1030|CARD:470,NEW_ATTENDANCE,20319,Inserted inside the current SQL transaction.
PREVIEW_ROLLED_BACK,ATTENDANCE,CALTHORPE|STRENGTH & STRETCH|2026-04-21|0930|1030|CARD:486,NEW_ATTENDANCE,20320,Inserted inside the current SQL transaction.
PREVIEW_ROLLED_BACK,ATTENDANCE,CALTHORPE|STRENGTH & STRETCH|2026-04-21|0930|1030|CARD:498,NEW_ATTENDANCE,20321,Inserted inside the current SQL transaction.
PREVIEW_ROLLED_BACK,ATTENDANCE,CALTHORPE|STRENGTH & STRETCH|2026-04-21|0930|1030|CARD:515,NEW_ATTENDANCE,20322,Inserted inside the current SQL transaction.
PREVIEW_ROLLED_BACK,ATTENDANCE,CALTHORPE|STRENGTH & STRETCH|2026-04-21|0930|1030|CARD:596,NEW_ATTENDANCE,20323,Inserted inside the current SQL transaction.
PREVIEW_ROLLED_BACK,ATTENDANCE,CALTHORPE|STRENGTH & STRETCH|2026-04-21|0930|1030|CARD:625,NEW_ATTENDANCE,20324,Inserted inside the current SQL transaction.
PREVIEW_ROLLED_BACK,ATTENDANCE,CALTHORPE|STRENGTH & STRETCH|2026-04-21|0930|1030|CARD:639,NEW_ATTENDANCE,20325,Inserted inside the current SQL transaction.
PREVIEW_ROLLED_BACK,ATTENDANCE,CALTHORPE|STRENGTH & STRETCH|2026-04-21|0930|1030|CARD:717,NEW_ATTENDANCE,20326,Inserted inside the current SQL transaction.
PREVIEW_ROLLED_BACK,ATTENDANCE,CALTHORPE|STRENGTH & STRETCH|2026-04-21|0930|1030|CARD:764,NEW_ATTENDANCE,20327,Inserted inside the current SQL transaction.
PREVIEW_ROLLED_BACK,ATTENDANCE,CALTHORPE|STRENGTH & STRETCH|2026-04-21|0930|1030|CARD:851,NEW_ATTENDANCE,20328,Inserted inside the current SQL transaction.
PREVIEW_ROLLED_BACK,ATTENDANCE,CALTHORPE|ESOL|2026-04-22|1130|1330|CARD:452,NEW_ATTENDANCE,20329,Inserted inside the current SQL transaction.
PREVIEW_ROLLED_BACK,ATTENDANCE,CALTHORPE|ESOL|2026-04-22|1130|1330|CARD:455,NEW_ATTENDANCE,20330,Inserted inside the current SQL transaction.
PREVIEW_ROLLED_BACK,ATTENDANCE,CALTHORPE|ESOL|2026-04-22|1130|1330|CARD:457,NEW_ATTENDANCE,20331,Inserted inside the current SQL transaction.
PREVIEW_ROLLED_BACK,ATTENDANCE,CALTHORPE|ESOL|2026-04-22|1130|1330|CARD:458,NEW_ATTENDANCE,20332,Inserted inside the current SQL transaction.
PREVIEW_ROLLED_BACK,ATTENDANCE,CALTHORPE|ESOL|2026-04-22|1130|1330|CARD:462,NEW_ATTENDANCE,20333,Inserted inside the current SQL transaction.
PREVIEW_ROLLED_BACK,ATTENDANCE,CALTHORPE|ESOL|2026-04-22|1130|1330|CARD:647,NEW_ATTENDANCE,20334,Inserted inside the current SQL transaction.
PREVIEW_ROLLED_BACK,ATTENDANCE,CALTHORPE|ESOL|2026-04-22|1130|1330|CARD:672,NEW_ATTENDANCE,20335,Inserted inside the current SQL transaction.
PREVIEW_ROLLED_BACK,ATTENDANCE,CALTHORPE|ESOL|2026-04-22|1130|1330|CARD:709,NEW_ATTENDANCE,20336,Inserted inside the current SQL transaction.
PREVIEW_ROLLED_BACK,ATTENDANCE,CALTHORPE|ESOL|2026-04-22|1130|1330|CARD:715,NEW_ATTENDANCE,20337,Inserted inside the current SQL transaction.
PREVIEW_ROLLED_BACK,ATTENDANCE,CALTHORPE|ESOL|2026-04-22|1130|1330|CARD:728,NEW_ATTENDANCE,20338,Inserted inside the current SQL transaction.
PREVIEW_ROLLED_BACK,ATTENDANCE,CALTHORPE|ESOL|2026-04-22|1130|1330|CARD:803,NEW_ATTENDANCE,20339,Inserted inside the current SQL transaction.
PREVIEW_ROLLED_BACK,ATTENDANCE,CALTHORPE|ESOL|2026-04-22|1130|1330|CARD:994,NEW_ATTENDANCE,20340,Inserted inside the current SQL transaction.
PREVIEW_ROLLED_BACK,ATTENDANCE,CALTHORPE|CHAIR BASED EXERCISE|2026-04-23|1130|1215|CARD:337,NEW_ATTENDANCE,20341,Inserted inside the current SQL transaction.
PREVIEW_ROLLED_BACK,ATTENDANCE,CALTHORPE|CHAIR BASED EXERCISE|2026-04-23|1130|1215|CARD:380,NEW_ATTENDANCE,20342,Inserted inside the current SQL transaction.
PREVIEW_ROLLED_BACK,ATTENDANCE,CALTHORPE|CHAIR BASED EXERCISE|2026-04-23|1130|1215|CARD:415,NEW_ATTENDANCE,20343,Inserted inside the current SQL transaction.
PREVIEW_ROLLED_BACK,ATTENDANCE,CALTHORPE|CHAIR BASED EXERCISE|2026-04-23|1130|1215|CARD:416,NEW_ATTENDANCE,20344,Inserted inside the current SQL transaction.
PREVIEW_ROLLED_BACK,ATTENDANCE,CALTHORPE|CHAIR BASED EXERCISE|2026-04-23|1130|1215|CARD:424,NEW_ATTENDANCE,20345,Inserted inside the current SQL transaction.
PREVIEW_ROLLED_BACK,ATTENDANCE,CALTHORPE|CHAIR BASED EXERCISE|2026-04-23|1130|1215|CARD:515,NEW_ATTENDANCE,20346,Inserted inside the current SQL transaction.
PREVIEW_ROLLED_BACK,ATTENDANCE,CALTHORPE|CHAIR BASED EXERCISE|2026-04-23|1130|1215|CARD:516,NEW_ATTENDANCE,20347,Inserted inside the current SQL transaction.
PREVIEW_ROLLED_BACK,ATTENDANCE,CALTHORPE|CHAIR BASED EXERCISE|2026-04-23|1130|1215|CARD:586,NEW_ATTENDANCE,20348,Inserted inside the current SQL transaction.
PREVIEW_ROLLED_BACK,ATTENDANCE,CALTHORPE|CHAIR BASED EXERCISE|2026-04-23|1130|1215|CARD:604,NEW_ATTENDANCE,20349,Inserted inside the current SQL transaction.
PREVIEW_ROLLED_BACK,ATTENDANCE,CALTHORPE|CHAIR BASED EXERCISE|2026-04-23|1130|1215|CARD:620,NEW_ATTENDANCE,20350,Inserted inside the current SQL transaction.
PREVIEW_ROLLED_BACK,ATTENDANCE,CALTHORPE|CHAIR BASED EXERCISE|2026-04-23|1130|1215|CARD:638,NEW_ATTENDANCE,20351,Inserted inside the current SQL transaction.
PREVIEW_ROLLED_BACK,ATTENDANCE,CALTHORPE|CHAIR BASED EXERCISE|2026-04-23|1130|1215|CARD:640,NEW_ATTENDANCE,20352,Inserted inside the current SQL transaction.
PREVIEW_ROLLED_BACK,ATTENDANCE,CALTHORPE|CHAIR BASED EXERCISE|2026-04-23|1130|1215|CARD:642,NEW_ATTENDANCE,20353,Inserted inside the current SQL transaction.
PREVIEW_ROLLED_BACK,ATTENDANCE,CALTHORPE|CHAIR BASED EXERCISE|2026-04-23|1130|1215|CARD:647,NEW_ATTENDANCE,20354,Inserted inside the current SQL transaction.
PREVIEW_ROLLED_BACK,ATTENDANCE,CALTHORPE|CHAIR BASED EXERCISE|2026-04-23|1130|1215|CARD:655,NEW_ATTENDANCE,20355,Inserted inside the current SQL transaction.
PREVIEW_ROLLED_BACK,ATTENDANCE,CALTHORPE|CHAIR BASED EXERCISE|2026-04-23|1130|1215|CARD:663,NEW_ATTENDANCE,20356,Inserted inside the current SQL transaction.
PREVIEW_ROLLED_BACK,ATTENDANCE,CALTHORPE|CHAIR BASED EXERCISE|2026-04-23|1130|1215|CARD:706,NEW_ATTENDANCE,20357,Inserted inside the current SQL transaction.
PREVIEW_ROLLED_BACK,ATTENDANCE,CALTHORPE|CHAIR BASED EXERCISE|2026-04-23|1130|1215|CARD:753,NEW_ATTENDANCE,20358,Inserted inside the current SQL transaction.
PREVIEW_ROLLED_BACK,ATTENDANCE,CALTHORPE|CHAIR BASED EXERCISE|2026-04-23|1130|1215|CARD:855,NEW_ATTENDANCE,20359,Inserted inside the current SQL transaction.
PREVIEW_ROLLED_BACK,ATTENDANCE,CALTHORPE|CHAIR BASED EXERCISE|2026-04-23|1130|1215|CARD:866,NEW_ATTENDANCE,20360,Inserted inside the current SQL transaction.
PREVIEW_ROLLED_BACK,ATTENDANCE,CALTHORPE|CIRCUIT TRAINING|2026-04-23|0930|1015|CARD:411,NEW_ATTENDANCE,20361,Inserted inside the current SQL transaction.
PREVIEW_ROLLED_BACK,ATTENDANCE,CALTHORPE|CIRCUIT TRAINING|2026-04-23|0930|1015|CARD:413,NEW_ATTENDANCE,20362,Inserted inside the current SQL transaction.
PREVIEW_ROLLED_BACK,ATTENDANCE,CALTHORPE|CIRCUIT TRAINING|2026-04-23|0930|1015|CARD:429,NEW_ATTENDANCE,20363,Inserted inside the current SQL transaction.
PREVIEW_ROLLED_BACK,ATTENDANCE,CALTHORPE|CIRCUIT TRAINING|2026-04-23|0930|1015|CARD:440,NEW_ATTENDANCE,20364,Inserted inside the current SQL transaction.
PREVIEW_ROLLED_BACK,ATTENDANCE,CALTHORPE|CIRCUIT TRAINING|2026-04-23|0930|1015|CARD:593,NEW_ATTENDANCE,20365,Inserted inside the current SQL transaction.
PREVIEW_ROLLED_BACK,ATTENDANCE,CALTHORPE|CIRCUIT TRAINING|2026-04-23|0930|1015|CARD:639,NEW_ATTENDANCE,20366,Inserted inside the current SQL transaction.
PREVIEW_ROLLED_BACK,ATTENDANCE,CALTHORPE|CIRCUIT TRAINING|2026-04-23|0930|1015|CARD:761,NEW_ATTENDANCE,20367,Inserted inside the current SQL transaction.
PREVIEW_ROLLED_BACK,ATTENDANCE,CALTHORPE|CIRCUIT TRAINING|2026-04-23|0930|1015|CARD:851,NEW_ATTENDANCE,20368,Inserted inside the current SQL transaction.
PREVIEW_ROLLED_BACK,ATTENDANCE,CALTHORPE|CROCHET|2026-04-23|1230|1415|CARD:416,NEW_ATTENDANCE,20369,Inserted inside the current SQL transaction.
PREVIEW_ROLLED_BACK,ATTENDANCE,CALTHORPE|CROCHET|2026-04-23|1230|1415|CARD:424,NEW_ATTENDANCE,20370,Inserted inside the current SQL transaction.
PREVIEW_ROLLED_BACK,ATTENDANCE,CALTHORPE|CROCHET|2026-04-23|1230|1415|CARD:586,NEW_ATTENDANCE,20371,Inserted inside the current SQL transaction.
PREVIEW_ROLLED_BACK,ATTENDANCE,CALTHORPE|CROCHET|2026-04-23|1230|1415|CARD:640,NEW_ATTENDANCE,20372,Inserted inside the current SQL transaction.
PREVIEW_ROLLED_BACK,ATTENDANCE,CALTHORPE|CROCHET|2026-04-23|1230|1415|CARD:655,NEW_ATTENDANCE,20373,Inserted inside the current SQL transaction.
PREVIEW_ROLLED_BACK,ATTENDANCE,CALTHORPE|CROCHET|2026-04-23|1230|1415|CARD:708,NEW_ATTENDANCE,20374,Inserted inside the current SQL transaction.
PREVIEW_ROLLED_BACK,ATTENDANCE,CALTHORPE|CROCHET|2026-04-23|1230|1415|CARD:763,NEW_ATTENDANCE,20375,Inserted inside the current SQL transaction.
PREVIEW_ROLLED_BACK,ATTENDANCE,CALTHORPE|CROCHET|2026-04-23|1230|1415|CARD:774,NEW_ATTENDANCE,20376,Inserted inside the current SQL transaction.
PREVIEW_ROLLED_BACK,ATTENDANCE,CALTHORPE|MEN'S MULTI SPORTS|2026-04-23|1030|1130|CARD:1599,NEW_ATTENDANCE,20377,Inserted inside the current SQL transaction.
PREVIEW_ROLLED_BACK,ATTENDANCE,CALTHORPE|MEN'S MULTI SPORTS|2026-04-23|1030|1130|CARD:487,NEW_ATTENDANCE,20378,Inserted inside the current SQL transaction.
PREVIEW_ROLLED_BACK,ATTENDANCE,CALTHORPE|MEN'S MULTI SPORTS|2026-04-23|1030|1130|NAME:gulzar menmood,NEW_ATTENDANCE,20379,Inserted inside the current SQL transaction.
PREVIEW_ROLLED_BACK,ATTENDANCE,CALTHORPE|WALK WITH ABI|2026-04-23|1015|1115|CARD:373,NEW_ATTENDANCE,20380,Inserted inside the current SQL transaction.
PREVIEW_ROLLED_BACK,ATTENDANCE,CALTHORPE|WALK WITH ABI|2026-04-23|1015|1115|CARD:593,NEW_ATTENDANCE,20381,Inserted inside the current SQL transaction.
PREVIEW_ROLLED_BACK,ATTENDANCE,CALTHORPE|WALK WITH ABI|2026-04-23|1015|1115|CARD:761,NEW_ATTENDANCE,20382,Inserted inside the current SQL transaction.
PREVIEW_ROLLED_BACK,ATTENDANCE,CALTHORPE|WALK WITH ABI|2026-04-23|1015|1115|NAME:pcsd alexa evans,NEW_ATTENDANCE,20383,Inserted inside the current SQL transaction.
PREVIEW_ROLLED_BACK,ATTENDANCE,CALTHORPE|WALK WITH ABI|2026-04-23|1015|1115|NAME:pcsd loz whelan,NEW_ATTENDANCE,20384,Inserted inside the current SQL transaction.
PREVIEW_ROLLED_BACK,ATTENDANCE,CALTHORPE|ARTS|2026-04-24|1230|1400|CARD:402,NEW_ATTENDANCE,20385,Inserted inside the current SQL transaction.
PREVIEW_ROLLED_BACK,ATTENDANCE,CALTHORPE|ARTS|2026-04-24|1230|1400|CARD:416,NEW_ATTENDANCE,20386,Inserted inside the current SQL transaction.
PREVIEW_ROLLED_BACK,ATTENDANCE,CALTHORPE|ARTS|2026-04-24|1230|1400|CARD:444,NEW_ATTENDANCE,20387,Inserted inside the current SQL transaction.
PREVIEW_ROLLED_BACK,ATTENDANCE,CALTHORPE|ARTS|2026-04-24|1230|1400|CARD:691,NEW_ATTENDANCE,20388,Inserted inside the current SQL transaction.
PREVIEW_ROLLED_BACK,ATTENDANCE,CALTHORPE|ARTS|2026-04-24|1230|1400|CARD:700,NEW_ATTENDANCE,20389,Inserted inside the current SQL transaction.
PREVIEW_ROLLED_BACK,ATTENDANCE,CALTHORPE|ARTS|2026-04-24|1230|1400|CARD:771,NEW_ATTENDANCE,20390,Inserted inside the current SQL transaction.
PREVIEW_ROLLED_BACK,ATTENDANCE,CALTHORPE|ARTS|2026-04-24|1230|1400|CARD:849,NEW_ATTENDANCE,20391,Inserted inside the current SQL transaction.
PREVIEW_ROLLED_BACK,ATTENDANCE,CALTHORPE|BODY CONDITIONING|2026-04-24|1100|1145|CARD:1418,NEW_ATTENDANCE,20392,Inserted inside the current SQL transaction.
PREVIEW_ROLLED_BACK,ATTENDANCE,CALTHORPE|BODY CONDITIONING|2026-04-24|1100|1145|CARD:346,NEW_ATTENDANCE,20393,Inserted inside the current SQL transaction.
PREVIEW_ROLLED_BACK,ATTENDANCE,CALTHORPE|BODY CONDITIONING|2026-04-24|1100|1145|CARD:411,NEW_ATTENDANCE,20394,Inserted inside the current SQL transaction.
PREVIEW_ROLLED_BACK,ATTENDANCE,CALTHORPE|BODY CONDITIONING|2026-04-24|1100|1145|CARD:413,NEW_ATTENDANCE,20395,Inserted inside the current SQL transaction.
PREVIEW_ROLLED_BACK,ATTENDANCE,CALTHORPE|BODY CONDITIONING|2026-04-24|1100|1145|CARD:440,NEW_ATTENDANCE,20396,Inserted inside the current SQL transaction.
PREVIEW_ROLLED_BACK,ATTENDANCE,CALTHORPE|BODY CONDITIONING|2026-04-24|1100|1145|CARD:470,NEW_ATTENDANCE,20397,Inserted inside the current SQL transaction.
PREVIEW_ROLLED_BACK,ATTENDANCE,CALTHORPE|BODY CONDITIONING|2026-04-24|1100|1145|CARD:568,NEW_ATTENDANCE,20398,Inserted inside the current SQL transaction.
PREVIEW_ROLLED_BACK,ATTENDANCE,CALTHORPE|BODY CONDITIONING|2026-04-24|1100|1145|CARD:593,NEW_ATTENDANCE,20399,Inserted inside the current SQL transaction.
PREVIEW_ROLLED_BACK,ATTENDANCE,CALTHORPE|BODY CONDITIONING|2026-04-24|1100|1145|CARD:629,NEW_ATTENDANCE,20400,Inserted inside the current SQL transaction.
PREVIEW_ROLLED_BACK,ATTENDANCE,CALTHORPE|BODY CONDITIONING|2026-04-24|1100|1145|CARD:700,NEW_ATTENDANCE,20401,Inserted inside the current SQL transaction.
PREVIEW_ROLLED_BACK,ATTENDANCE,CALTHORPE|BODY CONDITIONING|2026-04-24|1100|1145|CARD:771,NEW_ATTENDANCE,20402,Inserted inside the current SQL transaction.
PREVIEW_ROLLED_BACK,ATTENDANCE,CALTHORPE|BODY CONDITIONING|2026-04-24|1100|1145|CARD:806,NEW_ATTENDANCE,20403,Inserted inside the current SQL transaction.
PREVIEW_ROLLED_BACK,ATTENDANCE,CALTHORPE|BODY CONDITIONING|2026-04-24|1100|1145|CARD:851,NEW_ATTENDANCE,20404,Inserted inside the current SQL transaction.
PREVIEW_ROLLED_BACK,ATTENDANCE,CALTHORPE|PILATES|2026-04-24|1200|1245|CARD:1418,NEW_ATTENDANCE,20405,Inserted inside the current SQL transaction.
PREVIEW_ROLLED_BACK,ATTENDANCE,CALTHORPE|PILATES|2026-04-24|1200|1245|CARD:1548,NEW_ATTENDANCE,20406,Inserted inside the current SQL transaction.
PREVIEW_ROLLED_BACK,ATTENDANCE,CALTHORPE|PILATES|2026-04-24|1200|1245|CARD:1601,NEW_ATTENDANCE,20407,Inserted inside the current SQL transaction.
PREVIEW_ROLLED_BACK,ATTENDANCE,CALTHORPE|PILATES|2026-04-24|1200|1245|CARD:413,NEW_ATTENDANCE,20408,Inserted inside the current SQL transaction.
PREVIEW_ROLLED_BACK,ATTENDANCE,CALTHORPE|PILATES|2026-04-24|1200|1245|CARD:440,NEW_ATTENDANCE,20409,Inserted inside the current SQL transaction.
PREVIEW_ROLLED_BACK,ATTENDANCE,CALTHORPE|PILATES|2026-04-24|1200|1245|CARD:442,NEW_ATTENDANCE,20410,Inserted inside the current SQL transaction.
PREVIEW_ROLLED_BACK,ATTENDANCE,CALTHORPE|PILATES|2026-04-24|1200|1245|CARD:486,NEW_ATTENDANCE,20411,Inserted inside the current SQL transaction.
PREVIEW_ROLLED_BACK,ATTENDANCE,CALTHORPE|PILATES|2026-04-24|1200|1245|CARD:515,NEW_ATTENDANCE,20412,Inserted inside the current SQL transaction.
PREVIEW_ROLLED_BACK,ATTENDANCE,CALTHORPE|PILATES|2026-04-24|1200|1245|CARD:606,NEW_ATTENDANCE,20413,Inserted inside the current SQL transaction.
PREVIEW_ROLLED_BACK,ATTENDANCE,CALTHORPE|PILATES|2026-04-24|1200|1245|CARD:635,NEW_ATTENDANCE,20414,Inserted inside the current SQL transaction.
PREVIEW_ROLLED_BACK,ATTENDANCE,CALTHORPE|PILATES|2026-04-24|1200|1245|CARD:644,NEW_ATTENDANCE,20415,Inserted inside the current SQL transaction.
PREVIEW_ROLLED_BACK,ATTENDANCE,CALTHORPE|PILATES|2026-04-24|1200|1245|CARD:691,NEW_ATTENDANCE,20416,Inserted inside the current SQL transaction.
PREVIEW_ROLLED_BACK,ATTENDANCE,CALTHORPE|PILATES|2026-04-24|1200|1245|CARD:707,NEW_ATTENDANCE,20417,Inserted inside the current SQL transaction.
PREVIEW_ROLLED_BACK,ATTENDANCE,CALTHORPE|CHAIR BASED EXERCISE|2026-04-27|1130|1215|CARD:373,NEW_ATTENDANCE,20418,Inserted inside the current SQL transaction.
PREVIEW_ROLLED_BACK,ATTENDANCE,CALTHORPE|CHAIR BASED EXERCISE|2026-04-27|1130|1215|CARD:410,NEW_ATTENDANCE,20419,Inserted inside the current SQL transaction.
PREVIEW_ROLLED_BACK,ATTENDANCE,CALTHORPE|CHAIR BASED EXERCISE|2026-04-27|1130|1215|CARD:415,NEW_ATTENDANCE,20420,Inserted inside the current SQL transaction.
PREVIEW_ROLLED_BACK,ATTENDANCE,CALTHORPE|CHAIR BASED EXERCISE|2026-04-27|1130|1215|CARD:416,NEW_ATTENDANCE,20421,Inserted inside the current SQL transaction.
PREVIEW_ROLLED_BACK,ATTENDANCE,CALTHORPE|CHAIR BASED EXERCISE|2026-04-27|1130|1215|CARD:418,NEW_ATTENDANCE,20422,Inserted inside the current SQL transaction.
PREVIEW_ROLLED_BACK,ATTENDANCE,CALTHORPE|CHAIR BASED EXERCISE|2026-04-27|1130|1215|CARD:434,NEW_ATTENDANCE,20423,Inserted inside the current SQL transaction.
PREVIEW_ROLLED_BACK,ATTENDANCE,CALTHORPE|CHAIR BASED EXERCISE|2026-04-27|1130|1215|CARD:444,NEW_ATTENDANCE,20424,Inserted inside the current SQL transaction.
PREVIEW_ROLLED_BACK,ATTENDANCE,CALTHORPE|CHAIR BASED EXERCISE|2026-04-27|1130|1215|CARD:485,NEW_ATTENDANCE,20425,Inserted inside the current SQL transaction.
PREVIEW_ROLLED_BACK,ATTENDANCE,CALTHORPE|CHAIR BASED EXERCISE|2026-04-27|1130|1215|CARD:601,NEW_ATTENDANCE,20426,Inserted inside the current SQL transaction.
PREVIEW_ROLLED_BACK,ATTENDANCE,CALTHORPE|CHAIR BASED EXERCISE|2026-04-27|1130|1215|CARD:642,NEW_ATTENDANCE,20427,Inserted inside the current SQL transaction.
PREVIEW_ROLLED_BACK,ATTENDANCE,CALTHORPE|CHAIR BASED EXERCISE|2026-04-27|1130|1215|CARD:761,NEW_ATTENDANCE,20428,Inserted inside the current SQL transaction.
PREVIEW_ROLLED_BACK,ATTENDANCE,CALTHORPE|CHAIR BASED EXERCISE|2026-04-27|1130|1215|CARD:806,NEW_ATTENDANCE,20429,Inserted inside the current SQL transaction.
PREVIEW_ROLLED_BACK,ATTENDANCE,CALTHORPE|CHAIR BASED EXERCISE|2026-04-27|1130|1215|CARD:852,NEW_ATTENDANCE,20430,Inserted inside the current SQL transaction.
PREVIEW_ROLLED_BACK,ATTENDANCE,CALTHORPE|CHAIR BASED EXERCISE|2026-04-27|1130|1215|CARD:853,NEW_ATTENDANCE,20431,Inserted inside the current SQL transaction.
PREVIEW_ROLLED_BACK,ATTENDANCE,CALTHORPE|CHAIR BASED EXERCISE|2026-04-27|1130|1215|CARD:855,NEW_ATTENDANCE,20432,Inserted inside the current SQL transaction.
PREVIEW_ROLLED_BACK,ATTENDANCE,CALTHORPE|CROCHET|2026-04-27|1230|1430|CARD:1567,NEW_ATTENDANCE,20433,Inserted inside the current SQL transaction.
PREVIEW_ROLLED_BACK,ATTENDANCE,CALTHORPE|CROCHET|2026-04-27|1230|1430|CARD:416,NEW_ATTENDANCE,20434,Inserted inside the current SQL transaction.
PREVIEW_ROLLED_BACK,ATTENDANCE,CALTHORPE|CROCHET|2026-04-27|1230|1430|CARD:418,NEW_ATTENDANCE,20435,Inserted inside the current SQL transaction.
PREVIEW_ROLLED_BACK,ATTENDANCE,CALTHORPE|CROCHET|2026-04-27|1230|1430|CARD:436,NEW_ATTENDANCE,20436,Inserted inside the current SQL transaction.
PREVIEW_ROLLED_BACK,ATTENDANCE,CALTHORPE|CROCHET|2026-04-27|1230|1430|CARD:468,NEW_ATTENDANCE,20437,Inserted inside the current SQL transaction.
PREVIEW_ROLLED_BACK,ATTENDANCE,CALTHORPE|CROCHET|2026-04-27|1230|1430|CARD:513,NEW_ATTENDANCE,20438,Inserted inside the current SQL transaction.
PREVIEW_ROLLED_BACK,ATTENDANCE,CALTHORPE|CROCHET|2026-04-27|1230|1430|CARD:638,NEW_ATTENDANCE,20439,Inserted inside the current SQL transaction.
PREVIEW_ROLLED_BACK,ATTENDANCE,CALTHORPE|CROCHET|2026-04-27|1230|1430|CARD:996,NEW_ATTENDANCE,20440,Inserted inside the current SQL transaction.
PREVIEW_ROLLED_BACK,ATTENDANCE,CALTHORPE|HIIT|2026-04-27|1030|1115|CARD:427,NEW_ATTENDANCE,20441,Inserted inside the current SQL transaction.
PREVIEW_ROLLED_BACK,ATTENDANCE,CALTHORPE|HIIT|2026-04-27|1030|1115|CARD:707,NEW_ATTENDANCE,20442,Inserted inside the current SQL transaction.
PREVIEW_ROLLED_BACK,ATTENDANCE,CALTHORPE|HIIT|2026-04-27|1030|1115|CARD:727,NEW_ATTENDANCE,20443,Inserted inside the current SQL transaction.
PREVIEW_ROLLED_BACK,ATTENDANCE,CALTHORPE|HIIT|2026-04-27|1030|1115|CARD:806,NEW_ATTENDANCE,20444,Inserted inside the current SQL transaction.
PREVIEW_ROLLED_BACK,ATTENDANCE,CALTHORPE|ZUMBA|2026-04-27|0930|1015|CARD:1503,NEW_ATTENDANCE,20445,Inserted inside the current SQL transaction.
PREVIEW_ROLLED_BACK,ATTENDANCE,CALTHORPE|ZUMBA|2026-04-27|0930|1015|CARD:1549,NEW_ATTENDANCE,20446,Inserted inside the current SQL transaction.
PREVIEW_ROLLED_BACK,ATTENDANCE,CALTHORPE|ZUMBA|2026-04-27|0930|1015|CARD:413,NEW_ATTENDANCE,20447,Inserted inside the current SQL transaction.
PREVIEW_ROLLED_BACK,ATTENDANCE,CALTHORPE|ZUMBA|2026-04-27|0930|1015|CARD:429,NEW_ATTENDANCE,20448,Inserted inside the current SQL transaction.
PREVIEW_ROLLED_BACK,ATTENDANCE,CALTHORPE|ZUMBA|2026-04-27|0930|1015|CARD:440,NEW_ATTENDANCE,20449,Inserted inside the current SQL transaction.
PREVIEW_ROLLED_BACK,ATTENDANCE,CALTHORPE|ZUMBA|2026-04-27|0930|1015|CARD:441,NEW_ATTENDANCE,20450,Inserted inside the current SQL transaction.
PREVIEW_ROLLED_BACK,ATTENDANCE,CALTHORPE|ZUMBA|2026-04-27|0930|1015|CARD:515,NEW_ATTENDANCE,20451,Inserted inside the current SQL transaction.
PREVIEW_ROLLED_BACK,ATTENDANCE,CALTHORPE|ZUMBA|2026-04-27|0930|1015|CARD:638,NEW_ATTENDANCE,20452,Inserted inside the current SQL transaction.
PREVIEW_ROLLED_BACK,ATTENDANCE,CALTHORPE|ZUMBA|2026-04-27|0930|1015|CARD:653,NEW_ATTENDANCE,20453,Inserted inside the current SQL transaction.
PREVIEW_ROLLED_BACK,ATTENDANCE,CALTHORPE|ZUMBA|2026-04-27|0930|1015|CARD:681,NEW_ATTENDANCE,20454,Inserted inside the current SQL transaction.
PREVIEW_ROLLED_BACK,ATTENDANCE,CALTHORPE|ZUMBA|2026-04-27|0930|1015|CARD:691,NEW_ATTENDANCE,20455,Inserted inside the current SQL transaction.
PREVIEW_ROLLED_BACK,ATTENDANCE,CALTHORPE|ZUMBA|2026-04-27|0930|1015|CARD:717,NEW_ATTENDANCE,20456,Inserted inside the current SQL transaction.
PREVIEW_ROLLED_BACK,ATTENDANCE,CALTHORPE|ZUMBA|2026-04-27|0930|1015|CARD:727,NEW_ATTENDANCE,20457,Inserted inside the current SQL transaction.
PREVIEW_ROLLED_BACK,ATTENDANCE,CALTHORPE|ZUMBA|2026-04-27|0930|1015|CARD:761,NEW_ATTENDANCE,20458,Inserted inside the current SQL transaction.
PREVIEW_ROLLED_BACK,ATTENDANCE,CALTHORPE|ZUMBA|2026-04-27|0930|1015|CARD:780,NEW_ATTENDANCE,20459,Inserted inside the current SQL transaction.
PREVIEW_ROLLED_BACK,ATTENDANCE,CALTHORPE|ZUMBA|2026-04-27|0930|1015|CARD:996,NEW_ATTENDANCE,20460,Inserted inside the current SQL transaction.
PREVIEW_ROLLED_BACK,ATTENDANCE,CALTHORPE|ESOL|2026-04-28|1130|1330|CARD:375,NEW_ATTENDANCE,20461,Inserted inside the current SQL transaction.
PREVIEW_ROLLED_BACK,ATTENDANCE,CALTHORPE|STRENGTH & STRETCH|2026-04-28|0930|1030|CARD:386,NEW_ATTENDANCE,20462,Inserted inside the current SQL transaction.
PREVIEW_ROLLED_BACK,ATTENDANCE,CALTHORPE|STRENGTH & STRETCH|2026-04-28|0930|1030|CARD:388,NEW_ATTENDANCE,20463,Inserted inside the current SQL transaction.
PREVIEW_ROLLED_BACK,ATTENDANCE,CALTHORPE|STRENGTH & STRETCH|2026-04-28|0930|1030|CARD:391,NEW_ATTENDANCE,20464,Inserted inside the current SQL transaction.
PREVIEW_ROLLED_BACK,ATTENDANCE,CALTHORPE|STRENGTH & STRETCH|2026-04-28|0930|1030|CARD:413,NEW_ATTENDANCE,20465,Inserted inside the current SQL transaction.
PREVIEW_ROLLED_BACK,ATTENDANCE,CALTHORPE|STRENGTH & STRETCH|2026-04-28|0930|1030|CARD:416,NEW_ATTENDANCE,20466,Inserted inside the current SQL transaction.
PREVIEW_ROLLED_BACK,ATTENDANCE,CALTHORPE|STRENGTH & STRETCH|2026-04-28|0930|1030|CARD:418,NEW_ATTENDANCE,20467,Inserted inside the current SQL transaction.
PREVIEW_ROLLED_BACK,ATTENDANCE,CALTHORPE|STRENGTH & STRETCH|2026-04-28|0930|1030|CARD:429,NEW_ATTENDANCE,20468,Inserted inside the current SQL transaction.
PREVIEW_ROLLED_BACK,ATTENDANCE,CALTHORPE|STRENGTH & STRETCH|2026-04-28|0930|1030|CARD:440,NEW_ATTENDANCE,20469,Inserted inside the current SQL transaction.
PREVIEW_ROLLED_BACK,ATTENDANCE,CALTHORPE|STRENGTH & STRETCH|2026-04-28|0930|1030|CARD:486,NEW_ATTENDANCE,20470,Inserted inside the current SQL transaction.
PREVIEW_ROLLED_BACK,ATTENDANCE,CALTHORPE|STRENGTH & STRETCH|2026-04-28|0930|1030|CARD:515,NEW_ATTENDANCE,20471,Inserted inside the current SQL transaction.
PREVIEW_ROLLED_BACK,ATTENDANCE,CALTHORPE|STRENGTH & STRETCH|2026-04-28|0930|1030|CARD:653,NEW_ATTENDANCE,20472,Inserted inside the current SQL transaction.
PREVIEW_ROLLED_BACK,ATTENDANCE,CALTHORPE|STRENGTH & STRETCH|2026-04-28|0930|1030|CARD:691,NEW_ATTENDANCE,20473,Inserted inside the current SQL transaction.
PREVIEW_ROLLED_BACK,ATTENDANCE,CALTHORPE|STRENGTH & STRETCH|2026-04-28|0930|1030|CARD:717,NEW_ATTENDANCE,20474,Inserted inside the current SQL transaction.
PREVIEW_ROLLED_BACK,ATTENDANCE,CALTHORPE|STRENGTH & STRETCH|2026-04-28|0930|1030|CARD:727,NEW_ATTENDANCE,20475,Inserted inside the current SQL transaction.
PREVIEW_ROLLED_BACK,ATTENDANCE,CALTHORPE|STRENGTH & STRETCH|2026-04-28|0930|1030|CARD:764,NEW_ATTENDANCE,20476,Inserted inside the current SQL transaction.
PREVIEW_ROLLED_BACK,ATTENDANCE,CALTHORPE|STRENGTH & STRETCH|2026-04-28|0930|1030|CARD:780,NEW_ATTENDANCE,20477,Inserted inside the current SQL transaction.
PREVIEW_ROLLED_BACK,ATTENDANCE,CALTHORPE|YOGA|2026-04-28|1715|1815|CARD:373,NEW_ATTENDANCE,20478,Inserted inside the current SQL transaction.
PREVIEW_ROLLED_BACK,ATTENDANCE,CALTHORPE|YOGA|2026-04-28|1715|1815|CARD:415,NEW_ATTENDANCE,20479,Inserted inside the current SQL transaction.
PREVIEW_ROLLED_BACK,ATTENDANCE,CALTHORPE|YOGA|2026-04-28|1715|1815|CARD:498,NEW_ATTENDANCE,20480,Inserted inside the current SQL transaction.
PREVIEW_ROLLED_BACK,ATTENDANCE,CALTHORPE|YOGA|2026-04-28|1715|1815|CARD:617,NEW_ATTENDANCE,20481,Inserted inside the current SQL transaction.
PREVIEW_ROLLED_BACK,ATTENDANCE,CALTHORPE|YOGA|2026-04-28|1715|1815|CARD:642,NEW_ATTENDANCE,20482,Inserted inside the current SQL transaction.
PREVIEW_ROLLED_BACK,ATTENDANCE,CALTHORPE|YOGA|2026-04-28|1715|1815|CARD:663,NEW_ATTENDANCE,20483,Inserted inside the current SQL transaction.
PREVIEW_ROLLED_BACK,ATTENDANCE,CALTHORPE|YOGA|2026-04-28|1715|1815|CARD:717,NEW_ATTENDANCE,20484,Inserted inside the current SQL transaction.
PREVIEW_ROLLED_BACK,ATTENDANCE,CALTHORPE|YOGA|2026-04-28|1715|1815|NAME:nasima,NEW_ATTENDANCE,20485,Inserted inside the current SQL transaction.
PREVIEW_ROLLED_BACK,ATTENDANCE,CALTHORPE|CHAIR BASED EXERCISE|2026-04-30|1130|1215|CARD:337,NEW_ATTENDANCE,20486,Inserted inside the current SQL transaction.
PREVIEW_ROLLED_BACK,ATTENDANCE,CALTHORPE|CHAIR BASED EXERCISE|2026-04-30|1130|1215|CARD:380,NEW_ATTENDANCE,20487,Inserted inside the current SQL transaction.
PREVIEW_ROLLED_BACK,ATTENDANCE,CALTHORPE|CHAIR BASED EXERCISE|2026-04-30|1130|1215|CARD:415,NEW_ATTENDANCE,20488,Inserted inside the current SQL transaction.
PREVIEW_ROLLED_BACK,ATTENDANCE,CALTHORPE|CHAIR BASED EXERCISE|2026-04-30|1130|1215|CARD:416,NEW_ATTENDANCE,20489,Inserted inside the current SQL transaction.
PREVIEW_ROLLED_BACK,ATTENDANCE,CALTHORPE|CHAIR BASED EXERCISE|2026-04-30|1130|1215|CARD:418,NEW_ATTENDANCE,20490,Inserted inside the current SQL transaction.
PREVIEW_ROLLED_BACK,ATTENDANCE,CALTHORPE|CHAIR BASED EXERCISE|2026-04-30|1130|1215|CARD:424,NEW_ATTENDANCE,20491,Inserted inside the current SQL transaction.
PREVIEW_ROLLED_BACK,ATTENDANCE,CALTHORPE|CHAIR BASED EXERCISE|2026-04-30|1130|1215|CARD:434,NEW_ATTENDANCE,20492,Inserted inside the current SQL transaction.
PREVIEW_ROLLED_BACK,ATTENDANCE,CALTHORPE|CHAIR BASED EXERCISE|2026-04-30|1130|1215|CARD:436,NEW_ATTENDANCE,20493,Inserted inside the current SQL transaction.
PREVIEW_ROLLED_BACK,ATTENDANCE,CALTHORPE|CHAIR BASED EXERCISE|2026-04-30|1130|1215|CARD:444,NEW_ATTENDANCE,20494,Inserted inside the current SQL transaction.
PREVIEW_ROLLED_BACK,ATTENDANCE,CALTHORPE|CHAIR BASED EXERCISE|2026-04-30|1130|1215|CARD:491,NEW_ATTENDANCE,20495,Inserted inside the current SQL transaction.
PREVIEW_ROLLED_BACK,ATTENDANCE,CALTHORPE|CHAIR BASED EXERCISE|2026-04-30|1130|1215|CARD:586,NEW_ATTENDANCE,20496,Inserted inside the current SQL transaction.
PREVIEW_ROLLED_BACK,ATTENDANCE,CALTHORPE|CHAIR BASED EXERCISE|2026-04-30|1130|1215|CARD:620,NEW_ATTENDANCE,20497,Inserted inside the current SQL transaction.
PREVIEW_ROLLED_BACK,ATTENDANCE,CALTHORPE|CHAIR BASED EXERCISE|2026-04-30|1130|1215|CARD:638,NEW_ATTENDANCE,20498,Inserted inside the current SQL transaction.
PREVIEW_ROLLED_BACK,ATTENDANCE,CALTHORPE|CHAIR BASED EXERCISE|2026-04-30|1130|1215|CARD:642,NEW_ATTENDANCE,20499,Inserted inside the current SQL transaction.
PREVIEW_ROLLED_BACK,ATTENDANCE,CALTHORPE|CHAIR BASED EXERCISE|2026-04-30|1130|1215|CARD:655,NEW_ATTENDANCE,20500,Inserted inside the current SQL transaction.
PREVIEW_ROLLED_BACK,ATTENDANCE,CALTHORPE|CHAIR BASED EXERCISE|2026-04-30|1130|1215|CARD:663,NEW_ATTENDANCE,20501,Inserted inside the current SQL transaction.
PREVIEW_ROLLED_BACK,ATTENDANCE,CALTHORPE|CHAIR BASED EXERCISE|2026-04-30|1130|1215|CARD:706,NEW_ATTENDANCE,20502,Inserted inside the current SQL transaction.
PREVIEW_ROLLED_BACK,ATTENDANCE,CALTHORPE|CHAIR BASED EXERCISE|2026-04-30|1130|1215|CARD:866,NEW_ATTENDANCE,20503,Inserted inside the current SQL transaction.
PREVIEW_ROLLED_BACK,ATTENDANCE,CALTHORPE|CIRCUIT TRAINING|2026-04-30|0930|1015|CARD:1541,NEW_ATTENDANCE,20504,Inserted inside the current SQL transaction.
PREVIEW_ROLLED_BACK,ATTENDANCE,CALTHORPE|CIRCUIT TRAINING|2026-04-30|0930|1015|CARD:1603,NEW_ATTENDANCE,20505,Inserted inside the current SQL transaction.
PREVIEW_ROLLED_BACK,ATTENDANCE,CALTHORPE|CIRCUIT TRAINING|2026-04-30|0930|1015|CARD:412,NEW_ATTENDANCE,20506,Inserted inside the current SQL transaction.
PREVIEW_ROLLED_BACK,ATTENDANCE,CALTHORPE|CIRCUIT TRAINING|2026-04-30|0930|1015|CARD:429,NEW_ATTENDANCE,20507,Inserted inside the current SQL transaction.
PREVIEW_ROLLED_BACK,ATTENDANCE,CALTHORPE|CIRCUIT TRAINING|2026-04-30|0930|1015|CARD:486,NEW_ATTENDANCE,20508,Inserted inside the current SQL transaction.
PREVIEW_ROLLED_BACK,ATTENDANCE,CALTHORPE|CIRCUIT TRAINING|2026-04-30|0930|1015|CARD:593,NEW_ATTENDANCE,20509,Inserted inside the current SQL transaction.
PREVIEW_ROLLED_BACK,ATTENDANCE,CALTHORPE|CIRCUIT TRAINING|2026-04-30|0930|1015|CARD:681,NEW_ATTENDANCE,20510,Inserted inside the current SQL transaction.
PREVIEW_ROLLED_BACK,ATTENDANCE,CALTHORPE|CIRCUIT TRAINING|2026-04-30|0930|1015|CARD:691,NEW_ATTENDANCE,20511,Inserted inside the current SQL transaction.
PREVIEW_ROLLED_BACK,ATTENDANCE,CALTHORPE|CIRCUIT TRAINING|2026-04-30|0930|1015|CARD:761,NEW_ATTENDANCE,20512,Inserted inside the current SQL transaction.
PREVIEW_ROLLED_BACK,ATTENDANCE,CALTHORPE|CIRCUIT TRAINING|2026-04-30|0930|1015|CARD:851,NEW_ATTENDANCE,20513,Inserted inside the current SQL transaction.
PREVIEW_ROLLED_BACK,ATTENDANCE,CALTHORPE|CROCHET|2026-04-30|1230|1415|CARD:416,NEW_ATTENDANCE,20514,Inserted inside the current SQL transaction.
PREVIEW_ROLLED_BACK,ATTENDANCE,CALTHORPE|CROCHET|2026-04-30|1230|1415|CARD:418,NEW_ATTENDANCE,20515,Inserted inside the current SQL transaction.
PREVIEW_ROLLED_BACK,ATTENDANCE,CALTHORPE|CROCHET|2026-04-30|1230|1415|CARD:436,NEW_ATTENDANCE,20516,Inserted inside the current SQL transaction.
PREVIEW_ROLLED_BACK,ATTENDANCE,CALTHORPE|CROCHET|2026-04-30|1230|1415|CARD:526,NEW_ATTENDANCE,20517,Inserted inside the current SQL transaction.
PREVIEW_ROLLED_BACK,ATTENDANCE,CALTHORPE|CROCHET|2026-04-30|1230|1415|CARD:586,NEW_ATTENDANCE,20518,Inserted inside the current SQL transaction.
PREVIEW_ROLLED_BACK,ATTENDANCE,CALTHORPE|CROCHET|2026-04-30|1230|1415|CARD:638,NEW_ATTENDANCE,20519,Inserted inside the current SQL transaction.
PREVIEW_ROLLED_BACK,ATTENDANCE,CALTHORPE|CROCHET|2026-04-30|1230|1415|CARD:655,NEW_ATTENDANCE,20520,Inserted inside the current SQL transaction.
PREVIEW_ROLLED_BACK,ATTENDANCE,CALTHORPE|CROCHET|2026-04-30|1230|1415|CARD:763,NEW_ATTENDANCE,20521,Inserted inside the current SQL transaction.
PREVIEW_ROLLED_BACK,ATTENDANCE,CALTHORPE|CROCHET|2026-04-30|1230|1415|CARD:849,NEW_ATTENDANCE,20522,Inserted inside the current SQL transaction.
PREVIEW_ROLLED_BACK,ATTENDANCE,CALTHORPE|MEN'S MULTI SPORTS|2026-04-30|1030|1130|CARD:1550,NEW_ATTENDANCE,20523,Inserted inside the current SQL transaction.
PREVIEW_ROLLED_BACK,ATTENDANCE,CALTHORPE|MEN'S MULTI SPORTS|2026-04-30|1030|1130|CARD:1599,NEW_ATTENDANCE,20524,Inserted inside the current SQL transaction.
PREVIEW_ROLLED_BACK,ATTENDANCE,CALTHORPE|MEN'S MULTI SPORTS|2026-04-30|1030|1130|CARD:487,NEW_ATTENDANCE,20525,Inserted inside the current SQL transaction.
PREVIEW_ROLLED_BACK,ATTENDANCE,CALTHORPE|MEN'S MULTI SPORTS|2026-04-30|1030|1130|CARD:689,NEW_ATTENDANCE,20526,Inserted inside the current SQL transaction.
PREVIEW_ROLLED_BACK,ATTENDANCE,CALTHORPE|MEN'S MULTI SPORTS|2026-04-30|1030|1130|CARD:791,NEW_ATTENDANCE,20527,Inserted inside the current SQL transaction.
PREVIEW_ROLLED_BACK,ATTENDANCE,CALTHORPE|WALK WITH ABI|2026-04-30|1015|1115|CARD:1447,NEW_ATTENDANCE,20528,Inserted inside the current SQL transaction.
PREVIEW_ROLLED_BACK,ATTENDANCE,CALTHORPE|WALK WITH ABI|2026-04-30|1015|1115|CARD:486,NEW_ATTENDANCE,20529,Inserted inside the current SQL transaction.
PREVIEW_ROLLED_BACK,ATTENDANCE,CALTHORPE|WALK WITH ABI|2026-04-30|1015|1115|NAME:nasima,NEW_ATTENDANCE,20530,Inserted inside the current SQL transaction.
PREVIEW_ROLLED_BACK,ATTENDANCE,CALTHORPE|ARTS|2026-05-01|1230|1400|CARD:376,NEW_ATTENDANCE,20531,Inserted inside the current SQL transaction.
PREVIEW_ROLLED_BACK,ATTENDANCE,CALTHORPE|ARTS|2026-05-01|1230|1400|CARD:402,NEW_ATTENDANCE,20532,Inserted inside the current SQL transaction.
PREVIEW_ROLLED_BACK,ATTENDANCE,CALTHORPE|ARTS|2026-05-01|1230|1400|CARD:416,NEW_ATTENDANCE,20533,Inserted inside the current SQL transaction.
PREVIEW_ROLLED_BACK,ATTENDANCE,CALTHORPE|ARTS|2026-05-01|1230|1400|CARD:444,NEW_ATTENDANCE,20534,Inserted inside the current SQL transaction.
PREVIEW_ROLLED_BACK,ATTENDANCE,CALTHORPE|ARTS|2026-05-01|1230|1400|CARD:586,NEW_ATTENDANCE,20535,Inserted inside the current SQL transaction.
PREVIEW_ROLLED_BACK,ATTENDANCE,CALTHORPE|ARTS|2026-05-01|1230|1400|CARD:849,NEW_ATTENDANCE,20536,Inserted inside the current SQL transaction.
PREVIEW_ROLLED_BACK,ATTENDANCE,CALTHORPE|BODY CONDITIONING|2026-05-01|1100|1145|CARD:1603,NEW_ATTENDANCE,20537,Inserted inside the current SQL transaction.
PREVIEW_ROLLED_BACK,ATTENDANCE,CALTHORPE|BODY CONDITIONING|2026-05-01|1100|1145|CARD:1815,NEW_ATTENDANCE,20538,Inserted inside the current SQL transaction.
PREVIEW_ROLLED_BACK,ATTENDANCE,CALTHORPE|BODY CONDITIONING|2026-05-01|1100|1145|CARD:346,NEW_ATTENDANCE,20539,Inserted inside the current SQL transaction.
PREVIEW_ROLLED_BACK,ATTENDANCE,CALTHORPE|BODY CONDITIONING|2026-05-01|1100|1145|CARD:380,NEW_ATTENDANCE,20540,Inserted inside the current SQL transaction.
PREVIEW_ROLLED_BACK,ATTENDANCE,CALTHORPE|BODY CONDITIONING|2026-05-01|1100|1145|CARD:416,NEW_ATTENDANCE,20541,Inserted inside the current SQL transaction.
PREVIEW_ROLLED_BACK,ATTENDANCE,CALTHORPE|BODY CONDITIONING|2026-05-01|1100|1145|CARD:440,NEW_ATTENDANCE,20542,Inserted inside the current SQL transaction.
PREVIEW_ROLLED_BACK,ATTENDANCE,CALTHORPE|BODY CONDITIONING|2026-05-01|1100|1145|CARD:441,NEW_ATTENDANCE,20543,Inserted inside the current SQL transaction.
PREVIEW_ROLLED_BACK,ATTENDANCE,CALTHORPE|BODY CONDITIONING|2026-05-01|1100|1145|CARD:470,NEW_ATTENDANCE,20544,Inserted inside the current SQL transaction.
PREVIEW_ROLLED_BACK,ATTENDANCE,CALTHORPE|BODY CONDITIONING|2026-05-01|1100|1145|CARD:593,NEW_ATTENDANCE,20545,Inserted inside the current SQL transaction.
PREVIEW_ROLLED_BACK,ATTENDANCE,CALTHORPE|BODY CONDITIONING|2026-05-01|1100|1145|CARD:647,NEW_ATTENDANCE,20546,Inserted inside the current SQL transaction.
PREVIEW_ROLLED_BACK,ATTENDANCE,CALTHORPE|BODY CONDITIONING|2026-05-01|1100|1145|CARD:656,NEW_ATTENDANCE,20547,Inserted inside the current SQL transaction.
PREVIEW_ROLLED_BACK,ATTENDANCE,CALTHORPE|BODY CONDITIONING|2026-05-01|1100|1145|CARD:700,NEW_ATTENDANCE,20548,Inserted inside the current SQL transaction.
PREVIEW_ROLLED_BACK,ATTENDANCE,CALTHORPE|BODY CONDITIONING|2026-05-01|1100|1145|CARD:727,NEW_ATTENDANCE,20549,Inserted inside the current SQL transaction.
PREVIEW_ROLLED_BACK,ATTENDANCE,CALTHORPE|BODY CONDITIONING|2026-05-01|1100|1145|CARD:771,NEW_ATTENDANCE,20550,Inserted inside the current SQL transaction.
PREVIEW_ROLLED_BACK,ATTENDANCE,CALTHORPE|BODY CONDITIONING|2026-05-01|1100|1145|CARD:806,NEW_ATTENDANCE,20551,Inserted inside the current SQL transaction.
PREVIEW_ROLLED_BACK,ATTENDANCE,CALTHORPE|BODY CONDITIONING|2026-05-01|1100|1145|CARD:851,NEW_ATTENDANCE,20552,Inserted inside the current SQL transaction.
PREVIEW_ROLLED_BACK,ATTENDANCE,CALTHORPE|PILATES|2026-05-01|1200|1245|CARD:1531,NEW_ATTENDANCE,20553,Inserted inside the current SQL transaction.
PREVIEW_ROLLED_BACK,ATTENDANCE,CALTHORPE|PILATES|2026-05-01|1200|1245|CARD:442,NEW_ATTENDANCE,20554,Inserted inside the current SQL transaction.
PREVIEW_ROLLED_BACK,ATTENDANCE,CALTHORPE|PILATES|2026-05-01|1200|1245|CARD:486,NEW_ATTENDANCE,20555,Inserted inside the current SQL transaction.
PREVIEW_ROLLED_BACK,ATTENDANCE,CALTHORPE|PILATES|2026-05-01|1200|1245|CARD:543,NEW_ATTENDANCE,20556,Inserted inside the current SQL transaction.
PREVIEW_ROLLED_BACK,ATTENDANCE,CALTHORPE|PILATES|2026-05-01|1200|1245|CARD:549,NEW_ATTENDANCE,20557,Inserted inside the current SQL transaction.
PREVIEW_ROLLED_BACK,ATTENDANCE,CALTHORPE|PILATES|2026-05-01|1200|1245|CARD:631,NEW_ATTENDANCE,20558,Inserted inside the current SQL transaction.
PREVIEW_ROLLED_BACK,ATTENDANCE,CALTHORPE|PILATES|2026-05-01|1200|1245|CARD:727,NEW_ATTENDANCE,20559,Inserted inside the current SQL transaction.
PREVIEW_ROLLED_BACK,ATTENDANCE,CALTHORPE|PILATES|2026-05-01|1200|1245|CARD:851,NEW_ATTENDANCE,20560,Inserted inside the current SQL transaction.
PREVIEW_ROLLED_BACK,ATTENDANCE,CALTHORPE|PILATES|2026-05-01|1200|1245|CARD:930,NEW_ATTENDANCE,20561,Inserted inside the current SQL transaction.
PREVIEW_ROLLED_BACK,ATTENDANCE,CALTHORPE|PILATES|2026-05-01|1200|1245|CARD:961,NEW_ATTENDANCE,20562,Inserted inside the current SQL transaction.
PREVIEW_ROLLED_BACK,ATTENDANCE,CALTHORPE|STRENGTH & STRETCH|2026-05-05|0930|1030|CARD:1532,ALREADY_IN_CRM,800,Skipped because this participant already has attendance for the resolved session.
PREVIEW_ROLLED_BACK,ATTENDANCE,CALTHORPE|STRENGTH & STRETCH|2026-05-05|0930|1030|CARD:1541,ALREADY_IN_CRM,799,Skipped because this participant already has attendance for the resolved session.
PREVIEW_ROLLED_BACK,ATTENDANCE,CALTHORPE|STRENGTH & STRETCH|2026-05-05|0930|1030|CARD:157,ALREADY_IN_CRM,804,Skipped because this participant already has attendance for the resolved session.
PREVIEW_ROLLED_BACK,ATTENDANCE,CALTHORPE|STRENGTH & STRETCH|2026-05-05|0930|1030|CARD:416,ALREADY_IN_CRM,803,Skipped because this participant already has attendance for the resolved session.
PREVIEW_ROLLED_BACK,ATTENDANCE,CALTHORPE|STRENGTH & STRETCH|2026-05-05|0930|1030|CARD:429,ALREADY_IN_CRM,802,Skipped because this participant already has attendance for the resolved session.
PREVIEW_ROLLED_BACK,ATTENDANCE,CALTHORPE|STRENGTH & STRETCH|2026-05-05|0930|1030|CARD:468,ALREADY_IN_CRM,806,Skipped because this participant already has attendance for the resolved session.
PREVIEW_ROLLED_BACK,ATTENDANCE,CALTHORPE|STRENGTH & STRETCH|2026-05-05|0930|1030|CARD:470,ALREADY_IN_CRM,793,Skipped because this participant already has attendance for the resolved session.
PREVIEW_ROLLED_BACK,ATTENDANCE,CALTHORPE|STRENGTH & STRETCH|2026-05-05|0930|1030|CARD:486,ALREADY_IN_CRM,794,Skipped because this participant already has attendance for the resolved session.
PREVIEW_ROLLED_BACK,ATTENDANCE,CALTHORPE|STRENGTH & STRETCH|2026-05-05|0930|1030|CARD:596,ALREADY_IN_CRM,792,Skipped because this participant already has attendance for the resolved session.
PREVIEW_ROLLED_BACK,ATTENDANCE,CALTHORPE|STRENGTH & STRETCH|2026-05-05|0930|1030|CARD:604,ALREADY_IN_CRM,791,Skipped because this participant already has attendance for the resolved session.
PREVIEW_ROLLED_BACK,ATTENDANCE,CALTHORPE|STRENGTH & STRETCH|2026-05-05|0930|1030|CARD:642,ALREADY_IN_CRM,795,Skipped because this participant already has attendance for the resolved session.
PREVIEW_ROLLED_BACK,ATTENDANCE,CALTHORPE|STRENGTH & STRETCH|2026-05-05|0930|1030|CARD:653,ALREADY_IN_CRM,796,Skipped because this participant already has attendance for the resolved session.
PREVIEW_ROLLED_BACK,ATTENDANCE,CALTHORPE|STRENGTH & STRETCH|2026-05-05|0930|1030|CARD:717,ALREADY_IN_CRM,797,Skipped because this participant already has attendance for the resolved session.
PREVIEW_ROLLED_BACK,ATTENDANCE,CALTHORPE|STRENGTH & STRETCH|2026-05-05|0930|1030|CARD:764,ALREADY_IN_CRM,805,Skipped because this participant already has attendance for the resolved session.
PREVIEW_ROLLED_BACK,ATTENDANCE,CALTHORPE|STRENGTH & STRETCH|2026-05-05|0930|1030|CARD:780,ALREADY_IN_CRM,801,Skipped because this participant already has attendance for the resolved session.
PREVIEW_ROLLED_BACK,ATTENDANCE,CALTHORPE|STRENGTH & STRETCH|2026-05-05|0930|1030|CARD:851,ALREADY_IN_CRM,798,Skipped because this participant already has attendance for the resolved session.
PREVIEW_ROLLED_BACK,ATTENDANCE,CALTHORPE|YOGA|2026-05-05|1715|1815|CARD:373,NEW_ATTENDANCE,20563,Inserted inside the current SQL transaction.
PREVIEW_ROLLED_BACK,ATTENDANCE,CALTHORPE|YOGA|2026-05-05|1715|1815|CARD:415,NEW_ATTENDANCE,20564,Inserted inside the current SQL transaction.
PREVIEW_ROLLED_BACK,ATTENDANCE,CALTHORPE|YOGA|2026-05-05|1715|1815|CARD:498,NEW_ATTENDANCE,20565,Inserted inside the current SQL transaction.
PREVIEW_ROLLED_BACK,ATTENDANCE,CALTHORPE|YOGA|2026-05-05|1715|1815|CARD:617,NEW_ATTENDANCE,20566,Inserted inside the current SQL transaction.
PREVIEW_ROLLED_BACK,ATTENDANCE,CALTHORPE|YOGA|2026-05-05|1715|1815|CARD:642,NEW_ATTENDANCE,20567,Inserted inside the current SQL transaction.
PREVIEW_ROLLED_BACK,ATTENDANCE,CALTHORPE|YOGA|2026-05-05|1715|1815|CARD:663,NEW_ATTENDANCE,20568,Inserted inside the current SQL transaction.
PREVIEW_ROLLED_BACK,ATTENDANCE,CALTHORPE|YOGA|2026-05-05|1715|1815|CARD:717,NEW_ATTENDANCE,20569,Inserted inside the current SQL transaction.
PREVIEW_ROLLED_BACK,ATTENDANCE,CALTHORPE|SALSA/BELLY DANCING|2026-05-06|1100|1200|CARD:1527,NEW_ATTENDANCE,20570,Inserted inside the current SQL transaction.
PREVIEW_ROLLED_BACK,ATTENDANCE,CALTHORPE|SALSA/BELLY DANCING|2026-05-06|1100|1200|CARD:1541,NEW_ATTENDANCE,20571,Inserted inside the current SQL transaction.
PREVIEW_ROLLED_BACK,ATTENDANCE,CALTHORPE|SALSA/BELLY DANCING|2026-05-06|1100|1200|CARD:457,NEW_ATTENDANCE,20572,Inserted inside the current SQL transaction.
PREVIEW_ROLLED_BACK,ATTENDANCE,CALTHORPE|SALSA/BELLY DANCING|2026-05-06|1100|1200|CARD:513,NEW_ATTENDANCE,20573,Inserted inside the current SQL transaction.
PREVIEW_ROLLED_BACK,ATTENDANCE,CALTHORPE|SALSA/BELLY DANCING|2026-05-06|1100|1200|CARD:638,NEW_ATTENDANCE,20574,Inserted inside the current SQL transaction.
PREVIEW_ROLLED_BACK,ATTENDANCE,CALTHORPE|SALSA/BELLY DANCING|2026-05-06|1100|1200|CARD:647,NEW_ATTENDANCE,20575,Inserted inside the current SQL transaction.
PREVIEW_ROLLED_BACK,ATTENDANCE,CALTHORPE|SALSA/BELLY DANCING|2026-05-06|1100|1200|CARD:656,NEW_ATTENDANCE,20576,Inserted inside the current SQL transaction.
PREVIEW_ROLLED_BACK,ATTENDANCE,CALTHORPE|SALSA/BELLY DANCING|2026-05-06|1100|1200|CARD:691,NEW_ATTENDANCE,20577,Inserted inside the current SQL transaction.
PREVIEW_ROLLED_BACK,ATTENDANCE,CALTHORPE|SALSA/BELLY DANCING|2026-05-06|1100|1200|CARD:803,NEW_ATTENDANCE,20578,Inserted inside the current SQL transaction.
PREVIEW_ROLLED_BACK,ATTENDANCE,CALTHORPE|SALSA/BELLY DANCING|2026-05-06|1100|1200|CARD:994,NEW_ATTENDANCE,20579,Inserted inside the current SQL transaction.
PREVIEW_ROLLED_BACK,ATTENDANCE,CALTHORPE|SALSA/BELLY DANCING|2026-05-06|1100|1200|CARD:995,NEW_ATTENDANCE,20580,Inserted inside the current SQL transaction.
PREVIEW_ROLLED_BACK,ATTENDANCE,CALTHORPE|SALSA/BELLY DANCING|2026-05-06|1100|1200|NAME:fadhiah sah,NEW_ATTENDANCE,20581,Inserted inside the current SQL transaction.
PREVIEW_ROLLED_BACK,ATTENDANCE,CALTHORPE|SALSA/BELLY DANCING|2026-05-06|1100|1200|NAME:malak amar,ALREADY_IN_CRM,20575,Skipped because this participant already has attendance for the resolved session.
PREVIEW_ROLLED_BACK,ATTENDANCE,CALTHORPE|SALSA/BELLY DANCING|2026-05-06|1100|1200|NAME:simiri,NEW_ATTENDANCE,20582,Inserted inside the current SQL transaction.
PREVIEW_ROLLED_BACK,ATTENDANCE,CALTHORPE|CHAIR BASED EXERCISE|2026-05-07|1130|1215|CARD:337,NEW_ATTENDANCE,20583,Inserted inside the current SQL transaction.
PREVIEW_ROLLED_BACK,ATTENDANCE,CALTHORPE|CHAIR BASED EXERCISE|2026-05-07|1130|1215|CARD:380,NEW_ATTENDANCE,20584,Inserted inside the current SQL transaction.
PREVIEW_ROLLED_BACK,ATTENDANCE,CALTHORPE|CHAIR BASED EXERCISE|2026-05-07|1130|1215|CARD:416,NEW_ATTENDANCE,20585,Inserted inside the current SQL transaction.
PREVIEW_ROLLED_BACK,ATTENDANCE,CALTHORPE|CHAIR BASED EXERCISE|2026-05-07|1130|1215|CARD:418,NEW_ATTENDANCE,20586,Inserted inside the current SQL transaction.
PREVIEW_ROLLED_BACK,ATTENDANCE,CALTHORPE|CHAIR BASED EXERCISE|2026-05-07|1130|1215|CARD:424,NEW_ATTENDANCE,20587,Inserted inside the current SQL transaction.
PREVIEW_ROLLED_BACK,ATTENDANCE,CALTHORPE|CHAIR BASED EXERCISE|2026-05-07|1130|1215|CARD:485,NEW_ATTENDANCE,20588,Inserted inside the current SQL transaction.
PREVIEW_ROLLED_BACK,ATTENDANCE,CALTHORPE|CHAIR BASED EXERCISE|2026-05-07|1130|1215|CARD:584,NEW_ATTENDANCE,20589,Inserted inside the current SQL transaction.
PREVIEW_ROLLED_BACK,ATTENDANCE,CALTHORPE|CHAIR BASED EXERCISE|2026-05-07|1130|1215|CARD:586,NEW_ATTENDANCE,20590,Inserted inside the current SQL transaction.
PREVIEW_ROLLED_BACK,ATTENDANCE,CALTHORPE|CHAIR BASED EXERCISE|2026-05-07|1130|1215|CARD:620,NEW_ATTENDANCE,20591,Inserted inside the current SQL transaction.
PREVIEW_ROLLED_BACK,ATTENDANCE,CALTHORPE|CHAIR BASED EXERCISE|2026-05-07|1130|1215|CARD:638,NEW_ATTENDANCE,20592,Inserted inside the current SQL transaction.
PREVIEW_ROLLED_BACK,ATTENDANCE,CALTHORPE|CHAIR BASED EXERCISE|2026-05-07|1130|1215|CARD:655,NEW_ATTENDANCE,20593,Inserted inside the current SQL transaction.
PREVIEW_ROLLED_BACK,ATTENDANCE,CALTHORPE|CHAIR BASED EXERCISE|2026-05-07|1130|1215|CARD:706,NEW_ATTENDANCE,20594,Inserted inside the current SQL transaction.
PREVIEW_ROLLED_BACK,ATTENDANCE,CALTHORPE|CHAIR BASED EXERCISE|2026-05-07|1130|1215|CARD:855,NEW_ATTENDANCE,20595,Inserted inside the current SQL transaction.
PREVIEW_ROLLED_BACK,ATTENDANCE,CALTHORPE|CHAIR BASED EXERCISE|2026-05-07|1130|1215|CARD:866,NEW_ATTENDANCE,20596,Inserted inside the current SQL transaction.
PREVIEW_ROLLED_BACK,ATTENDANCE,CALTHORPE|CIRCUIT TRAINING|2026-05-07|0930|1015|CARD:1541,NEW_ATTENDANCE,20597,Inserted inside the current SQL transaction.
PREVIEW_ROLLED_BACK,ATTENDANCE,CALTHORPE|CIRCUIT TRAINING|2026-05-07|0930|1015|CARD:412,NEW_ATTENDANCE,20598,Inserted inside the current SQL transaction.
PREVIEW_ROLLED_BACK,ATTENDANCE,CALTHORPE|CIRCUIT TRAINING|2026-05-07|0930|1015|CARD:429,NEW_ATTENDANCE,20599,Inserted inside the current SQL transaction.
PREVIEW_ROLLED_BACK,ATTENDANCE,CALTHORPE|CIRCUIT TRAINING|2026-05-07|0930|1015|CARD:470,NEW_ATTENDANCE,20600,Inserted inside the current SQL transaction.
PREVIEW_ROLLED_BACK,ATTENDANCE,CALTHORPE|CIRCUIT TRAINING|2026-05-07|0930|1015|CARD:486,NEW_ATTENDANCE,20601,Inserted inside the current SQL transaction.
PREVIEW_ROLLED_BACK,ATTENDANCE,CALTHORPE|CIRCUIT TRAINING|2026-05-07|0930|1015|CARD:593,NEW_ATTENDANCE,20602,Inserted inside the current SQL transaction.
PREVIEW_ROLLED_BACK,ATTENDANCE,CALTHORPE|CIRCUIT TRAINING|2026-05-07|0930|1015|CARD:681,NEW_ATTENDANCE,20603,Inserted inside the current SQL transaction.
PREVIEW_ROLLED_BACK,ATTENDANCE,CALTHORPE|CIRCUIT TRAINING|2026-05-07|0930|1015|CARD:690,NEW_ATTENDANCE,20604,Inserted inside the current SQL transaction.
PREVIEW_ROLLED_BACK,ATTENDANCE,CALTHORPE|CIRCUIT TRAINING|2026-05-07|0930|1015|CARD:691,NEW_ATTENDANCE,20605,Inserted inside the current SQL transaction.
PREVIEW_ROLLED_BACK,ATTENDANCE,CALTHORPE|CROCHET|2026-05-07|1230|1415|CARD:416,NEW_ATTENDANCE,20606,Inserted inside the current SQL transaction.
PREVIEW_ROLLED_BACK,ATTENDANCE,CALTHORPE|CROCHET|2026-05-07|1230|1415|CARD:418,NEW_ATTENDANCE,20607,Inserted inside the current SQL transaction.
PREVIEW_ROLLED_BACK,ATTENDANCE,CALTHORPE|CROCHET|2026-05-07|1230|1415|CARD:436,NEW_ATTENDANCE,20608,Inserted inside the current SQL transaction.
PREVIEW_ROLLED_BACK,ATTENDANCE,CALTHORPE|CROCHET|2026-05-07|1230|1415|CARD:586,NEW_ATTENDANCE,20609,Inserted inside the current SQL transaction.
PREVIEW_ROLLED_BACK,ATTENDANCE,CALTHORPE|CROCHET|2026-05-07|1230|1415|CARD:638,NEW_ATTENDANCE,20610,Inserted inside the current SQL transaction.
PREVIEW_ROLLED_BACK,ATTENDANCE,CALTHORPE|CROCHET|2026-05-07|1230|1415|CARD:655,NEW_ATTENDANCE,20611,Inserted inside the current SQL transaction.
PREVIEW_ROLLED_BACK,ATTENDANCE,CALTHORPE|CROCHET|2026-05-07|1230|1415|CARD:763,NEW_ATTENDANCE,20612,Inserted inside the current SQL transaction.
PREVIEW_ROLLED_BACK,ATTENDANCE,CALTHORPE|CROCHET|2026-05-07|1230|1415|CARD:849,NEW_ATTENDANCE,20613,Inserted inside the current SQL transaction.
PREVIEW_ROLLED_BACK,ATTENDANCE,CALTHORPE|MEN'S MULTI SPORTS|2026-05-07|1030|1130|CARD:1550,NEW_ATTENDANCE,20614,Inserted inside the current SQL transaction.
PREVIEW_ROLLED_BACK,ATTENDANCE,CALTHORPE|MEN'S MULTI SPORTS|2026-05-07|1030|1130|CARD:1599,NEW_ATTENDANCE,20615,Inserted inside the current SQL transaction.
PREVIEW_ROLLED_BACK,ATTENDANCE,CALTHORPE|MEN'S MULTI SPORTS|2026-05-07|1030|1130|CARD:487,NEW_ATTENDANCE,20616,Inserted inside the current SQL transaction.
PREVIEW_ROLLED_BACK,ATTENDANCE,CALTHORPE|MEN'S MULTI SPORTS|2026-05-07|1030|1130|CARD:689,NEW_ATTENDANCE,20617,Inserted inside the current SQL transaction.
PREVIEW_ROLLED_BACK,ATTENDANCE,CALTHORPE|MEN'S MULTI SPORTS|2026-05-07|1030|1130|CARD:791,NEW_ATTENDANCE,20618,Inserted inside the current SQL transaction.
PREVIEW_ROLLED_BACK,ATTENDANCE,CALTHORPE|WALK WITH ABI|2026-05-07|1015|1115|CARD:1447,NEW_ATTENDANCE,20619,Inserted inside the current SQL transaction.
PREVIEW_ROLLED_BACK,ATTENDANCE,CALTHORPE|WALK WITH ABI|2026-05-07|1015|1115|CARD:1617,NEW_ATTENDANCE,20620,Inserted inside the current SQL transaction.
PREVIEW_ROLLED_BACK,ATTENDANCE,CALTHORPE|WALK WITH ABI|2026-05-07|1015|1115|CARD:373,NEW_ATTENDANCE,20621,Inserted inside the current SQL transaction.
PREVIEW_ROLLED_BACK,ATTENDANCE,CALTHORPE|WALK WITH ABI|2026-05-07|1015|1115|CARD:441,NEW_ATTENDANCE,20622,Inserted inside the current SQL transaction.
PREVIEW_ROLLED_BACK,ATTENDANCE,CALTHORPE|WALK WITH ABI|2026-05-07|1015|1115|CARD:561,NEW_ATTENDANCE,20623,Inserted inside the current SQL transaction.
PREVIEW_ROLLED_BACK,ATTENDANCE,CALTHORPE|WALK WITH ABI|2026-05-07|1015|1115|CARD:727,NEW_ATTENDANCE,20624,Inserted inside the current SQL transaction.
PREVIEW_ROLLED_BACK,ATTENDANCE,CALTHORPE|ARTS|2026-05-08|1230|1400|CARD:416,NEW_ATTENDANCE,20625,Inserted inside the current SQL transaction.
PREVIEW_ROLLED_BACK,ATTENDANCE,CALTHORPE|ARTS|2026-05-08|1230|1400|CARD:444,NEW_ATTENDANCE,20626,Inserted inside the current SQL transaction.
PREVIEW_ROLLED_BACK,ATTENDANCE,CALTHORPE|ARTS|2026-05-08|1230|1400|CARD:691,NEW_ATTENDANCE,20627,Inserted inside the current SQL transaction.
PREVIEW_ROLLED_BACK,ATTENDANCE,CALTHORPE|ARTS|2026-05-08|1230|1400|CARD:700,NEW_ATTENDANCE,20628,Inserted inside the current SQL transaction.
PREVIEW_ROLLED_BACK,ATTENDANCE,CALTHORPE|ARTS|2026-05-08|1230|1400|CARD:849,NEW_ATTENDANCE,20629,Inserted inside the current SQL transaction.
PREVIEW_ROLLED_BACK,ATTENDANCE,CALTHORPE|BODY CONDITIONING|2026-05-08|1100|1145|CARD:346,NEW_ATTENDANCE,20630,Inserted inside the current SQL transaction.
PREVIEW_ROLLED_BACK,ATTENDANCE,CALTHORPE|BODY CONDITIONING|2026-05-08|1100|1145|CARD:380,NEW_ATTENDANCE,20631,Inserted inside the current SQL transaction.
PREVIEW_ROLLED_BACK,ATTENDANCE,CALTHORPE|BODY CONDITIONING|2026-05-08|1100|1145|CARD:413,NEW_ATTENDANCE,20632,Inserted inside the current SQL transaction.
PREVIEW_ROLLED_BACK,ATTENDANCE,CALTHORPE|BODY CONDITIONING|2026-05-08|1100|1145|CARD:429,NEW_ATTENDANCE,20633,Inserted inside the current SQL transaction.
PREVIEW_ROLLED_BACK,ATTENDANCE,CALTHORPE|BODY CONDITIONING|2026-05-08|1100|1145|CARD:440,NEW_ATTENDANCE,20634,Inserted inside the current SQL transaction.
PREVIEW_ROLLED_BACK,ATTENDANCE,CALTHORPE|BODY CONDITIONING|2026-05-08|1100|1145|CARD:470,NEW_ATTENDANCE,20635,Inserted inside the current SQL transaction.
PREVIEW_ROLLED_BACK,ATTENDANCE,CALTHORPE|BODY CONDITIONING|2026-05-08|1100|1145|CARD:516,NEW_ATTENDANCE,20636,Inserted inside the current SQL transaction.
PREVIEW_ROLLED_BACK,ATTENDANCE,CALTHORPE|BODY CONDITIONING|2026-05-08|1100|1145|CARD:557,NEW_ATTENDANCE,20637,Inserted inside the current SQL transaction.
PREVIEW_ROLLED_BACK,ATTENDANCE,CALTHORPE|BODY CONDITIONING|2026-05-08|1100|1145|CARD:568,NEW_ATTENDANCE,20638,Inserted inside the current SQL transaction.
PREVIEW_ROLLED_BACK,ATTENDANCE,CALTHORPE|BODY CONDITIONING|2026-05-08|1100|1145|CARD:656,NEW_ATTENDANCE,20639,Inserted inside the current SQL transaction.
PREVIEW_ROLLED_BACK,ATTENDANCE,CALTHORPE|BODY CONDITIONING|2026-05-08|1100|1145|CARD:700,NEW_ATTENDANCE,20640,Inserted inside the current SQL transaction.
PREVIEW_ROLLED_BACK,ATTENDANCE,CALTHORPE|BODY CONDITIONING|2026-05-08|1100|1145|CARD:727,NEW_ATTENDANCE,20641,Inserted inside the current SQL transaction.
PREVIEW_ROLLED_BACK,ATTENDANCE,CALTHORPE|BODY CONDITIONING|2026-05-08|1100|1145|CARD:742,NEW_ATTENDANCE,20642,Inserted inside the current SQL transaction.
PREVIEW_ROLLED_BACK,ATTENDANCE,CALTHORPE|BODY CONDITIONING|2026-05-08|1100|1145|CARD:761,NEW_ATTENDANCE,20643,Inserted inside the current SQL transaction.
PREVIEW_ROLLED_BACK,ATTENDANCE,CALTHORPE|PILATES|2026-05-08|1200|1245|CARD:1502,NEW_ATTENDANCE,20644,Inserted inside the current SQL transaction.
PREVIEW_ROLLED_BACK,ATTENDANCE,CALTHORPE|PILATES|2026-05-08|1200|1245|CARD:1541,NEW_ATTENDANCE,20645,Inserted inside the current SQL transaction.
PREVIEW_ROLLED_BACK,ATTENDANCE,CALTHORPE|PILATES|2026-05-08|1200|1245|CARD:1548,NEW_ATTENDANCE,20646,Inserted inside the current SQL transaction.
PREVIEW_ROLLED_BACK,ATTENDANCE,CALTHORPE|PILATES|2026-05-08|1200|1245|CARD:157,NEW_ATTENDANCE,20647,Inserted inside the current SQL transaction.
PREVIEW_ROLLED_BACK,ATTENDANCE,CALTHORPE|PILATES|2026-05-08|1200|1245|CARD:1616,NEW_ATTENDANCE,20648,Inserted inside the current SQL transaction.
PREVIEW_ROLLED_BACK,ATTENDANCE,CALTHORPE|PILATES|2026-05-08|1200|1245|CARD:390,NEW_ATTENDANCE,20649,Inserted inside the current SQL transaction.
PREVIEW_ROLLED_BACK,ATTENDANCE,CALTHORPE|PILATES|2026-05-08|1200|1245|CARD:413,NEW_ATTENDANCE,20650,Inserted inside the current SQL transaction.
PREVIEW_ROLLED_BACK,ATTENDANCE,CALTHORPE|PILATES|2026-05-08|1200|1245|CARD:440,NEW_ATTENDANCE,20651,Inserted inside the current SQL transaction.
PREVIEW_ROLLED_BACK,ATTENDANCE,CALTHORPE|PILATES|2026-05-08|1200|1245|CARD:442,NEW_ATTENDANCE,20652,Inserted inside the current SQL transaction.
PREVIEW_ROLLED_BACK,ATTENDANCE,CALTHORPE|PILATES|2026-05-08|1200|1245|CARD:606,NEW_ATTENDANCE,20653,Inserted inside the current SQL transaction.
PREVIEW_ROLLED_BACK,ATTENDANCE,CALTHORPE|PILATES|2026-05-08|1200|1245|CARD:628,NEW_ATTENDANCE,20654,Inserted inside the current SQL transaction.
PREVIEW_ROLLED_BACK,ATTENDANCE,CALTHORPE|PILATES|2026-05-08|1200|1245|CARD:691,NEW_ATTENDANCE,20655,Inserted inside the current SQL transaction.
PREVIEW_ROLLED_BACK,ATTENDANCE,CALTHORPE|PILATES|2026-05-08|1200|1245|CARD:727,NEW_ATTENDANCE,20656,Inserted inside the current SQL transaction.
PREVIEW_ROLLED_BACK,ATTENDANCE,CALTHORPE|CHAIR BASED EXERCISE|2026-05-11|1130|1215|CARD:413,NEW_ATTENDANCE,20657,Inserted inside the current SQL transaction.
PREVIEW_ROLLED_BACK,ATTENDANCE,CALTHORPE|CHAIR BASED EXERCISE|2026-05-11|1130|1215|CARD:429,NEW_ATTENDANCE,20658,Inserted inside the current SQL transaction.
PREVIEW_ROLLED_BACK,ATTENDANCE,CALTHORPE|CHAIR BASED EXERCISE|2026-05-11|1130|1215|CARD:440,NEW_ATTENDANCE,20659,Inserted inside the current SQL transaction.
PREVIEW_ROLLED_BACK,ATTENDANCE,CALTHORPE|CHAIR BASED EXERCISE|2026-05-11|1130|1215|CARD:441,NEW_ATTENDANCE,20660,Inserted inside the current SQL transaction.
PREVIEW_ROLLED_BACK,ATTENDANCE,CALTHORPE|CHAIR BASED EXERCISE|2026-05-11|1130|1215|CARD:486,NEW_ATTENDANCE,20661,Inserted inside the current SQL transaction.
PREVIEW_ROLLED_BACK,ATTENDANCE,CALTHORPE|CHAIR BASED EXERCISE|2026-05-11|1130|1215|CARD:498,NEW_ATTENDANCE,20662,Inserted inside the current SQL transaction.
PREVIEW_ROLLED_BACK,ATTENDANCE,CALTHORPE|CHAIR BASED EXERCISE|2026-05-11|1130|1215|CARD:691,NEW_ATTENDANCE,20663,Inserted inside the current SQL transaction.
PREVIEW_ROLLED_BACK,ATTENDANCE,CALTHORPE|CHAIR BASED EXERCISE|2026-05-11|1130|1215|CARD:717,NEW_ATTENDANCE,20664,Inserted inside the current SQL transaction.
PREVIEW_ROLLED_BACK,ATTENDANCE,CALTHORPE|CHAIR BASED EXERCISE|2026-05-11|1130|1215|CARD:727,NEW_ATTENDANCE,20665,Inserted inside the current SQL transaction.
PREVIEW_ROLLED_BACK,ATTENDANCE,CALTHORPE|CROCHET|2026-05-11|1230|1415|CARD:430,NEW_ATTENDANCE,20666,Inserted inside the current SQL transaction.
PREVIEW_ROLLED_BACK,ATTENDANCE,CALTHORPE|CROCHET|2026-05-11|1230|1415|CARD:436,NEW_ATTENDANCE,20667,Inserted inside the current SQL transaction.
PREVIEW_ROLLED_BACK,ATTENDANCE,CALTHORPE|CROCHET|2026-05-11|1230|1415|CARD:475,NEW_ATTENDANCE,20668,Inserted inside the current SQL transaction.
PREVIEW_ROLLED_BACK,ATTENDANCE,CALTHORPE|CROCHET|2026-05-11|1230|1415|CARD:513,NEW_ATTENDANCE,20669,Inserted inside the current SQL transaction.
PREVIEW_ROLLED_BACK,ATTENDANCE,CALTHORPE|CROCHET|2026-05-11|1230|1415|CARD:616,NEW_ATTENDANCE,20670,Inserted inside the current SQL transaction.
PREVIEW_ROLLED_BACK,ATTENDANCE,CALTHORPE|CROCHET|2026-05-11|1230|1415|CARD:638,NEW_ATTENDANCE,20671,Inserted inside the current SQL transaction.
PREVIEW_ROLLED_BACK,ATTENDANCE,CALTHORPE|CROCHET|2026-05-11|1230|1415|CARD:657,NEW_ATTENDANCE,20672,Inserted inside the current SQL transaction.
PREVIEW_ROLLED_BACK,ATTENDANCE,CALTHORPE|CROCHET|2026-05-11|1230|1415|CARD:996,NEW_ATTENDANCE,20673,Inserted inside the current SQL transaction.
PREVIEW_ROLLED_BACK,ATTENDANCE,CALTHORPE|STRENGTH & STRETCH|2026-05-11|1030|1115|CARD:413,NEW_ATTENDANCE,20674,Inserted inside the current SQL transaction.
PREVIEW_ROLLED_BACK,ATTENDANCE,CALTHORPE|STRENGTH & STRETCH|2026-05-11|1030|1115|CARD:429,NEW_ATTENDANCE,20675,Inserted inside the current SQL transaction.
PREVIEW_ROLLED_BACK,ATTENDANCE,CALTHORPE|STRENGTH & STRETCH|2026-05-11|1030|1115|CARD:440,NEW_ATTENDANCE,20676,Inserted inside the current SQL transaction.
PREVIEW_ROLLED_BACK,ATTENDANCE,CALTHORPE|STRENGTH & STRETCH|2026-05-11|1030|1115|CARD:441,NEW_ATTENDANCE,20677,Inserted inside the current SQL transaction.
PREVIEW_ROLLED_BACK,ATTENDANCE,CALTHORPE|STRENGTH & STRETCH|2026-05-11|1030|1115|CARD:486,NEW_ATTENDANCE,20678,Inserted inside the current SQL transaction.
PREVIEW_ROLLED_BACK,ATTENDANCE,CALTHORPE|STRENGTH & STRETCH|2026-05-11|1030|1115|CARD:498,NEW_ATTENDANCE,20679,Inserted inside the current SQL transaction.
PREVIEW_ROLLED_BACK,ATTENDANCE,CALTHORPE|STRENGTH & STRETCH|2026-05-11|1030|1115|CARD:691,NEW_ATTENDANCE,20680,Inserted inside the current SQL transaction.
PREVIEW_ROLLED_BACK,ATTENDANCE,CALTHORPE|STRENGTH & STRETCH|2026-05-11|1030|1115|CARD:717,NEW_ATTENDANCE,20681,Inserted inside the current SQL transaction.
PREVIEW_ROLLED_BACK,ATTENDANCE,CALTHORPE|STRENGTH & STRETCH|2026-05-11|1030|1115|CARD:727,NEW_ATTENDANCE,20682,Inserted inside the current SQL transaction.
PREVIEW_ROLLED_BACK,ATTENDANCE,CALTHORPE|STRENGTH & STRETCH|2026-05-12|0930|1030|CARD:264,NEW_ATTENDANCE,20683,Inserted inside the current SQL transaction.
PREVIEW_ROLLED_BACK,ATTENDANCE,CALTHORPE|STRENGTH & STRETCH|2026-05-12|0930|1030|CARD:391,NEW_ATTENDANCE,20684,Inserted inside the current SQL transaction.
PREVIEW_ROLLED_BACK,ATTENDANCE,CALTHORPE|STRENGTH & STRETCH|2026-05-12|0930|1030|CARD:413,NEW_ATTENDANCE,20685,Inserted inside the current SQL transaction.
PREVIEW_ROLLED_BACK,ATTENDANCE,CALTHORPE|STRENGTH & STRETCH|2026-05-12|0930|1030|CARD:416,NEW_ATTENDANCE,20686,Inserted inside the current SQL transaction.
PREVIEW_ROLLED_BACK,ATTENDANCE,CALTHORPE|STRENGTH & STRETCH|2026-05-12|0930|1030|CARD:441,NEW_ATTENDANCE,20687,Inserted inside the current SQL transaction.
PREVIEW_ROLLED_BACK,ATTENDANCE,CALTHORPE|STRENGTH & STRETCH|2026-05-12|0930|1030|CARD:486,NEW_ATTENDANCE,20688,Inserted inside the current SQL transaction.
PREVIEW_ROLLED_BACK,ATTENDANCE,CALTHORPE|STRENGTH & STRETCH|2026-05-12|0930|1030|CARD:727,NEW_ATTENDANCE,20689,Inserted inside the current SQL transaction.
PREVIEW_ROLLED_BACK,ATTENDANCE,CALTHORPE|STRENGTH & STRETCH|2026-05-12|0930|1030|CARD:780,NEW_ATTENDANCE,20690,Inserted inside the current SQL transaction.
PREVIEW_ROLLED_BACK,ATTENDANCE,CALTHORPE|YOGA|2026-05-12|1715|1815|CARD:1634,NEW_ATTENDANCE,20691,Inserted inside the current SQL transaction.
PREVIEW_ROLLED_BACK,ATTENDANCE,CALTHORPE|YOGA|2026-05-12|1715|1815|CARD:429,NEW_ATTENDANCE,20692,Inserted inside the current SQL transaction.
PREVIEW_ROLLED_BACK,ATTENDANCE,CALTHORPE|YOGA|2026-05-12|1715|1815|CARD:617,NEW_ATTENDANCE,20693,Inserted inside the current SQL transaction.
PREVIEW_ROLLED_BACK,ATTENDANCE,CALTHORPE|YOGA|2026-05-12|1715|1815|CARD:704,NEW_ATTENDANCE,20694,Inserted inside the current SQL transaction.
PREVIEW_ROLLED_BACK,ATTENDANCE,CALTHORPE|YOGA|2026-05-12|1715|1815|CARD:717,NEW_ATTENDANCE,20695,Inserted inside the current SQL transaction.
PREVIEW_ROLLED_BACK,ATTENDANCE,CALTHORPE|YOGA|2026-05-12|1715|1815|CARD:727,NEW_ATTENDANCE,20696,Inserted inside the current SQL transaction.
PREVIEW_ROLLED_BACK,ATTENDANCE,CALTHORPE|SALSA/BELLY DANCING|2026-05-13|1100|1200|CARD:137,NEW_ATTENDANCE,20697,Inserted inside the current SQL transaction.
PREVIEW_ROLLED_BACK,ATTENDANCE,CALTHORPE|SALSA/BELLY DANCING|2026-05-13|1100|1200|CARD:1531,NEW_ATTENDANCE,20698,Inserted inside the current SQL transaction.
PREVIEW_ROLLED_BACK,ATTENDANCE,CALTHORPE|SALSA/BELLY DANCING|2026-05-13|1100|1200|CARD:1633,NEW_ATTENDANCE,20699,Inserted inside the current SQL transaction.
PREVIEW_ROLLED_BACK,ATTENDANCE,CALTHORPE|SALSA/BELLY DANCING|2026-05-13|1100|1200|CARD:441,NEW_ATTENDANCE,20700,Inserted inside the current SQL transaction.
PREVIEW_ROLLED_BACK,ATTENDANCE,CALTHORPE|SALSA/BELLY DANCING|2026-05-13|1100|1200|CARD:457,NEW_ATTENDANCE,20701,Inserted inside the current SQL transaction.
PREVIEW_ROLLED_BACK,ATTENDANCE,CALTHORPE|SALSA/BELLY DANCING|2026-05-13|1100|1200|CARD:549,NEW_ATTENDANCE,20702,Inserted inside the current SQL transaction.
PREVIEW_ROLLED_BACK,ATTENDANCE,CALTHORPE|SALSA/BELLY DANCING|2026-05-13|1100|1200|CARD:647,NEW_ATTENDANCE,20703,Inserted inside the current SQL transaction.
PREVIEW_ROLLED_BACK,ATTENDANCE,CALTHORPE|SALSA/BELLY DANCING|2026-05-13|1100|1200|CARD:656,NEW_ATTENDANCE,20704,Inserted inside the current SQL transaction.
PREVIEW_ROLLED_BACK,ATTENDANCE,CALTHORPE|SALSA/BELLY DANCING|2026-05-13|1100|1200|CARD:658,NEW_ATTENDANCE,20705,Inserted inside the current SQL transaction.
PREVIEW_ROLLED_BACK,ATTENDANCE,CALTHORPE|SALSA/BELLY DANCING|2026-05-13|1100|1200|CARD:672,NEW_ATTENDANCE,20706,Inserted inside the current SQL transaction.
PREVIEW_ROLLED_BACK,ATTENDANCE,CALTHORPE|SALSA/BELLY DANCING|2026-05-13|1100|1200|CARD:681,NEW_ATTENDANCE,20707,Inserted inside the current SQL transaction.
PREVIEW_ROLLED_BACK,ATTENDANCE,CALTHORPE|SALSA/BELLY DANCING|2026-05-13|1100|1200|CARD:691,NEW_ATTENDANCE,20708,Inserted inside the current SQL transaction.
PREVIEW_ROLLED_BACK,ATTENDANCE,CALTHORPE|SALSA/BELLY DANCING|2026-05-13|1100|1200|CARD:779,NEW_ATTENDANCE,20709,Inserted inside the current SQL transaction.
PREVIEW_ROLLED_BACK,ATTENDANCE,CALTHORPE|SALSA/BELLY DANCING|2026-05-13|1100|1200|NAME:panna begum,NEW_ATTENDANCE,20710,Inserted inside the current SQL transaction.
PREVIEW_ROLLED_BACK,ATTENDANCE,CALTHORPE|CHAIR BASED EXERCISE|2026-05-14|1130|1215|CARD:105,NEW_ATTENDANCE,20711,Inserted inside the current SQL transaction.
PREVIEW_ROLLED_BACK,ATTENDANCE,CALTHORPE|CHAIR BASED EXERCISE|2026-05-14|1130|1215|CARD:416,NEW_ATTENDANCE,20712,Inserted inside the current SQL transaction.
PREVIEW_ROLLED_BACK,ATTENDANCE,CALTHORPE|CHAIR BASED EXERCISE|2026-05-14|1130|1215|CARD:418,NEW_ATTENDANCE,20713,Inserted inside the current SQL transaction.
PREVIEW_ROLLED_BACK,ATTENDANCE,CALTHORPE|CHAIR BASED EXERCISE|2026-05-14|1130|1215|CARD:424,NEW_ATTENDANCE,20714,Inserted inside the current SQL transaction.
PREVIEW_ROLLED_BACK,ATTENDANCE,CALTHORPE|CHAIR BASED EXERCISE|2026-05-14|1130|1215|CARD:434,NEW_ATTENDANCE,20715,Inserted inside the current SQL transaction.
PREVIEW_ROLLED_BACK,ATTENDANCE,CALTHORPE|CHAIR BASED EXERCISE|2026-05-14|1130|1215|CARD:436,NEW_ATTENDANCE,20716,Inserted inside the current SQL transaction.
PREVIEW_ROLLED_BACK,ATTENDANCE,CALTHORPE|CHAIR BASED EXERCISE|2026-05-14|1130|1215|CARD:444,NEW_ATTENDANCE,20717,Inserted inside the current SQL transaction.
PREVIEW_ROLLED_BACK,ATTENDANCE,CALTHORPE|CHAIR BASED EXERCISE|2026-05-14|1130|1215|CARD:491,NEW_ATTENDANCE,20718,Inserted inside the current SQL transaction.
PREVIEW_ROLLED_BACK,ATTENDANCE,CALTHORPE|CHAIR BASED EXERCISE|2026-05-14|1130|1215|CARD:531,NEW_ATTENDANCE,20719,Inserted inside the current SQL transaction.
PREVIEW_ROLLED_BACK,ATTENDANCE,CALTHORPE|CHAIR BASED EXERCISE|2026-05-14|1130|1215|CARD:549,NEW_ATTENDANCE,20720,Inserted inside the current SQL transaction.
PREVIEW_ROLLED_BACK,ATTENDANCE,CALTHORPE|CHAIR BASED EXERCISE|2026-05-14|1130|1215|CARD:572,NEW_ATTENDANCE,20721,Inserted inside the current SQL transaction.
PREVIEW_ROLLED_BACK,ATTENDANCE,CALTHORPE|CHAIR BASED EXERCISE|2026-05-14|1130|1215|CARD:638,NEW_ATTENDANCE,20722,Inserted inside the current SQL transaction.
PREVIEW_ROLLED_BACK,ATTENDANCE,CALTHORPE|CHAIR BASED EXERCISE|2026-05-14|1130|1215|CARD:655,NEW_ATTENDANCE,20723,Inserted inside the current SQL transaction.
PREVIEW_ROLLED_BACK,ATTENDANCE,CALTHORPE|CHAIR BASED EXERCISE|2026-05-14|1130|1215|CARD:855,NEW_ATTENDANCE,20724,Inserted inside the current SQL transaction.
PREVIEW_ROLLED_BACK,ATTENDANCE,CALTHORPE|CIRCUIT TRAINING|2026-05-14|0930|1015|CARD:412,ALREADY_IN_CRM,5317,Skipped because this participant already has attendance for the resolved session.
PREVIEW_ROLLED_BACK,ATTENDANCE,CALTHORPE|CIRCUIT TRAINING|2026-05-14|0930|1015|CARD:429,ALREADY_IN_CRM,5320,Skipped because this participant already has attendance for the resolved session.
PREVIEW_ROLLED_BACK,ATTENDANCE,CALTHORPE|CIRCUIT TRAINING|2026-05-14|0930|1015|CARD:441,ALREADY_IN_CRM,5321,Skipped because this participant already has attendance for the resolved session.
PREVIEW_ROLLED_BACK,ATTENDANCE,CALTHORPE|CIRCUIT TRAINING|2026-05-14|0930|1015|CARD:470,ALREADY_IN_CRM,5322,Skipped because this participant already has attendance for the resolved session.
PREVIEW_ROLLED_BACK,ATTENDANCE,CALTHORPE|CIRCUIT TRAINING|2026-05-14|0930|1015|CARD:486,ALREADY_IN_CRM,5314,Skipped because this participant already has attendance for the resolved session.
PREVIEW_ROLLED_BACK,ATTENDANCE,CALTHORPE|CIRCUIT TRAINING|2026-05-14|0930|1015|CARD:648,ALREADY_IN_CRM,5313,Skipped because this participant already has attendance for the resolved session.
PREVIEW_ROLLED_BACK,ATTENDANCE,CALTHORPE|CIRCUIT TRAINING|2026-05-14|0930|1015|CARD:690,ALREADY_IN_CRM,5318,Skipped because this participant already has attendance for the resolved session.
PREVIEW_ROLLED_BACK,ATTENDANCE,CALTHORPE|CIRCUIT TRAINING|2026-05-14|0930|1015|CARD:691,ALREADY_IN_CRM,5315,Skipped because this participant already has attendance for the resolved session.
PREVIEW_ROLLED_BACK,ATTENDANCE,CALTHORPE|CIRCUIT TRAINING|2026-05-14|0930|1015|CARD:698,NEW_ATTENDANCE,20725,Inserted inside the current SQL transaction.
PREVIEW_ROLLED_BACK,ATTENDANCE,CALTHORPE|CIRCUIT TRAINING|2026-05-14|0930|1015|CARD:727,ALREADY_IN_CRM,5316,Skipped because this participant already has attendance for the resolved session.
PREVIEW_ROLLED_BACK,ATTENDANCE,CALTHORPE|CIRCUIT TRAINING|2026-05-14|0930|1015|CARD:761,ALREADY_IN_CRM,5323,Skipped because this participant already has attendance for the resolved session.
PREVIEW_ROLLED_BACK,ATTENDANCE,CALTHORPE|CROCHET|2026-05-14|1230|1415|CARD:418,NEW_ATTENDANCE,20726,Inserted inside the current SQL transaction.
PREVIEW_ROLLED_BACK,ATTENDANCE,CALTHORPE|CROCHET|2026-05-14|1230|1415|CARD:424,NEW_ATTENDANCE,20727,Inserted inside the current SQL transaction.
PREVIEW_ROLLED_BACK,ATTENDANCE,CALTHORPE|CROCHET|2026-05-14|1230|1415|CARD:491,NEW_ATTENDANCE,20728,Inserted inside the current SQL transaction.
PREVIEW_ROLLED_BACK,ATTENDANCE,CALTHORPE|CROCHET|2026-05-14|1230|1415|CARD:586,NEW_ATTENDANCE,20729,Inserted inside the current SQL transaction.
PREVIEW_ROLLED_BACK,ATTENDANCE,CALTHORPE|CROCHET|2026-05-14|1230|1415|CARD:638,NEW_ATTENDANCE,20730,Inserted inside the current SQL transaction.
PREVIEW_ROLLED_BACK,ATTENDANCE,CALTHORPE|CROCHET|2026-05-14|1230|1415|CARD:655,NEW_ATTENDANCE,20731,Inserted inside the current SQL transaction.
PREVIEW_ROLLED_BACK,ATTENDANCE,CALTHORPE|CROCHET|2026-05-14|1230|1415|CARD:849,NEW_ATTENDANCE,20732,Inserted inside the current SQL transaction.
PREVIEW_ROLLED_BACK,ATTENDANCE,CALTHORPE|MEN'S MULTI SPORTS|2026-05-14|1030|1130|CARD:1550,NEW_ATTENDANCE,20733,Inserted inside the current SQL transaction.
PREVIEW_ROLLED_BACK,ATTENDANCE,CALTHORPE|MEN'S MULTI SPORTS|2026-05-14|1030|1130|CARD:1599,NEW_ATTENDANCE,20734,Inserted inside the current SQL transaction.
PREVIEW_ROLLED_BACK,ATTENDANCE,CALTHORPE|MEN'S MULTI SPORTS|2026-05-14|1030|1130|CARD:487,NEW_ATTENDANCE,20735,Inserted inside the current SQL transaction.
PREVIEW_ROLLED_BACK,ATTENDANCE,CALTHORPE|MEN'S MULTI SPORTS|2026-05-14|1030|1130|CARD:689,NEW_ATTENDANCE,20736,Inserted inside the current SQL transaction.
PREVIEW_ROLLED_BACK,ATTENDANCE,CALTHORPE|MEN'S MULTI SPORTS|2026-05-14|1030|1130|CARD:791,NEW_ATTENDANCE,20737,Inserted inside the current SQL transaction.
PREVIEW_ROLLED_BACK,ATTENDANCE,CALTHORPE|WALK WITH ABI|2026-05-14|1015|1115|CARD:1447,NEW_ATTENDANCE,20738,Inserted inside the current SQL transaction.
PREVIEW_ROLLED_BACK,ATTENDANCE,CALTHORPE|WALK WITH ABI|2026-05-14|1015|1115|CARD:1617,NEW_ATTENDANCE,20739,Inserted inside the current SQL transaction.
PREVIEW_ROLLED_BACK,ATTENDANCE,CALTHORPE|WALK WITH ABI|2026-05-14|1015|1115|CARD:373,NEW_ATTENDANCE,20740,Inserted inside the current SQL transaction.
PREVIEW_ROLLED_BACK,ATTENDANCE,CALTHORPE|WALK WITH ABI|2026-05-14|1015|1115|CARD:441,NEW_ATTENDANCE,20741,Inserted inside the current SQL transaction.
PREVIEW_ROLLED_BACK,ATTENDANCE,CALTHORPE|WALK WITH ABI|2026-05-14|1015|1115|CARD:727,NEW_ATTENDANCE,20742,Inserted inside the current SQL transaction.
PREVIEW_ROLLED_BACK,ATTENDANCE,CALTHORPE|ARTS|2026-05-15|1230|1400|CARD:376,NEW_ATTENDANCE,20743,Inserted inside the current SQL transaction.
PREVIEW_ROLLED_BACK,ATTENDANCE,CALTHORPE|ARTS|2026-05-15|1230|1400|CARD:416,NEW_ATTENDANCE,20744,Inserted inside the current SQL transaction.
PREVIEW_ROLLED_BACK,ATTENDANCE,CALTHORPE|ARTS|2026-05-15|1230|1400|CARD:440,NEW_ATTENDANCE,20745,Inserted inside the current SQL transaction.
PREVIEW_ROLLED_BACK,ATTENDANCE,CALTHORPE|ARTS|2026-05-15|1230|1400|CARD:518,NEW_ATTENDANCE,20746,Inserted inside the current SQL transaction.
PREVIEW_ROLLED_BACK,ATTENDANCE,CALTHORPE|ARTS|2026-05-15|1230|1400|CARD:541,NEW_ATTENDANCE,20747,Inserted inside the current SQL transaction.
PREVIEW_ROLLED_BACK,ATTENDANCE,CALTHORPE|ARTS|2026-05-15|1230|1400|CARD:691,NEW_ATTENDANCE,20748,Inserted inside the current SQL transaction.
PREVIEW_ROLLED_BACK,ATTENDANCE,CALTHORPE|ARTS|2026-05-15|1230|1400|CARD:849,NEW_ATTENDANCE,20749,Inserted inside the current SQL transaction.
PREVIEW_ROLLED_BACK,ATTENDANCE,CALTHORPE|BODY CONDITIONING|2026-05-15|1100|1145|CARD:1531,NEW_ATTENDANCE,20750,Inserted inside the current SQL transaction.
PREVIEW_ROLLED_BACK,ATTENDANCE,CALTHORPE|BODY CONDITIONING|2026-05-15|1100|1145|CARD:1532,NEW_ATTENDANCE,20751,Inserted inside the current SQL transaction.
PREVIEW_ROLLED_BACK,ATTENDANCE,CALTHORPE|BODY CONDITIONING|2026-05-15|1100|1145|CARD:1549,NEW_ATTENDANCE,20752,Inserted inside the current SQL transaction.
PREVIEW_ROLLED_BACK,ATTENDANCE,CALTHORPE|BODY CONDITIONING|2026-05-15|1100|1145|CARD:346,NEW_ATTENDANCE,20753,Inserted inside the current SQL transaction.
PREVIEW_ROLLED_BACK,ATTENDANCE,CALTHORPE|BODY CONDITIONING|2026-05-15|1100|1145|CARD:377,NEW_ATTENDANCE,20754,Inserted inside the current SQL transaction.
PREVIEW_ROLLED_BACK,ATTENDANCE,CALTHORPE|BODY CONDITIONING|2026-05-15|1100|1145|CARD:380,NEW_ATTENDANCE,20755,Inserted inside the current SQL transaction.
PREVIEW_ROLLED_BACK,ATTENDANCE,CALTHORPE|BODY CONDITIONING|2026-05-15|1100|1145|CARD:470,NEW_ATTENDANCE,20756,Inserted inside the current SQL transaction.
PREVIEW_ROLLED_BACK,ATTENDANCE,CALTHORPE|BODY CONDITIONING|2026-05-15|1100|1145|CARD:568,NEW_ATTENDANCE,20757,Inserted inside the current SQL transaction.
PREVIEW_ROLLED_BACK,ATTENDANCE,CALTHORPE|BODY CONDITIONING|2026-05-15|1100|1145|CARD:625,NEW_ATTENDANCE,20758,Inserted inside the current SQL transaction.
PREVIEW_ROLLED_BACK,ATTENDANCE,CALTHORPE|BODY CONDITIONING|2026-05-15|1100|1145|CARD:727,NEW_ATTENDANCE,20759,Inserted inside the current SQL transaction.
PREVIEW_ROLLED_BACK,ATTENDANCE,CALTHORPE|BODY CONDITIONING|2026-05-15|1100|1145|CARD:797,NEW_ATTENDANCE,20760,Inserted inside the current SQL transaction.
PREVIEW_ROLLED_BACK,ATTENDANCE,CALTHORPE|BODY CONDITIONING|2026-05-15|1100|1145|CARD:851,NEW_ATTENDANCE,20761,Inserted inside the current SQL transaction.
PREVIEW_ROLLED_BACK,ATTENDANCE,CALTHORPE|PILATES|2026-05-15|1200|1245|CARD:1502,NEW_ATTENDANCE,20762,Inserted inside the current SQL transaction.
PREVIEW_ROLLED_BACK,ATTENDANCE,CALTHORPE|PILATES|2026-05-15|1200|1245|CARD:1531,NEW_ATTENDANCE,20763,Inserted inside the current SQL transaction.
PREVIEW_ROLLED_BACK,ATTENDANCE,CALTHORPE|PILATES|2026-05-15|1200|1245|CARD:1536,NEW_ATTENDANCE,20764,Inserted inside the current SQL transaction.
PREVIEW_ROLLED_BACK,ATTENDANCE,CALTHORPE|PILATES|2026-05-15|1200|1245|CARD:1549,NEW_ATTENDANCE,20765,Inserted inside the current SQL transaction.
PREVIEW_ROLLED_BACK,ATTENDANCE,CALTHORPE|PILATES|2026-05-15|1200|1245|CARD:157,NEW_ATTENDANCE,20766,Inserted inside the current SQL transaction.
PREVIEW_ROLLED_BACK,ATTENDANCE,CALTHORPE|PILATES|2026-05-15|1200|1245|CARD:1631,NEW_ATTENDANCE,20767,Inserted inside the current SQL transaction.
PREVIEW_ROLLED_BACK,ATTENDANCE,CALTHORPE|PILATES|2026-05-15|1200|1245|CARD:1632,NEW_ATTENDANCE,20768,Inserted inside the current SQL transaction.
PREVIEW_ROLLED_BACK,ATTENDANCE,CALTHORPE|PILATES|2026-05-15|1200|1245|CARD:337,NEW_ATTENDANCE,20769,Inserted inside the current SQL transaction.
PREVIEW_ROLLED_BACK,ATTENDANCE,CALTHORPE|PILATES|2026-05-15|1200|1245|CARD:385,NEW_ATTENDANCE,20770,Inserted inside the current SQL transaction.
PREVIEW_ROLLED_BACK,ATTENDANCE,CALTHORPE|PILATES|2026-05-15|1200|1245|CARD:390,NEW_ATTENDANCE,20771,Inserted inside the current SQL transaction.
PREVIEW_ROLLED_BACK,ATTENDANCE,CALTHORPE|PILATES|2026-05-15|1200|1245|CARD:442,NEW_ATTENDANCE,20772,Inserted inside the current SQL transaction.
PREVIEW_ROLLED_BACK,ATTENDANCE,CALTHORPE|PILATES|2026-05-15|1200|1245|CARD:486,NEW_ATTENDANCE,20773,Inserted inside the current SQL transaction.
PREVIEW_ROLLED_BACK,ATTENDANCE,CALTHORPE|PILATES|2026-05-15|1200|1245|CARD:572,NEW_ATTENDANCE,20774,Inserted inside the current SQL transaction.
PREVIEW_ROLLED_BACK,ATTENDANCE,CALTHORPE|PILATES|2026-05-15|1200|1245|CARD:606,NEW_ATTENDANCE,20775,Inserted inside the current SQL transaction.
PREVIEW_ROLLED_BACK,ATTENDANCE,CALTHORPE|PILATES|2026-05-15|1200|1245|CARD:631,NEW_ATTENDANCE,20776,Inserted inside the current SQL transaction.
PREVIEW_ROLLED_BACK,ATTENDANCE,CALTHORPE|PILATES|2026-05-15|1200|1245|CARD:635,NEW_ATTENDANCE,20777,Inserted inside the current SQL transaction.
PREVIEW_ROLLED_BACK,ATTENDANCE,CALTHORPE|PILATES|2026-05-15|1200|1245|CARD:691,NEW_ATTENDANCE,20778,Inserted inside the current SQL transaction.
PREVIEW_ROLLED_BACK,ATTENDANCE,CALTHORPE|PILATES|2026-05-15|1200|1245|CARD:806,NEW_ATTENDANCE,20779,Inserted inside the current SQL transaction.
PREVIEW_ROLLED_BACK,ATTENDANCE,CALTHORPE|CHAIR BASED EXERCISE|2026-05-18|1130|1215|CARD:1513,NEW_ATTENDANCE,20780,Inserted inside the current SQL transaction.
PREVIEW_ROLLED_BACK,ATTENDANCE,CALTHORPE|CHAIR BASED EXERCISE|2026-05-18|1130|1215|CARD:1549,NEW_ATTENDANCE,20781,Inserted inside the current SQL transaction.
PREVIEW_ROLLED_BACK,ATTENDANCE,CALTHORPE|CHAIR BASED EXERCISE|2026-05-18|1130|1215|CARD:337,NEW_ATTENDANCE,20782,Inserted inside the current SQL transaction.
PREVIEW_ROLLED_BACK,ATTENDANCE,CALTHORPE|CHAIR BASED EXERCISE|2026-05-18|1130|1215|CARD:380,NEW_ATTENDANCE,20783,Inserted inside the current SQL transaction.
PREVIEW_ROLLED_BACK,ATTENDANCE,CALTHORPE|CHAIR BASED EXERCISE|2026-05-18|1130|1215|CARD:410,NEW_ATTENDANCE,20784,Inserted inside the current SQL transaction.
PREVIEW_ROLLED_BACK,ATTENDANCE,CALTHORPE|CHAIR BASED EXERCISE|2026-05-18|1130|1215|CARD:415,NEW_ATTENDANCE,20785,Inserted inside the current SQL transaction.
PREVIEW_ROLLED_BACK,ATTENDANCE,CALTHORPE|CHAIR BASED EXERCISE|2026-05-18|1130|1215|CARD:418,NEW_ATTENDANCE,20786,Inserted inside the current SQL transaction.
PREVIEW_ROLLED_BACK,ATTENDANCE,CALTHORPE|CHAIR BASED EXERCISE|2026-05-18|1130|1215|CARD:434,NEW_ATTENDANCE,20787,Inserted inside the current SQL transaction.
PREVIEW_ROLLED_BACK,ATTENDANCE,CALTHORPE|CHAIR BASED EXERCISE|2026-05-18|1130|1215|CARD:444,NEW_ATTENDANCE,20788,Inserted inside the current SQL transaction.
PREVIEW_ROLLED_BACK,ATTENDANCE,CALTHORPE|CHAIR BASED EXERCISE|2026-05-18|1130|1215|CARD:485,NEW_ATTENDANCE,20789,Inserted inside the current SQL transaction.
PREVIEW_ROLLED_BACK,ATTENDANCE,CALTHORPE|CHAIR BASED EXERCISE|2026-05-18|1130|1215|CARD:572,NEW_ATTENDANCE,20790,Inserted inside the current SQL transaction.
PREVIEW_ROLLED_BACK,ATTENDANCE,CALTHORPE|CHAIR BASED EXERCISE|2026-05-18|1130|1215|CARD:620,NEW_ATTENDANCE,20791,Inserted inside the current SQL transaction.
PREVIEW_ROLLED_BACK,ATTENDANCE,CALTHORPE|CHAIR BASED EXERCISE|2026-05-18|1130|1215|CARD:631,NEW_ATTENDANCE,20792,Inserted inside the current SQL transaction.
PREVIEW_ROLLED_BACK,ATTENDANCE,CALTHORPE|CHAIR BASED EXERCISE|2026-05-18|1130|1215|CARD:638,NEW_ATTENDANCE,20793,Inserted inside the current SQL transaction.
PREVIEW_ROLLED_BACK,ATTENDANCE,CALTHORPE|CHAIR BASED EXERCISE|2026-05-18|1130|1215|CARD:642,NEW_ATTENDANCE,20794,Inserted inside the current SQL transaction.
PREVIEW_ROLLED_BACK,ATTENDANCE,CALTHORPE|CHAIR BASED EXERCISE|2026-05-18|1130|1215|CARD:717,NEW_ATTENDANCE,20795,Inserted inside the current SQL transaction.
PREVIEW_ROLLED_BACK,ATTENDANCE,CALTHORPE|CHAIR BASED EXERCISE|2026-05-18|1130|1215|CARD:852,NEW_ATTENDANCE,20796,Inserted inside the current SQL transaction.
PREVIEW_ROLLED_BACK,ATTENDANCE,CALTHORPE|CHAIR BASED EXERCISE|2026-05-18|1130|1215|CARD:853,NEW_ATTENDANCE,20797,Inserted inside the current SQL transaction.
PREVIEW_ROLLED_BACK,ATTENDANCE,CALTHORPE|CHAIR BASED EXERCISE|2026-05-18|1130|1215|CARD:855,NEW_ATTENDANCE,20798,Inserted inside the current SQL transaction.
PREVIEW_ROLLED_BACK,ATTENDANCE,CALTHORPE|CHAIR BASED EXERCISE|2026-05-18|1130|1215|NAME:debbie ricket,NEW_ATTENDANCE,20799,Inserted inside the current SQL transaction.
PREVIEW_ROLLED_BACK,ATTENDANCE,CALTHORPE|CROCHET|2026-05-18|1230|1415|CARD:1567,NEW_ATTENDANCE,20800,Inserted inside the current SQL transaction.
PREVIEW_ROLLED_BACK,ATTENDANCE,CALTHORPE|CROCHET|2026-05-18|1230|1415|CARD:416,NEW_ATTENDANCE,20801,Inserted inside the current SQL transaction.
PREVIEW_ROLLED_BACK,ATTENDANCE,CALTHORPE|CROCHET|2026-05-18|1230|1415|CARD:418,NEW_ATTENDANCE,20802,Inserted inside the current SQL transaction.
PREVIEW_ROLLED_BACK,ATTENDANCE,CALTHORPE|CROCHET|2026-05-18|1230|1415|CARD:436,NEW_ATTENDANCE,20803,Inserted inside the current SQL transaction.
PREVIEW_ROLLED_BACK,ATTENDANCE,CALTHORPE|CROCHET|2026-05-18|1230|1415|CARD:468,NEW_ATTENDANCE,20804,Inserted inside the current SQL transaction.
PREVIEW_ROLLED_BACK,ATTENDANCE,CALTHORPE|CROCHET|2026-05-18|1230|1415|CARD:513,NEW_ATTENDANCE,20805,Inserted inside the current SQL transaction.
PREVIEW_ROLLED_BACK,ATTENDANCE,CALTHORPE|CROCHET|2026-05-18|1230|1415|CARD:586,NEW_ATTENDANCE,20806,Inserted inside the current SQL transaction.
PREVIEW_ROLLED_BACK,ATTENDANCE,CALTHORPE|CROCHET|2026-05-18|1230|1415|CARD:613,NEW_ATTENDANCE,20807,Inserted inside the current SQL transaction.
PREVIEW_ROLLED_BACK,ATTENDANCE,CALTHORPE|CROCHET|2026-05-18|1230|1415|CARD:616,NEW_ATTENDANCE,20808,Inserted inside the current SQL transaction.
PREVIEW_ROLLED_BACK,ATTENDANCE,CALTHORPE|CROCHET|2026-05-18|1230|1415|CARD:638,NEW_ATTENDANCE,20809,Inserted inside the current SQL transaction.
PREVIEW_ROLLED_BACK,ATTENDANCE,CALTHORPE|CROCHET|2026-05-18|1230|1415|CARD:657,NEW_ATTENDANCE,20810,Inserted inside the current SQL transaction.
PREVIEW_ROLLED_BACK,ATTENDANCE,CALTHORPE|CROCHET|2026-05-18|1230|1415|CARD:708,NEW_ATTENDANCE,20811,Inserted inside the current SQL transaction.
PREVIEW_ROLLED_BACK,ATTENDANCE,CALTHORPE|CROCHET|2026-05-18|1230|1415|CARD:794,NEW_ATTENDANCE,20812,Inserted inside the current SQL transaction.
PREVIEW_ROLLED_BACK,ATTENDANCE,CALTHORPE|CROCHET|2026-05-18|1230|1415|CARD:996,NEW_ATTENDANCE,20813,Inserted inside the current SQL transaction.
PREVIEW_ROLLED_BACK,ATTENDANCE,CALTHORPE|CROCHET|2026-05-18|1230|1415|NAME:nagia saeid,NEW_ATTENDANCE,20814,Inserted inside the current SQL transaction.
PREVIEW_ROLLED_BACK,ATTENDANCE,CALTHORPE|STRENGTH & STRETCH|2026-05-18|1030|1115|CARD:249,NEW_ATTENDANCE,20815,Inserted inside the current SQL transaction.
PREVIEW_ROLLED_BACK,ATTENDANCE,CALTHORPE|STRENGTH & STRETCH|2026-05-18|1030|1115|CARD:691,NEW_ATTENDANCE,20816,Inserted inside the current SQL transaction.
PREVIEW_ROLLED_BACK,ATTENDANCE,CALTHORPE|STRENGTH & STRETCH|2026-05-18|1030|1115|CARD:717,NEW_ATTENDANCE,20817,Inserted inside the current SQL transaction.
PREVIEW_ROLLED_BACK,ATTENDANCE,CALTHORPE|STRENGTH & STRETCH|2026-05-18|1030|1115|CARD:740,NEW_ATTENDANCE,20818,Inserted inside the current SQL transaction.
PREVIEW_ROLLED_BACK,ATTENDANCE,CALTHORPE|STRENGTH & STRETCH|2026-05-18|1030|1115|CARD:780,NEW_ATTENDANCE,20819,Inserted inside the current SQL transaction.
PREVIEW_ROLLED_BACK,ATTENDANCE,CALTHORPE|STRENGTH & STRETCH|2026-05-18|1030|1115|CARD:851,NEW_ATTENDANCE,20820,Inserted inside the current SQL transaction.
PREVIEW_ROLLED_BACK,ATTENDANCE,CALTHORPE|STRENGTH & STRETCH|2026-05-18|1030|1115|CARD:996,NEW_ATTENDANCE,20821,Inserted inside the current SQL transaction.
PREVIEW_ROLLED_BACK,ATTENDANCE,CALTHORPE|STRENGTH & STRETCH|2026-05-19|0930|1030|CARD:157,NEW_ATTENDANCE,20822,Inserted inside the current SQL transaction.
PREVIEW_ROLLED_BACK,ATTENDANCE,CALTHORPE|STRENGTH & STRETCH|2026-05-19|0930|1030|CARD:337,NEW_ATTENDANCE,20823,Inserted inside the current SQL transaction.
PREVIEW_ROLLED_BACK,ATTENDANCE,CALTHORPE|STRENGTH & STRETCH|2026-05-19|0930|1030|CARD:390,NEW_ATTENDANCE,20824,Inserted inside the current SQL transaction.
PREVIEW_ROLLED_BACK,ATTENDANCE,CALTHORPE|STRENGTH & STRETCH|2026-05-19|0930|1030|CARD:429,NEW_ATTENDANCE,20825,Inserted inside the current SQL transaction.
PREVIEW_ROLLED_BACK,ATTENDANCE,CALTHORPE|STRENGTH & STRETCH|2026-05-19|0930|1030|CARD:470,NEW_ATTENDANCE,20826,Inserted inside the current SQL transaction.
PREVIEW_ROLLED_BACK,ATTENDANCE,CALTHORPE|STRENGTH & STRETCH|2026-05-19|0930|1030|CARD:596,NEW_ATTENDANCE,20827,Inserted inside the current SQL transaction.
PREVIEW_ROLLED_BACK,ATTENDANCE,CALTHORPE|STRENGTH & STRETCH|2026-05-19|0930|1030|CARD:604,NEW_ATTENDANCE,20828,Inserted inside the current SQL transaction.
PREVIEW_ROLLED_BACK,ATTENDANCE,CALTHORPE|STRENGTH & STRETCH|2026-05-19|0930|1030|CARD:639,NEW_ATTENDANCE,20829,Inserted inside the current SQL transaction.
PREVIEW_ROLLED_BACK,ATTENDANCE,CALTHORPE|STRENGTH & STRETCH|2026-05-19|0930|1030|CARD:642,NEW_ATTENDANCE,20830,Inserted inside the current SQL transaction.
PREVIEW_ROLLED_BACK,ATTENDANCE,CALTHORPE|STRENGTH & STRETCH|2026-05-19|0930|1030|CARD:681,NEW_ATTENDANCE,20831,Inserted inside the current SQL transaction.
PREVIEW_ROLLED_BACK,ATTENDANCE,CALTHORPE|STRENGTH & STRETCH|2026-05-19|0930|1030|CARD:764,NEW_ATTENDANCE,20832,Inserted inside the current SQL transaction.
PREVIEW_ROLLED_BACK,ATTENDANCE,CALTHORPE|STRENGTH & STRETCH|2026-05-19|0930|1030|CARD:995,NEW_ATTENDANCE,20833,Inserted inside the current SQL transaction.
PREVIEW_ROLLED_BACK,ATTENDANCE,CALTHORPE|YOGA|2026-05-19|1715|1815|CARD:1531,NEW_ATTENDANCE,20834,Inserted inside the current SQL transaction.
PREVIEW_ROLLED_BACK,ATTENDANCE,CALTHORPE|YOGA|2026-05-19|1715|1815|CARD:1549,NEW_ATTENDANCE,20835,Inserted inside the current SQL transaction.
PREVIEW_ROLLED_BACK,ATTENDANCE,CALTHORPE|YOGA|2026-05-19|1715|1815|CARD:1631,NEW_ATTENDANCE,20836,Inserted inside the current SQL transaction.
PREVIEW_ROLLED_BACK,ATTENDANCE,CALTHORPE|YOGA|2026-05-19|1715|1815|CARD:572,NEW_ATTENDANCE,20837,Inserted inside the current SQL transaction.
PREVIEW_ROLLED_BACK,ATTENDANCE,CALTHORPE|YOGA|2026-05-19|1715|1815|CARD:617,NEW_ATTENDANCE,20838,Inserted inside the current SQL transaction.
PREVIEW_ROLLED_BACK,ATTENDANCE,CALTHORPE|YOGA|2026-05-19|1715|1815|CARD:629,NEW_ATTENDANCE,20839,Inserted inside the current SQL transaction.
PREVIEW_ROLLED_BACK,ATTENDANCE,CALTHORPE|YOGA|2026-05-19|1715|1815|CARD:704,NEW_ATTENDANCE,20840,Inserted inside the current SQL transaction.
PREVIEW_ROLLED_BACK,ATTENDANCE,CALTHORPE|YOGA|2026-05-19|1715|1815|CARD:717,NEW_ATTENDANCE,20841,Inserted inside the current SQL transaction.
PREVIEW_ROLLED_BACK,ATTENDANCE,CALTHORPE|SALSA/BELLY DANCING|2026-05-20|1100|1200|CARD:1633,NEW_ATTENDANCE,20842,Inserted inside the current SQL transaction.
PREVIEW_ROLLED_BACK,ATTENDANCE,CALTHORPE|SALSA/BELLY DANCING|2026-05-20|1100|1200|CARD:351,NEW_ATTENDANCE,20843,Inserted inside the current SQL transaction.
PREVIEW_ROLLED_BACK,ATTENDANCE,CALTHORPE|SALSA/BELLY DANCING|2026-05-20|1100|1200|CARD:441,NEW_ATTENDANCE,20844,Inserted inside the current SQL transaction.
PREVIEW_ROLLED_BACK,ATTENDANCE,CALTHORPE|SALSA/BELLY DANCING|2026-05-20|1100|1200|CARD:504,NEW_ATTENDANCE,20845,Inserted inside the current SQL transaction.
PREVIEW_ROLLED_BACK,ATTENDANCE,CALTHORPE|SALSA/BELLY DANCING|2026-05-20|1100|1200|CARD:549,NEW_ATTENDANCE,20846,Inserted inside the current SQL transaction.
PREVIEW_ROLLED_BACK,ATTENDANCE,CALTHORPE|SALSA/BELLY DANCING|2026-05-20|1100|1200|CARD:605,NEW_ATTENDANCE,20847,Inserted inside the current SQL transaction.
PREVIEW_ROLLED_BACK,ATTENDANCE,CALTHORPE|SALSA/BELLY DANCING|2026-05-20|1100|1200|CARD:691,NEW_ATTENDANCE,20848,Inserted inside the current SQL transaction.
PREVIEW_ROLLED_BACK,ATTENDANCE,CALTHORPE|SALSA/BELLY DANCING|2026-05-20|1100|1200|CARD:995,NEW_ATTENDANCE,20849,Inserted inside the current SQL transaction.
PREVIEW_ROLLED_BACK,ATTENDANCE,CALTHORPE|SALSA/BELLY DANCING|2026-05-20|1100|1200|NAME:hamda,NEW_ATTENDANCE,20850,Inserted inside the current SQL transaction.
PREVIEW_ROLLED_BACK,ATTENDANCE,CALTHORPE|SALSA/BELLY DANCING|2026-05-20|1100|1200|NAME:nasra,NEW_ATTENDANCE,20851,Inserted inside the current SQL transaction.
PREVIEW_ROLLED_BACK,ATTENDANCE,CALTHORPE|SALSA/BELLY DANCING|2026-05-20|1100|1200|NAME:sakina rassool,NEW_ATTENDANCE,20852,Inserted inside the current SQL transaction.
PREVIEW_ROLLED_BACK,ATTENDANCE,CALTHORPE|SALSA/BELLY DANCING|2026-05-20|1100|1200|NAME:seble 6029,NEW_ATTENDANCE,20853,Inserted inside the current SQL transaction.
PREVIEW_ROLLED_BACK,ATTENDANCE,CALTHORPE|SALSA/BELLY DANCING|2026-05-20|1100|1200|NAME:souhab,NEW_ATTENDANCE,20854,Inserted inside the current SQL transaction.
PREVIEW_ROLLED_BACK,ATTENDANCE,CALTHORPE|CHAIR BASED EXERCISE|2026-05-21|1130|1215|CARD:380,NEW_ATTENDANCE,20855,Inserted inside the current SQL transaction.
PREVIEW_ROLLED_BACK,ATTENDANCE,CALTHORPE|CHAIR BASED EXERCISE|2026-05-21|1130|1215|CARD:410,NEW_ATTENDANCE,20856,Inserted inside the current SQL transaction.
PREVIEW_ROLLED_BACK,ATTENDANCE,CALTHORPE|CHAIR BASED EXERCISE|2026-05-21|1130|1215|CARD:415,NEW_ATTENDANCE,20857,Inserted inside the current SQL transaction.
PREVIEW_ROLLED_BACK,ATTENDANCE,CALTHORPE|CHAIR BASED EXERCISE|2026-05-21|1130|1215|CARD:416,NEW_ATTENDANCE,20858,Inserted inside the current SQL transaction.
PREVIEW_ROLLED_BACK,ATTENDANCE,CALTHORPE|CHAIR BASED EXERCISE|2026-05-21|1130|1215|CARD:418,NEW_ATTENDANCE,20859,Inserted inside the current SQL transaction.
PREVIEW_ROLLED_BACK,ATTENDANCE,CALTHORPE|CHAIR BASED EXERCISE|2026-05-21|1130|1215|CARD:444,NEW_ATTENDANCE,20860,Inserted inside the current SQL transaction.
PREVIEW_ROLLED_BACK,ATTENDANCE,CALTHORPE|CHAIR BASED EXERCISE|2026-05-21|1130|1215|CARD:485,NEW_ATTENDANCE,20861,Inserted inside the current SQL transaction.
PREVIEW_ROLLED_BACK,ATTENDANCE,CALTHORPE|CHAIR BASED EXERCISE|2026-05-21|1130|1215|CARD:601,NEW_ATTENDANCE,20862,Inserted inside the current SQL transaction.
PREVIEW_ROLLED_BACK,ATTENDANCE,CALTHORPE|CHAIR BASED EXERCISE|2026-05-21|1130|1215|CARD:620,NEW_ATTENDANCE,20863,Inserted inside the current SQL transaction.
PREVIEW_ROLLED_BACK,ATTENDANCE,CALTHORPE|CHAIR BASED EXERCISE|2026-05-21|1130|1215|CARD:638,NEW_ATTENDANCE,20864,Inserted inside the current SQL transaction.
PREVIEW_ROLLED_BACK,ATTENDANCE,CALTHORPE|CHAIR BASED EXERCISE|2026-05-21|1130|1215|CARD:642,NEW_ATTENDANCE,20865,Inserted inside the current SQL transaction.
PREVIEW_ROLLED_BACK,ATTENDANCE,CALTHORPE|CHAIR BASED EXERCISE|2026-05-21|1130|1215|CARD:655,NEW_ATTENDANCE,20866,Inserted inside the current SQL transaction.
PREVIEW_ROLLED_BACK,ATTENDANCE,CALTHORPE|CHAIR BASED EXERCISE|2026-05-21|1130|1215|CARD:706,NEW_ATTENDANCE,20867,Inserted inside the current SQL transaction.
PREVIEW_ROLLED_BACK,ATTENDANCE,CALTHORPE|CHAIR BASED EXERCISE|2026-05-21|1130|1215|CARD:715,NEW_ATTENDANCE,20868,Inserted inside the current SQL transaction.
PREVIEW_ROLLED_BACK,ATTENDANCE,CALTHORPE|CHAIR BASED EXERCISE|2026-05-21|1130|1215|CARD:753,NEW_ATTENDANCE,20869,Inserted inside the current SQL transaction.
PREVIEW_ROLLED_BACK,ATTENDANCE,CALTHORPE|CHAIR BASED EXERCISE|2026-05-21|1130|1215|CARD:855,NEW_ATTENDANCE,20870,Inserted inside the current SQL transaction.
PREVIEW_ROLLED_BACK,ATTENDANCE,CALTHORPE|CHAIR BASED EXERCISE|2026-05-21|1130|1215|CARD:862,NEW_ATTENDANCE,20871,Inserted inside the current SQL transaction.
PREVIEW_ROLLED_BACK,ATTENDANCE,CALTHORPE|CHAIR BASED EXERCISE|2026-05-21|1130|1215|CARD:866,NEW_ATTENDANCE,20872,Inserted inside the current SQL transaction.
PREVIEW_ROLLED_BACK,ATTENDANCE,CALTHORPE|CIRCUIT TRAINING|2026-05-21|0930|1015|CARD:1532,NEW_ATTENDANCE,20873,Inserted inside the current SQL transaction.
PREVIEW_ROLLED_BACK,ATTENDANCE,CALTHORPE|CIRCUIT TRAINING|2026-05-21|0930|1015|CARD:412,NEW_ATTENDANCE,20874,Inserted inside the current SQL transaction.
PREVIEW_ROLLED_BACK,ATTENDANCE,CALTHORPE|CIRCUIT TRAINING|2026-05-21|0930|1015|CARD:429,NEW_ATTENDANCE,20875,Inserted inside the current SQL transaction.
PREVIEW_ROLLED_BACK,ATTENDANCE,CALTHORPE|CIRCUIT TRAINING|2026-05-21|0930|1015|CARD:470,NEW_ATTENDANCE,20876,Inserted inside the current SQL transaction.
PREVIEW_ROLLED_BACK,ATTENDANCE,CALTHORPE|CIRCUIT TRAINING|2026-05-21|0930|1015|CARD:486,NEW_ATTENDANCE,20877,Inserted inside the current SQL transaction.
PREVIEW_ROLLED_BACK,ATTENDANCE,CALTHORPE|CIRCUIT TRAINING|2026-05-21|0930|1015|CARD:596,NEW_ATTENDANCE,20878,Inserted inside the current SQL transaction.
PREVIEW_ROLLED_BACK,ATTENDANCE,CALTHORPE|CIRCUIT TRAINING|2026-05-21|0930|1015|CARD:604,NEW_ATTENDANCE,20879,Inserted inside the current SQL transaction.
PREVIEW_ROLLED_BACK,ATTENDANCE,CALTHORPE|CIRCUIT TRAINING|2026-05-21|0930|1015|CARD:648,NEW_ATTENDANCE,20880,Inserted inside the current SQL transaction.
PREVIEW_ROLLED_BACK,ATTENDANCE,CALTHORPE|CIRCUIT TRAINING|2026-05-21|0930|1015|CARD:690,NEW_ATTENDANCE,20881,Inserted inside the current SQL transaction.
PREVIEW_ROLLED_BACK,ATTENDANCE,CALTHORPE|CIRCUIT TRAINING|2026-05-21|0930|1015|CARD:691,NEW_ATTENDANCE,20882,Inserted inside the current SQL transaction.
PREVIEW_ROLLED_BACK,ATTENDANCE,CALTHORPE|CIRCUIT TRAINING|2026-05-21|0930|1015|CARD:698,NEW_ATTENDANCE,20883,Inserted inside the current SQL transaction.
PREVIEW_ROLLED_BACK,ATTENDANCE,CALTHORPE|CIRCUIT TRAINING|2026-05-21|0930|1015|CARD:761,NEW_ATTENDANCE,20884,Inserted inside the current SQL transaction.
PREVIEW_ROLLED_BACK,ATTENDANCE,CALTHORPE|CIRCUIT TRAINING|2026-05-21|0930|1015|CARD:770,NEW_ATTENDANCE,20885,Inserted inside the current SQL transaction.
PREVIEW_ROLLED_BACK,ATTENDANCE,CALTHORPE|CIRCUIT TRAINING|2026-05-21|0930|1015|CARD:850,NEW_ATTENDANCE,20886,Inserted inside the current SQL transaction.
PREVIEW_ROLLED_BACK,ATTENDANCE,CALTHORPE|CROCHET|2026-05-21|1230|1415|CARD:1633,NEW_ATTENDANCE,20887,Inserted inside the current SQL transaction.
PREVIEW_ROLLED_BACK,ATTENDANCE,CALTHORPE|CROCHET|2026-05-21|1230|1415|CARD:418,NEW_ATTENDANCE,20888,Inserted inside the current SQL transaction.
PREVIEW_ROLLED_BACK,ATTENDANCE,CALTHORPE|CROCHET|2026-05-21|1230|1415|CARD:424,NEW_ATTENDANCE,20889,Inserted inside the current SQL transaction.
PREVIEW_ROLLED_BACK,ATTENDANCE,CALTHORPE|CROCHET|2026-05-21|1230|1415|CARD:586,NEW_ATTENDANCE,20890,Inserted inside the current SQL transaction.
PREVIEW_ROLLED_BACK,ATTENDANCE,CALTHORPE|CROCHET|2026-05-21|1230|1415|CARD:638,NEW_ATTENDANCE,20891,Inserted inside the current SQL transaction.
PREVIEW_ROLLED_BACK,ATTENDANCE,CALTHORPE|CROCHET|2026-05-21|1230|1415|CARD:655,NEW_ATTENDANCE,20892,Inserted inside the current SQL transaction.
PREVIEW_ROLLED_BACK,ATTENDANCE,CALTHORPE|MEN'S MULTI SPORTS|2026-05-21|1030|1130|CARD:1599,NEW_ATTENDANCE,20893,Inserted inside the current SQL transaction.
PREVIEW_ROLLED_BACK,ATTENDANCE,CALTHORPE|MEN'S MULTI SPORTS|2026-05-21|1030|1130|CARD:487,NEW_ATTENDANCE,20894,Inserted inside the current SQL transaction.
PREVIEW_ROLLED_BACK,ATTENDANCE,CALTHORPE|MEN'S MULTI SPORTS|2026-05-21|1030|1130|CARD:689,NEW_ATTENDANCE,20895,Inserted inside the current SQL transaction.
PREVIEW_ROLLED_BACK,ATTENDANCE,CALTHORPE|MEN'S MULTI SPORTS|2026-05-21|1030|1130|CARD:791,NEW_ATTENDANCE,20896,Inserted inside the current SQL transaction.
PREVIEW_ROLLED_BACK,ATTENDANCE,CALTHORPE|WALK WITH ABI|2026-05-21|1015|1115|CARD:1447,NEW_ATTENDANCE,20897,Inserted inside the current SQL transaction.
PREVIEW_ROLLED_BACK,ATTENDANCE,CALTHORPE|WALK WITH ABI|2026-05-21|1015|1115|CARD:1617,NEW_ATTENDANCE,20898,Inserted inside the current SQL transaction.
PREVIEW_ROLLED_BACK,ATTENDANCE,CALTHORPE|WALK WITH ABI|2026-05-21|1015|1115|CARD:486,NEW_ATTENDANCE,20899,Inserted inside the current SQL transaction.
PREVIEW_ROLLED_BACK,ATTENDANCE,CALTHORPE|WALK WITH ABI|2026-05-21|1015|1115|CARD:561,NEW_ATTENDANCE,20900,Inserted inside the current SQL transaction.
PREVIEW_ROLLED_BACK,ATTENDANCE,CALTHORPE|WALK WITH ABI|2026-05-21|1015|1115|CARD:604,NEW_ATTENDANCE,20901,Inserted inside the current SQL transaction.
PREVIEW_ROLLED_BACK,ATTENDANCE,CALTHORPE|ARTS|2026-05-22|1230|1400|CARD:376,NEW_ATTENDANCE,20902,Inserted inside the current SQL transaction.
PREVIEW_ROLLED_BACK,ATTENDANCE,CALTHORPE|ARTS|2026-05-22|1230|1400|CARD:416,NEW_ATTENDANCE,20903,Inserted inside the current SQL transaction.
PREVIEW_ROLLED_BACK,ATTENDANCE,CALTHORPE|ARTS|2026-05-22|1230|1400|CARD:444,NEW_ATTENDANCE,20904,Inserted inside the current SQL transaction.
PREVIEW_ROLLED_BACK,ATTENDANCE,CALTHORPE|ARTS|2026-05-22|1230|1400|CARD:691,NEW_ATTENDANCE,20905,Inserted inside the current SQL transaction.
PREVIEW_ROLLED_BACK,ATTENDANCE,CALTHORPE|ARTS|2026-05-22|1230|1400|NAME:yaz,NEW_ATTENDANCE,20906,Inserted inside the current SQL transaction.
PREVIEW_ROLLED_BACK,ATTENDANCE,CALTHORPE|BODY CONDITIONING|2026-05-22|1100|1145|CARD:126,NEW_ATTENDANCE,20907,Inserted inside the current SQL transaction.
PREVIEW_ROLLED_BACK,ATTENDANCE,CALTHORPE|BODY CONDITIONING|2026-05-22|1100|1145|CARD:1531,NEW_ATTENDANCE,20908,Inserted inside the current SQL transaction.
PREVIEW_ROLLED_BACK,ATTENDANCE,CALTHORPE|BODY CONDITIONING|2026-05-22|1100|1145|CARD:1549,NEW_ATTENDANCE,20909,Inserted inside the current SQL transaction.
PREVIEW_ROLLED_BACK,ATTENDANCE,CALTHORPE|BODY CONDITIONING|2026-05-22|1100|1145|CARD:346,NEW_ATTENDANCE,20910,Inserted inside the current SQL transaction.
PREVIEW_ROLLED_BACK,ATTENDANCE,CALTHORPE|BODY CONDITIONING|2026-05-22|1100|1145|CARD:377,NEW_ATTENDANCE,20911,Inserted inside the current SQL transaction.
PREVIEW_ROLLED_BACK,ATTENDANCE,CALTHORPE|BODY CONDITIONING|2026-05-22|1100|1145|CARD:380,NEW_ATTENDANCE,20912,Inserted inside the current SQL transaction.
PREVIEW_ROLLED_BACK,ATTENDANCE,CALTHORPE|BODY CONDITIONING|2026-05-22|1100|1145|CARD:406,NEW_ATTENDANCE,20913,Inserted inside the current SQL transaction.
PREVIEW_ROLLED_BACK,ATTENDANCE,CALTHORPE|BODY CONDITIONING|2026-05-22|1100|1145|CARD:411,NEW_ATTENDANCE,20914,Inserted inside the current SQL transaction.
PREVIEW_ROLLED_BACK,ATTENDANCE,CALTHORPE|BODY CONDITIONING|2026-05-22|1100|1145|CARD:429,NEW_ATTENDANCE,20915,Inserted inside the current SQL transaction.
PREVIEW_ROLLED_BACK,ATTENDANCE,CALTHORPE|BODY CONDITIONING|2026-05-22|1100|1145|CARD:470,NEW_ATTENDANCE,20916,Inserted inside the current SQL transaction.
PREVIEW_ROLLED_BACK,ATTENDANCE,CALTHORPE|BODY CONDITIONING|2026-05-22|1100|1145|CARD:568,NEW_ATTENDANCE,20917,Inserted inside the current SQL transaction.
PREVIEW_ROLLED_BACK,ATTENDANCE,CALTHORPE|BODY CONDITIONING|2026-05-22|1100|1145|CARD:596,NEW_ATTENDANCE,20918,Inserted inside the current SQL transaction.
PREVIEW_ROLLED_BACK,ATTENDANCE,CALTHORPE|BODY CONDITIONING|2026-05-22|1100|1145|CARD:700,NEW_ATTENDANCE,20919,Inserted inside the current SQL transaction.
PREVIEW_ROLLED_BACK,ATTENDANCE,CALTHORPE|BODY CONDITIONING|2026-05-22|1100|1145|CARD:742,NEW_ATTENDANCE,20920,Inserted inside the current SQL transaction.
PREVIEW_ROLLED_BACK,ATTENDANCE,CALTHORPE|BODY CONDITIONING|2026-05-22|1100|1145|CARD:771,NEW_ATTENDANCE,20921,Inserted inside the current SQL transaction.
PREVIEW_ROLLED_BACK,ATTENDANCE,CALTHORPE|BODY CONDITIONING|2026-05-22|1100|1145|CARD:851,NEW_ATTENDANCE,20922,Inserted inside the current SQL transaction.
PREVIEW_ROLLED_BACK,ATTENDANCE,CALTHORPE|PILATES|2026-05-22|1200|1245|CARD:1531,NEW_ATTENDANCE,20923,Inserted inside the current SQL transaction.
PREVIEW_ROLLED_BACK,ATTENDANCE,CALTHORPE|PILATES|2026-05-22|1200|1245|CARD:1543,NEW_ATTENDANCE,20924,Inserted inside the current SQL transaction.
PREVIEW_ROLLED_BACK,ATTENDANCE,CALTHORPE|PILATES|2026-05-22|1200|1245|CARD:157,NEW_ATTENDANCE,20925,Inserted inside the current SQL transaction.
PREVIEW_ROLLED_BACK,ATTENDANCE,CALTHORPE|PILATES|2026-05-22|1200|1245|CARD:1632,NEW_ATTENDANCE,20926,Inserted inside the current SQL transaction.
PREVIEW_ROLLED_BACK,ATTENDANCE,CALTHORPE|PILATES|2026-05-22|1200|1245|CARD:337,NEW_ATTENDANCE,20927,Inserted inside the current SQL transaction.
PREVIEW_ROLLED_BACK,ATTENDANCE,CALTHORPE|PILATES|2026-05-22|1200|1245|CARD:385,NEW_ATTENDANCE,20928,Inserted inside the current SQL transaction.
PREVIEW_ROLLED_BACK,ATTENDANCE,CALTHORPE|PILATES|2026-05-22|1200|1245|CARD:390,NEW_ATTENDANCE,20929,Inserted inside the current SQL transaction.
PREVIEW_ROLLED_BACK,ATTENDANCE,CALTHORPE|PILATES|2026-05-22|1200|1245|CARD:486,NEW_ATTENDANCE,20930,Inserted inside the current SQL transaction.
PREVIEW_ROLLED_BACK,ATTENDANCE,CALTHORPE|PILATES|2026-05-22|1200|1245|CARD:606,NEW_ATTENDANCE,20931,Inserted inside the current SQL transaction.
PREVIEW_ROLLED_BACK,ATTENDANCE,CALTHORPE|PILATES|2026-05-22|1200|1245|CARD:707,NEW_ATTENDANCE,20932,Inserted inside the current SQL transaction.
PREVIEW_ROLLED_BACK,ATTENDANCE,CALTHORPE|STRENGTH & STRETCH|2026-05-26|0930|1030|CARD:1527,NEW_ATTENDANCE,20933,Inserted inside the current SQL transaction.
PREVIEW_ROLLED_BACK,ATTENDANCE,CALTHORPE|STRENGTH & STRETCH|2026-05-26|0930|1030|CARD:1528,NEW_ATTENDANCE,20934,Inserted inside the current SQL transaction.
PREVIEW_ROLLED_BACK,ATTENDANCE,CALTHORPE|STRENGTH & STRETCH|2026-05-26|0930|1030|CARD:416,NEW_ATTENDANCE,20935,Inserted inside the current SQL transaction.
PREVIEW_ROLLED_BACK,ATTENDANCE,CALTHORPE|STRENGTH & STRETCH|2026-05-26|0930|1030|CARD:429,NEW_ATTENDANCE,20936,Inserted inside the current SQL transaction.
PREVIEW_ROLLED_BACK,ATTENDANCE,CALTHORPE|STRENGTH & STRETCH|2026-05-26|0930|1030|CARD:441,NEW_ATTENDANCE,20937,Inserted inside the current SQL transaction.
PREVIEW_ROLLED_BACK,ATTENDANCE,CALTHORPE|STRENGTH & STRETCH|2026-05-26|0930|1030|CARD:653,NEW_ATTENDANCE,20938,Inserted inside the current SQL transaction.
PREVIEW_ROLLED_BACK,ATTENDANCE,CALTHORPE|STRENGTH & STRETCH|2026-05-26|0930|1030|CARD:681,NEW_ATTENDANCE,20939,Inserted inside the current SQL transaction.
PREVIEW_ROLLED_BACK,ATTENDANCE,CALTHORPE|STRENGTH & STRETCH|2026-05-26|0930|1030|CARD:691,NEW_ATTENDANCE,20940,Inserted inside the current SQL transaction.
PREVIEW_ROLLED_BACK,ATTENDANCE,CALTHORPE|STRENGTH & STRETCH|2026-05-26|0930|1030|CARD:764,NEW_ATTENDANCE,20941,Inserted inside the current SQL transaction.
PREVIEW_ROLLED_BACK,ATTENDANCE,CALTHORPE|STRENGTH & STRETCH|2026-05-26|0930|1030|CARD:861,NEW_ATTENDANCE,20942,Inserted inside the current SQL transaction.
PREVIEW_ROLLED_BACK,ATTENDANCE,CALTHORPE|YOGA|2026-05-26|1715|1815|CARD:1549,NEW_ATTENDANCE,20943,Inserted inside the current SQL transaction.
PREVIEW_ROLLED_BACK,ATTENDANCE,CALTHORPE|YOGA|2026-05-26|1715|1815|CARD:572,NEW_ATTENDANCE,20944,Inserted inside the current SQL transaction.
PREVIEW_ROLLED_BACK,ATTENDANCE,CALTHORPE|YOGA|2026-05-26|1715|1815|CARD:617,NEW_ATTENDANCE,20945,Inserted inside the current SQL transaction.
PREVIEW_ROLLED_BACK,ATTENDANCE,CALTHORPE|YOGA|2026-05-26|1715|1815|CARD:629,NEW_ATTENDANCE,20946,Inserted inside the current SQL transaction.
PREVIEW_ROLLED_BACK,ATTENDANCE,CALTHORPE|YOGA|2026-05-26|1715|1815|CARD:704,NEW_ATTENDANCE,20947,Inserted inside the current SQL transaction.
PREVIEW_ROLLED_BACK,ATTENDANCE,CALTHORPE|YOGA|2026-05-26|1715|1815|CARD:717,NEW_ATTENDANCE,20948,Inserted inside the current SQL transaction.
PREVIEW_ROLLED_BACK,ATTENDANCE,CALTHORPE|CHAIR BASED EXERCISE|2026-05-28|1130|1215|CARD:154,NEW_ATTENDANCE,20949,Inserted inside the current SQL transaction.
PREVIEW_ROLLED_BACK,ATTENDANCE,CALTHORPE|CHAIR BASED EXERCISE|2026-05-28|1130|1215|CARD:416,NEW_ATTENDANCE,20950,Inserted inside the current SQL transaction.
PREVIEW_ROLLED_BACK,ATTENDANCE,CALTHORPE|CHAIR BASED EXERCISE|2026-05-28|1130|1215|CARD:418,NEW_ATTENDANCE,20951,Inserted inside the current SQL transaction.
PREVIEW_ROLLED_BACK,ATTENDANCE,CALTHORPE|CHAIR BASED EXERCISE|2026-05-28|1130|1215|CARD:419,NEW_ATTENDANCE,20952,Inserted inside the current SQL transaction.
PREVIEW_ROLLED_BACK,ATTENDANCE,CALTHORPE|CHAIR BASED EXERCISE|2026-05-28|1130|1215|CARD:655,NEW_ATTENDANCE,20953,Inserted inside the current SQL transaction.
PREVIEW_ROLLED_BACK,ATTENDANCE,CALTHORPE|CIRCUIT TRAINING|2026-05-28|0930|1015|CARD:1531,NEW_ATTENDANCE,20954,Inserted inside the current SQL transaction.
PREVIEW_ROLLED_BACK,ATTENDANCE,CALTHORPE|CIRCUIT TRAINING|2026-05-28|0930|1015|CARD:2480,NEW_ATTENDANCE,20955,Inserted inside the current SQL transaction.
PREVIEW_ROLLED_BACK,ATTENDANCE,CALTHORPE|CIRCUIT TRAINING|2026-05-28|0930|1015|CARD:411,NEW_ATTENDANCE,20956,Inserted inside the current SQL transaction.
PREVIEW_ROLLED_BACK,ATTENDANCE,CALTHORPE|CIRCUIT TRAINING|2026-05-28|0930|1015|CARD:441,NEW_ATTENDANCE,20957,Inserted inside the current SQL transaction.
PREVIEW_ROLLED_BACK,ATTENDANCE,CALTHORPE|CIRCUIT TRAINING|2026-05-28|0930|1015|CARD:4529,NEW_ATTENDANCE,20958,Inserted inside the current SQL transaction.
PREVIEW_ROLLED_BACK,ATTENDANCE,CALTHORPE|CIRCUIT TRAINING|2026-05-28|0930|1015|CARD:691,NEW_ATTENDANCE,20959,Inserted inside the current SQL transaction.
PREVIEW_ROLLED_BACK,ATTENDANCE,CALTHORPE|CIRCUIT TRAINING|2026-05-28|0930|1015|CARD:761,NEW_ATTENDANCE,20960,Inserted inside the current SQL transaction.
PREVIEW_ROLLED_BACK,ATTENDANCE,CALTHORPE|CIRCUIT TRAINING|2026-05-28|0930|1015|CARD:851,NEW_ATTENDANCE,20961,Inserted inside the current SQL transaction.
PREVIEW_ROLLED_BACK,ATTENDANCE,CALTHORPE|CROCHET|2026-05-28|1230|1415|CARD:416,NEW_ATTENDANCE,20962,Inserted inside the current SQL transaction.
PREVIEW_ROLLED_BACK,ATTENDANCE,CALTHORPE|CROCHET|2026-05-28|1230|1415|CARD:418,NEW_ATTENDANCE,20963,Inserted inside the current SQL transaction.
PREVIEW_ROLLED_BACK,ATTENDANCE,CALTHORPE|CROCHET|2026-05-28|1230|1415|CARD:424,NEW_ATTENDANCE,20964,Inserted inside the current SQL transaction.
PREVIEW_ROLLED_BACK,ATTENDANCE,CALTHORPE|CROCHET|2026-05-28|1230|1415|CARD:491,NEW_ATTENDANCE,20965,Inserted inside the current SQL transaction.
PREVIEW_ROLLED_BACK,ATTENDANCE,CALTHORPE|CROCHET|2026-05-28|1230|1415|CARD:640,NEW_ATTENDANCE,20966,Inserted inside the current SQL transaction.
PREVIEW_ROLLED_BACK,ATTENDANCE,CALTHORPE|BODY CONDITIONING|2026-05-29|1100|1145|CARD:126,NEW_ATTENDANCE,20967,Inserted inside the current SQL transaction.
PREVIEW_ROLLED_BACK,ATTENDANCE,CALTHORPE|BODY CONDITIONING|2026-05-29|1100|1145|CARD:1502,NEW_ATTENDANCE,20968,Inserted inside the current SQL transaction.
PREVIEW_ROLLED_BACK,ATTENDANCE,CALTHORPE|BODY CONDITIONING|2026-05-29|1100|1145|CARD:346,NEW_ATTENDANCE,20969,Inserted inside the current SQL transaction.
PREVIEW_ROLLED_BACK,ATTENDANCE,CALTHORPE|BODY CONDITIONING|2026-05-29|1100|1145|CARD:380,NEW_ATTENDANCE,20970,Inserted inside the current SQL transaction.
PREVIEW_ROLLED_BACK,ATTENDANCE,CALTHORPE|BODY CONDITIONING|2026-05-29|1100|1145|CARD:411,NEW_ATTENDANCE,20971,Inserted inside the current SQL transaction.
PREVIEW_ROLLED_BACK,ATTENDANCE,CALTHORPE|BODY CONDITIONING|2026-05-29|1100|1145|CARD:429,NEW_ATTENDANCE,20972,Inserted inside the current SQL transaction.
PREVIEW_ROLLED_BACK,ATTENDANCE,CALTHORPE|BODY CONDITIONING|2026-05-29|1100|1145|CARD:470,NEW_ATTENDANCE,20973,Inserted inside the current SQL transaction.
PREVIEW_ROLLED_BACK,ATTENDANCE,CALTHORPE|BODY CONDITIONING|2026-05-29|1100|1145|CARD:568,NEW_ATTENDANCE,20974,Inserted inside the current SQL transaction.
PREVIEW_ROLLED_BACK,ATTENDANCE,CALTHORPE|BODY CONDITIONING|2026-05-29|1100|1145|CARD:625,NEW_ATTENDANCE,20975,Inserted inside the current SQL transaction.
PREVIEW_ROLLED_BACK,ATTENDANCE,CALTHORPE|BODY CONDITIONING|2026-05-29|1100|1145|CARD:700,NEW_ATTENDANCE,20976,Inserted inside the current SQL transaction.
PREVIEW_ROLLED_BACK,ATTENDANCE,CALTHORPE|BODY CONDITIONING|2026-05-29|1100|1145|CARD:707,NEW_ATTENDANCE,20977,Inserted inside the current SQL transaction.
PREVIEW_ROLLED_BACK,ATTENDANCE,CALTHORPE|BODY CONDITIONING|2026-05-29|1100|1145|CARD:771,NEW_ATTENDANCE,20978,Inserted inside the current SQL transaction.
PREVIEW_ROLLED_BACK,ATTENDANCE,CALTHORPE|BODY CONDITIONING|2026-05-29|1100|1145|CARD:851,NEW_ATTENDANCE,20979,Inserted inside the current SQL transaction.
PREVIEW_ROLLED_BACK,ATTENDANCE,CALTHORPE|PILATES|2026-05-29|1200|1245|CARD:157,NEW_ATTENDANCE,20980,Inserted inside the current SQL transaction.
PREVIEW_ROLLED_BACK,ATTENDANCE,CALTHORPE|PILATES|2026-05-29|1200|1245|CARD:385,NEW_ATTENDANCE,20981,Inserted inside the current SQL transaction.
PREVIEW_ROLLED_BACK,ATTENDANCE,CALTHORPE|PILATES|2026-05-29|1200|1245|CARD:48,NEW_ATTENDANCE,20982,Inserted inside the current SQL transaction.
PREVIEW_ROLLED_BACK,ATTENDANCE,CALTHORPE|PILATES|2026-05-29|1200|1245|CARD:606,NEW_ATTENDANCE,20983,Inserted inside the current SQL transaction.
PREVIEW_ROLLED_BACK,ATTENDANCE,CALTHORPE|PILATES|2026-05-29|1200|1245|CARD:629,NEW_ATTENDANCE,20984,Inserted inside the current SQL transaction.
PREVIEW_ROLLED_BACK,ATTENDANCE,CALTHORPE|PILATES|2026-05-29|1200|1245|CARD:691,NEW_ATTENDANCE,20985,Inserted inside the current SQL transaction.
PREVIEW_ROLLED_BACK,ATTENDANCE,CALTHORPE|PILATES|2026-05-29|1200|1245|CARD:707,NEW_ATTENDANCE,20986,Inserted inside the current SQL transaction.
PREVIEW_ROLLED_BACK,ATTENDANCE,CALTHORPE|PILATES|2026-05-29|1200|1245|NAME:belinda,NEW_ATTENDANCE,20987,Inserted inside the current SQL transaction.
PREVIEW_ROLLED_BACK,ATTENDANCE,CALTHORPE|PILATES|2026-05-29|1200|1245|NAME:clare,NEW_ATTENDANCE,20988,Inserted inside the current SQL transaction.
PREVIEW_ROLLED_BACK,ATTENDANCE,CALTHORPE|CHAIR BASED EXERCISE|2026-06-01|1130|1215|CARD:1628,NEW_ATTENDANCE,20989,Inserted inside the current SQL transaction.
PREVIEW_ROLLED_BACK,ATTENDANCE,CALTHORPE|CHAIR BASED EXERCISE|2026-06-01|1130|1215|CARD:416,NEW_ATTENDANCE,20990,Inserted inside the current SQL transaction.
PREVIEW_ROLLED_BACK,ATTENDANCE,CALTHORPE|CHAIR BASED EXERCISE|2026-06-01|1130|1215|CARD:418,NEW_ATTENDANCE,20991,Inserted inside the current SQL transaction.
PREVIEW_ROLLED_BACK,ATTENDANCE,CALTHORPE|CHAIR BASED EXERCISE|2026-06-01|1130|1215|CARD:434,NEW_ATTENDANCE,20992,Inserted inside the current SQL transaction.
PREVIEW_ROLLED_BACK,ATTENDANCE,CALTHORPE|CHAIR BASED EXERCISE|2026-06-01|1130|1215|CARD:444,NEW_ATTENDANCE,20993,Inserted inside the current SQL transaction.
PREVIEW_ROLLED_BACK,ATTENDANCE,CALTHORPE|CHAIR BASED EXERCISE|2026-06-01|1130|1215|CARD:485,NEW_ATTENDANCE,20994,Inserted inside the current SQL transaction.
PREVIEW_ROLLED_BACK,ATTENDANCE,CALTHORPE|CHAIR BASED EXERCISE|2026-06-01|1130|1215|CARD:586,NEW_ATTENDANCE,20995,Inserted inside the current SQL transaction.
PREVIEW_ROLLED_BACK,ATTENDANCE,CALTHORPE|CHAIR BASED EXERCISE|2026-06-01|1130|1215|CARD:601,NEW_ATTENDANCE,20996,Inserted inside the current SQL transaction.
PREVIEW_ROLLED_BACK,ATTENDANCE,CALTHORPE|CHAIR BASED EXERCISE|2026-06-01|1130|1215|CARD:620,NEW_ATTENDANCE,20997,Inserted inside the current SQL transaction.
PREVIEW_ROLLED_BACK,ATTENDANCE,CALTHORPE|CHAIR BASED EXERCISE|2026-06-01|1130|1215|CARD:753,NEW_ATTENDANCE,20998,Inserted inside the current SQL transaction.
PREVIEW_ROLLED_BACK,ATTENDANCE,CALTHORPE|CHAIR BASED EXERCISE|2026-06-01|1130|1215|CARD:852,NEW_ATTENDANCE,20999,Inserted inside the current SQL transaction.
PREVIEW_ROLLED_BACK,ATTENDANCE,CALTHORPE|CHAIR BASED EXERCISE|2026-06-01|1130|1215|CARD:853,NEW_ATTENDANCE,21000,Inserted inside the current SQL transaction.
PREVIEW_ROLLED_BACK,ATTENDANCE,CALTHORPE|CROCHET|2026-06-01|1230|1415|CARD:436,NEW_ATTENDANCE,21001,Inserted inside the current SQL transaction.
PREVIEW_ROLLED_BACK,ATTENDANCE,CALTHORPE|CROCHET|2026-06-01|1230|1415|CARD:468,NEW_ATTENDANCE,21002,Inserted inside the current SQL transaction.
PREVIEW_ROLLED_BACK,ATTENDANCE,CALTHORPE|CROCHET|2026-06-01|1230|1415|CARD:513,NEW_ATTENDANCE,21003,Inserted inside the current SQL transaction.
PREVIEW_ROLLED_BACK,ATTENDANCE,CALTHORPE|CROCHET|2026-06-01|1230|1415|CARD:613,NEW_ATTENDANCE,21004,Inserted inside the current SQL transaction.
PREVIEW_ROLLED_BACK,ATTENDANCE,CALTHORPE|CROCHET|2026-06-01|1230|1415|CARD:616,NEW_ATTENDANCE,21005,Inserted inside the current SQL transaction.
PREVIEW_ROLLED_BACK,ATTENDANCE,CALTHORPE|CROCHET|2026-06-01|1230|1415|CARD:638,NEW_ATTENDANCE,21006,Inserted inside the current SQL transaction.
PREVIEW_ROLLED_BACK,ATTENDANCE,CALTHORPE|CROCHET|2026-06-01|1230|1415|CARD:657,NEW_ATTENDANCE,21007,Inserted inside the current SQL transaction.
PREVIEW_ROLLED_BACK,ATTENDANCE,CALTHORPE|STRENGTH & STRETCH|2026-06-01|1030|1115|CARD:1532,NEW_ATTENDANCE,21008,Inserted inside the current SQL transaction.
PREVIEW_ROLLED_BACK,ATTENDANCE,CALTHORPE|STRENGTH & STRETCH|2026-06-01|1030|1115|CARD:429,NEW_ATTENDANCE,21009,Inserted inside the current SQL transaction.
PREVIEW_ROLLED_BACK,ATTENDANCE,CALTHORPE|STRENGTH & STRETCH|2026-06-01|1030|1115|CARD:441,NEW_ATTENDANCE,21010,Inserted inside the current SQL transaction.
PREVIEW_ROLLED_BACK,ATTENDANCE,CALTHORPE|STRENGTH & STRETCH|2026-06-01|1030|1115|CARD:486,NEW_ATTENDANCE,21011,Inserted inside the current SQL transaction.
PREVIEW_ROLLED_BACK,ATTENDANCE,CALTHORPE|STRENGTH & STRETCH|2026-06-01|1030|1115|CARD:691,NEW_ATTENDANCE,21012,Inserted inside the current SQL transaction.
PREVIEW_ROLLED_BACK,ATTENDANCE,CALTHORPE|STRENGTH & STRETCH|2026-06-01|1030|1115|CARD:717,NEW_ATTENDANCE,21013,Inserted inside the current SQL transaction.
PREVIEW_ROLLED_BACK,ATTENDANCE,CALTHORPE|STRENGTH & STRETCH|2026-06-01|1030|1115|CARD:780,NEW_ATTENDANCE,21014,Inserted inside the current SQL transaction.
PREVIEW_ROLLED_BACK,ATTENDANCE,CALTHORPE|STRENGTH & STRETCH|2026-06-01|1030|1115|CARD:851,NEW_ATTENDANCE,21015,Inserted inside the current SQL transaction.
PREVIEW_ROLLED_BACK,ATTENDANCE,CALTHORPE|STRENGTH & STRETCH|2026-06-02|0930|1030|CARD:1532,NEW_ATTENDANCE,21016,Inserted inside the current SQL transaction.
PREVIEW_ROLLED_BACK,ATTENDANCE,CALTHORPE|STRENGTH & STRETCH|2026-06-02|0930|1030|CARD:157,NEW_ATTENDANCE,21017,Inserted inside the current SQL transaction.
PREVIEW_ROLLED_BACK,ATTENDANCE,CALTHORPE|STRENGTH & STRETCH|2026-06-02|0930|1030|CARD:390,NEW_ATTENDANCE,21018,Inserted inside the current SQL transaction.
PREVIEW_ROLLED_BACK,ATTENDANCE,CALTHORPE|STRENGTH & STRETCH|2026-06-02|0930|1030|CARD:406,NEW_ATTENDANCE,21019,Inserted inside the current SQL transaction.
PREVIEW_ROLLED_BACK,ATTENDANCE,CALTHORPE|STRENGTH & STRETCH|2026-06-02|0930|1030|CARD:411,NEW_ATTENDANCE,21020,Inserted inside the current SQL transaction.
PREVIEW_ROLLED_BACK,ATTENDANCE,CALTHORPE|STRENGTH & STRETCH|2026-06-02|0930|1030|CARD:416,NEW_ATTENDANCE,21021,Inserted inside the current SQL transaction.
PREVIEW_ROLLED_BACK,ATTENDANCE,CALTHORPE|STRENGTH & STRETCH|2026-06-02|0930|1030|CARD:429,NEW_ATTENDANCE,21022,Inserted inside the current SQL transaction.
PREVIEW_ROLLED_BACK,ATTENDANCE,CALTHORPE|STRENGTH & STRETCH|2026-06-02|0930|1030|CARD:441,NEW_ATTENDANCE,21023,Inserted inside the current SQL transaction.
PREVIEW_ROLLED_BACK,ATTENDANCE,CALTHORPE|STRENGTH & STRETCH|2026-06-02|0930|1030|CARD:498,NEW_ATTENDANCE,21024,Inserted inside the current SQL transaction.
PREVIEW_ROLLED_BACK,ATTENDANCE,CALTHORPE|STRENGTH & STRETCH|2026-06-02|0930|1030|CARD:648,NEW_ATTENDANCE,21025,Inserted inside the current SQL transaction.
PREVIEW_ROLLED_BACK,ATTENDANCE,CALTHORPE|STRENGTH & STRETCH|2026-06-02|0930|1030|CARD:681,NEW_ATTENDANCE,21026,Inserted inside the current SQL transaction.
PREVIEW_ROLLED_BACK,ATTENDANCE,CALTHORPE|STRENGTH & STRETCH|2026-06-02|0930|1030|CARD:717,NEW_ATTENDANCE,21027,Inserted inside the current SQL transaction.
PREVIEW_ROLLED_BACK,ATTENDANCE,CALTHORPE|STRENGTH & STRETCH|2026-06-02|0930|1030|CARD:764,NEW_ATTENDANCE,21028,Inserted inside the current SQL transaction.
PREVIEW_ROLLED_BACK,ATTENDANCE,CALTHORPE|STRENGTH & STRETCH|2026-06-02|0930|1030|CARD:780,NEW_ATTENDANCE,21029,Inserted inside the current SQL transaction.
PREVIEW_ROLLED_BACK,ATTENDANCE,CALTHORPE|STRENGTH & STRETCH|2026-06-02|0930|1030|CARD:851,NEW_ATTENDANCE,21030,Inserted inside the current SQL transaction.
PREVIEW_ROLLED_BACK,ATTENDANCE,CALTHORPE|YOGA|2026-06-02|1715|1815|CARD:2480,NEW_ATTENDANCE,21031,Inserted inside the current SQL transaction.
PREVIEW_ROLLED_BACK,ATTENDANCE,CALTHORPE|YOGA|2026-06-02|1715|1815|CARD:704,NEW_ATTENDANCE,21032,Inserted inside the current SQL transaction.
PREVIEW_ROLLED_BACK,ATTENDANCE,CALTHORPE|YOGA|2026-06-02|1715|1815|CARD:717,NEW_ATTENDANCE,21033,Inserted inside the current SQL transaction.
PREVIEW_ROLLED_BACK,ATTENDANCE,CALTHORPE|SALSA/BELLY DANCING|2026-06-03|1100|1200|NAME:faven,NEW_ATTENDANCE,21034,Inserted inside the current SQL transaction.
PREVIEW_ROLLED_BACK,ATTENDANCE,CALTHORPE|SALSA/BELLY DANCING|2026-06-03|1100|1200|NAME:hamda,NEW_ATTENDANCE,21035,Inserted inside the current SQL transaction.
PREVIEW_ROLLED_BACK,ATTENDANCE,CALTHORPE|SALSA/BELLY DANCING|2026-06-03|1100|1200|NAME:illham,NEW_ATTENDANCE,21036,Inserted inside the current SQL transaction.
PREVIEW_ROLLED_BACK,ATTENDANCE,CALTHORPE|SALSA/BELLY DANCING|2026-06-03|1100|1200|NAME:kaiynaat,NEW_ATTENDANCE,21037,Inserted inside the current SQL transaction.
PREVIEW_ROLLED_BACK,ATTENDANCE,CALTHORPE|SALSA/BELLY DANCING|2026-06-03|1100|1200|NAME:may,NEW_ATTENDANCE,21038,Inserted inside the current SQL transaction.
PREVIEW_ROLLED_BACK,ATTENDANCE,CALTHORPE|SALSA/BELLY DANCING|2026-06-03|1100|1200|NAME:mervine,NEW_ATTENDANCE,21039,Inserted inside the current SQL transaction.
PREVIEW_ROLLED_BACK,ATTENDANCE,CALTHORPE|SALSA/BELLY DANCING|2026-06-03|1100|1200|NAME:monica,NEW_ATTENDANCE,21040,Inserted inside the current SQL transaction.
PREVIEW_ROLLED_BACK,ATTENDANCE,CALTHORPE|SALSA/BELLY DANCING|2026-06-03|1100|1200|NAME:nasra,NEW_ATTENDANCE,21041,Inserted inside the current SQL transaction.
PREVIEW_ROLLED_BACK,ATTENDANCE,CALTHORPE|SALSA/BELLY DANCING|2026-06-03|1100|1200|NAME:saffiyah,NEW_ATTENDANCE,21042,Inserted inside the current SQL transaction.
PREVIEW_ROLLED_BACK,ATTENDANCE,CALTHORPE|CHAIR BASED EXERCISE|2026-06-04|1130|1215|CARD:154,NEW_ATTENDANCE,21043,Inserted inside the current SQL transaction.
PREVIEW_ROLLED_BACK,ATTENDANCE,CALTHORPE|CHAIR BASED EXERCISE|2026-06-04|1130|1215|CARD:377,NEW_ATTENDANCE,21044,Inserted inside the current SQL transaction.
PREVIEW_ROLLED_BACK,ATTENDANCE,CALTHORPE|CHAIR BASED EXERCISE|2026-06-04|1130|1215|CARD:380,NEW_ATTENDANCE,21045,Inserted inside the current SQL transaction.
PREVIEW_ROLLED_BACK,ATTENDANCE,CALTHORPE|CHAIR BASED EXERCISE|2026-06-04|1130|1215|CARD:410,NEW_ATTENDANCE,21046,Inserted inside the current SQL transaction.
PREVIEW_ROLLED_BACK,ATTENDANCE,CALTHORPE|CHAIR BASED EXERCISE|2026-06-04|1130|1215|CARD:416,NEW_ATTENDANCE,21047,Inserted inside the current SQL transaction.
PREVIEW_ROLLED_BACK,ATTENDANCE,CALTHORPE|CHAIR BASED EXERCISE|2026-06-04|1130|1215|CARD:418,NEW_ATTENDANCE,21048,Inserted inside the current SQL transaction.
PREVIEW_ROLLED_BACK,ATTENDANCE,CALTHORPE|CHAIR BASED EXERCISE|2026-06-04|1130|1215|CARD:444,NEW_ATTENDANCE,21049,Inserted inside the current SQL transaction.
PREVIEW_ROLLED_BACK,ATTENDANCE,CALTHORPE|CHAIR BASED EXERCISE|2026-06-04|1130|1215|CARD:474,NEW_ATTENDANCE,21050,Inserted inside the current SQL transaction.
PREVIEW_ROLLED_BACK,ATTENDANCE,CALTHORPE|CHAIR BASED EXERCISE|2026-06-04|1130|1215|CARD:531,NEW_ATTENDANCE,21051,Inserted inside the current SQL transaction.
PREVIEW_ROLLED_BACK,ATTENDANCE,CALTHORPE|CHAIR BASED EXERCISE|2026-06-04|1130|1215|CARD:584,NEW_ATTENDANCE,21052,Inserted inside the current SQL transaction.
PREVIEW_ROLLED_BACK,ATTENDANCE,CALTHORPE|CHAIR BASED EXERCISE|2026-06-04|1130|1215|CARD:620,NEW_ATTENDANCE,21053,Inserted inside the current SQL transaction.
PREVIEW_ROLLED_BACK,ATTENDANCE,CALTHORPE|CHAIR BASED EXERCISE|2026-06-04|1130|1215|CARD:642,NEW_ATTENDANCE,21054,Inserted inside the current SQL transaction.
PREVIEW_ROLLED_BACK,ATTENDANCE,CALTHORPE|CHAIR BASED EXERCISE|2026-06-04|1130|1215|CARD:655,NEW_ATTENDANCE,21055,Inserted inside the current SQL transaction.
PREVIEW_ROLLED_BACK,ATTENDANCE,CALTHORPE|CHAIR BASED EXERCISE|2026-06-04|1130|1215|CARD:706,NEW_ATTENDANCE,21056,Inserted inside the current SQL transaction.
PREVIEW_ROLLED_BACK,ATTENDANCE,CALTHORPE|CHAIR BASED EXERCISE|2026-06-04|1130|1215|CARD:855,NEW_ATTENDANCE,21057,Inserted inside the current SQL transaction.
PREVIEW_ROLLED_BACK,ATTENDANCE,CALTHORPE|CHAIR BASED EXERCISE|2026-06-04|1130|1215|CARD:862,NEW_ATTENDANCE,21058,Inserted inside the current SQL transaction.
PREVIEW_ROLLED_BACK,ATTENDANCE,CALTHORPE|CIRCUIT TRAINING|2026-06-04|0930|1015|CARD:412,NEW_ATTENDANCE,21059,Inserted inside the current SQL transaction.
PREVIEW_ROLLED_BACK,ATTENDANCE,CALTHORPE|CIRCUIT TRAINING|2026-06-04|0930|1015|CARD:429,NEW_ATTENDANCE,21060,Inserted inside the current SQL transaction.
PREVIEW_ROLLED_BACK,ATTENDANCE,CALTHORPE|CIRCUIT TRAINING|2026-06-04|0930|1015|CARD:470,NEW_ATTENDANCE,21061,Inserted inside the current SQL transaction.
PREVIEW_ROLLED_BACK,ATTENDANCE,CALTHORPE|CIRCUIT TRAINING|2026-06-04|0930|1015|CARD:486,NEW_ATTENDANCE,21062,Inserted inside the current SQL transaction.
PREVIEW_ROLLED_BACK,ATTENDANCE,CALTHORPE|CIRCUIT TRAINING|2026-06-04|0930|1015|CARD:648,NEW_ATTENDANCE,21063,Inserted inside the current SQL transaction.
PREVIEW_ROLLED_BACK,ATTENDANCE,CALTHORPE|CIRCUIT TRAINING|2026-06-04|0930|1015|CARD:653,NEW_ATTENDANCE,21064,Inserted inside the current SQL transaction.
PREVIEW_ROLLED_BACK,ATTENDANCE,CALTHORPE|CIRCUIT TRAINING|2026-06-04|0930|1015|CARD:690,NEW_ATTENDANCE,21065,Inserted inside the current SQL transaction.
PREVIEW_ROLLED_BACK,ATTENDANCE,CALTHORPE|CIRCUIT TRAINING|2026-06-04|0930|1015|CARD:691,NEW_ATTENDANCE,21066,Inserted inside the current SQL transaction.
PREVIEW_ROLLED_BACK,ATTENDANCE,CALTHORPE|CIRCUIT TRAINING|2026-06-04|0930|1015|CARD:698,NEW_ATTENDANCE,21067,Inserted inside the current SQL transaction.
PREVIEW_ROLLED_BACK,ATTENDANCE,CALTHORPE|CIRCUIT TRAINING|2026-06-04|0930|1015|CARD:851,NEW_ATTENDANCE,21068,Inserted inside the current SQL transaction.
PREVIEW_ROLLED_BACK,ATTENDANCE,CALTHORPE|CROCHET|2026-06-04|1230|1415|CARD:416,NEW_ATTENDANCE,21069,Inserted inside the current SQL transaction.
PREVIEW_ROLLED_BACK,ATTENDANCE,CALTHORPE|CROCHET|2026-06-04|1230|1415|CARD:418,NEW_ATTENDANCE,21070,Inserted inside the current SQL transaction.
PREVIEW_ROLLED_BACK,ATTENDANCE,CALTHORPE|CROCHET|2026-06-04|1230|1415|CARD:424,NEW_ATTENDANCE,21071,Inserted inside the current SQL transaction.
PREVIEW_ROLLED_BACK,ATTENDANCE,CALTHORPE|CROCHET|2026-06-04|1230|1415|CARD:491,NEW_ATTENDANCE,21072,Inserted inside the current SQL transaction.
PREVIEW_ROLLED_BACK,ATTENDANCE,CALTHORPE|CROCHET|2026-06-04|1230|1415|CARD:638,NEW_ATTENDANCE,21073,Inserted inside the current SQL transaction.
PREVIEW_ROLLED_BACK,ATTENDANCE,CALTHORPE|CROCHET|2026-06-04|1230|1415|CARD:849,NEW_ATTENDANCE,21074,Inserted inside the current SQL transaction.
PREVIEW_ROLLED_BACK,ATTENDANCE,CALTHORPE|WALK WITH ABI|2026-06-04|1015|1115|CARD:1531,NEW_ATTENDANCE,21075,Inserted inside the current SQL transaction.
PREVIEW_ROLLED_BACK,ATTENDANCE,CALTHORPE|WALK WITH ABI|2026-06-04|1015|1115|CARD:1549,NEW_ATTENDANCE,21076,Inserted inside the current SQL transaction.
PREVIEW_ROLLED_BACK,ATTENDANCE,CALTHORPE|WALK WITH ABI|2026-06-04|1015|1115|CARD:486,NEW_ATTENDANCE,21077,Inserted inside the current SQL transaction.
PREVIEW_ROLLED_BACK,ATTENDANCE,CALTHORPE|SALSA/BELLY DANCING|2026-06-05|1100|1145|CARD:1418,NEW_ATTENDANCE,21078,Inserted inside the current SQL transaction.
PREVIEW_ROLLED_BACK,ATTENDANCE,CALTHORPE|SALSA/BELLY DANCING|2026-06-05|1100|1145|CARD:1502,NEW_ATTENDANCE,21079,Inserted inside the current SQL transaction.
PREVIEW_ROLLED_BACK,ATTENDANCE,CALTHORPE|SALSA/BELLY DANCING|2026-06-05|1100|1145|CARD:1503,NEW_ATTENDANCE,21080,Inserted inside the current SQL transaction.
PREVIEW_ROLLED_BACK,ATTENDANCE,CALTHORPE|SALSA/BELLY DANCING|2026-06-05|1100|1145|CARD:1527,NEW_ATTENDANCE,21081,Inserted inside the current SQL transaction.
PREVIEW_ROLLED_BACK,ATTENDANCE,CALTHORPE|SALSA/BELLY DANCING|2026-06-05|1100|1145|CARD:1601,NEW_ATTENDANCE,21082,Inserted inside the current SQL transaction.
PREVIEW_ROLLED_BACK,ATTENDANCE,CALTHORPE|SALSA/BELLY DANCING|2026-06-05|1100|1145|CARD:377,NEW_ATTENDANCE,21083,Inserted inside the current SQL transaction.
PREVIEW_ROLLED_BACK,ATTENDANCE,CALTHORPE|SALSA/BELLY DANCING|2026-06-05|1100|1145|CARD:398,NEW_ATTENDANCE,21084,Inserted inside the current SQL transaction.
PREVIEW_ROLLED_BACK,ATTENDANCE,CALTHORPE|SALSA/BELLY DANCING|2026-06-05|1100|1145|CARD:429,NEW_ATTENDANCE,21085,Inserted inside the current SQL transaction.
PREVIEW_ROLLED_BACK,ATTENDANCE,CALTHORPE|SALSA/BELLY DANCING|2026-06-05|1100|1145|CARD:441,NEW_ATTENDANCE,21086,Inserted inside the current SQL transaction.
PREVIEW_ROLLED_BACK,ATTENDANCE,CALTHORPE|SALSA/BELLY DANCING|2026-06-05|1100|1145|CARD:470,NEW_ATTENDANCE,21087,Inserted inside the current SQL transaction.
PREVIEW_ROLLED_BACK,ATTENDANCE,CALTHORPE|SALSA/BELLY DANCING|2026-06-05|1100|1145|CARD:593,NEW_ATTENDANCE,21088,Inserted inside the current SQL transaction.
PREVIEW_ROLLED_BACK,ATTENDANCE,CALTHORPE|SALSA/BELLY DANCING|2026-06-05|1100|1145|CARD:691,NEW_ATTENDANCE,21089,Inserted inside the current SQL transaction.
PREVIEW_ROLLED_BACK,ATTENDANCE,CALTHORPE|SALSA/BELLY DANCING|2026-06-05|1100|1145|CARD:727,NEW_ATTENDANCE,21090,Inserted inside the current SQL transaction.
PREVIEW_ROLLED_BACK,ATTENDANCE,CALTHORPE|SALSA/BELLY DANCING|2026-06-05|1100|1145|CARD:771,NEW_ATTENDANCE,21091,Inserted inside the current SQL transaction.
PREVIEW_ROLLED_BACK,ATTENDANCE,CALTHORPE|SALSA/BELLY DANCING|2026-06-05|1100|1145|CARD:806,NEW_ATTENDANCE,21092,Inserted inside the current SQL transaction.
PREVIEW_ROLLED_BACK,ATTENDANCE,CALTHORPE|SALSA/BELLY DANCING|2026-06-05|1100|1145|CARD:851,NEW_ATTENDANCE,21093,Inserted inside the current SQL transaction.
PREVIEW_ROLLED_BACK,ATTENDANCE,CALTHORPE|SALSA/BELLY DANCING|2026-06-05|1100|1145|CARD:995,NEW_ATTENDANCE,21094,Inserted inside the current SQL transaction.
PREVIEW_ROLLED_BACK,ATTENDANCE,CALTHORPE|CHAIR BASED EXERCISE|2026-06-08|1130|1215|CARD:3489,NEW_ATTENDANCE,21095,Inserted inside the current SQL transaction.
PREVIEW_ROLLED_BACK,ATTENDANCE,CALTHORPE|CHAIR BASED EXERCISE|2026-06-08|1130|1215|CARD:441,NEW_ATTENDANCE,21096,Inserted inside the current SQL transaction.
PREVIEW_ROLLED_BACK,ATTENDANCE,CALTHORPE|CHAIR BASED EXERCISE|2026-06-08|1130|1215|CARD:620,NEW_ATTENDANCE,21097,Inserted inside the current SQL transaction.
PREVIEW_ROLLED_BACK,ATTENDANCE,CALTHORPE|CHAIR BASED EXERCISE|2026-06-08|1130|1215|CARD:638,NEW_ATTENDANCE,21098,Inserted inside the current SQL transaction.
PREVIEW_ROLLED_BACK,ATTENDANCE,CALTHORPE|CHAIR BASED EXERCISE|2026-06-08|1130|1215|CARD:642,NEW_ATTENDANCE,21099,Inserted inside the current SQL transaction.
PREVIEW_ROLLED_BACK,ATTENDANCE,CALTHORPE|CHAIR BASED EXERCISE|2026-06-08|1130|1215|CARD:704,NEW_ATTENDANCE,21100,Inserted inside the current SQL transaction.
PREVIEW_ROLLED_BACK,ATTENDANCE,CALTHORPE|CHAIR BASED EXERCISE|2026-06-08|1130|1215|CARD:706,NEW_ATTENDANCE,21101,Inserted inside the current SQL transaction.
PREVIEW_ROLLED_BACK,ATTENDANCE,CALTHORPE|CHAIR BASED EXERCISE|2026-06-08|1130|1215|CARD:853,NEW_ATTENDANCE,21102,Inserted inside the current SQL transaction.
PREVIEW_ROLLED_BACK,ATTENDANCE,CALTHORPE|CHAIR BASED EXERCISE|2026-06-08|1130|1215|CARD:854,NEW_ATTENDANCE,21103,Inserted inside the current SQL transaction.
PREVIEW_ROLLED_BACK,ATTENDANCE,CALTHORPE|CHAIR BASED EXERCISE|2026-06-08|1130|1215|CARD:855,NEW_ATTENDANCE,21104,Inserted inside the current SQL transaction.
PREVIEW_ROLLED_BACK,ATTENDANCE,CALTHORPE|CHAIR BASED EXERCISE|2026-06-08|1130|1215|CARD:995,NEW_ATTENDANCE,21105,Inserted inside the current SQL transaction.
PREVIEW_ROLLED_BACK,ATTENDANCE,CALTHORPE|STRENGTH & STRETCH|2026-06-08|1030|1115|CARD:1531,NEW_ATTENDANCE,21106,Inserted inside the current SQL transaction.
PREVIEW_ROLLED_BACK,ATTENDANCE,CALTHORPE|STRENGTH & STRETCH|2026-06-08|1030|1115|CARD:1549,NEW_ATTENDANCE,21107,Inserted inside the current SQL transaction.
PREVIEW_ROLLED_BACK,ATTENDANCE,CALTHORPE|STRENGTH & STRETCH|2026-06-08|1030|1115|CARD:390,NEW_ATTENDANCE,21108,Inserted inside the current SQL transaction.
PREVIEW_ROLLED_BACK,ATTENDANCE,CALTHORPE|STRENGTH & STRETCH|2026-06-08|1030|1115|CARD:429,NEW_ATTENDANCE,21109,Inserted inside the current SQL transaction.
PREVIEW_ROLLED_BACK,ATTENDANCE,CALTHORPE|STRENGTH & STRETCH|2026-06-08|1030|1115|CARD:470,NEW_ATTENDANCE,21110,Inserted inside the current SQL transaction.
PREVIEW_ROLLED_BACK,ATTENDANCE,CALTHORPE|STRENGTH & STRETCH|2026-06-08|1030|1115|CARD:486,NEW_ATTENDANCE,21111,Inserted inside the current SQL transaction.
PREVIEW_ROLLED_BACK,ATTENDANCE,CALTHORPE|STRENGTH & STRETCH|2026-06-08|1030|1115|CARD:498,NEW_ATTENDANCE,21112,Inserted inside the current SQL transaction.
PREVIEW_ROLLED_BACK,ATTENDANCE,CALTHORPE|STRENGTH & STRETCH|2026-06-08|1030|1115|CARD:681,NEW_ATTENDANCE,21113,Inserted inside the current SQL transaction.
PREVIEW_ROLLED_BACK,ATTENDANCE,CALTHORPE|STRENGTH & STRETCH|2026-06-08|1030|1115|CARD:704,NEW_ATTENDANCE,21114,Inserted inside the current SQL transaction.
PREVIEW_ROLLED_BACK,ATTENDANCE,CALTHORPE|STRENGTH & STRETCH|2026-06-08|1030|1115|CARD:717,NEW_ATTENDANCE,21115,Inserted inside the current SQL transaction.
PREVIEW_ROLLED_BACK,ATTENDANCE,CALTHORPE|STRENGTH & STRETCH|2026-06-08|1030|1115|CARD:851,NEW_ATTENDANCE,21116,Inserted inside the current SQL transaction.
PREVIEW_ROLLED_BACK,ATTENDANCE,CALTHORPE|STRENGTH & STRETCH|2026-06-08|1030|1115|CARD:995,NEW_ATTENDANCE,21117,Inserted inside the current SQL transaction.
PREVIEW_ROLLED_BACK,ATTENDANCE,CALTHORPE|STRENGTH & STRETCH|2026-06-09|0930|1030|CARD:157,NEW_ATTENDANCE,21118,Inserted inside the current SQL transaction.
PREVIEW_ROLLED_BACK,ATTENDANCE,CALTHORPE|STRENGTH & STRETCH|2026-06-09|0930|1030|CARD:411,NEW_ATTENDANCE,21119,Inserted inside the current SQL transaction.
PREVIEW_ROLLED_BACK,ATTENDANCE,CALTHORPE|STRENGTH & STRETCH|2026-06-09|0930|1030|CARD:429,NEW_ATTENDANCE,21120,Inserted inside the current SQL transaction.
PREVIEW_ROLLED_BACK,ATTENDANCE,CALTHORPE|STRENGTH & STRETCH|2026-06-09|0930|1030|CARD:470,NEW_ATTENDANCE,21121,Inserted inside the current SQL transaction.
PREVIEW_ROLLED_BACK,ATTENDANCE,CALTHORPE|STRENGTH & STRETCH|2026-06-09|0930|1030|CARD:498,NEW_ATTENDANCE,21122,Inserted inside the current SQL transaction.
PREVIEW_ROLLED_BACK,ATTENDANCE,CALTHORPE|STRENGTH & STRETCH|2026-06-09|0930|1030|CARD:648,NEW_ATTENDANCE,21123,Inserted inside the current SQL transaction.
PREVIEW_ROLLED_BACK,ATTENDANCE,CALTHORPE|STRENGTH & STRETCH|2026-06-09|0930|1030|CARD:681,NEW_ATTENDANCE,21124,Inserted inside the current SQL transaction.
PREVIEW_ROLLED_BACK,ATTENDANCE,CALTHORPE|STRENGTH & STRETCH|2026-06-09|0930|1030|CARD:698,NEW_ATTENDANCE,21125,Inserted inside the current SQL transaction.
PREVIEW_ROLLED_BACK,ATTENDANCE,CALTHORPE|STRENGTH & STRETCH|2026-06-09|0930|1030|CARD:717,NEW_ATTENDANCE,21126,Inserted inside the current SQL transaction.
PREVIEW_ROLLED_BACK,ATTENDANCE,CALTHORPE|STRENGTH & STRETCH|2026-06-09|0930|1030|CARD:727,NEW_ATTENDANCE,21127,Inserted inside the current SQL transaction.
PREVIEW_ROLLED_BACK,ATTENDANCE,CALTHORPE|STRENGTH & STRETCH|2026-06-09|0930|1030|CARD:851,NEW_ATTENDANCE,21128,Inserted inside the current SQL transaction.
PREVIEW_ROLLED_BACK,ATTENDANCE,CALTHORPE|YOGA|2026-06-09|1715|1815|CARD:1531,NEW_ATTENDANCE,21129,Inserted inside the current SQL transaction.
PREVIEW_ROLLED_BACK,ATTENDANCE,CALTHORPE|YOGA|2026-06-09|1715|1815|CARD:1541,NEW_ATTENDANCE,21130,Inserted inside the current SQL transaction.
PREVIEW_ROLLED_BACK,ATTENDANCE,CALTHORPE|YOGA|2026-06-09|1715|1815|CARD:1549,NEW_ATTENDANCE,21131,Inserted inside the current SQL transaction.
PREVIEW_ROLLED_BACK,ATTENDANCE,CALTHORPE|YOGA|2026-06-09|1715|1815|CARD:1632,NEW_ATTENDANCE,21132,Inserted inside the current SQL transaction.
PREVIEW_ROLLED_BACK,ATTENDANCE,CALTHORPE|YOGA|2026-06-09|1715|1815|CARD:2480,NEW_ATTENDANCE,21133,Inserted inside the current SQL transaction.
PREVIEW_ROLLED_BACK,ATTENDANCE,CALTHORPE|YOGA|2026-06-09|1715|1815|CARD:398,NEW_ATTENDANCE,21134,Inserted inside the current SQL transaction.
PREVIEW_ROLLED_BACK,ATTENDANCE,CALTHORPE|YOGA|2026-06-09|1715|1815|CARD:429,NEW_ATTENDANCE,21135,Inserted inside the current SQL transaction.
PREVIEW_ROLLED_BACK,ATTENDANCE,CALTHORPE|YOGA|2026-06-09|1715|1815|CARD:450,NEW_ATTENDANCE,21136,Inserted inside the current SQL transaction.
PREVIEW_ROLLED_BACK,ATTENDANCE,CALTHORPE|YOGA|2026-06-09|1715|1815|CARD:451,NEW_ATTENDANCE,21137,Inserted inside the current SQL transaction.
PREVIEW_ROLLED_BACK,ATTENDANCE,CALTHORPE|YOGA|2026-06-09|1715|1815|CARD:704,NEW_ATTENDANCE,21138,Inserted inside the current SQL transaction.
