Action,Date,Time,Sheet,ExcelRow,SessionId,SaheliCard,Name,Detail
REVIEW_ATTENDANCE_VALUE,2026-01-12,11:00:00-12:00:00,2026,20,,,,row 20: unknown attendance status 'Grand Total'
REVIEW_BAD_SLOT,,,2026,371,,,,2026 row 371: suspicious Innerva time range '1900-12-21 00:00:00'; needs manual correction
REVIEW_BAD_SLOT,,,2026,794,,,,2026 row 794: end time must be later than start time: 14:00-13:00
REVIEW_BAD_SLOT,,,2026,1208,,,,2026 row 1208: unrecognised time range '10:30:00'
REVIEW_BAD_SLOT,,,2026,2432,,,,2026 row 2432: suspicious Innerva time range '12:300-13:00'; needs manual correction
REVIEW_BAD_SLOT,,,2026,2486,,,,2026 row 2486: unrecognised time range ''
REVIEW_BAD_SLOT,,,2026,2585,,,,2026 row 2585: unrecognised time range '2'
REVIEW_BAD_SLOT,,,2026,2963,,,,2026 row 2963: missing year/month; use --current-year for a 'Current' sheet
REVIEW_BAD_SLOT,,,2026,3017,,,,"2026 row 3017: hour must be in 0..23, not 45"
REVIEW_BAD_SLOT,,,2026,3026,,,,2026 row 3026: missing year/month; use --current-year for a 'Current' sheet
REVIEW_BAD_SLOT,,,2026,3071,,,,"2026 row 3071: hour must be in 0..23, not 30"
REVIEW_BAD_SLOT,,,2026,3350,,,,2026 row 3350: missing year/month; use --current-year for a 'Current' sheet
REVIEW_BAD_SLOT,,,2026,3765,,,,2026 row 3765: missing year/month; use --current-year for a 'Current' sheet
REVIEW_BAD_SLOT,,,2026,3766,,,,2026 row 3766: missing year/month; use --current-year for a 'Current' sheet
REVIEW_BAD_SLOT,,,2026,3767,,,,2026 row 3767: missing year/month; use --current-year for a 'Current' sheet
REVIEW_BAD_SLOT,,,2026,3768,,,,2026 row 3768: missing year/month; use --current-year for a 'Current' sheet
REVIEW_BAD_SLOT,,,2026,3769,,,,2026 row 3769: missing year/month; use --current-year for a 'Current' sheet
REVIEW_BAD_SLOT,,,2026,3770,,,,2026 row 3770: missing year/month; use --current-year for a 'Current' sheet
REVIEW_BAD_SLOT,,,2026,3771,,,,2026 row 3771: missing year/month; use --current-year for a 'Current' sheet
REVIEW_BAD_SLOT,,,2026,3772,,,,2026 row 3772: missing year/month; use --current-year for a 'Current' sheet
REVIEW_BAD_SLOT,,,2026,3999,,,,2026 row 3999: missing year/month; use --current-year for a 'Current' sheet
REVIEW_BAD_SLOT,,,2026,4134,,,,2026 row 4134: suspicious Innerva time range '15;00-16:00'; needs manual correction
REVIEW_BAD_SLOT,,,2026,4152,,,,2026 row 4152: unrecognised time range '12:00_13:00'
REVIEW_BAD_SLOT,,,2026,4664,,,,2026 row 4664: unrecognised time range '14:30:15:30'
REVIEW_BAD_SLOT,,,2026,4826,,,,2026 row 4826: unrecognised time range '17:00:00'
REVIEW_BAD_SLOT,,,2026,5492,,,,2026 row 5492: missing year/month; use --current-year for a 'Current' sheet
REVIEW_BAD_SLOT,,,2026,5501,,,,2026 row 5501: missing year/month; use --current-year for a 'Current' sheet
REVIEW_BAD_SLOT,,,2026,5510,,,,2026 row 5510: missing year/month; use --current-year for a 'Current' sheet
REVIEW_BAD_SLOT,,,2026,5519,,,,2026 row 5519: missing year/month; use --current-year for a 'Current' sheet
REVIEW_BAD_SLOT,,,2026,5528,,,,2026 row 5528: missing year/month; use --current-year for a 'Current' sheet
REVIEW_BAD_SLOT,,,2026,5537,,,,2026 row 5537: missing year/month; use --current-year for a 'Current' sheet
REVIEW_BAD_SLOT,,,2026,5546,,,,2026 row 5546: missing year/month; use --current-year for a 'Current' sheet
REVIEW_BAD_SLOT,,,July 25 ,470,,,,July 25  row 470: unrecognised time range '14:30:00'
REVIEW_BAD_SLOT,,,July 25 ,479,,,,July 25  row 479: unrecognised time range '14:30:00'
REVIEW_EXCEL_CAPACITY,2026-09-21,14:00:00-15:00:00,2026,4592,,,,16 people in a nine-space booking slot
REVIEW_EXCEL_MEMBER_CONFLICT,2025-07-08,09:30:00-10:30:00,July 25 ,156,,249,Tazaira Mukhtar,Duplicate member in same slot with differing values
REVIEW_EXCEL_MEMBER_CONFLICT,2025-04-12,11:00:00-12:00:00,April 25,227,,190,Suleman Muhammad,Duplicate member in same slot with differing values
REVIEW_CARD_IDENTITY_CONFLICT,2024-07-09,12:00:00-13:00:00,July 24,82,,14,Nasreen Amjad,CRM ParticipantId=4298; verify name/DOB
REVIEW_MISSING_FULL_MEMBER,2024-07-11,10:00:00-11:00:00,July 24,83,,DNB,,Card missing from CRM; requires review or --create-missing-members
REVIEW_MISSING_FULL_MEMBER,2024-07-13,10:30:00-11:30:00,July 24,101,,DNB,,Card missing from CRM; requires review or --create-missing-members
REVIEW_CARD_IDENTITY_CONFLICT,2024-07-15,10:30:00-11:30:00,July 24,113,,150,Amtal Rehman,CRM ParticipantId=4869; verify name/DOB
REVIEW_CARD_IDENTITY_CONFLICT,2024-07-16,12:00:00-13:00:00,July 24,139,,14,Nasreen Amjad,CRM ParticipantId=4298; verify name/DOB
REVIEW_CARD_IDENTITY_CONFLICT,2024-07-22,10:30:00-11:30:00,July 24,174,,150,Amtal Rehman,CRM ParticipantId=4869; verify name/DOB
REVIEW_CARD_IDENTITY_CONFLICT,2024-07-22,10:30:00-11:30:00,July 24,180,,167,Maroof Begum,CRM ParticipantId=9692; verify name/DOB
REVIEW_CARD_IDENTITY_CONFLICT,2024-07-22,12:30:00-13:30:00,July 24,184,,163,Sajeda Mulla,CRM ParticipantId=4429; verify name/DOB
REVIEW_CANCELLATION_CONFLICT,2024-07-23,09:30:00-10:30:00,July 24,200,13174,,,SessionId=13174; CRM cancelled=True
REVIEW_CARD_IDENTITY_CONFLICT,2024-07-23,12:00:00-13:00:00,July 24,210,,14,Nasreen Amjad,CRM ParticipantId=4298; verify name/DOB
REVIEW_CARD_IDENTITY_CONFLICT,2024-07-29,10:30:00-11:30:00,July 24,255,,167,Maroof Begum,CRM ParticipantId=9692; verify name/DOB
REVIEW_CARD_IDENTITY_CONFLICT,2024-07-29,10:30:00-11:30:00,July 24,257,,150,Amtal Rehman,CRM ParticipantId=4869; verify name/DOB
REVIEW_CARD_IDENTITY_CONFLICT,2024-07-29,12:30:00-13:30:00,July 24,263,,163,Sajeda Mulla,CRM ParticipantId=4429; verify name/DOB
REVIEW_CARD_IDENTITY_CONFLICT,2024-07-30,09:30:00-10:30:00,July 24,287,,5,Abdul Hafeez,CRM ParticipantId=4672; verify name/DOB
REVIEW_CARD_IDENTITY_CONFLICT,2024-07-30,09:30:00-10:30:00,July 24,288,,3,Mohammad Akram,CRM ParticipantId=4977; verify name/DOB
REVIEW_CARD_IDENTITY_CONFLICT,2024-07-30,12:00:00-13:00:00,July 24,293,,14,Nasreen Amjad,CRM ParticipantId=4298; verify name/DOB
REVIEW_CARD_IDENTITY_CONFLICT,2024-08-01,12:30:00-13:30:00,August 24,13,,57,Nabeela Sanam,CRM ParticipantId=4342; verify name/DOB
REVIEW_CARD_IDENTITY_CONFLICT,2024-08-05,12:30:00-13:30:00,August 24,50,,163,Sajeda Mulla,CRM ParticipantId=4429; verify name/DOB
REVIEW_CARD_IDENTITY_CONFLICT,2024-08-05,18:45:00-19:45:00,August 24,61,,3,Mohammad Akram,CRM ParticipantId=4977; verify name/DOB
REVIEW_CARD_IDENTITY_CONFLICT,2024-08-06,09:30:00-10:30:00,August 24,69,,5,Abdul Hafeez,CRM ParticipantId=4672; verify name/DOB
REVIEW_CARD_IDENTITY_CONFLICT,2024-08-06,09:30:00-10:30:00,August 24,70,,3,Mohammad Akram,CRM ParticipantId=4977; verify name/DOB
REVIEW_CARD_IDENTITY_CONFLICT,2024-08-06,12:00:00-13:00:00,August 24,77,,14,Nasreen Amjad,CRM ParticipantId=4298; verify name/DOB
REVIEW_CARD_IDENTITY_CONFLICT,2024-08-08,10:00:00-11:00:00,August 24,83,,150,Amtal Rehman,CRM ParticipantId=4869; verify name/DOB
REVIEW_CARD_IDENTITY_CONFLICT,2024-08-09,14:30:00-15:30:00,August 24,102,,199,Kashif Khan,CRM ParticipantId=4870; verify name/DOB
REVIEW_CARD_IDENTITY_CONFLICT,2024-08-10,10:30:00-11:30:00,August 24,112,,57,Nabeela Sanam,CRM ParticipantId=4342; verify name/DOB
REVIEW_CARD_IDENTITY_CONFLICT,2024-08-12,12:30:00-13:30:00,August 24,131,,163,Sajeda Mulla,CRM ParticipantId=4429; verify name/DOB
REVIEW_CARD_IDENTITY_CONFLICT,2024-08-12,18:45:00-19:45:00,August 24,137,,3,Mohammad Akram,CRM ParticipantId=4977; verify name/DOB
REVIEW_CARD_IDENTITY_CONFLICT,2024-08-12,18:45:00-19:45:00,August 24,142,,199,Kashif Khan,CRM ParticipantId=4870; verify name/DOB
REVIEW_CARD_IDENTITY_CONFLICT,2024-08-13,08:00:00-09:00:00,August 24,147,,3,Mohammad Akram,CRM ParticipantId=4977; verify name/DOB
REVIEW_CARD_IDENTITY_CONFLICT,2024-08-13,08:00:00-09:00:00,August 24,151,,5,Abdul Hafeez,CRM ParticipantId=4672; verify name/DOB
REVIEW_CARD_IDENTITY_CONFLICT,2024-08-13,08:00:00-09:00:00,August 24,153,,199,Kashif Khan,CRM ParticipantId=4870; verify name/DOB
REVIEW_CARD_IDENTITY_CONFLICT,2024-08-13,12:00:00-13:00:00,August 24,156,,14,Nasreen Amjad,CRM ParticipantId=4298; verify name/DOB
REVIEW_SAME_NAME_DIFFERENT_CARD_IN_SESSION,2024-08-15,10:00:00-11:00:00,August 24,167,13203,197,Abida Bi,Name is already booked with another card in this session
REVIEW_SAME_NAME_DIFFERENT_CARD_IN_SESSION,2024-08-15,10:00:00-11:00:00,August 24,168,13203,210,Abida Bi,Name is already booked with another card in this session
REVIEW_CARD_IDENTITY_CONFLICT,2024-08-15,12:30:00-13:30:00,August 24,178,,150,Amtal Rehman,CRM ParticipantId=4869; verify name/DOB
REVIEW_CARD_IDENTITY_CONFLICT,2024-08-17,10:30:00-11:30:00,August 24,192,,57,Nabeela Sanam,CRM ParticipantId=4342; verify name/DOB
REVIEW_CARD_IDENTITY_CONFLICT,2024-10-01,12:00:00-13:00:00,October 24,6,,14,Nasreen Amjad,CRM ParticipantId=4298; verify name/DOB
REVIEW_CARD_IDENTITY_CONFLICT,2024-10-01,12:00:00-13:00:00,October 24,10,,167,Maroof Begum,CRM ParticipantId=9692; verify name/DOB
REVIEW_CARD_IDENTITY_CONFLICT,2024-10-03,10:00:00-11:00:00,October 24,24,,114,Shahida Parveen Hussain,CRM ParticipantId=4299; verify name/DOB
REVIEW_CARD_IDENTITY_CONFLICT,2024-10-05,10:30:00-11:30:00,October 24,48,,244,Algela Harrison,CRM ParticipantId=4383; verify name/DOB
REVIEW_CARD_IDENTITY_CONFLICT,2024-10-07,12:30:00-13:30:00,October 24,65,,163,Sajeda Mulla,CRM ParticipantId=4429; verify name/DOB
REVIEW_CARD_IDENTITY_CONFLICT,2024-10-07,12:30:00-13:30:00,October 24,73,,167,Maroof Begum,CRM ParticipantId=9692; verify name/DOB
REVIEW_CARD_IDENTITY_CONFLICT,2024-10-08,09:30:00-10:30:00,October 24,93,,5,Abdul Hafeez,CRM ParticipantId=4672; verify name/DOB
REVIEW_CARD_IDENTITY_CONFLICT,2024-10-08,09:30:00-10:30:00,October 24,94,,3,Mohammad Akram,CRM ParticipantId=4977; verify name/DOB
REVIEW_CARD_IDENTITY_CONFLICT,2024-10-08,09:30:00-10:30:00,October 24,98,,53,Waqar Masood,CRM ParticipantId=9764; verify name/DOB
REVIEW_CARD_IDENTITY_CONFLICT,2024-10-08,09:30:00-10:30:00,October 24,100,,97,Mohammed Saleem,CRM ParticipantId=4443; verify name/DOB
REVIEW_CARD_IDENTITY_CONFLICT,2024-10-08,12:00:00-13:00:00,October 24,106,,14,Nasreen Amjad,CRM ParticipantId=4298; verify name/DOB
REVIEW_CARD_IDENTITY_CONFLICT,2024-10-10,10:00:00-11:00:00,October 24,120,,74,Sumaira Azim,CRM ParticipantId=4296; verify name/DOB
REVIEW_CARD_IDENTITY_CONFLICT,2024-10-10,10:00:00-11:00:00,October 24,121,,114,Shahida Parveen Hussain,CRM ParticipantId=4299; verify name/DOB
REVIEW_CARD_IDENTITY_CONFLICT,2024-10-10,10:00:00-11:00:00,October 24,125,,252,Gladys Lee,CRM ParticipantId=4412; verify name/DOB
REVIEW_CARD_IDENTITY_CONFLICT,2024-10-10,10:00:00-11:00:00,October 24,126,,255,Nayyer Sultana,CRM ParticipantId=4415; verify name/DOB
REVIEW_CARD_IDENTITY_CONFLICT,2024-10-12,10:30:00-11:30:00,October 24,146,,255,Nayyer Sultana,CRM ParticipantId=4415; verify name/DOB
REVIEW_CARD_IDENTITY_CONFLICT,2024-10-14,12:30:00-13:30:00,October 24,164,,163,Sajeda Mulla,CRM ParticipantId=4429; verify name/DOB
REVIEW_CARD_IDENTITY_CONFLICT,2024-10-14,12:30:00-13:30:00,October 24,171,,252,Gladys Lee,CRM ParticipantId=4412; verify name/DOB
REVIEW_CARD_IDENTITY_CONFLICT,2024-10-14,12:30:00-13:30:00,October 24,172,,263,Shareen Ashraf,CRM ParticipantId=4453; verify name/DOB
REVIEW_CARD_IDENTITY_CONFLICT,2024-10-14,18:45:00-19:45:00,October 24,178,,97,Mohammed Saleem,CRM ParticipantId=4443; verify name/DOB
REVIEW_CARD_IDENTITY_CONFLICT,2024-10-15,09:30:00-10:30:00,October 24,193,,97,Mohammed Saleem,CRM ParticipantId=4443; verify name/DOB
REVIEW_CARD_IDENTITY_CONFLICT,2024-10-15,09:30:00-10:30:00,October 24,195,,5,Abdul Hafeez,CRM ParticipantId=4672; verify name/DOB
REVIEW_CARD_IDENTITY_CONFLICT,2024-10-15,09:30:00-10:30:00,October 24,196,,3,Mohammad Akram,CRM ParticipantId=4977; verify name/DOB
REVIEW_MISSING_FULL_MEMBER,2024-10-15,12:00:00-13:00:00,October 24,200,,DONOTBOOK,,Card missing from CRM; requires review or --create-missing-members
REVIEW_CARD_IDENTITY_CONFLICT,2024-10-19,10:30:00-11:30:00,October 24,249,,255,Nayyer Sultana,CRM ParticipantId=4415; verify name/DOB
REVIEW_CARD_IDENTITY_CONFLICT,2024-10-21,10:30:00-11:30:00,October 24,255,,150,Amtal Rehman,CRM ParticipantId=4869; verify name/DOB
REVIEW_CARD_IDENTITY_CONFLICT,2024-10-21,12:30:00-13:30:00,October 24,264,,163,Sajeda Mulla,CRM ParticipantId=4429; verify name/DOB
REVIEW_CARD_IDENTITY_CONFLICT,2024-10-21,12:30:00-13:30:00,October 24,270,,252,Gladys Lee,CRM ParticipantId=4412; verify name/DOB
REVIEW_CARD_IDENTITY_CONFLICT,2024-10-21,12:30:00-13:30:00,October 24,271,,263,Shareen Ashraf,CRM ParticipantId=4453; verify name/DOB
REVIEW_CARD_IDENTITY_CONFLICT,2024-10-22,09:30:00-10:30:00,October 24,291,,97,Mohammed Saleem,CRM ParticipantId=4443; verify name/DOB
REVIEW_CARD_IDENTITY_CONFLICT,2024-10-22,09:30:00-10:30:00,October 24,293,,5,Abdul Hafeez,CRM ParticipantId=4672; verify name/DOB
REVIEW_CARD_IDENTITY_CONFLICT,2024-10-22,09:30:00-10:30:00,October 24,294,,3,Mohammad Akram,CRM ParticipantId=4977; verify name/DOB
REVIEW_CARD_IDENTITY_CONFLICT,2024-10-22,12:00:00-13:00:00,October 24,300,,14,Nasreen Amjad,CRM ParticipantId=4298; verify name/DOB
REVIEW_SAME_NAME_DIFFERENT_CARD_IN_SESSION,2024-10-23,09:45:00-10:45:00,October 24,311,13261,272,Karamat Hussain,Name is already booked with another card in this session
REVIEW_CARD_IDENTITY_CONFLICT,2024-10-26,10:30:00-11:30:00,October 24,346,,255,Nayyer Sultana,CRM ParticipantId=4415; verify name/DOB
REVIEW_CARD_IDENTITY_CONFLICT,2024-10-28,10:30:00-11:30:00,October 24,359,,252,Gladys Lee,CRM ParticipantId=4412; verify name/DOB
REVIEW_CARD_IDENTITY_CONFLICT,2024-10-28,12:30:00-13:30:00,October 24,363,,263,Shareen Ashraf,CRM ParticipantId=4453; verify name/DOB
REVIEW_CARD_IDENTITY_CONFLICT,2024-10-28,12:30:00-13:30:00,October 24,367,,163,Sajeda Mulla,CRM ParticipantId=4429; verify name/DOB
REVIEW_SAME_NAME_DIFFERENT_CARD_IN_SESSION,2024-10-28,18:45:00-19:45:00,October 24,375,13268,242,Karamat Hussain,Name is already booked with another card in this session
REVIEW_CARD_IDENTITY_CONFLICT,2024-10-29,09:30:00-10:30:00,October 24,390,,97,Mohammed Saleem,CRM ParticipantId=4443; verify name/DOB
REVIEW_CARD_IDENTITY_CONFLICT,2024-10-29,09:30:00-10:30:00,October 24,392,,5,Abdul Hafeez,CRM ParticipantId=4672; verify name/DOB
REVIEW_CARD_IDENTITY_CONFLICT,2024-10-29,09:30:00-10:30:00,October 24,393,,3,Mohammad Akram,CRM ParticipantId=4977; verify name/DOB
REVIEW_CARD_IDENTITY_CONFLICT,2024-10-29,12:00:00-13:00:00,October 24,399,,150,Amtal Rehman,CRM ParticipantId=4869; verify name/DOB
REVIEW_CARD_IDENTITY_CONFLICT,2024-10-29,12:00:00-13:00:00,October 24,404,,14,Nasreen Amjad,CRM ParticipantId=4298; verify name/DOB
REVIEW_CARD_IDENTITY_CONFLICT,2024-10-30,09:45:00-10:45:00,October 24,413,,97,Mohammed Saleem,CRM ParticipantId=4443; verify name/DOB
REVIEW_CARD_IDENTITY_CONFLICT,2024-11-02,10:30:00-11:30:00,November 24,16,,294,Shaista Afzal,CRM ParticipantId=4513; verify name/DOB
REVIEW_CARD_IDENTITY_CONFLICT,2024-11-04,12:30:00-13:30:00,November 24,29,,252,Gladys Lee,CRM ParticipantId=4412; verify name/DOB
REVIEW_CARD_IDENTITY_CONFLICT,2024-11-04,12:30:00-13:30:00,November 24,33,,163,Sajeda Mulla,CRM ParticipantId=4429; verify name/DOB
REVIEW_CARD_IDENTITY_CONFLICT,2024-11-04,12:30:00-13:30:00,November 24,35,,263,Shareen Ashraf,CRM ParticipantId=4453; verify name/DOB
REVIEW_CARD_IDENTITY_CONFLICT,2024-11-05,09:30:00-10:30:00,November 24,57,,97,Mohammed Saleem,CRM ParticipantId=4443; verify name/DOB
REVIEW_CARD_IDENTITY_CONFLICT,2024-11-05,09:30:00-10:30:00,November 24,59,,5,Abdul Hafeez,CRM ParticipantId=4672; verify name/DOB
REVIEW_CARD_IDENTITY_CONFLICT,2024-11-05,09:30:00-10:30:00,November 24,60,,3,Mohammad Akram,CRM ParticipantId=4977; verify name/DOB
REVIEW_CARD_IDENTITY_CONFLICT,2024-11-05,12:00:00-13:00:00,November 24,70,,150,Amtal Rehman,CRM ParticipantId=4869; verify name/DOB
REVIEW_CARD_IDENTITY_CONFLICT,2024-11-06,09:45:00-10:45:00,November 24,75,,97,Mohammed Saleem,CRM ParticipantId=4443; verify name/DOB
REVIEW_CARD_IDENTITY_CONFLICT,2024-11-08,14:30:00-15:30:00,November 24,105,,303,david simmons,CRM ParticipantId=4550; verify name/DOB
REVIEW_CARD_IDENTITY_CONFLICT,2024-11-09,10:30:00-11:30:00,November 24,111,,255,Nayyer Sultana,CRM ParticipantId=4415; verify name/DOB
REVIEW_CARD_IDENTITY_CONFLICT,2024-11-11,12:30:00-13:30:00,November 24,130,,252,Gladys Lee,CRM ParticipantId=4412; verify name/DOB
REVIEW_CARD_IDENTITY_CONFLICT,2024-11-11,12:30:00-13:30:00,November 24,133,,263,Shareen Ashraf,CRM ParticipantId=4453; verify name/DOB
REVIEW_CARD_IDENTITY_CONFLICT,2024-11-11,12:30:00-13:30:00,November 24,135,,163,Sajeda Mulla,CRM ParticipantId=4429; verify name/DOB
REVIEW_CARD_IDENTITY_CONFLICT,2024-11-13,09:45:00-10:45:00,November 24,173,,97,Mohammed Saleem,CRM ParticipantId=4443; verify name/DOB
REVIEW_CARD_IDENTITY_CONFLICT,2024-11-14,12:30:00-13:30:00,November 24,191,,150,Amtal Rehman,CRM ParticipantId=4869; verify name/DOB
REVIEW_CARD_IDENTITY_CONFLICT,2024-11-16,10:30:00-11:30:00,November 24,216,,255,Nayyer Sultana,CRM ParticipantId=4415; verify name/DOB
REVIEW_CARD_IDENTITY_CONFLICT,2024-11-18,12:30:00-13:30:00,November 24,228,,252,Gladys Lee,CRM ParticipantId=4412; verify name/DOB
REVIEW_CARD_IDENTITY_CONFLICT,2024-11-18,12:30:00-13:30:00,November 24,229,,163,Sajeda Mulla,CRM ParticipantId=4429; verify name/DOB
REVIEW_CARD_IDENTITY_CONFLICT,2024-11-18,12:30:00-13:30:00,November 24,233,,263,Shareen Ashraf,CRM ParticipantId=4453; verify name/DOB
REVIEW_CARD_IDENTITY_CONFLICT,2024-11-18,18:15:00-19:45:00,November 24,240,,303,david simmons,CRM ParticipantId=4550; verify name/DOB
REVIEW_CARD_IDENTITY_CONFLICT,2024-11-19,09:30:00-10:30:00,November 24,260,,97,Mohammed Saleem,CRM ParticipantId=4443; verify name/DOB
REVIEW_CARD_IDENTITY_CONFLICT,2024-11-20,09:45:00-10:45:00,November 24,272,,97,Mohammed Saleem,CRM ParticipantId=4443; verify name/DOB
REVIEW_CARD_IDENTITY_CONFLICT,2024-11-20,09:45:00-10:45:00,November 24,277,,303,david simmons,CRM ParticipantId=4550; verify name/DOB
REVIEW_CARD_IDENTITY_CONFLICT,2024-11-22,14:30:00-15:30:00,November 24,304,,303,david simmons,CRM ParticipantId=4550; verify name/DOB
REVIEW_CARD_IDENTITY_CONFLICT,2024-11-23,10:30:00-11:30:00,November 24,309,,294,Shaista Afzal,CRM ParticipantId=4513; verify name/DOB
REVIEW_CARD_IDENTITY_CONFLICT,2024-11-23,10:30:00-11:30:00,November 24,311,,255,Nayyer Sultana,CRM ParticipantId=4415; verify name/DOB
REVIEW_CARD_IDENTITY_CONFLICT,2024-11-25,12:30:00-13:30:00,November 24,327,,252,Gladys Lee,CRM ParticipantId=4412; verify name/DOB
REVIEW_CARD_IDENTITY_CONFLICT,2024-11-25,12:30:00-13:30:00,November 24,328,,163,Sajeda Mulla,CRM ParticipantId=4429; verify name/DOB
REVIEW_CARD_IDENTITY_CONFLICT,2024-11-25,12:30:00-13:30:00,November 24,332,,263,Shareen Ashraf,CRM ParticipantId=4453; verify name/DOB
REVIEW_CARD_IDENTITY_CONFLICT,2024-11-25,18:15:00-19:45:00,November 24,335,,199,Kashif Khan,CRM ParticipantId=4870; verify name/DOB
REVIEW_CARD_IDENTITY_CONFLICT,2024-11-25,18:15:00-19:45:00,November 24,336,,303,david simmons,CRM ParticipantId=4550; verify name/DOB
REVIEW_CARD_IDENTITY_CONFLICT,2024-11-26,12:00:00-13:00:00,November 24,362,,324,Sajda Begum,CRM ParticipantId=4582; verify name/DOB
REVIEW_CARD_IDENTITY_CONFLICT,2024-11-30,10:30:00-11:30:00,November 24,408,,294,Shaista Afzal,CRM ParticipantId=4513; verify name/DOB
REVIEW_CARD_IDENTITY_CONFLICT,2024-11-30,10:30:00-11:30:00,November 24,413,,255,Nayyer Sultana,CRM ParticipantId=4415; verify name/DOB
REVIEW_CARD_IDENTITY_CONFLICT,2024-12-02,12:30:00-13:30:00,December 24,11,,252,Gladys Lee,CRM ParticipantId=4412; verify name/DOB
REVIEW_CARD_IDENTITY_CONFLICT,2024-12-02,12:30:00-13:30:00,December 24,13,,263,Shareen Ashraf,CRM ParticipantId=4453; verify name/DOB
REVIEW_CARD_IDENTITY_CONFLICT,2024-12-02,12:30:00-13:30:00,December 24,15,,163,Sajeda Mulla,CRM ParticipantId=4429; verify name/DOB
REVIEW_CARD_IDENTITY_CONFLICT,2024-12-02,18:45:00-19:45:00,December 24,24,,303,david simmons,CRM ParticipantId=4550; verify name/DOB
REVIEW_CARD_IDENTITY_CONFLICT,2024-12-03,12:00:00-13:00:00,December 24,45,,150,Amtal Rehman,CRM ParticipantId=4869; verify name/DOB
REVIEW_CARD_IDENTITY_CONFLICT,2024-12-04,09:45:00-10:45:00,December 24,50,,97,Mohammed Saleem,CRM ParticipantId=4443; verify name/DOB
REVIEW_CARD_IDENTITY_CONFLICT,2024-12-05,10:00:00-11:00:00,December 24,60,,324,Sajda Begum,CRM ParticipantId=4582; verify name/DOB
REVIEW_CARD_IDENTITY_CONFLICT,2024-12-06,14:30:00-15:30:00,December 24,77,,303,david simmons,CRM ParticipantId=4550; verify name/DOB
REVIEW_CARD_IDENTITY_CONFLICT,2024-12-07,10:30:00-11:30:00,December 24,86,,255,Nayyer Sultana,CRM ParticipantId=4415; verify name/DOB
REVIEW_CARD_IDENTITY_CONFLICT,2024-12-09,18:00:00-19:00:00,December 24,97,,303,david simmons,CRM ParticipantId=4550; verify name/DOB
REVIEW_CARD_IDENTITY_CONFLICT,2024-12-10,12:00:00-13:00:00,December 24,121,,167,Maroof Begum,CRM ParticipantId=9692; verify name/DOB
REVIEW_CARD_IDENTITY_CONFLICT,2024-12-11,09:45:00-10:45:00,December 24,131,,97,Mohammed Saleem,CRM ParticipantId=4443; verify name/DOB
REVIEW_CARD_IDENTITY_CONFLICT,2024-12-12,10:00:00-11:00:00,December 24,141,,150,Amtal Rehman,CRM ParticipantId=4869; verify name/DOB
REVIEW_CARD_IDENTITY_CONFLICT,2024-12-12,12:30:00-13:30:00,December 24,150,,324,Sajda Begum,CRM ParticipantId=4582; verify name/DOB
REVIEW_CARD_IDENTITY_CONFLICT,2024-12-13,14:30:00-15:30:00,December 24,157,,303,david simmons,CRM ParticipantId=4550; verify name/DOB
REVIEW_CARD_IDENTITY_CONFLICT,2024-12-16,12:30:00-13:30:00,December 24,182,,163,Sajeda Mulla,CRM ParticipantId=4429; verify name/DOB
REVIEW_CARD_IDENTITY_CONFLICT,2024-12-16,12:30:00-13:30:00,December 24,186,,252,Gladys Lee,CRM ParticipantId=4412; verify name/DOB
REVIEW_CARD_IDENTITY_CONFLICT,2024-12-16,12:30:00-13:30:00,December 24,187,,1050,Sharon Smith,CRM ParticipantId=4661; verify name/DOB
REVIEW_CARD_IDENTITY_CONFLICT,2025-01-13,18:00:00-19:00:00,January 25,21,,303,david simmons,CRM ParticipantId=4550; verify name/DOB
REVIEW_CARD_IDENTITY_CONFLICT,2025-01-14,12:00:00-13:00:00,January 25,56,,252,Gladys Lee,CRM ParticipantId=4412; verify name/DOB
REVIEW_CARD_IDENTITY_CONFLICT,2025-01-15,09:30:00-10:30:00,January 25,68,,303,david simmons,CRM ParticipantId=4550; verify name/DOB
REVIEW_CARD_IDENTITY_CONFLICT,2025-01-15,09:30:00-10:30:00,January 25,71,,97,Mohammed Saleem,CRM ParticipantId=4443; verify name/DOB
REVIEW_CARD_IDENTITY_CONFLICT,2025-01-17,14:00:00-15:00:00,January 25,101,,303,david simmons,CRM ParticipantId=4550; verify name/DOB
REVIEW_CARD_IDENTITY_CONFLICT,2025-01-18,09:45:00-10:45:00,January 25,113,,255,Nayyer Sultana,CRM ParticipantId=4415; verify name/DOB
REVIEW_CARD_IDENTITY_CONFLICT,2025-01-20,11:30:00-12:30:00,January 25,138,,74,Sumaira Azim,CRM ParticipantId=4296; verify name/DOB
REVIEW_CARD_IDENTITY_CONFLICT,2025-01-20,18:00:00-19:00:00,January 25,147,,303,david simmons,CRM ParticipantId=4550; verify name/DOB
REVIEW_CARD_IDENTITY_CONFLICT,2025-01-21,12:00:00-13:00:00,January 25,183,,263,Shareen Ashraf,CRM ParticipantId=4453; verify name/DOB
REVIEW_CARD_IDENTITY_CONFLICT,2025-01-21,12:00:00-13:00:00,January 25,184,,252,Gladys Lee,CRM ParticipantId=4412; verify name/DOB
REVIEW_CARD_IDENTITY_CONFLICT,2025-01-22,09:30:00-10:30:00,January 25,194,,303,david simmons,CRM ParticipantId=4550; verify name/DOB
REVIEW_CARD_IDENTITY_CONFLICT,2025-01-22,09:30:00-10:30:00,January 25,197,,97,Mohammed Saleem,CRM ParticipantId=4443; verify name/DOB
REVIEW_CARD_IDENTITY_CONFLICT,2025-01-24,14:00:00-15:00:00,January 25,227,,303,david simmons,CRM ParticipantId=4550; verify name/DOB
REVIEW_CARD_IDENTITY_CONFLICT,2025-01-25,09:45:00-10:45:00,January 25,238,,255,Nayyer Sultana,CRM ParticipantId=4415; verify name/DOB
REVIEW_CARD_IDENTITY_CONFLICT,2025-01-25,09:45:00-10:45:00,January 25,242,,249,Tazaira Mukhtar,CRM ParticipantId=4396; verify name/DOB
REVIEW_CARD_IDENTITY_CONFLICT,2025-01-27,11:30:00-12:30:00,January 25,264,,150,Amtal Rehman,CRM ParticipantId=4869; verify name/DOB
REVIEW_CARD_IDENTITY_CONFLICT,2025-01-27,11:30:00-12:30:00,January 25,266,,74,Sumaira Azim,CRM ParticipantId=4296; verify name/DOB
REVIEW_CARD_IDENTITY_CONFLICT,2025-01-27,11:30:00-12:30:00,January 25,270,,263,Shareen Ashraf,CRM ParticipantId=4453; verify name/DOB
REVIEW_CARD_IDENTITY_CONFLICT,2025-01-27,18:00:00-19:00:00,January 25,273,,303,david simmons,CRM ParticipantId=4550; verify name/DOB
REVIEW_CARD_IDENTITY_CONFLICT,2025-01-27,19:00:00-20:00:00,January 25,287,,303,david simmons,CRM ParticipantId=4550; verify name/DOB
REVIEW_CARD_IDENTITY_CONFLICT,2025-01-28,12:00:00-13:00:00,January 25,310,,252,Gladys Lee,CRM ParticipantId=4412; verify name/DOB
REVIEW_CARD_IDENTITY_CONFLICT,2025-01-29,09:30:00-10:30:00,January 25,317,,97,Mohammed Saleem,CRM ParticipantId=4443; verify name/DOB
REVIEW_CARD_IDENTITY_CONFLICT,2025-01-29,09:30:00-10:30:00,January 25,320,,303,david simmons,CRM ParticipantId=4550; verify name/DOB
REVIEW_CARD_IDENTITY_CONFLICT,2025-01-31,14:00:00-15:00:00,January 25,354,,303,david simmons,CRM ParticipantId=4550; verify name/DOB
REVIEW_CARD_IDENTITY_CONFLICT,2025-02-01,09:45:00-10:45:00,February 25,3,,255,Nayyer Sultana,CRM ParticipantId=4415; verify name/DOB
REVIEW_CARD_IDENTITY_CONFLICT,2025-02-01,09:45:00-10:45:00,February 25,7,,249,Tazaira Mukhtar,CRM ParticipantId=4396; verify name/DOB
REVIEW_CARD_IDENTITY_CONFLICT,2025-02-03,11:30:00-12:30:00,February 25,33,,150,Amtal Rehman,CRM ParticipantId=4869; verify name/DOB
REVIEW_CARD_IDENTITY_CONFLICT,2025-02-03,11:30:00-12:30:00,February 25,35,,74,Sumaira Azim,CRM ParticipantId=4296; verify name/DOB
REVIEW_CARD_IDENTITY_CONFLICT,2025-02-03,18:00:00-19:00:00,February 25,39,,303,david simmons,CRM ParticipantId=4550; verify name/DOB
REVIEW_CARD_IDENTITY_CONFLICT,2025-02-04,12:00:00-13:00:00,February 25,78,,252,Gladys Lee,CRM ParticipantId=4412; verify name/DOB
REVIEW_CARD_IDENTITY_CONFLICT,2025-02-05,09:30:00-10:30:00,February 25,83,,97,Mohammed Saleem,CRM ParticipantId=4443; verify name/DOB
REVIEW_CARD_IDENTITY_CONFLICT,2025-02-05,09:30:00-10:30:00,February 25,86,,303,david simmons,CRM ParticipantId=4550; verify name/DOB
REVIEW_CARD_IDENTITY_CONFLICT,2025-02-07,14:00:00-15:00:00,February 25,119,,303,david simmons,CRM ParticipantId=4550; verify name/DOB
REVIEW_CARD_IDENTITY_CONFLICT,2025-02-08,09:45:00-10:45:00,February 25,130,,255,Nayyer Sultana,CRM ParticipantId=4415; verify name/DOB
REVIEW_CARD_IDENTITY_CONFLICT,2025-02-10,11:30:00-12:30:00,February 25,156,,150,Amtal Rehman,CRM ParticipantId=4869; verify name/DOB
REVIEW_CARD_IDENTITY_CONFLICT,2025-02-10,18:00:00-19:00:00,February 25,165,,303,david simmons,CRM ParticipantId=4550; verify name/DOB
REVIEW_CARD_IDENTITY_CONFLICT,2025-02-11,12:00:00-13:00:00,February 25,206,,252,Gladys Lee,CRM ParticipantId=4412; verify name/DOB
REVIEW_CARD_IDENTITY_CONFLICT,2025-02-11,12:00:00-13:00:00,February 25,207,,14,Nasreen Amjad,CRM ParticipantId=4298; verify name/DOB
REVIEW_CARD_IDENTITY_CONFLICT,2025-02-13,11:00:00-12:00:00,February 25,232,,1094,Nosheen Akhter,CRM ParticipantId=4726; verify name/DOB
REVIEW_CARD_IDENTITY_CONFLICT,2025-02-13,11:00:00-12:00:00,February 25,235,,271,Yasmin Hussain,CRM ParticipantId=4470; verify name/DOB
REVIEW_CARD_IDENTITY_CONFLICT,2025-02-15,09:45:00-10:45:00,February 25,260,,249,Tazaira Mukhtar,CRM ParticipantId=4396; verify name/DOB
REVIEW_CARD_IDENTITY_CONFLICT,2025-02-17,18:00:00-19:00:00,February 25,291,,303,david simmons,CRM ParticipantId=4550; verify name/DOB
REVIEW_CARD_IDENTITY_CONFLICT,2025-02-18,12:00:00-13:00:00,February 25,329,,252,Gladys Lee,CRM ParticipantId=4412; verify name/DOB
REVIEW_CARD_IDENTITY_CONFLICT,2025-02-18,12:00:00-13:00:00,February 25,333,,14,Nasreen Amjad,CRM ParticipantId=4298; verify name/DOB
REVIEW_CARD_IDENTITY_CONFLICT,2025-02-19,09:30:00-10:30:00,February 25,336,,97,Mohammed Saleem,CRM ParticipantId=4443; verify name/DOB
REVIEW_CARD_IDENTITY_CONFLICT,2025-02-19,09:30:00-10:30:00,February 25,338,,303,david simmons,CRM ParticipantId=4550; verify name/DOB
REVIEW_CARD_IDENTITY_CONFLICT,2025-02-20,09:30:00-10:30:00,February 25,346,,1061,Samreena Khattak,CRM ParticipantId=4685; verify name/DOB
REVIEW_MISSING_FULL_MEMBER,2025-02-22,11:00:00-12:00:00,February 25,397,,OK,,Card missing from CRM; requires review or --create-missing-members
REVIEW_CARD_IDENTITY_CONFLICT,2025-02-24,10:00:00-11:00:00,February 25,404,,150,Amtal Rehman,CRM ParticipantId=4869; verify name/DOB
REVIEW_CARD_IDENTITY_CONFLICT,2025-02-24,18:00:00-19:00:00,February 25,417,,303,david simmons,CRM ParticipantId=4550; verify name/DOB
REVIEW_CARD_IDENTITY_CONFLICT,2025-02-25,12:00:00-13:00:00,February 25,454,,271,Yasmin Hussain,CRM ParticipantId=4470; verify name/DOB
REVIEW_CARD_IDENTITY_CONFLICT,2025-02-25,12:00:00-13:00:00,February 25,455,,1094,Nosheen Akhter,CRM ParticipantId=4726; verify name/DOB
REVIEW_CARD_IDENTITY_CONFLICT,2025-02-25,12:00:00-13:00:00,February 25,459,,252,Gladys Lee,CRM ParticipantId=4412; verify name/DOB
REVIEW_CARD_IDENTITY_CONFLICT,2025-02-26,09:30:00-10:30:00,February 25,462,,303,david simmons,CRM ParticipantId=4550; verify name/DOB
REVIEW_CARD_IDENTITY_CONFLICT,2025-02-26,09:30:00-10:30:00,February 25,465,,97,Mohammed Saleem,CRM ParticipantId=4443; verify name/DOB
REVIEW_CARD_IDENTITY_CONFLICT,2025-02-28,14:00:00-15:00:00,February 25,497,,303,david simmons,CRM ParticipantId=4550; verify name/DOB
REVIEW_CARD_IDENTITY_CONFLICT,2025-03-01,09:45:00-10:45:00,March 25,5,,255,Nayyer Sultana,CRM ParticipantId=4415; verify name/DOB
REVIEW_CARD_IDENTITY_CONFLICT,2025-03-03,11:00:00-12:00:00,March 25,22,,150,Amtal Rehman,CRM ParticipantId=4869; verify name/DOB
REVIEW_CARD_IDENTITY_CONFLICT,2025-03-03,14:30:00-15:30:00,March 25,43,,303,david simmons,CRM ParticipantId=4550; verify name/DOB
REVIEW_CARD_IDENTITY_CONFLICT,2025-03-04,11:00:00-12:00:00,March 25,66,,252,Gladys Lee,CRM ParticipantId=4412; verify name/DOB
REVIEW_CARD_IDENTITY_CONFLICT,2025-03-04,12:00:00-13:00:00,March 25,75,,14,Nasreen Amjad,CRM ParticipantId=4298; verify name/DOB
REVIEW_CARD_IDENTITY_CONFLICT,2025-03-05,09:00:00-10:00:00,March 25,85,,303,david simmons,CRM ParticipantId=4550; verify name/DOB
REVIEW_CARD_IDENTITY_CONFLICT,2025-03-06,12:00:00-13:00:00,March 25,108,,1050,Sharon Smith,CRM ParticipantId=4661; verify name/DOB
REVIEW_CARD_IDENTITY_CONFLICT,2025-03-07,14:00:00-15:00:00,March 25,119,,303,david simmons,CRM ParticipantId=4550; verify name/DOB
REVIEW_CARD_IDENTITY_CONFLICT,2025-03-08,09:45:00-10:45:00,March 25,131,,255,Nayyer Sultana,CRM ParticipantId=4415; verify name/DOB
REVIEW_CARD_IDENTITY_CONFLICT,2025-03-10,12:00:00-13:00:00,March 25,155,,252,Gladys Lee,CRM ParticipantId=4412; verify name/DOB
REVIEW_CARD_IDENTITY_CONFLICT,2025-03-10,14:30:00-15:30:00,March 25,169,,303,david simmons,CRM ParticipantId=4550; verify name/DOB
REVIEW_CARD_IDENTITY_CONFLICT,2025-03-10,14:30:00-15:30:00,March 25,172,,5,Abdul Hafeez,CRM ParticipantId=4672; verify name/DOB
REVIEW_CARD_IDENTITY_CONFLICT,2025-03-11,12:00:00-13:00:00,March 25,200,,14,Nasreen Amjad,CRM ParticipantId=4298; verify name/DOB
REVIEW_CARD_IDENTITY_CONFLICT,2025-03-12,09:00:00-10:00:00,March 25,211,,303,david simmons,CRM ParticipantId=4550; verify name/DOB
REVIEW_CARD_IDENTITY_CONFLICT,2025-03-14,14:00:00-15:00:00,March 25,245,,303,david simmons,CRM ParticipantId=4550; verify name/DOB
REVIEW_CARD_IDENTITY_CONFLICT,2025-03-15,09:45:00-10:45:00,March 25,259,,255,Nayyer Sultana,CRM ParticipantId=4415; verify name/DOB
REVIEW_CARD_IDENTITY_CONFLICT,2025-03-17,11:00:00-12:00:00,March 25,277,,150,Amtal Rehman,CRM ParticipantId=4869; verify name/DOB
REVIEW_CARD_IDENTITY_CONFLICT,2025-03-17,14:30:00-15:30:00,March 25,295,,303,david simmons,CRM ParticipantId=4550; verify name/DOB
REVIEW_CARD_IDENTITY_CONFLICT,2025-03-17,14:30:00-15:30:00,March 25,298,,5,Abdul Hafeez,CRM ParticipantId=4672; verify name/DOB
REVIEW_CARD_IDENTITY_CONFLICT,2025-03-18,12:00:00-13:00:00,March 25,327,,14,Nasreen Amjad,CRM ParticipantId=4298; verify name/DOB
REVIEW_CARD_IDENTITY_CONFLICT,2025-03-18,12:00:00-13:00:00,March 25,332,,252,Gladys Lee,CRM ParticipantId=4412; verify name/DOB
REVIEW_CARD_IDENTITY_CONFLICT,2025-03-19,09:00:00-10:00:00,March 25,337,,303,david simmons,CRM ParticipantId=4550; verify name/DOB
REVIEW_CARD_IDENTITY_CONFLICT,2025-03-21,14:00:00-15:00:00,March 25,373,,303,david simmons,CRM ParticipantId=4550; verify name/DOB
REVIEW_CARD_IDENTITY_CONFLICT,2025-03-22,09:45:00-10:45:00,March 25,385,,255,Nayyer Sultana,CRM ParticipantId=4415; verify name/DOB
REVIEW_CARD_IDENTITY_CONFLICT,2025-03-22,11:00:00-12:00:00,March 25,393,,1138,Farahan Sohail Baig,CRM ParticipantId=4787; verify name/DOB
REVIEW_CARD_IDENTITY_CONFLICT,2025-03-24,14:30:00-15:30:00,March 25,420,,303,david simmons,CRM ParticipantId=4550; verify name/DOB
REVIEW_CARD_IDENTITY_CONFLICT,2025-03-24,14:30:00-15:30:00,March 25,423,,5,Abdul Hafeez,CRM ParticipantId=4672; verify name/DOB
REVIEW_CARD_IDENTITY_CONFLICT,2025-03-24,15:30:00-16:30:00,March 25,430,,303,david simmons,CRM ParticipantId=4550; verify name/DOB
REVIEW_CARD_IDENTITY_CONFLICT,2025-03-25,12:00:00-13:00:00,March 25,456,,14,Nasreen Amjad,CRM ParticipantId=4298; verify name/DOB
REVIEW_CARD_IDENTITY_CONFLICT,2025-03-26,09:00:00-10:00:00,March 25,464,,303,david simmons,CRM ParticipantId=4550; verify name/DOB
REVIEW_CARD_IDENTITY_CONFLICT,2025-03-28,10:30:00-11:30:00,March 25,488,,252,Gladys Lee,CRM ParticipantId=4412; verify name/DOB
REVIEW_CARD_IDENTITY_CONFLICT,2025-03-28,14:00:00-15:00:00,March 25,502,,303,david simmons,CRM ParticipantId=4550; verify name/DOB
REVIEW_CARD_IDENTITY_CONFLICT,2025-03-29,09:45:00-10:45:00,March 25,511,,255,Nayyer Sultana,CRM ParticipantId=4415; verify name/DOB
REVIEW_MISSING_FULL_MEMBER,2025-03-31,11:00:00-12:00:00,March 25,524,,DONOTBOOK,,Card missing from CRM; requires review or --create-missing-members
REVIEW_MISSING_FULL_MEMBER,2025-03-31,12:00:00-13:00:00,March 25,533,,DONOTBOOK,,Card missing from CRM; requires review or --create-missing-members
REVIEW_MISSING_FULL_MEMBER,2025-03-31,14:30:00-15:30:00,March 25,542,,DONOTBOOK,,Card missing from CRM; requires review or --create-missing-members
REVIEW_MISSING_FULL_MEMBER,2025-03-31,15:30:00-16:30:00,March 25,551,,DONOTBOOK,,Card missing from CRM; requires review or --create-missing-members
REVIEW_CARD_IDENTITY_CONFLICT,2025-04-01,12:00:00-13:00:00,April 25,13,,14,Nasreen Amjad,CRM ParticipantId=4298; verify name/DOB
REVIEW_CARD_IDENTITY_CONFLICT,2025-04-02,09:00:00-10:00:00,April 25,23,,97,Mohammed Saleem,CRM ParticipantId=4443; verify name/DOB
REVIEW_CARD_IDENTITY_CONFLICT,2025-04-03,11:00:00-12:00:00,April 25,37,,1154,Joanna Towsend,CRM ParticipantId=4808; verify name/DOB
REVIEW_CARD_IDENTITY_CONFLICT,2025-04-04,10:30:00-11:30:00,April 25,49,,252,Gladys Lee,CRM ParticipantId=4412; verify name/DOB
REVIEW_CARD_IDENTITY_CONFLICT,2025-04-04,14:00:00-15:00:00,April 25,57,,303,david simmons,CRM ParticipantId=4550; verify name/DOB
REVIEW_CARD_IDENTITY_CONFLICT,2025-04-07,12:30:00-13:30:00,April 25,88,,14,Nasreen Amjad,CRM ParticipantId=4298; verify name/DOB
REVIEW_CARD_IDENTITY_CONFLICT,2025-04-07,14:30:00-15:30:00,April 25,97,,303,david simmons,CRM ParticipantId=4550; verify name/DOB
REVIEW_CARD_IDENTITY_CONFLICT,2025-04-07,15:30:00-16:30:00,April 25,106,,5,Abdul Hafeez,CRM ParticipantId=4672; verify name/DOB
REVIEW_CARD_IDENTITY_CONFLICT,2025-04-08,09:30:00-10:30:00,April 25,136,,324,Sajda Begum,CRM ParticipantId=4582; verify name/DOB
REVIEW_CARD_IDENTITY_CONFLICT,2025-04-08,12:00:00-13:00:00,April 25,143,,150,Amtal Rehman,CRM ParticipantId=4869; verify name/DOB
REVIEW_CARD_IDENTITY_CONFLICT,2025-04-09,09:00:00-10:00:00,April 25,149,,303,david simmons,CRM ParticipantId=4550; verify name/DOB
REVIEW_CARD_IDENTITY_CONFLICT,2025-04-09,09:00:00-10:00:00,April 25,151,,97,Mohammed Saleem,CRM ParticipantId=4443; verify name/DOB
REVIEW_CANCELLATION_CONFLICT,2025-04-09,10:00:00-11:00:00,April 25,155,13563,,,SessionId=13563; CRM cancelled=True
REVIEW_CARD_IDENTITY_CONFLICT,2025-04-09,10:45:00-11:45:00,April 25,165,,1154,Joanna Towsend,CRM ParticipantId=4808; verify name/DOB
REVIEW_CARD_IDENTITY_CONFLICT,2025-04-10,10:30:00-11:30:00,April 25,176,,1154,Joanna Towsend,CRM ParticipantId=4808; verify name/DOB
REVIEW_CARD_IDENTITY_CONFLICT,2025-04-10,10:30:00-11:30:00,April 25,181,,150,Amtal Rehman,CRM ParticipantId=4869; verify name/DOB
REVIEW_CARD_IDENTITY_CONFLICT,2025-04-11,10:30:00-11:30:00,April 25,192,,252,Gladys Lee,CRM ParticipantId=4412; verify name/DOB
REVIEW_CARD_IDENTITY_CONFLICT,2025-04-11,14:00:00-15:00:00,April 25,201,,303,david simmons,CRM ParticipantId=4550; verify name/DOB
REVIEW_CARD_IDENTITY_CONFLICT,2025-04-12,09:45:00-10:45:00,April 25,221,,255,Nayyer Sultana,CRM ParticipantId=4415; verify name/DOB
REVIEW_CARD_IDENTITY_CONFLICT,2025-04-14,14:30:00-15:30:00,April 25,259,,303,david simmons,CRM ParticipantId=4550; verify name/DOB
REVIEW_CARD_IDENTITY_CONFLICT,2025-04-14,15:30:00-16:30:00,April 25,270,,5,Abdul Hafeez,CRM ParticipantId=4672; verify name/DOB
REVIEW_CARD_IDENTITY_CONFLICT,2025-04-15,09:30:00-10:30:00,April 25,293,,1154,Joanna Towsend,CRM ParticipantId=4808; verify name/DOB
REVIEW_CARD_IDENTITY_CONFLICT,2025-04-15,12:00:00-13:00:00,April 25,300,,324,Sajda Begum,CRM ParticipantId=4582; verify name/DOB
REVIEW_CARD_IDENTITY_CONFLICT,2025-04-15,12:00:00-13:00:00,April 25,303,,14,Nasreen Amjad,CRM ParticipantId=4298; verify name/DOB
REVIEW_CARD_IDENTITY_CONFLICT,2025-04-16,09:00:00-10:00:00,April 25,310,,303,david simmons,CRM ParticipantId=4550; verify name/DOB
REVIEW_CARD_IDENTITY_CONFLICT,2025-04-16,09:00:00-10:00:00,April 25,311,,97,Mohammed Saleem,CRM ParticipantId=4443; verify name/DOB
REVIEW_CARD_IDENTITY_CONFLICT,2025-04-16,11:00:00-12:00:00,April 25,330,,1154,Joanna Towsend,CRM ParticipantId=4808; verify name/DOB
REVIEW_CARD_IDENTITY_CONFLICT,2025-04-17,10:30:00-11:30:00,April 25,338,,150,Amtal Rehman,CRM ParticipantId=4869; verify name/DOB
REVIEW_CARD_IDENTITY_CONFLICT,2025-04-19,09:45:00-10:45:00,April 25,359,,255,Nayyer Sultana,CRM ParticipantId=4415; verify name/DOB
REVIEW_CARD_IDENTITY_CONFLICT,2025-04-22,09:30:00-10:30:00,April 25,388,,324,Sajda Begum,CRM ParticipantId=4582; verify name/DOB
REVIEW_CARD_IDENTITY_CONFLICT,2025-04-23,09:00:00-10:00:00,April 25,400,,303,david simmons,CRM ParticipantId=4550; verify name/DOB
REVIEW_CARD_IDENTITY_CONFLICT,2025-04-23,09:00:00-10:00:00,April 25,401,,97,Mohammed Saleem,CRM ParticipantId=4443; verify name/DOB
REVIEW_CARD_IDENTITY_CONFLICT,2025-04-24,10:30:00-11:30:00,April 25,428,,150,Amtal Rehman,CRM ParticipantId=4869; verify name/DOB
REVIEW_CARD_IDENTITY_CONFLICT,2025-04-25,10:30:00-11:30:00,April 25,444,,252,Gladys Lee,CRM ParticipantId=4412; verify name/DOB
REVIEW_CARD_IDENTITY_CONFLICT,2025-04-25,14:00:00-15:00:00,April 25,453,,303,david simmons,CRM ParticipantId=4550; verify name/DOB
REVIEW_CARD_IDENTITY_CONFLICT,2025-04-26,09:45:00-10:45:00,April 25,474,,255,Nayyer Sultana,CRM ParticipantId=4415; verify name/DOB
REVIEW_CARD_IDENTITY_CONFLICT,2025-04-28,15:30:00-16:30:00,April 25,516,,303,david simmons,CRM ParticipantId=4550; verify name/DOB
REVIEW_CARD_IDENTITY_CONFLICT,2025-04-28,15:30:00-16:30:00,April 25,520,,5,Abdul Hafeez,CRM ParticipantId=4672; verify name/DOB
REVIEW_CARD_IDENTITY_CONFLICT,2025-04-29,09:30:00-10:30:00,April 25,537,,150,Amtal Rehman,CRM ParticipantId=4869; verify name/DOB
REVIEW_CARD_IDENTITY_CONFLICT,2025-04-29,12:00:00-13:00:00,April 25,545,,14,Nasreen Amjad,CRM ParticipantId=4298; verify name/DOB
REVIEW_CARD_IDENTITY_CONFLICT,2025-05-01,12:00:00-13:00:00,May 25,18,,57,Nabeela Sanam,CRM ParticipantId=4342; verify name/DOB
REVIEW_CARD_IDENTITY_CONFLICT,2025-05-02,10:30:00-11:30:00,May 25,25,,252,Gladys Lee,CRM ParticipantId=4412; verify name/DOB
REVIEW_CARD_IDENTITY_CONFLICT,2025-05-03,09:45:00-10:45:00,May 25,38,,1061,Samreena Khattak,CRM ParticipantId=4685; verify name/DOB
REVIEW_CARD_IDENTITY_CONFLICT,2025-05-03,09:45:00-10:45:00,May 25,41,,255,Nayyer Sultana,CRM ParticipantId=4415; verify name/DOB
REVIEW_CARD_IDENTITY_CONFLICT,2025-05-06,08:00:00-09:00:00,May 25,65,,97,Mohammed Saleem,CRM ParticipantId=4443; verify name/DOB
REVIEW_CARD_IDENTITY_CONFLICT,2025-05-07,09:00:00-10:00:00,May 25,94,,303,david simmons,CRM ParticipantId=4550; verify name/DOB
REVIEW_CARD_IDENTITY_CONFLICT,2025-05-07,09:00:00-10:00:00,May 25,95,,97,Mohammed Saleem,CRM ParticipantId=4443; verify name/DOB
REVIEW_CARD_IDENTITY_CONFLICT,2025-05-07,10:00:00-11:00:00,May 25,108,,1181,Mathew Natta,CRM ParticipantId=4842; verify name/DOB
REVIEW_CARD_IDENTITY_CONFLICT,2025-05-08,10:30:00-11:30:00,May 25,119,,150,Amtal Rehman,CRM ParticipantId=4869; verify name/DOB
REVIEW_CARD_IDENTITY_CONFLICT,2025-05-08,12:00:00-13:00:00,May 25,136,,14,Nasreen Amjad,CRM ParticipantId=4298; verify name/DOB
REVIEW_CARD_IDENTITY_CONFLICT,2025-05-09,10:30:00-11:30:00,May 25,145,,252,Gladys Lee,CRM ParticipantId=4412; verify name/DOB
REVIEW_CARD_IDENTITY_CONFLICT,2025-05-09,14:00:00-15:00:00,May 25,148,,303,david simmons,CRM ParticipantId=4550; verify name/DOB
REVIEW_CARD_IDENTITY_CONFLICT,2025-05-09,15:00:00-16:00:00,May 25,160,,1187,Mohammed Akbar,CRM ParticipantId=4848; verify name/DOB
REVIEW_CARD_IDENTITY_CONFLICT,2025-05-12,12:30:00-13:30:00,May 25,192,,57,Nabeela Sanam,CRM ParticipantId=4342; verify name/DOB
REVIEW_CARD_IDENTITY_CONFLICT,2025-05-12,15:30:00-16:30:00,May 25,210,,303,david simmons,CRM ParticipantId=4550; verify name/DOB
REVIEW_CARD_IDENTITY_CONFLICT,2025-05-12,15:30:00-16:30:00,May 25,214,,5,Abdul Hafeez,CRM ParticipantId=4672; verify name/DOB
REVIEW_CARD_IDENTITY_CONFLICT,2025-05-12,17:45:00-18:45:00,May 25,218,,1061,Samreena Khattak,CRM ParticipantId=4685; verify name/DOB
REVIEW_CARD_IDENTITY_CONFLICT,2025-05-13,08:00:00-09:00:00,May 25,236,,97,Mohammed Saleem,CRM ParticipantId=4443; verify name/DOB
REVIEW_CARD_IDENTITY_CONFLICT,2025-05-13,09:30:00-10:30:00,May 25,252,,150,Amtal Rehman,CRM ParticipantId=4869; verify name/DOB
REVIEW_CARD_IDENTITY_CONFLICT,2025-05-15,10:30:00-11:30:00,May 25,279,,150,Amtal Rehman,CRM ParticipantId=4869; verify name/DOB
REVIEW_CARD_IDENTITY_CONFLICT,2025-05-15,12:00:00-13:00:00,May 25,282,,14,Nasreen Amjad,CRM ParticipantId=4298; verify name/DOB
REVIEW_CARD_IDENTITY_CONFLICT,2025-05-16,10:30:00-11:30:00,May 25,296,,252,Gladys Lee,CRM ParticipantId=4412; verify name/DOB
REVIEW_CARD_IDENTITY_CONFLICT,2025-05-16,14:00:00-15:00:00,May 25,301,,303,david simmons,CRM ParticipantId=4550; verify name/DOB
REVIEW_CARD_IDENTITY_CONFLICT,2025-05-16,15:00:00-16:00:00,May 25,313,,1187,Mohammed Akbar,CRM ParticipantId=4848; verify name/DOB
REVIEW_CARD_IDENTITY_CONFLICT,2025-05-17,09:45:00-10:45:00,May 25,321,,255,Nayyer Sultana,CRM ParticipantId=4415; verify name/DOB
REVIEW_CARD_IDENTITY_CONFLICT,2025-05-19,11:00:00-12:00:00,May 25,343,,150,Amtal Rehman,CRM ParticipantId=4869; verify name/DOB
REVIEW_CARD_IDENTITY_CONFLICT,2025-05-19,12:30:00-13:30:00,May 25,344,,57,Nabeela Sanam,CRM ParticipantId=4342; verify name/DOB
REVIEW_CARD_IDENTITY_CONFLICT,2025-05-19,14:30:00-15:30:00,May 25,353,,1197,Mohammed Amir,CRM ParticipantId=4863; verify name/DOB
REVIEW_CARD_IDENTITY_CONFLICT,2025-05-19,15:30:00-16:30:00,May 25,368,,5,Abdul Hafeez,CRM ParticipantId=4672; verify name/DOB
REVIEW_CARD_IDENTITY_CONFLICT,2025-05-20,09:30:00-10:30:00,May 25,394,,1154,Joanna Towsend,CRM ParticipantId=4808; verify name/DOB
REVIEW_CARD_IDENTITY_CONFLICT,2025-05-22,10:30:00-11:30:00,May 25,417,,150,Amtal Rehman,CRM ParticipantId=4869; verify name/DOB
REVIEW_CARD_IDENTITY_CONFLICT,2025-05-22,12:00:00-13:00:00,May 25,431,,1202,Musharaf Neelam,CRM ParticipantId=4873; verify name/DOB
REVIEW_CARD_IDENTITY_CONFLICT,2025-05-22,12:00:00-13:00:00,May 25,432,,14,Nasreen Amjad,CRM ParticipantId=4298; verify name/DOB
REVIEW_CARD_IDENTITY_CONFLICT,2025-05-23,14:00:00-15:00:00,May 25,445,,303,david simmons,CRM ParticipantId=4550; verify name/DOB
REVIEW_CARD_IDENTITY_CONFLICT,2025-05-23,14:00:00-15:00:00,May 25,451,,1205,Jason V.Christian,CRM ParticipantId=4881; verify name/DOB
REVIEW_CARD_IDENTITY_CONFLICT,2025-05-23,15:00:00-16:00:00,May 25,457,,1187,Mohammed Akbar,CRM ParticipantId=4848; verify name/DOB
REVIEW_CARD_IDENTITY_CONFLICT,2025-05-24,09:45:00-10:45:00,May 25,465,,255,Nayyer Sultana,CRM ParticipantId=4415; verify name/DOB
REVIEW_CARD_IDENTITY_CONFLICT,2025-05-27,09:30:00-10:30:00,May 25,540,,150,Amtal Rehman,CRM ParticipantId=4869; verify name/DOB
REVIEW_CARD_IDENTITY_CONFLICT,2025-05-29,10:30:00-11:30:00,May 25,562,,1154,Joanna Towsend,CRM ParticipantId=4808; verify name/DOB
REVIEW_CARD_IDENTITY_CONFLICT,2025-05-30,10:30:00-11:30:00,May 25,581,,252,Gladys Lee,CRM ParticipantId=4412; verify name/DOB
REVIEW_CARD_IDENTITY_CONFLICT,2025-05-30,15:00:00-16:00:00,May 25,593,,1205,Jason V.Christian,CRM ParticipantId=4881; verify name/DOB
REVIEW_CARD_IDENTITY_CONFLICT,2025-05-31,09:45:00-10:45:00,May 25,596,,150,Amtal Rehman,CRM ParticipantId=4869; verify name/DOB
REVIEW_CARD_IDENTITY_CONFLICT,2025-05-31,09:45:00-10:45:00,May 25,604,,255,Nayyer Sultana,CRM ParticipantId=4415; verify name/DOB
REVIEW_CARD_IDENTITY_CONFLICT,2025-06-02,11:00:00-12:00:00,June 25,6,,14,Nasreen Amjad,CRM ParticipantId=4298; verify name/DOB
REVIEW_CARD_IDENTITY_CONFLICT,2025-06-02,11:00:00-12:00:00,June 25,8,,1202,Musharaf Neelam,CRM ParticipantId=4873; verify name/DOB
REVIEW_CARD_IDENTITY_CONFLICT,2025-06-02,12:30:00-13:30:00,June 25,17,,1154,Joanna Towsend,CRM ParticipantId=4808; verify name/DOB
REVIEW_CARD_IDENTITY_CONFLICT,2025-06-02,15:15:00-16:15:00,June 25,31,,5,Abdul Hafeez,CRM ParticipantId=4672; verify name/DOB
REVIEW_CARD_IDENTITY_CONFLICT,2025-06-03,09:30:00-10:30:00,June 25,67,,150,Amtal Rehman,CRM ParticipantId=4869; verify name/DOB
REVIEW_CARD_IDENTITY_CONFLICT,2025-06-04,11:00:00-12:00:00,June 25,83,,252,Gladys Lee,CRM ParticipantId=4412; verify name/DOB
REVIEW_CARD_IDENTITY_CONFLICT,2025-06-05,10:30:00-11:30:00,June 25,93,,150,Amtal Rehman,CRM ParticipantId=4869; verify name/DOB
REVIEW_CARD_IDENTITY_CONFLICT,2025-06-09,15:15:00-16:15:00,June 25,125,,1205,Jason V.Christian,CRM ParticipantId=4881; verify name/DOB
REVIEW_CARD_IDENTITY_CONFLICT,2025-06-09,15:15:00-16:15:00,June 25,126,,5,Abdul Hafeez,CRM ParticipantId=4672; verify name/DOB
REVIEW_CARD_IDENTITY_CONFLICT,2025-06-10,12:00:00-13:00:00,June 25,147,,14,Nasreen Amjad,CRM ParticipantId=4298; verify name/DOB
REVIEW_CARD_IDENTITY_CONFLICT,2025-06-12,12:00:00-13:00:00,June 25,173,,1213,Sarah Ahsan,CRM ParticipantId=4891; verify name/DOB
REVIEW_CARD_IDENTITY_CONFLICT,2025-06-13,10:30:00-11:30:00,June 25,185,,252,Gladys Lee,CRM ParticipantId=4412; verify name/DOB
REVIEW_CARD_IDENTITY_CONFLICT,2025-06-13,15:00:00-16:00:00,June 25,197,,1205,Jason V.Christian,CRM ParticipantId=4881; verify name/DOB
REVIEW_CARD_IDENTITY_CONFLICT,2025-06-14,09:45:00-10:45:00,June 25,203,,255,Nayyer Sultana,CRM ParticipantId=4415; verify name/DOB
REVIEW_CARD_IDENTITY_CONFLICT,2025-06-16,15:15:00-16:15:00,June 25,251,,5,Abdul Hafeez,CRM ParticipantId=4672; verify name/DOB
REVIEW_CARD_IDENTITY_CONFLICT,2025-06-16,17:45:00-18:45:00,June 25,254,,294,Shaista Afzal,CRM ParticipantId=4513; verify name/DOB
REVIEW_CARD_IDENTITY_CONFLICT,2025-06-17,07:15:00-08:00:00,June 25,271,,97,Mohammed Saleem,CRM ParticipantId=4443; verify name/DOB
REVIEW_CARD_IDENTITY_CONFLICT,2025-06-17,09:30:00-10:30:00,June 25,276,,1154,Joanna Towsend,CRM ParticipantId=4808; verify name/DOB
REVIEW_CARD_IDENTITY_CONFLICT,2025-06-18,11:00:00-12:00:00,June 25,293,,1154,Joanna Towsend,CRM ParticipantId=4808; verify name/DOB
REVIEW_CARD_IDENTITY_CONFLICT,2025-06-19,10:30:00-11:30:00,June 25,300,,150,Amtal Rehman,CRM ParticipantId=4869; verify name/DOB
REVIEW_CARD_IDENTITY_CONFLICT,2025-06-19,12:00:00-13:00:00,June 25,309,,14,Nasreen Amjad,CRM ParticipantId=4298; verify name/DOB
REVIEW_CARD_IDENTITY_CONFLICT,2025-06-19,12:00:00-13:00:00,June 25,316,,1213,Sarah Ahsan,CRM ParticipantId=4891; verify name/DOB
REVIEW_CARD_IDENTITY_CONFLICT,2025-06-20,10:30:00-11:30:00,June 25,324,,252,Gladys Lee,CRM ParticipantId=4412; verify name/DOB
REVIEW_CARD_IDENTITY_CONFLICT,2025-06-23,11:00:00-12:00:00,June 25,354,,1224,Zainab Kaleem,CRM ParticipantId=4917; verify name/DOB
REVIEW_CARD_IDENTITY_CONFLICT,2025-06-23,15:15:00-16:15:00,June 25,386,,5,Abdul Hafeez,CRM ParticipantId=4672; verify name/DOB
REVIEW_CARD_IDENTITY_CONFLICT,2025-06-23,17:45:00-18:45:00,June 25,391,,1154,Joanna Towsend,CRM ParticipantId=4808; verify name/DOB
REVIEW_CARD_IDENTITY_CONFLICT,2025-06-24,07:15:00-08:00:00,June 25,398,,97,Mohammed Saleem,CRM ParticipantId=4443; verify name/DOB
REVIEW_CARD_IDENTITY_CONFLICT,2025-06-24,09:30:00-10:30:00,June 25,411,,1229,Raheela Kauser,CRM ParticipantId=4925; verify name/DOB
REVIEW_CARD_IDENTITY_CONFLICT,2025-06-25,11:00:00-12:00:00,June 25,432,,252,Gladys Lee,CRM ParticipantId=4412; verify name/DOB
REVIEW_CARD_IDENTITY_CONFLICT,2025-06-25,11:00:00-12:00:00,June 25,433,,1231,Abdul Kadir,CRM ParticipantId=4928; verify name/DOB
REVIEW_CARD_IDENTITY_CONFLICT,2025-06-26,10:30:00-11:30:00,June 25,439,,150,Amtal Rehman,CRM ParticipantId=4869; verify name/DOB
REVIEW_CARD_IDENTITY_CONFLICT,2025-06-26,12:00:00-13:00:00,June 25,443,,1213,Sarah Ahsan,CRM ParticipantId=4891; verify name/DOB
REVIEW_CARD_IDENTITY_CONFLICT,2025-06-26,12:00:00-13:00:00,June 25,448,,14,Nasreen Amjad,CRM ParticipantId=4298; verify name/DOB
REVIEW_CARD_IDENTITY_CONFLICT,2025-06-28,09:45:00-10:45:00,June 25,474,,255,Nayyer Sultana,CRM ParticipantId=4415; verify name/DOB
REVIEW_CARD_IDENTITY_CONFLICT,2025-06-30,15:15:00-16:15:00,June 25,521,,5,Abdul Hafeez,CRM ParticipantId=4672; verify name/DOB
REVIEW_CARD_IDENTITY_CONFLICT,2025-07-01,09:30:00-10:30:00,July 25 ,25,,1229,Raheela Kauser,CRM ParticipantId=4925; verify name/DOB
REVIEW_CARD_IDENTITY_CONFLICT,2025-07-01,09:30:00-10:30:00,July 25 ,26,,150,Amtal Rehman,CRM ParticipantId=4869; verify name/DOB
REVIEW_CARD_IDENTITY_CONFLICT,2025-07-02,11:00:00-12:00:00,July 25 ,44,,252,Gladys Lee,CRM ParticipantId=4412; verify name/DOB
REVIEW_CARD_IDENTITY_CONFLICT,2025-07-04,10:30:00-11:30:00,July 25 ,65,,252,Gladys Lee,CRM ParticipantId=4412; verify name/DOB
REVIEW_CARD_IDENTITY_CONFLICT,2025-07-05,09:45:00-10:45:00,July 25 ,86,,150,Amtal Rehman,CRM ParticipantId=4869; verify name/DOB
REVIEW_CARD_IDENTITY_CONFLICT,2025-07-07,14:15:00-15:15:00,July 25 ,119,,1231,Abdul Kadir,CRM ParticipantId=4928; verify name/DOB
REVIEW_CARD_IDENTITY_CONFLICT,2025-07-07,15:15:00-16:15:00,July 25 ,134,,5,Abdul Hafeez,CRM ParticipantId=4672; verify name/DOB
REVIEW_CARD_IDENTITY_CONFLICT,2025-07-07,17:45:00-18:45:00,July 25 ,142,,150,Amtal Rehman,CRM ParticipantId=4869; verify name/DOB
REVIEW_CARD_IDENTITY_CONFLICT,2025-07-08,07:15:00-08:00:00,July 25 ,150,,5,Abdul Hafeez,CRM ParticipantId=4672; verify name/DOB
REVIEW_CARD_IDENTITY_CONFLICT,2025-07-08,09:30:00-10:30:00,July 25 ,155,,1229,Raheela Kauser,CRM ParticipantId=4925; verify name/DOB
REVIEW_CARD_IDENTITY_CONFLICT,2025-07-08,09:30:00-10:30:00,July 25 ,161,,1094,Nosheen Akhter,CRM ParticipantId=4726; verify name/DOB
REVIEW_CARD_IDENTITY_CONFLICT,2025-07-10,12:00:00-13:00:00,July 25 ,182,,1213,Sarah Ahsan,CRM ParticipantId=4891; verify name/DOB
REVIEW_CARD_IDENTITY_CONFLICT,2025-07-10,12:00:00-13:00:00,July 25 ,186,,14,Nasreen Amjad,CRM ParticipantId=4298; verify name/DOB
REVIEW_CARD_IDENTITY_CONFLICT,2025-07-14,12:30:00-13:30:00,July 25 ,242,,150,Amtal Rehman,CRM ParticipantId=4869; verify name/DOB
REVIEW_CARD_IDENTITY_CONFLICT,2025-07-14,14:15:00-15:15:00,July 25 ,245,,1231,Abdul Kadir,CRM ParticipantId=4928; verify name/DOB
REVIEW_CARD_IDENTITY_CONFLICT,2025-07-14,15:15:00-16:15:00,July 25 ,260,,5,Abdul Hafeez,CRM ParticipantId=4672; verify name/DOB
REVIEW_CARD_IDENTITY_CONFLICT,2025-07-15,09:30:00-10:30:00,July 25 ,285,,1229,Raheela Kauser,CRM ParticipantId=4925; verify name/DOB
REVIEW_CARD_IDENTITY_CONFLICT,2025-07-15,09:30:00-10:30:00,July 25 ,287,,1094,Nosheen Akhter,CRM ParticipantId=4726; verify name/DOB
REVIEW_CARD_IDENTITY_CONFLICT,2025-07-16,11:00:00-12:00:00,July 25 ,303,,252,Gladys Lee,CRM ParticipantId=4412; verify name/DOB
REVIEW_CARD_IDENTITY_CONFLICT,2025-07-17,12:00:00-13:00:00,July 25 ,317,,1213,Sarah Ahsan,CRM ParticipantId=4891; verify name/DOB
REVIEW_CARD_IDENTITY_CONFLICT,2025-07-18,15:00:00-16:00:00,July 25 ,346,,1205,Jason V.Christian,CRM ParticipantId=4881; verify name/DOB
REVIEW_CARD_IDENTITY_CONFLICT,2025-07-18,15:00:00-16:00:00,July 25 ,351,,1187,Mohammed Akbar,CRM ParticipantId=4848; verify name/DOB
REVIEW_CARD_IDENTITY_CONFLICT,2025-07-19,09:45:00-10:45:00,July 25 ,360,,150,Amtal Rehman,CRM ParticipantId=4869; verify name/DOB
REVIEW_CARD_IDENTITY_CONFLICT,2025-07-21,14:15:00-15:15:00,July 25 ,389,,1231,Abdul Kadir,CRM ParticipantId=4928; verify name/DOB
REVIEW_CARD_IDENTITY_CONFLICT,2025-07-21,15:15:00-16:15:00,July 25 ,404,,5,Abdul Hafeez,CRM ParticipantId=4672; verify name/DOB
REVIEW_CARD_IDENTITY_CONFLICT,2025-07-21,17:45:00-18:45:00,July 25 ,410,,1094,Nosheen Akhter,CRM ParticipantId=4726; verify name/DOB
REVIEW_CARD_IDENTITY_CONFLICT,2025-07-22,09:30:00-10:30:00,July 25 ,430,,1229,Raheela Kauser,CRM ParticipantId=4925; verify name/DOB
REVIEW_CARD_IDENTITY_CONFLICT,2025-07-22,12:00:00-13:00:00,July 25 ,437,,1094,Nosheen Akhter,CRM ParticipantId=4726; verify name/DOB
REVIEW_CARD_IDENTITY_CONFLICT,2025-07-23,11:00:00-12:00:00,July 25 ,451,,1231,Abdul Kadir,CRM ParticipantId=4928; verify name/DOB
REVIEW_CARD_IDENTITY_CONFLICT,2025-07-24,12:00:00-13:00:00,July 25 ,461,,1213,Sarah Ahsan,CRM ParticipantId=4891; verify name/DOB
REVIEW_CARD_IDENTITY_CONFLICT,2025-07-24,12:00:00-13:00:00,July 25 ,463,,14,Nasreen Amjad,CRM ParticipantId=4298; verify name/DOB
REVIEW_CARD_IDENTITY_CONFLICT,2025-07-25,10:30:00-11:30:00,July 25 ,488,,252,Gladys Lee,CRM ParticipantId=4412; verify name/DOB
REVIEW_CARD_IDENTITY_CONFLICT,2025-07-25,15:00:00-16:00:00,July 25 ,513,,1187,Mohammed Akbar,CRM ParticipantId=4848; verify name/DOB
REVIEW_CARD_IDENTITY_CONFLICT,2025-07-26,09:45:00-10:45:00,July 25 ,520,,150,Amtal Rehman,CRM ParticipantId=4869; verify name/DOB
REVIEW_CARD_IDENTITY_CONFLICT,2025-07-28,17:45:00-18:45:00,July 25 ,571,,1094,Nosheen Akhter,CRM ParticipantId=4726; verify name/DOB
REVIEW_CARD_IDENTITY_CONFLICT,2025-07-28,17:45:00-18:45:00,July 25 ,574,,1265,Sabeen Akhtar,CRM ParticipantId=5010; verify name/DOB
REVIEW_CARD_IDENTITY_CONFLICT,2025-07-29,12:00:00-13:00:00,July 25 ,600,,1094,Nosheen Akhter,CRM ParticipantId=4726; verify name/DOB
REVIEW_CARD_IDENTITY_CONFLICT,2025-07-30,11:00:00-12:00:00,July 25 ,608,,1231,Abdul Kadir,CRM ParticipantId=4928; verify name/DOB
REVIEW_CARD_IDENTITY_CONFLICT,2025-07-30,11:00:00-12:00:00,July 25 ,613,,252,Gladys Lee,CRM ParticipantId=4412; verify name/DOB
REVIEW_CARD_IDENTITY_CONFLICT,2025-07-31,10:30:00-11:30:00,July 25 ,619,,150,Amtal Rehman,CRM ParticipantId=4869; verify name/DOB
REVIEW_CARD_IDENTITY_CONFLICT,2025-07-31,12:00:00-13:00:00,July 25 ,623,,1213,Sarah Ahsan,CRM ParticipantId=4891; verify name/DOB
REVIEW_CARD_IDENTITY_CONFLICT,2025-07-31,12:00:00-13:00:00,July 25 ,631,,14,Nasreen Amjad,CRM ParticipantId=4298; verify name/DOB
REVIEW_CARD_IDENTITY_CONFLICT,2025-08-02,09:45:00-10:45:00,August 25  ,23,,150,Amtal Rehman,CRM ParticipantId=4869; verify name/DOB
REVIEW_CARD_IDENTITY_CONFLICT,2025-08-04,14:15:00-15:15:00,August 25  ,56,,1231,Abdul Kadir,CRM ParticipantId=4928; verify name/DOB
REVIEW_CARD_IDENTITY_CONFLICT,2025-08-04,15:15:00-16:15:00,August 25  ,71,,5,Abdul Hafeez,CRM ParticipantId=4672; verify name/DOB
REVIEW_CARD_IDENTITY_CONFLICT,2025-08-04,15:15:00-16:15:00,August 25  ,72,,1187,Mohammed Akbar,CRM ParticipantId=4848; verify name/DOB
REVIEW_CARD_IDENTITY_CONFLICT,2025-08-05,12:00:00-13:00:00,August 25  ,105,,14,Nasreen Amjad,CRM ParticipantId=4298; verify name/DOB
REVIEW_CARD_IDENTITY_CONFLICT,2025-08-06,11:00:00-12:00:00,August 25  ,113,,252,Gladys Lee,CRM ParticipantId=4412; verify name/DOB
REVIEW_CARD_IDENTITY_CONFLICT,2025-08-07,10:30:00-11:30:00,August 25  ,121,,150,Amtal Rehman,CRM ParticipantId=4869; verify name/DOB
REVIEW_CARD_IDENTITY_CONFLICT,2025-08-07,12:00:00-13:00:00,August 25  ,128,,1213,Sarah Ahsan,CRM ParticipantId=4891; verify name/DOB
REVIEW_CARD_IDENTITY_CONFLICT,2025-08-07,12:00:00-13:00:00,August 25  ,130,,1265,Sabeen Akhtar,CRM ParticipantId=5010; verify name/DOB
REVIEW_CARD_IDENTITY_CONFLICT,2025-08-08,10:30:00-11:30:00,August 25  ,141,,252,Gladys Lee,CRM ParticipantId=4412; verify name/DOB
REVIEW_CARD_IDENTITY_CONFLICT,2025-08-08,15:00:00-16:00:00,August 25  ,155,,1205,Jason V.Christian,CRM ParticipantId=4881; verify name/DOB
REVIEW_CARD_IDENTITY_CONFLICT,2025-08-08,15:00:00-16:00:00,August 25  ,162,,1187,Mohammed Akbar,CRM ParticipantId=4848; verify name/DOB
REVIEW_CARD_IDENTITY_CONFLICT,2025-08-12,07:15:00-08:00:00,August 25  ,184,,97,Mohammed Saleem,CRM ParticipantId=4443; verify name/DOB
REVIEW_CARD_IDENTITY_CONFLICT,2025-08-14,10:30:00-11:30:00,August 25  ,218,,150,Amtal Rehman,CRM ParticipantId=4869; verify name/DOB
REVIEW_CARD_IDENTITY_CONFLICT,2025-08-14,12:00:00-13:00:00,August 25  ,227,,1213,Sarah Ahsan,CRM ParticipantId=4891; verify name/DOB
REVIEW_CARD_IDENTITY_CONFLICT,2025-08-14,12:00:00-13:00:00,August 25  ,232,,14,Nasreen Amjad,CRM ParticipantId=4298; verify name/DOB
REVIEW_CARD_IDENTITY_CONFLICT,2025-08-15,10:30:00-11:30:00,August 25  ,237,,252,Gladys Lee,CRM ParticipantId=4412; verify name/DOB
REVIEW_SAME_NAME_DIFFERENT_CARD_IN_SESSION,2026-01-12,11:00:00-12:00:00,2026,21,14073,1144,Jennifer Mason,Name is already booked with another card in this session
REVIEW_SAME_NAME_DIFFERENT_CARD_IN_SESSION,2026-01-12,11:00:00-12:00:00,2026,22,14073,1146,Mahroof Bibi,Name is already booked with another card in this session
REVIEW_CARD_IDENTITY_CONFLICT,2026-01-12,11:00:00-12:00:00,2026,24,,1161,Azra Bibi,CRM ParticipantId=4815; verify name/DOB
REVIEW_CARD_IDENTITY_CONFLICT,2026-01-12,11:00:00-12:00:00,2026,25,,1168,Sabeen Akhtar,CRM ParticipantId=4824; verify name/DOB
REVIEW_SAME_NAME_DIFFERENT_CARD_IN_SESSION,2026-01-12,11:00:00-12:00:00,2026,26,14073,1171,Shahida Khatoon,Name is already booked with another card in this session
REVIEW_SAME_NAME_DIFFERENT_CARD_IN_SESSION,2026-01-12,11:00:00-12:00:00,2026,27,14073,1172,Shabeena Kausar,Name is already booked with another card in this session
REVIEW_CARD_IDENTITY_CONFLICT,2026-01-12,11:00:00-12:00:00,2026,28,,1173,Sahira Parveen,CRM ParticipantId=4830; verify name/DOB
REVIEW_SAME_NAME_DIFFERENT_CARD_IN_SESSION,2026-01-12,12:30:00-13:30:00,2026,29,14074,1181,Zahida Akhtar,Name is already booked with another card in this session
REVIEW_SAME_NAME_DIFFERENT_CARD_IN_SESSION,2026-01-12,12:30:00-13:30:00,2026,30,14074,1198,Barkat Begum,Name is already booked with another card in this session
REVIEW_SAME_NAME_DIFFERENT_CARD_IN_SESSION,2026-01-12,12:30:00-13:30:00,2026,31,14074,1200,Nahida Bibi,Name is already booked with another card in this session
REVIEW_CARD_IDENTITY_CONFLICT,2026-01-12,12:30:00-13:30:00,2026,32,,1203,Ghazala Yasmin,CRM ParticipantId=4874; verify name/DOB
REVIEW_CARD_IDENTITY_CONFLICT,2026-01-12,12:30:00-13:30:00,2026,33,,1208,Sobia Nosheen,CRM ParticipantId=4883; verify name/DOB
REVIEW_CARD_IDENTITY_CONFLICT,2026-01-12,12:30:00-13:30:00,2026,34,,1214,Saeeda Begum,CRM ParticipantId=4893; verify name/DOB
REVIEW_CARD_IDENTITY_CONFLICT,2026-01-12,12:30:00-13:30:00,2026,36,,1228,Khalida Parveen,CRM ParticipantId=4923; verify name/DOB
REVIEW_CARD_IDENTITY_CONFLICT,2026-01-12,12:30:00-13:30:00,2026,37,,1229,Alia Azam,CRM ParticipantId=4925; verify name/DOB
REVIEW_CARD_IDENTITY_CONFLICT,2026-01-12,15:00:00-16:00:00,2026,38,,1230,Stephen Duroe,CRM ParticipantId=4927; verify name/DOB
REVIEW_CARD_IDENTITY_CONFLICT,2026-01-12,15:00:00-16:00:00,2026,39,,1231,Mazhar Mahmood,CRM ParticipantId=4928; verify name/DOB
REVIEW_SAME_NAME_DIFFERENT_CARD_IN_SESSION,2026-01-12,15:00:00-16:00:00,2026,40,14075,1235,Mansoor Malik,Name is already booked with another card in this session
REVIEW_SAME_NAME_DIFFERENT_CARD_IN_SESSION,2026-01-12,15:00:00-16:00:00,2026,41,14075,1238,Abdul Majid,Name is already booked with another card in this session
REVIEW_SAME_NAME_DIFFERENT_CARD_IN_SESSION,2026-01-12,15:00:00-16:00:00,2026,42,14075,1253,Thomas Walker,Name is already booked with another card in this session
REVIEW_SAME_NAME_DIFFERENT_CARD_IN_SESSION,2026-01-12,15:00:00-16:00:00,2026,43,14075,1257,Mohammed Akram,Name is already booked with another card in this session
REVIEW_SAME_NAME_DIFFERENT_CARD_IN_SESSION,2026-01-12,15:00:00-16:00:00,2026,44,14075,1262,Noel Mcmanamon,Name is already booked with another card in this session
REVIEW_CARD_IDENTITY_CONFLICT,2026-01-12,15:00:00-16:00:00,2026,45,,1263,Mohammed Nawaz,CRM ParticipantId=5008; verify name/DOB
REVIEW_CARD_IDENTITY_CONFLICT,2026-01-12,15:00:00-16:00:00,2026,46,,1264,Mohammad rafiq,CRM ParticipantId=5009; verify name/DOB
REVIEW_CARD_IDENTITY_CONFLICT,2026-01-13,09:30:00-10:30:00,2026,48,,1266,Reskona Khatoun,CRM ParticipantId=5011; verify name/DOB
REVIEW_SAME_NAME_DIFFERENT_CARD_IN_SESSION,2026-01-13,09:30:00-10:30:00,2026,49,14076,1268,Ishrat parveen,Name is already booked with another card in this session
REVIEW_SAME_NAME_DIFFERENT_CARD_IN_SESSION,2026-01-13,09:30:00-10:30:00,2026,50,14076,1271,Najabat Bibi,Name is already booked with another card in this session
REVIEW_SAME_NAME_DIFFERENT_CARD_IN_SESSION,2026-01-13,09:30:00-10:30:00,2026,51,14076,1272,Ghulab Zara,Name is already booked with another card in this session
REVIEW_CARD_IDENTITY_CONFLICT,2026-01-13,09:30:00-10:30:00,2026,52,,1274,Shazia Sultana,CRM ParticipantId=5031; verify name/DOB
REVIEW_CARD_IDENTITY_CONFLICT,2026-01-13,09:30:00-10:30:00,2026,53,,1276,Sobia Zafar,CRM ParticipantId=5033; verify name/DOB
REVIEW_SAME_NAME_DIFFERENT_CARD_IN_SESSION,2026-01-13,09:30:00-10:30:00,2026,54,14076,1277,Nighat Shaheen,Name is already booked with another card in this session
REVIEW_CARD_IDENTITY_CONFLICT,2026-01-13,09:30:00-10:30:00,2026,55,,1282,Fayaz Begum,CRM ParticipantId=5046; verify name/DOB
REVIEW_SAME_NAME_DIFFERENT_CARD_IN_SESSION,2026-01-13,12:00:00-13:00:00,2026,56,14077,1285,Samina Javed,Name is already booked with another card in this session
REVIEW_CARD_IDENTITY_CONFLICT,2026-01-13,12:00:00-13:00:00,2026,57,,1286,Sobia Nosheen,CRM ParticipantId=5056; verify name/DOB
REVIEW_CARD_IDENTITY_CONFLICT,2026-01-13,12:00:00-13:00:00,2026,59,,1293,Shagufta Iqbal,CRM ParticipantId=5085; verify name/DOB
REVIEW_SAME_NAME_DIFFERENT_CARD_IN_SESSION,2026-01-13,12:00:00-13:00:00,2026,60,14077,1297,Fozia Hafiz,Name is already booked with another card in this session
REVIEW_SAME_NAME_DIFFERENT_CARD_IN_SESSION,2026-01-13,12:00:00-13:00:00,2026,61,14077,1298,Rifat Bano,Name is already booked with another card in this session
REVIEW_SAME_NAME_DIFFERENT_CARD_IN_SESSION,2026-01-13,12:00:00-13:00:00,2026,62,14077,1300,Ishrat Bano,Name is already booked with another card in this session
REVIEW_SAME_NAME_DIFFERENT_CARD_IN_SESSION,2026-01-13,12:00:00-13:00:00,2026,63,14077,1307,Maqsood Begum,Name is already booked with another card in this session
REVIEW_SAME_NAME_DIFFERENT_CARD_IN_SESSION,2026-01-13,12:00:00-13:00:00,2026,64,14077,1308,Yasmeen Akhtar,Name is already booked with another card in this session
REVIEW_CARD_IDENTITY_CONFLICT,2026-01-14,11:00:00-12:00:00,2026,65,,1310,Mohammed Hanif Moosa,CRM ParticipantId=5135; verify name/DOB
REVIEW_CARD_IDENTITY_CONFLICT,2026-01-14,11:00:00-12:00:00,2026,66,,1311,Anees Malik,CRM ParticipantId=5138; verify name/DOB
REVIEW_CARD_IDENTITY_CONFLICT,2026-01-14,11:00:00-12:00:00,2026,67,,1312,Mohammed Saleem,CRM ParticipantId=5144; verify name/DOB
REVIEW_CARD_IDENTITY_CONFLICT,2026-01-14,11:00:00-12:00:00,2026,68,,1318,Mazhar Mahmood,CRM ParticipantId=5158; verify name/DOB
REVIEW_SAME_NAME_DIFFERENT_CARD_IN_SESSION,2026-01-14,11:00:00-12:00:00,2026,69,14078,1322,Arshad Mahmood,Name is already booked with another card in this session
REVIEW_SAME_NAME_DIFFERENT_CARD_IN_SESSION,2026-01-14,11:00:00-12:00:00,2026,70,14078,1323,Sabir Hussain,Name is already booked with another card in this session
REVIEW_CARD_IDENTITY_CONFLICT,2026-01-14,11:00:00-12:00:00,2026,71,,1324,Shah Nawaz,CRM ParticipantId=5169; verify name/DOB
REVIEW_SAME_NAME_DIFFERENT_CARD_IN_SESSION,2026-01-14,11:00:00-12:00:00,2026,73,14078,1327,Abdul Majid,Name is already booked with another card in this session
REVIEW_CARD_IDENTITY_CONFLICT,2026-01-15,10:30:00-11:30:00,2026,74,,1328,Nighat Noreen,CRM ParticipantId=9727; verify name/DOB
REVIEW_SAME_NAME_DIFFERENT_CARD_IN_SESSION,2026-01-15,10:30:00-11:30:00,2026,76,14079,1330,Janet Corlis,Name is already booked with another card in this session
REVIEW_SAME_NAME_DIFFERENT_CARD_IN_SESSION,2026-01-15,10:30:00-11:30:00,2026,77,14079,1331,Naseem Akhtar,Name is already booked with another card in this session
REVIEW_SAME_NAME_DIFFERENT_CARD_IN_SESSION,2026-01-15,10:30:00-11:30:00,2026,78,14079,1332,Tahzim Akhtar,Name is already booked with another card in this session
REVIEW_CARD_IDENTITY_CONFLICT,2026-01-15,10:30:00-11:30:00,2026,79,,1333,Safraz Bibi,CRM ParticipantId=5191; verify name/DOB
REVIEW_CARD_IDENTITY_CONFLICT,2026-01-15,10:30:00-11:30:00,2026,80,,1338,Sultana Parveen,CRM ParticipantId=5200; verify name/DOB
REVIEW_CARD_IDENTITY_CONFLICT,2026-01-15,10:30:00-11:30:00,2026,81,,1339,Naseem Hussain,CRM ParticipantId=5201; verify name/DOB
REVIEW_CARD_IDENTITY_CONFLICT,2026-01-15,10:30:00-11:30:00,2026,82,,1345,Raheela Bibi,CRM ParticipantId=5214; verify name/DOB
REVIEW_SAME_NAME_DIFFERENT_CARD_IN_SESSION,2026-01-15,12:00:00-13:00:00,2026,84,14080,1347,Farzana Saleem,Name is already booked with another card in this session
REVIEW_CARD_IDENTITY_CONFLICT,2026-01-15,12:00:00-13:00:00,2026,85,,1349,Tahira Shamim,CRM ParticipantId=5222; verify name/DOB
REVIEW_CARD_IDENTITY_CONFLICT,2026-01-15,12:00:00-13:00:00,2026,86,,1351,Kaniz Bibi,CRM ParticipantId=5227; verify name/DOB
REVIEW_SAME_NAME_DIFFERENT_CARD_IN_SESSION,2026-01-15,12:00:00-13:00:00,2026,87,14080,1352,Kalsoom Akhtar,Name is already booked with another card in this session
REVIEW_CARD_IDENTITY_CONFLICT,2026-01-15,12:00:00-13:00:00,2026,88,,1353,Lynette Liburd,CRM ParticipantId=5229; verify name/DOB
REVIEW_CARD_IDENTITY_CONFLICT,2026-01-15,12:00:00-13:00:00,2026,89,,1357,Aisha Majeed,CRM ParticipantId=5240; verify name/DOB
REVIEW_SAME_NAME_DIFFERENT_CARD_IN_SESSION,2026-01-15,12:00:00-13:00:00,2026,91,14080,1359,Akbar Jan,Name is already booked with another card in this session
REVIEW_SAME_NAME_DIFFERENT_CARD_IN_SESSION,2026-01-16,10:30:00-11:30:00,2026,92,14081,1360,Zainab Moosa,Name is already booked with another card in this session
REVIEW_SAME_NAME_DIFFERENT_CARD_IN_SESSION,2026-01-16,10:30:00-11:30:00,2026,93,14081,1362,Mohammed Hanif Moosa,Name is already booked with another card in this session
REVIEW_SAME_NAME_DIFFERENT_CARD_IN_SESSION,2026-01-16,10:30:00-11:30:00,2026,94,14081,1364,Angela Cross,Name is already booked with another card in this session
REVIEW_SAME_NAME_DIFFERENT_CARD_IN_SESSION,2026-01-16,10:30:00-11:30:00,2026,95,14081,1366,Patricia Lawrence,Name is already booked with another card in this session
REVIEW_CARD_IDENTITY_CONFLICT,2026-01-16,10:30:00-11:30:00,2026,96,,1368,Yasmin Aslam,CRM ParticipantId=5252; verify name/DOB
REVIEW_CARD_IDENTITY_CONFLICT,2026-01-16,10:30:00-11:30:00,2026,97,,1369,Fozia Ali,CRM ParticipantId=5253; verify name/DOB
REVIEW_SAME_NAME_DIFFERENT_CARD_IN_SESSION,2026-01-16,10:30:00-11:30:00,2026,98,14081,137,Jennifer Mason,Name is already booked with another card in this session
REVIEW_CARD_IDENTITY_CONFLICT,2026-01-16,10:30:00-11:30:00,2026,99,,1370,Nighat Shaheen,CRM ParticipantId=5262; verify name/DOB
REVIEW_SAME_NAME_DIFFERENT_CARD_IN_SESSION,2026-01-16,10:30:00-11:30:00,2026,100,14081,1371,Kowsar Rukhsana,Name is already booked with another card in this session
REVIEW_SAME_NAME_DIFFERENT_CARD_IN_SESSION,2026-01-16,15:00:00-16:00:00,2026,101,14082,1372,Mohammed Nawaz,Name is already booked with another card in this session
REVIEW_CARD_IDENTITY_CONFLICT,2026-01-16,15:00:00-16:00:00,2026,102,,1373,Thomas Walker,CRM ParticipantId=5267; verify name/DOB
REVIEW_SAME_NAME_DIFFERENT_CARD_IN_SESSION,2026-01-16,15:00:00-16:00:00,2026,104,14082,1377,Mansoor Malik,Name is already booked with another card in this session
REVIEW_SAME_NAME_DIFFERENT_CARD_IN_SESSION,2026-01-16,15:00:00-16:00:00,2026,106,14082,1381,Mohammed Mahroof,Name is already booked with another card in this session
REVIEW_SAME_NAME_DIFFERENT_CARD_IN_SESSION,2026-01-16,15:00:00-16:00:00,2026,107,14082,1383,Noel Mcmanamon,Name is already booked with another card in this session
REVIEW_CARD_IDENTITY_CONFLICT,2026-01-16,15:00:00-16:00:00,2026,108,,1384,Mohammed Shakeel,CRM ParticipantId=5300; verify name/DOB
REVIEW_SAME_NAME_DIFFERENT_CARD_IN_SESSION,2026-01-16,15:00:00-16:00:00,2026,109,14082,1385,Mohammad Asghar,Name is already booked with another card in this session
REVIEW_SAME_NAME_DIFFERENT_CARD_IN_SESSION,2026-01-17,09:45:00-10:45:00,2026,110,14083,1386,Uzma Javid,Name is already booked with another card in this session
REVIEW_CARD_IDENTITY_CONFLICT,2026-01-17,09:45:00-10:45:00,2026,111,,1387,Nayyer Sultana,CRM ParticipantId=5304; verify name/DOB
REVIEW_SAME_NAME_DIFFERENT_CARD_IN_SESSION,2026-01-17,09:45:00-10:45:00,2026,112,14083,1388,Rubina Amar,Name is already booked with another card in this session
REVIEW_CARD_IDENTITY_CONFLICT,2026-01-17,09:45:00-10:45:00,2026,113,,1389,Shaheen Akhtar,CRM ParticipantId=5308; verify name/DOB
REVIEW_SAME_NAME_DIFFERENT_CARD_IN_SESSION,2026-01-17,09:45:00-10:45:00,2026,114,14083,1390,Anser Begum,Name is already booked with another card in this session
REVIEW_CARD_IDENTITY_CONFLICT,2026-01-17,09:45:00-10:45:00,2026,115,,1392,Ghazala Bi,CRM ParticipantId=5323; verify name/DOB
REVIEW_CARD_IDENTITY_CONFLICT,2026-01-17,09:45:00-10:45:00,2026,118,,1396,Samia Ali,CRM ParticipantId=5331; verify name/DOB
REVIEW_SAME_NAME_DIFFERENT_CARD_IN_SESSION,2026-01-17,11:00:00-12:00:00,2026,120,14084,1398,Shah Nawaz,Name is already booked with another card in this session
REVIEW_CARD_IDENTITY_CONFLICT,2026-01-17,11:00:00-12:00:00,2026,121,,140,Mohammed Akram,CRM ParticipantId=4732; verify name/DOB
REVIEW_SAME_NAME_DIFFERENT_CARD_IN_SESSION,2026-01-17,11:00:00-12:00:00,2026,122,14084,1400,Arshad Mahmood,Name is already booked with another card in this session
REVIEW_SAME_NAME_DIFFERENT_CARD_IN_SESSION,2026-01-17,11:00:00-12:00:00,2026,123,14084,1402,Abdul Majid,Name is already booked with another card in this session
REVIEW_SAME_NAME_DIFFERENT_CARD_IN_SESSION,2026-01-17,11:00:00-12:00:00,2026,124,14084,1404,Sabir Hussain,Name is already booked with another card in this session
REVIEW_SAME_NAME_DIFFERENT_CARD_IN_SESSION,2026-01-17,11:00:00-12:00:00,2026,125,14084,1406,Mohammad Asghar,Name is already booked with another card in this session
REVIEW_SAME_NAME_DIFFERENT_CARD_IN_SESSION,2026-01-17,11:00:00-12:00:00,2026,126,14084,1407,Mohammed Sajid,Name is already booked with another card in this session
REVIEW_CARD_IDENTITY_CONFLICT,2026-01-19,11:00:00-12:00:00,2026,128,,1409,Aisha Khan,CRM ParticipantId=5353; verify name/DOB
REVIEW_CARD_IDENTITY_CONFLICT,2026-01-19,11:00:00-12:00:00,2026,129,,141,Maryam Bibi,CRM ParticipantId=4325; verify name/DOB
REVIEW_SAME_NAME_DIFFERENT_CARD_IN_SESSION,2026-01-19,11:00:00-12:00:00,2026,130,14085,1410,Mahroof Bibi,Name is already booked with another card in this session
REVIEW_SAME_NAME_DIFFERENT_CARD_IN_SESSION,2026-01-19,11:00:00-12:00:00,2026,131,14085,1412,Shabeena Kausar,Name is already booked with another card in this session
REVIEW_CARD_IDENTITY_CONFLICT,2026-01-19,11:00:00-12:00:00,2026,132,,1413,Sabeen Akhtar,CRM ParticipantId=9658; verify name/DOB
REVIEW_SAME_NAME_DIFFERENT_CARD_IN_SESSION,2026-01-19,11:00:00-12:00:00,2026,133,14085,1414,Shahida Khatoon,Name is already booked with another card in this session
REVIEW_SAME_NAME_DIFFERENT_CARD_IN_SESSION,2026-01-19,11:00:00-12:00:00,2026,134,14085,1416,Nasreen Akhtar,Name is already booked with another card in this session
REVIEW_SAME_NAME_DIFFERENT_CARD_IN_SESSION,2026-01-19,11:00:00-12:00:00,2026,135,14085,1417,Jennifer Mason,Name is already booked with another card in this session
REVIEW_SAME_NAME_DIFFERENT_CARD_IN_SESSION,2026-01-19,11:00:00-12:00:00,2026,136,14085,1419,Rubina Nadeem,Name is already booked with another card in this session
REVIEW_CARD_IDENTITY_CONFLICT,2026-01-19,12:30:00-13:30:00,2026,137,,142,Jamila Begum,CRM ParticipantId=4378; verify name/DOB
REVIEW_CARD_IDENTITY_CONFLICT,2026-01-19,12:30:00-13:30:00,2026,138,,1420,Fakhra Naz,CRM ParticipantId=9671; verify name/DOB
REVIEW_SAME_NAME_DIFFERENT_CARD_IN_SESSION,2026-01-19,12:30:00-13:30:00,2026,139,14086,1421,Ghazala Bibi,Name is already booked with another card in this session
REVIEW_SAME_NAME_DIFFERENT_CARD_IN_SESSION,2026-01-19,12:30:00-13:30:00,2026,140,14086,1422,Shakila Bi,Name is already booked with another card in this session
REVIEW_CARD_IDENTITY_CONFLICT,2026-01-19,12:30:00-13:30:00,2026,141,,1423,Shagufta Iqbal,CRM ParticipantId=9674; verify name/DOB
REVIEW_CARD_IDENTITY_CONFLICT,2026-01-19,12:30:00-13:30:00,2026,142,,1424,Kowsar Rukhsana,CRM ParticipantId=9675; verify name/DOB
REVIEW_SAME_NAME_DIFFERENT_CARD_IN_SESSION,2026-01-19,12:30:00-13:30:00,2026,144,14086,1426,Zahida Akhtar,Name is already booked with another card in this session
REVIEW_SAME_NAME_DIFFERENT_CARD_IN_SESSION,2026-01-19,12:30:00-13:30:00,2026,145,14086,1427,Barkat Begum,Name is already booked with another card in this session
REVIEW_CARD_IDENTITY_CONFLICT,2026-01-19,15:00:00-16:00:00,2026,146,,1428,Mohammed Ishtiaq,CRM ParticipantId=9654; verify name/DOB
REVIEW_SAME_NAME_DIFFERENT_CARD_IN_SESSION,2026-01-19,15:00:00-16:00:00,2026,147,14087,1429,Mohammed Mahroof,Name is already booked with another card in this session
REVIEW_CARD_IDENTITY_CONFLICT,2026-01-19,15:00:00-16:00:00,2026,148,,1430,Mohammed Shakeel,CRM ParticipantId=9697; verify name/DOB
REVIEW_SAME_NAME_DIFFERENT_CARD_IN_SESSION,2026-01-19,15:00:00-16:00:00,2026,149,14087,1432,Mohammed Nawaz,Name is already booked with another card in this session
REVIEW_SAME_NAME_DIFFERENT_CARD_IN_SESSION,2026-01-19,15:00:00-16:00:00,2026,150,14087,1433,Noel Mcmanamon,Name is already booked with another card in this session
REVIEW_CARD_IDENTITY_CONFLICT,2026-01-19,15:00:00-16:00:00,2026,151,,1434,Mazhar Mahmood,CRM ParticipantId=9869; verify name/DOB
REVIEW_SAME_NAME_DIFFERENT_CARD_IN_SESSION,2026-01-19,15:00:00-16:00:00,2026,152,14087,1435,Mohammed Akram,Name is already booked with another card in this session
REVIEW_SAME_NAME_DIFFERENT_CARD_IN_SESSION,2026-01-19,15:00:00-16:00:00,2026,153,14087,1436,Abdul Majid,Name is already booked with another card in this session
REVIEW_SAME_NAME_DIFFERENT_CARD_IN_SESSION,2026-01-19,15:00:00-16:00:00,2026,154,14087,1440,Kamran Khan,Name is already booked with another card in this session
REVIEW_SAME_NAME_DIFFERENT_CARD_IN_SESSION,2026-01-20,09:30:00-10:30:00,2026,155,14088,1442,Ghulab Zara,Name is already booked with another card in this session
REVIEW_CARD_IDENTITY_CONFLICT,2026-01-20,09:30:00-10:30:00,2026,156,,1443,Misbah-Ul Mustafa,CRM ParticipantId=9882; verify name/DOB
REVIEW_SAME_NAME_DIFFERENT_CARD_IN_SESSION,2026-01-20,09:30:00-10:30:00,2026,157,14088,1445,Shabana Iqbal,Name is already booked with another card in this session
REVIEW_SAME_NAME_DIFFERENT_CARD_IN_SESSION,2026-01-20,09:30:00-10:30:00,2026,158,14088,145,Rashida Khatoon,Name is already booked with another card in this session
REVIEW_SAME_NAME_DIFFERENT_CARD_IN_SESSION,2026-01-20,09:30:00-10:30:00,2026,159,14088,147,Shafeen Akhtar,Name is already booked with another card in this session
REVIEW_SAME_NAME_DIFFERENT_CARD_IN_SESSION,2026-01-20,09:30:00-10:30:00,2026,160,14088,150,Zainab Moosa,Name is already booked with another card in this session
REVIEW_SAME_NAME_DIFFERENT_CARD_IN_SESSION,2026-01-20,09:30:00-10:30:00,2026,161,14088,151,Ishrat parveen,Name is already booked with another card in this session
REVIEW_SAME_NAME_DIFFERENT_CARD_IN_SESSION,2026-01-20,09:30:00-10:30:00,2026,162,14088,152,Fayaz Begum,Name is already booked with another card in this session
REVIEW_CARD_IDENTITY_CONFLICT,2026-01-20,09:30:00-10:30:00,2026,163,,154,Najabat Bibi,CRM ParticipantId=4399; verify name/DOB
REVIEW_SAME_NAME_DIFFERENT_CARD_IN_SESSION,2026-01-20,12:00:00-13:00:00,2026,164,14089,159,Samina Javed,Name is already booked with another card in this session
REVIEW_SAME_NAME_DIFFERENT_CARD_IN_SESSION,2026-01-20,12:00:00-13:00:00,2026,165,14089,167,Ishrat Bano,Name is already booked with another card in this session
REVIEW_SAME_NAME_DIFFERENT_CARD_IN_SESSION,2026-01-20,12:00:00-13:00:00,2026,166,14089,168,Zarqa Shah,Name is already booked with another card in this session
REVIEW_SAME_NAME_DIFFERENT_CARD_IN_SESSION,2026-01-20,12:00:00-13:00:00,2026,167,14089,169,Shazia Akhtar,Name is already booked with another card in this session
REVIEW_SAME_NAME_DIFFERENT_CARD_IN_SESSION,2026-01-20,12:00:00-13:00:00,2026,168,14089,170,Naheed Sherawan,Name is already booked with another card in this session
REVIEW_SAME_NAME_DIFFERENT_CARD_IN_SESSION,2026-01-20,12:00:00-13:00:00,2026,169,14089,176,Baheshta Miakhel,Name is already booked with another card in this session
REVIEW_SAME_NAME_DIFFERENT_CARD_IN_SESSION,2026-01-20,12:00:00-13:00:00,2026,170,14089,180,Jennifer Mason,Name is already booked with another card in this session
REVIEW_SAME_NAME_DIFFERENT_CARD_IN_SESSION,2026-01-20,12:00:00-13:00:00,2026,171,14089,182,Rifat Bano,Name is already booked with another card in this session
REVIEW_SAME_NAME_DIFFERENT_CARD_IN_SESSION,2026-01-20,12:00:00-13:00:00,2026,172,14089,189,Maqsood Begum,Name is already booked with another card in this session
REVIEW_SAME_NAME_DIFFERENT_CARD_IN_SESSION,2026-01-21,11:00:00-12:00:00,2026,173,14090,190,Arshad Mahmood,Name is already booked with another card in this session
REVIEW_CARD_IDENTITY_CONFLICT,2026-01-21,11:00:00-12:00:00,2026,174,,192,Abdul Majid,CRM ParticipantId=9838; verify name/DOB
REVIEW_SAME_NAME_DIFFERENT_CARD_IN_SESSION,2026-01-21,11:00:00-12:00:00,2026,175,14090,203,Mohammed Hanif Moosa,Name is already booked with another card in this session
REVIEW_CARD_IDENTITY_CONFLICT,2026-01-21,11:00:00-12:00:00,2026,176,,216,Mohammed Saleem,CRM ParticipantId=9853; verify name/DOB
REVIEW_SAME_NAME_DIFFERENT_CARD_IN_SESSION,2026-01-21,11:00:00-12:00:00,2026,177,14090,224,Mohammed Akram,Name is already booked with another card in this session
REVIEW_CARD_IDENTITY_CONFLICT,2026-01-21,11:00:00-12:00:00,2026,178,,237,Mohammed Nawaz,CRM ParticipantId=4351; verify name/DOB
REVIEW_SAME_NAME_DIFFERENT_CARD_IN_SESSION,2026-01-21,11:00:00-12:00:00,2026,179,14090,245,Shah Nawaz,Name is already booked with another card in this session
REVIEW_SAME_NAME_DIFFERENT_CARD_IN_SESSION,2026-01-21,11:00:00-12:00:00,2026,180,14090,252,Sabir Hussain,Name is already booked with another card in this session
REVIEW_SAME_NAME_DIFFERENT_CARD_IN_SESSION,2026-01-21,11:00:00-12:00:00,2026,181,14090,255,Mohammed Mahroof,Name is already booked with another card in this session
REVIEW_CARD_IDENTITY_CONFLICT,2026-01-22,10:30:00-11:30:00,2026,182,,259,Amtal Rehman,CRM ParticipantId=4441; verify name/DOB
REVIEW_SAME_NAME_DIFFERENT_CARD_IN_SESSION,2026-01-22,10:30:00-11:30:00,2026,183,14091,265,Sajida Mahmood,Name is already booked with another card in this session
REVIEW_SAME_NAME_DIFFERENT_CARD_IN_SESSION,2026-01-22,10:30:00-11:30:00,2026,184,14091,27,Allah Raqhi,Name is already booked with another card in this session
REVIEW_SAME_NAME_DIFFERENT_CARD_IN_SESSION,2026-01-22,10:30:00-11:30:00,2026,185,14091,271,Rifat Fayaz,Name is already booked with another card in this session
REVIEW_CARD_IDENTITY_CONFLICT,2026-01-22,10:30:00-11:30:00,2026,186,,274,Fozia Hafiz,CRM ParticipantId=4478; verify name/DOB
REVIEW_SAME_NAME_DIFFERENT_CARD_IN_SESSION,2026-01-22,10:30:00-11:30:00,2026,187,14091,277,Rida Hussain,Name is already booked with another card in this session
REVIEW_CARD_IDENTITY_CONFLICT,2026-01-22,10:30:00-11:30:00,2026,188,,278,Raheela Bibi,CRM ParticipantId=4486; verify name/DOB
REVIEW_SAME_NAME_DIFFERENT_CARD_IN_SESSION,2026-01-22,10:30:00-11:30:00,2026,189,14091,280,Rifat Sultana,Name is already booked with another card in this session
REVIEW_SAME_NAME_DIFFERENT_CARD_IN_SESSION,2026-01-22,10:30:00-11:30:00,2026,190,14091,281,Janet Corlis,Name is already booked with another card in this session
REVIEW_CARD_IDENTITY_CONFLICT,2026-01-22,12:00:00-13:00:00,2026,191,,284,Binesh Kiren,CRM ParticipantId=4505; verify name/DOB
REVIEW_CARD_IDENTITY_CONFLICT,2026-01-22,12:00:00-13:00:00,2026,192,,288,Robina Khatoon,CRM ParticipantId=4530; verify name/DOB
REVIEW_CARD_IDENTITY_CONFLICT,2026-01-22,12:00:00-13:00:00,2026,193,,292,Nighat Shaheen,CRM ParticipantId=4507; verify name/DOB
REVIEW_SAME_NAME_DIFFERENT_CARD_IN_SESSION,2026-01-22,12:00:00-13:00:00,2026,194,14092,296,Mehnaz Begum,Name is already booked with another card in this session
REVIEW_CARD_IDENTITY_CONFLICT,2026-01-22,12:00:00-13:00:00,2026,195,,297,Fatima Mohammed,CRM ParticipantId=4523; verify name/DOB
REVIEW_SAME_NAME_DIFFERENT_CARD_IN_SESSION,2026-01-22,12:00:00-13:00:00,2026,196,14092,30,Yasmeen Akhtar,Name is already booked with another card in this session
REVIEW_SAME_NAME_DIFFERENT_CARD_IN_SESSION,2026-01-22,12:00:00-13:00:00,2026,197,14092,300,Kaniz Bibi,Name is already booked with another card in this session
REVIEW_CARD_IDENTITY_CONFLICT,2026-01-22,12:00:00-13:00:00,2026,198,,305,Shabina Gul,CRM ParticipantId=4552; verify name/DOB
REVIEW_SAME_NAME_DIFFERENT_CARD_IN_SESSION,2026-01-22,12:00:00-13:00:00,2026,199,14092,307,Nasreen Bibi,Name is already booked with another card in this session
REVIEW_SAME_NAME_DIFFERENT_CARD_IN_SESSION,2026-01-23,10:30:00-11:30:00,2026,200,14093,312,Zainab Moosa,Name is already booked with another card in this session
REVIEW_SAME_NAME_DIFFERENT_CARD_IN_SESSION,2026-01-23,10:30:00-11:30:00,2026,201,14093,314,Nighat Shaheen,Name is already booked with another card in this session
REVIEW_CARD_IDENTITY_CONFLICT,2026-01-23,10:30:00-11:30:00,2026,202,,320,Janet Corlis,CRM ParticipantId=4577; verify name/DOB
REVIEW_SAME_NAME_DIFFERENT_CARD_IN_SESSION,2026-01-23,10:30:00-11:30:00,2026,204,14093,356,Jennifer Mason,Name is already booked with another card in this session
REVIEW_SAME_NAME_DIFFERENT_CARD_IN_SESSION,2026-01-23,10:30:00-11:30:00,2026,205,14093,362,Angela Cross,Name is already booked with another card in this session
REVIEW_SAME_NAME_DIFFERENT_CARD_IN_SESSION,2026-01-23,10:30:00-11:30:00,2026,206,14093,364,Patricia Lawrence,Name is already booked with another card in this session
REVIEW_SAME_NAME_DIFFERENT_CARD_IN_SESSION,2026-01-23,10:30:00-11:30:00,2026,207,14093,40,Kowsar Rukhsana,Name is already booked with another card in this session
REVIEW_SAME_NAME_DIFFERENT_CARD_IN_SESSION,2026-01-23,10:30:00-11:30:00,2026,208,14093,41,Mohammed Hanif Moosa,Name is already booked with another card in this session
REVIEW_SAME_NAME_DIFFERENT_CARD_IN_SESSION,2026-01-23,15:00:00-16:00:00,2026,209,14094,59,Basharat Hussain,Name is already booked with another card in this session
REVIEW_SAME_NAME_DIFFERENT_CARD_IN_SESSION,2026-01-23,15:00:00-16:00:00,2026,210,14094,6,Mohammed Nawaz,Name is already booked with another card in this session
REVIEW_SAME_NAME_DIFFERENT_CARD_IN_SESSION,2026-01-23,15:00:00-16:00:00,2026,211,14094,69,Noel Mcmanamon,Name is already booked with another card in this session
REVIEW_CARD_IDENTITY_CONFLICT,2026-01-23,15:00:00-16:00:00,2026,212,,7,Thomas Walker,CRM ParticipantId=4867; verify name/DOB
REVIEW_SAME_NAME_DIFFERENT_CARD_IN_SESSION,2026-01-23,15:00:00-16:00:00,2026,213,14094,8,Mohammad Asghar,Name is already booked with another card in this session
REVIEW_CARD_IDENTITY_CONFLICT,2026-01-23,15:00:00-16:00:00,2026,214,,84,Pervaz Akhtar,CRM ParticipantId=4657; verify name/DOB
REVIEW_SAME_NAME_DIFFERENT_CARD_IN_SESSION,2026-01-23,15:00:00-16:00:00,2026,215,14094,85,Arshad Mahmood,Name is already booked with another card in this session
REVIEW_CARD_IDENTITY_CONFLICT,2026-01-23,15:00:00-16:00:00,2026,216,,90,Mazhar Mahmood,CRM ParticipantId=4500; verify name/DOB
REVIEW_CARD_IDENTITY_CONFLICT,2026-01-23,15:00:00-16:00:00,2026,217,,91,Deon Luke Dixon,CRM ParticipantId=4300; verify name/DOB
REVIEW_CARD_IDENTITY_CONFLICT,2026-01-24,09:45:00-10:45:00,2026,218,,97,Anser Begum,CRM ParticipantId=4443; verify name/DOB
REVIEW_MISSING_FULL_MEMBER,2026-01-24,09:45:00-10:45:00,2026,219,,BANKHOLIDAY,Uzma Javid,Card missing from CRM; requires review or --create-missing-members
REVIEW_MISSING_FULL_MEMBER,2026-01-24,09:45:00-10:45:00,2026,220,,DONOTBOOK,Nayyer Sultana,Card missing from CRM; requires review or --create-missing-members
REVIEW_MISSING_FULL_MEMBER,2026-01-24,09:45:00-10:45:00,2026,221,,GOODFRIDAY,Rubina Amar,Card missing from CRM; requires review or --create-missing-members
REVIEW_MISSING_FULL_MEMBER,2026-01-24,09:45:00-10:45:00,2026,222,,GRANDTOTAL,Azra Bibi,Card missing from CRM; requires review or --create-missing-members
REVIEW_POSSIBLE_EXISTING_FULL_BOOKING,2026-01-24,09:45:00-10:45:00,2026,223,14095,,Shazia Bibi,This name already booked as FULL in the same session; avoid duplicate Lite booking
REVIEW_POSSIBLE_EXISTING_FULL_BOOKING,2026-01-24,11:00:00-12:00:00,2026,227,14096,,Mohammed Akram,This name already booked as FULL in the same session; avoid duplicate Lite booking
REVIEW_POSSIBLE_EXISTING_FULL_BOOKING,2026-01-24,11:00:00-12:00:00,2026,228,14096,,Shah Nawaz,This name already booked as FULL in the same session; avoid duplicate Lite booking
REVIEW_POSSIBLE_EXISTING_FULL_BOOKING,2026-01-24,11:00:00-12:00:00,2026,229,14096,,Sabir Hussain,This name already booked as FULL in the same session; avoid duplicate Lite booking
REVIEW_POSSIBLE_EXISTING_FULL_BOOKING,2026-01-24,11:00:00-12:00:00,2026,230,14096,,Mohammed Mumtaz,This name already booked as FULL in the same session; avoid duplicate Lite booking
REVIEW_POSSIBLE_EXISTING_FULL_BOOKING,2026-01-24,11:00:00-12:00:00,2026,231,14096,,Arshad Mahmood,This name already booked as FULL in the same session; avoid duplicate Lite booking
REVIEW_POSSIBLE_EXISTING_FULL_BOOKING,2026-01-24,11:00:00-12:00:00,2026,232,14096,,Mohammed Sajid,This name already booked as FULL in the same session; avoid duplicate Lite booking
REVIEW_POSSIBLE_EXISTING_FULL_BOOKING,2026-01-24,11:00:00-12:00:00,2026,235,14096,,Mohammed Mahroof,This name already booked as FULL in the same session; avoid duplicate Lite booking
REVIEW_POSSIBLE_EXISTING_FULL_BOOKING,2026-01-26,11:00:00-12:00:00,2026,237,14097,,Sultana Parveen,This name already booked as FULL in the same session; avoid duplicate Lite booking
REVIEW_POSSIBLE_EXISTING_FULL_BOOKING,2026-01-26,11:00:00-12:00:00,2026,238,14097,,Jennifer Mason,This name already booked as FULL in the same session; avoid duplicate Lite booking
REVIEW_SESSION_FULL,2026-01-26,11:00:00-12:00:00,2026,239,,,Sabeen Akhtar,New Lite identity not created because the session is full
REVIEW_POSSIBLE_EXISTING_FULL_BOOKING,2026-01-26,11:00:00-12:00:00,2026,240,14097,,Shahida Khatoon,This name already booked as FULL in the same session; avoid duplicate Lite booking
REVIEW_POSSIBLE_EXISTING_FULL_BOOKING,2026-01-26,11:00:00-12:00:00,2026,241,14097,,Shabeena Kausar,This name already booked as FULL in the same session; avoid duplicate Lite booking
REVIEW_POSSIBLE_EXISTING_FULL_BOOKING,2026-01-26,11:00:00-12:00:00,2026,242,14097,,Nasreen Akhtar,This name already booked as FULL in the same session; avoid duplicate Lite booking
REVIEW_POSSIBLE_EXISTING_FULL_BOOKING,2026-01-26,11:00:00-12:00:00,2026,243,14097,,Mahroof Bibi,This name already booked as FULL in the same session; avoid duplicate Lite booking
REVIEW_POSSIBLE_EXISTING_FULL_BOOKING,2026-01-26,11:00:00-12:00:00,2026,244,14097,,Rubina Nadeem,This name already booked as FULL in the same session; avoid duplicate Lite booking
REVIEW_POSSIBLE_EXISTING_FULL_BOOKING,2026-01-26,12:30:00-13:30:00,2026,246,14098,,Kowsar Rukhsana,This name already booked as FULL in the same session; avoid duplicate Lite booking
REVIEW_SESSION_FULL,2026-01-26,12:30:00-13:30:00,2026,247,,,Ghazala Yasmin,New Lite identity not created because the session is full
REVIEW_POSSIBLE_EXISTING_FULL_BOOKING,2026-01-26,12:30:00-13:30:00,2026,248,14098,,Nahida Bibi,This name already booked as FULL in the same session; avoid duplicate Lite booking
REVIEW_POSSIBLE_EXISTING_FULL_BOOKING,2026-01-26,12:30:00-13:30:00,2026,249,14098,,Barkat Begum,This name already booked as FULL in the same session; avoid duplicate Lite booking
REVIEW_POSSIBLE_EXISTING_FULL_BOOKING,2026-01-26,12:30:00-13:30:00,2026,250,14098,,Zahida Akhtar,This name already booked as FULL in the same session; avoid duplicate Lite booking
REVIEW_POSSIBLE_EXISTING_FULL_BOOKING,2026-01-26,12:30:00-13:30:00,2026,251,14098,,Ghazala Bibi,This name already booked as FULL in the same session; avoid duplicate Lite booking
REVIEW_POSSIBLE_EXISTING_FULL_BOOKING,2026-01-26,12:30:00-13:30:00,2026,252,14098,,Rashida Gandhi,This name already booked as FULL in the same session; avoid duplicate Lite booking
REVIEW_POSSIBLE_EXISTING_FULL_BOOKING,2026-01-26,12:30:00-13:30:00,2026,253,14098,,Ambia Rahman,This name already booked as FULL in the same session; avoid duplicate Lite booking
REVIEW_POSSIBLE_EXISTING_FULL_BOOKING,2026-01-26,15:00:00-16:00:00,2026,254,14099,,Mohammed Akram,This name already booked as FULL in the same session; avoid duplicate Lite booking
REVIEW_POSSIBLE_EXISTING_FULL_BOOKING,2026-01-26,15:00:00-16:00:00,2026,255,14099,,Mansoor Malik,This name already booked as FULL in the same session; avoid duplicate Lite booking
REVIEW_POSSIBLE_EXISTING_FULL_BOOKING,2026-01-26,15:00:00-16:00:00,2026,256,14099,,Noel Mcmanamon,This name already booked as FULL in the same session; avoid duplicate Lite booking
REVIEW_POSSIBLE_EXISTING_FULL_BOOKING,2026-01-26,15:00:00-16:00:00,2026,257,14099,,Abdul Majid,This name already booked as FULL in the same session; avoid duplicate Lite booking
REVIEW_POSSIBLE_EXISTING_FULL_BOOKING,2026-01-26,15:00:00-16:00:00,2026,258,14099,,Mohammed Nawaz,This name already booked as FULL in the same session; avoid duplicate Lite booking
REVIEW_POSSIBLE_EXISTING_FULL_BOOKING,2026-01-26,15:00:00-16:00:00,2026,259,14099,,Thomas Walker,This name already booked as FULL in the same session; avoid duplicate Lite booking
REVIEW_POSSIBLE_EXISTING_FULL_BOOKING,2026-01-26,15:00:00-16:00:00,2026,261,14099,,Kamran Khan,This name already booked as FULL in the same session; avoid duplicate Lite booking
REVIEW_SESSION_FULL,2026-01-26,15:00:00-16:00:00,2026,262,,,Mathew Natta,New Lite identity not created because the session is full
REVIEW_POSSIBLE_EXISTING_FULL_BOOKING,2026-01-27,09:30:00-10:30:00,2026,263,14100,,Ghulab Zara,This name already booked as FULL in the same session; avoid duplicate Lite booking
REVIEW_POSSIBLE_EXISTING_FULL_BOOKING,2026-01-27,09:30:00-10:30:00,2026,265,14100,,Shakila Bi,This name already booked as FULL in the same session; avoid duplicate Lite booking
REVIEW_POSSIBLE_EXISTING_FULL_BOOKING,2026-01-27,09:30:00-10:30:00,2026,267,14100,,Zainab Moosa,This name already booked as FULL in the same session; avoid duplicate Lite booking
REVIEW_POSSIBLE_EXISTING_FULL_BOOKING,2026-01-27,09:30:00-10:30:00,2026,270,14100,,Najabat Bibi,This name already booked as FULL in the same session; avoid duplicate Lite booking
REVIEW_POSSIBLE_EXISTING_FULL_BOOKING,2026-01-27,09:30:00-10:30:00,2026,271,14100,,Shabana Iqbal,This name already booked as FULL in the same session; avoid duplicate Lite booking
REVIEW_POSSIBLE_EXISTING_FULL_BOOKING,2026-01-27,12:00:00-13:00:00,2026,272,14101,,Samina Javed,This name already booked as FULL in the same session; avoid duplicate Lite booking
REVIEW_POSSIBLE_EXISTING_FULL_BOOKING,2026-01-27,12:00:00-13:00:00,2026,273,14101,,Farzana Saleem,This name already booked as FULL in the same session; avoid duplicate Lite booking
REVIEW_POSSIBLE_EXISTING_FULL_BOOKING,2026-01-27,12:00:00-13:00:00,2026,274,14101,,Kalsoom Akhtar,This name already booked as FULL in the same session; avoid duplicate Lite booking
REVIEW_POSSIBLE_EXISTING_FULL_BOOKING,2026-01-27,12:00:00-13:00:00,2026,275,14101,,Kowsar Rukhsana,This name already booked as FULL in the same session; avoid duplicate Lite booking
REVIEW_POSSIBLE_EXISTING_FULL_BOOKING,2026-01-27,12:00:00-13:00:00,2026,278,14101,,Ishrat Bano,This name already booked as FULL in the same session; avoid duplicate Lite booking
REVIEW_POSSIBLE_EXISTING_FULL_BOOKING,2026-01-27,12:00:00-13:00:00,2026,279,14101,,Rifat Bano,This name already booked as FULL in the same session; avoid duplicate Lite booking
REVIEW_POSSIBLE_EXISTING_FULL_BOOKING,2026-01-27,12:00:00-13:00:00,2026,280,14101,,Maqsood Begum,This name already booked as FULL in the same session; avoid duplicate Lite booking
REVIEW_POSSIBLE_EXISTING_FULL_BOOKING,2026-01-28,11:00:00-12:00:00,2026,281,14102,,Abdul Majid,This name already booked as FULL in the same session; avoid duplicate Lite booking
REVIEW_POSSIBLE_EXISTING_FULL_BOOKING,2026-01-28,11:00:00-12:00:00,2026,282,14102,,Mohammed Mumtaz,This name already booked as FULL in the same session; avoid duplicate Lite booking
REVIEW_POSSIBLE_EXISTING_FULL_BOOKING,2026-01-28,11:00:00-12:00:00,2026,283,14102,,Mohammed Akram,This name already booked as FULL in the same session; avoid duplicate Lite booking
REVIEW_SESSION_FULL,2026-01-28,11:00:00-12:00:00,2026,284,14102,,Mohammed Saleem,
REVIEW_POSSIBLE_EXISTING_FULL_BOOKING,2026-01-28,11:00:00-12:00:00,2026,285,14102,,Mohammed Hanif Moosa,This name already booked as FULL in the same session; avoid duplicate Lite booking
REVIEW_POSSIBLE_EXISTING_FULL_BOOKING,2026-01-28,11:00:00-12:00:00,2026,286,14102,,Arshad Mahmood,This name already booked as FULL in the same session; avoid duplicate Lite booking
REVIEW_POSSIBLE_EXISTING_FULL_BOOKING,2026-01-28,11:00:00-12:00:00,2026,287,14102,,Mohammed Mahroof,This name already booked as FULL in the same session; avoid duplicate Lite booking
REVIEW_POSSIBLE_EXISTING_FULL_BOOKING,2026-01-28,11:00:00-12:00:00,2026,288,14102,,Sabir Hussain,This name already booked as FULL in the same session; avoid duplicate Lite booking
REVIEW_POSSIBLE_EXISTING_FULL_BOOKING,2026-01-28,11:00:00-12:00:00,2026,289,14102,,Shah Nawaz,This name already booked as FULL in the same session; avoid duplicate Lite booking
REVIEW_POSSIBLE_EXISTING_FULL_BOOKING,2026-01-29,10:30:00-11:30:00,2026,290,14103,,Naseem Akhtar,This name already booked as FULL in the same session; avoid duplicate Lite booking
REVIEW_POSSIBLE_EXISTING_FULL_BOOKING,2026-01-29,10:30:00-11:30:00,2026,291,14103,,Tahzim Akhtar,This name already booked as FULL in the same session; avoid duplicate Lite booking
REVIEW_POSSIBLE_EXISTING_FULL_BOOKING,2026-01-29,10:30:00-11:30:00,2026,293,14103,,Akbar Jan,This name already booked as FULL in the same session; avoid duplicate Lite booking
REVIEW_POSSIBLE_EXISTING_FULL_BOOKING,2026-01-29,10:30:00-11:30:00,2026,294,14103,,Zarqa Shah,This name already booked as FULL in the same session; avoid duplicate Lite booking
REVIEW_POSSIBLE_EXISTING_FULL_BOOKING,2026-01-29,10:30:00-11:30:00,2026,295,14103,,Baheshta Miakhel,This name already booked as FULL in the same session; avoid duplicate Lite booking
REVIEW_POSSIBLE_EXISTING_FULL_BOOKING,2026-01-29,10:30:00-11:30:00,2026,297,14103,,Maryam Bibi,This name already booked as FULL in the same session; avoid duplicate Lite booking
REVIEW_POSSIBLE_EXISTING_FULL_BOOKING,2026-01-29,12:00:00-13:00:00,2026,299,14104,,Binesh Kiren,This name already booked as FULL in the same session; avoid duplicate Lite booking
REVIEW_POSSIBLE_EXISTING_FULL_BOOKING,2026-01-29,12:00:00-13:00:00,2026,300,14104,,Robina Khatoon,This name already booked as FULL in the same session; avoid duplicate Lite booking
REVIEW_POSSIBLE_EXISTING_FULL_BOOKING,2026-01-29,12:00:00-13:00:00,2026,301,14104,,Kowsar Rukhsana,This name already booked as FULL in the same session; avoid duplicate Lite booking
REVIEW_POSSIBLE_EXISTING_FULL_BOOKING,2026-01-29,12:00:00-13:00:00,2026,302,14104,,Farzana Shabbir,This name already booked as FULL in the same session; avoid duplicate Lite booking
REVIEW_POSSIBLE_EXISTING_FULL_BOOKING,2026-01-29,12:00:00-13:00:00,2026,303,14104,,Nusrat Bibi,This name already booked as FULL in the same session; avoid duplicate Lite booking
REVIEW_POSSIBLE_EXISTING_FULL_BOOKING,2026-01-29,12:00:00-13:00:00,2026,306,14104,,Nasreen Bibi,This name already booked as FULL in the same session; avoid duplicate Lite booking
REVIEW_POSSIBLE_EXISTING_FULL_BOOKING,2026-01-30,10:30:00-11:30:00,2026,308,14105,,Nighat Shaheen,This name already booked as FULL in the same session; avoid duplicate Lite booking
REVIEW_POSSIBLE_EXISTING_FULL_BOOKING,2026-01-30,10:30:00-11:30:00,2026,309,14105,,Janet Corlis,This name already booked as FULL in the same session; avoid duplicate Lite booking
REVIEW_POSSIBLE_EXISTING_FULL_BOOKING,2026-01-30,10:30:00-11:30:00,2026,310,14105,,Jennifer Mason,This name already booked as FULL in the same session; avoid duplicate Lite booking
REVIEW_POSSIBLE_EXISTING_FULL_BOOKING,2026-01-30,10:30:00-11:30:00,2026,311,14105,,Angela Cross,This name already booked as FULL in the same session; avoid duplicate Lite booking
REVIEW_POSSIBLE_EXISTING_FULL_BOOKING,2026-01-30,10:30:00-11:30:00,2026,312,14105,,Zainab Moosa,This name already booked as FULL in the same session; avoid duplicate Lite booking
REVIEW_POSSIBLE_EXISTING_FULL_BOOKING,2026-01-30,10:30:00-11:30:00,2026,313,14105,,Patricia Lawrence,This name already booked as FULL in the same session; avoid duplicate Lite booking
REVIEW_POSSIBLE_EXISTING_FULL_BOOKING,2026-01-30,10:30:00-11:30:00,2026,314,14105,,Mohammed Hanif Moosa,This name already booked as FULL in the same session; avoid duplicate Lite booking
REVIEW_POSSIBLE_EXISTING_FULL_BOOKING,2026-01-30,10:30:00-11:30:00,2026,315,14105,,Kowsar Rukhsana,This name already booked as FULL in the same session; avoid duplicate Lite booking
REVIEW_POSSIBLE_EXISTING_FULL_BOOKING,2026-01-30,15:00:00-16:00:00,2026,317,14106,,Mohammed Akram,This name already booked as FULL in the same session; avoid duplicate Lite booking
REVIEW_POSSIBLE_EXISTING_FULL_BOOKING,2026-01-30,15:00:00-16:00:00,2026,318,14106,,Arshad Mahmood,This name already booked as FULL in the same session; avoid duplicate Lite booking
REVIEW_POSSIBLE_EXISTING_FULL_BOOKING,2026-01-30,15:00:00-16:00:00,2026,319,14106,,Noel Mcmanamon,This name already booked as FULL in the same session; avoid duplicate Lite booking
REVIEW_POSSIBLE_EXISTING_FULL_BOOKING,2026-01-30,15:00:00-16:00:00,2026,320,14106,,Mohammed Nawaz,This name already booked as FULL in the same session; avoid duplicate Lite booking
REVIEW_POSSIBLE_EXISTING_FULL_BOOKING,2026-01-30,15:00:00-16:00:00,2026,321,14106,,Mansoor Malik,This name already booked as FULL in the same session; avoid duplicate Lite booking
REVIEW_POSSIBLE_EXISTING_FULL_BOOKING,2026-01-30,15:00:00-16:00:00,2026,322,14106,,Basharat Hussain,This name already booked as FULL in the same session; avoid duplicate Lite booking
REVIEW_POSSIBLE_EXISTING_FULL_BOOKING,2026-01-30,15:00:00-16:00:00,2026,323,14106,,Mohammad Asghar,This name already booked as FULL in the same session; avoid duplicate Lite booking
REVIEW_POSSIBLE_EXISTING_FULL_BOOKING,2026-01-30,15:00:00-16:00:00,2026,324,14106,,Thomas Walker,This name already booked as FULL in the same session; avoid duplicate Lite booking
REVIEW_POSSIBLE_EXISTING_FULL_BOOKING,2026-01-30,15:00:00-16:00:00,2026,325,14106,,Abdul Majid,This name already booked as FULL in the same session; avoid duplicate Lite booking
REVIEW_POSSIBLE_EXISTING_FULL_BOOKING,2026-01-31,09:45:00-10:45:00,2026,326,14107,,Rifat Sultana,This name already booked as FULL in the same session; avoid duplicate Lite booking
REVIEW_POSSIBLE_EXISTING_FULL_BOOKING,2026-01-31,09:45:00-10:45:00,2026,328,14107,,Sajida Mahmood,This name already booked as FULL in the same session; avoid duplicate Lite booking
REVIEW_POSSIBLE_EXISTING_FULL_BOOKING,2026-01-31,09:45:00-10:45:00,2026,329,14107,,Nahedah Yunis,This name already booked as FULL in the same session; avoid duplicate Lite booking
REVIEW_SESSION_FULL,2026-01-31,09:45:00-10:45:00,2026,331,,,Uzma Javid,New Lite identity not created because the session is full
REVIEW_POSSIBLE_EXISTING_FULL_BOOKING,2026-01-31,09:45:00-10:45:00,2026,332,14107,,Rubina Amar,This name already booked as FULL in the same session; avoid duplicate Lite booking
REVIEW_POSSIBLE_EXISTING_FULL_BOOKING,2026-01-31,09:45:00-10:45:00,2026,333,14107,,Azra Bibi,This name already booked as FULL in the same session; avoid duplicate Lite booking
REVIEW_POSSIBLE_EXISTING_FULL_BOOKING,2026-01-31,09:45:00-10:45:00,2026,334,14107,,Nusrat Bibi,This name already booked as FULL in the same session; avoid duplicate Lite booking
REVIEW_POSSIBLE_EXISTING_FULL_BOOKING,2026-01-31,11:00:00-12:00:00,2026,336,14108,,Mohammad Asghar,This name already booked as FULL in the same session; avoid duplicate Lite booking
REVIEW_POSSIBLE_EXISTING_FULL_BOOKING,2026-01-31,11:00:00-12:00:00,2026,337,14108,,Mohammed Sajid,This name already booked as FULL in the same session; avoid duplicate Lite booking
REVIEW_POSSIBLE_EXISTING_FULL_BOOKING,2026-01-31,11:00:00-12:00:00,2026,338,14108,,Sabir Hussain,This name already booked as FULL in the same session; avoid duplicate Lite booking
REVIEW_POSSIBLE_EXISTING_FULL_BOOKING,2026-01-31,11:00:00-12:00:00,2026,339,14108,,Mohammed Akram,This name already booked as FULL in the same session; avoid duplicate Lite booking
REVIEW_POSSIBLE_EXISTING_FULL_BOOKING,2026-01-31,11:00:00-12:00:00,2026,340,14108,,Mohammed Mahroof,This name already booked as FULL in the same session; avoid duplicate Lite booking
REVIEW_POSSIBLE_EXISTING_FULL_BOOKING,2026-01-31,11:00:00-12:00:00,2026,342,14108,,Mohammed Mumtaz,This name already booked as FULL in the same session; avoid duplicate Lite booking
REVIEW_POSSIBLE_EXISTING_FULL_BOOKING,2026-02-02,11:00:00-12:00:00,2026,344,14109,,Ambia Rahman,This name already booked as FULL in the same session; avoid duplicate Lite booking
REVIEW_POSSIBLE_EXISTING_FULL_BOOKING,2026-02-02,11:00:00-12:00:00,2026,345,14109,,Naseem Hussain,This name already booked as FULL in the same session; avoid duplicate Lite booking
REVIEW_SESSION_FULL,2026-02-02,11:00:00-12:00:00,2026,347,,,Harooj Imam,New Lite identity not created because the session is full
REVIEW_POSSIBLE_EXISTING_FULL_BOOKING,2026-02-02,11:00:00-12:00:00,2026,348,14109,,Nighat Shaheen,This name already booked as FULL in the same session; avoid duplicate Lite booking
REVIEW_POSSIBLE_EXISTING_FULL_BOOKING,2026-02-02,11:00:00-12:00:00,2026,349,14109,,Fatima Tariq,This name already booked as FULL in the same session; avoid duplicate Lite booking
REVIEW_POSSIBLE_EXISTING_FULL_BOOKING,2026-02-02,11:00:00-12:00:00,2026,350,14109,,Jennifer Mason,This name already booked as FULL in the same session; avoid duplicate Lite booking
REVIEW_POSSIBLE_EXISTING_FULL_BOOKING,2026-02-02,11:00:00-12:00:00,2026,351,14109,,Sultana Parveen,This name already booked as FULL in the same session; avoid duplicate Lite booking
REVIEW_POSSIBLE_EXISTING_FULL_BOOKING,2026-02-02,11:00:00-12:00:00,2026,352,14109,,Nasreen Akhtar,This name already booked as FULL in the same session; avoid duplicate Lite booking
REVIEW_POSSIBLE_EXISTING_FULL_BOOKING,2026-02-02,12:30:00-13:30:00,2026,355,14110,,Nasrina Gul,This name already booked as FULL in the same session; avoid duplicate Lite booking
REVIEW_SESSION_FULL,2026-02-02,12:30:00-13:30:00,2026,356,,,Sabeen Akhtar,New Lite identity not created because the session is full
REVIEW_POSSIBLE_EXISTING_FULL_BOOKING,2026-02-02,12:30:00-13:30:00,2026,357,14110,,Shahida Khatoon,This name already booked as FULL in the same session; avoid duplicate Lite booking
REVIEW_POSSIBLE_EXISTING_FULL_BOOKING,2026-02-02,12:30:00-13:30:00,2026,358,14110,,Shabeena Kausar,This name already booked as FULL in the same session; avoid duplicate Lite booking
REVIEW_POSSIBLE_EXISTING_FULL_BOOKING,2026-02-02,12:30:00-13:30:00,2026,359,14110,,Rubina Nadeem,This name already booked as FULL in the same session; avoid duplicate Lite booking
REVIEW_POSSIBLE_EXISTING_FULL_BOOKING,2026-02-02,12:30:00-13:30:00,2026,360,14110,,Mahroof Bibi,This name already booked as FULL in the same session; avoid duplicate Lite booking
REVIEW_POSSIBLE_EXISTING_FULL_BOOKING,2026-02-02,12:30:00-13:30:00,2026,361,14110,,Kowsar Rukhsana,This name already booked as FULL in the same session; avoid duplicate Lite booking
REVIEW_LITE_DOB_CONFLICT,2026-02-02,14:00:00-15:00:00,2026,362,,,Arshad Mahmood,
REVIEW_POSSIBLE_EXISTING_FULL_BOOKING,2026-02-02,14:00:00-15:00:00,2026,363,14111,,Mansoor Malik,This name already booked as FULL in the same session; avoid duplicate Lite booking
REVIEW_POSSIBLE_EXISTING_FULL_BOOKING,2026-02-02,14:00:00-15:00:00,2026,364,14111,,Abdul Majid,This name already booked as FULL in the same session; avoid duplicate Lite booking
REVIEW_POSSIBLE_EXISTING_FULL_BOOKING,2026-02-02,14:00:00-15:00:00,2026,365,14111,,Noel Mcmanamon,This name already booked as FULL in the same session; avoid duplicate Lite booking
REVIEW_POSSIBLE_EXISTING_FULL_BOOKING,2026-02-02,14:00:00-15:00:00,2026,366,14111,,Mohammed Akram,This name already booked as FULL in the same session; avoid duplicate Lite booking
REVIEW_POSSIBLE_EXISTING_FULL_BOOKING,2026-02-02,14:00:00-15:00:00,2026,367,14111,,Thomas Walker,This name already booked as FULL in the same session; avoid duplicate Lite booking
REVIEW_POSSIBLE_EXISTING_FULL_BOOKING,2026-02-02,14:00:00-15:00:00,2026,368,14111,,Mohammed Nawaz,This name already booked as FULL in the same session; avoid duplicate Lite booking
REVIEW_POSSIBLE_EXISTING_FULL_BOOKING,2026-02-02,14:00:00-15:00:00,2026,369,14111,,Kamran Khan,This name already booked as FULL in the same session; avoid duplicate Lite booking
REVIEW_POSSIBLE_EXISTING_FULL_BOOKING,2026-02-03,12:00:00-13:00:00,2026,380,14112,,Samina Javed,This name already booked as FULL in the same session; avoid duplicate Lite booking
REVIEW_POSSIBLE_EXISTING_FULL_BOOKING,2026-02-03,12:00:00-13:00:00,2026,381,14112,,Kalsoom Akhtar,This name already booked as FULL in the same session; avoid duplicate Lite booking
REVIEW_POSSIBLE_EXISTING_FULL_BOOKING,2026-02-03,12:00:00-13:00:00,2026,383,14112,,Fozia Hafiz,This name already booked as FULL in the same session; avoid duplicate Lite booking
REVIEW_POSSIBLE_EXISTING_FULL_BOOKING,2026-02-03,12:00:00-13:00:00,2026,384,14112,,Azra Bibi,This name already booked as FULL in the same session; avoid duplicate Lite booking
REVIEW_POSSIBLE_EXISTING_FULL_BOOKING,2026-02-03,12:00:00-13:00:00,2026,385,14112,,Lynette Liburd,This name already booked as FULL in the same session; avoid duplicate Lite booking
REVIEW_POSSIBLE_EXISTING_FULL_BOOKING,2026-02-03,12:00:00-13:00:00,2026,386,14112,,Violet Smithen,This name already booked as FULL in the same session; avoid duplicate Lite booking
REVIEW_POSSIBLE_EXISTING_FULL_BOOKING,2026-02-03,12:00:00-13:00:00,2026,387,14112,,Shazia Akhtar,This name already booked as FULL in the same session; avoid duplicate Lite booking
REVIEW_POSSIBLE_EXISTING_FULL_BOOKING,2026-02-04,11:00:00-12:00:00,2026,390,14113,,Mohammed Mumtaz,This name already booked as FULL in the same session; avoid duplicate Lite booking
REVIEW_POSSIBLE_EXISTING_FULL_BOOKING,2026-02-04,11:00:00-12:00:00,2026,391,14113,,Mohammed Hanif Moosa,This name already booked as FULL in the same session; avoid duplicate Lite booking
REVIEW_POSSIBLE_EXISTING_FULL_BOOKING,2026-02-04,11:00:00-12:00:00,2026,392,14113,,Mohd Al Islam,This name already booked as FULL in the same session; avoid duplicate Lite booking
REVIEW_POSSIBLE_EXISTING_FULL_BOOKING,2026-02-04,11:00:00-12:00:00,2026,393,14113,,Mohammed Mahroof,This name already booked as FULL in the same session; avoid duplicate Lite booking
REVIEW_SESSION_FULL,2026-02-04,11:00:00-12:00:00,2026,394,14113,,Mohammed Saleem,
REVIEW_POSSIBLE_EXISTING_FULL_BOOKING,2026-02-04,11:00:00-12:00:00,2026,395,14113,,Sabir Hussain,This name already booked as FULL in the same session; avoid duplicate Lite booking
REVIEW_SESSION_FULL,2026-02-04,11:00:00-12:00:00,2026,396,14113,,Arshad Mahmood,
REVIEW_POSSIBLE_EXISTING_FULL_BOOKING,2026-02-04,11:00:00-12:00:00,2026,397,14113,,Abdul Majid,This name already booked as FULL in the same session; avoid duplicate Lite booking
REVIEW_POSSIBLE_EXISTING_FULL_BOOKING,2026-02-05,10:30:00-11:30:00,2026,398,14114,,Sahira Parveen,This name already booked as FULL in the same session; avoid duplicate Lite booking
REVIEW_POSSIBLE_EXISTING_FULL_BOOKING,2026-02-05,10:30:00-11:30:00,2026,399,14114,,Hameeda Begum,This name already booked as FULL in the same session; avoid duplicate Lite booking
REVIEW_POSSIBLE_EXISTING_FULL_BOOKING,2026-02-05,10:30:00-11:30:00,2026,400,14114,,Janet Corlis,This name already booked as FULL in the same session; avoid duplicate Lite booking
REVIEW_POSSIBLE_EXISTING_FULL_BOOKING,2026-02-05,10:30:00-11:30:00,2026,401,14114,,Kowsar Rukhsana,This name already booked as FULL in the same session; avoid duplicate Lite booking
REVIEW_POSSIBLE_EXISTING_FULL_BOOKING,2026-02-05,10:30:00-11:30:00,2026,402,14114,,Baheshta Miakhel,This name already booked as FULL in the same session; avoid duplicate Lite booking
REVIEW_POSSIBLE_EXISTING_FULL_BOOKING,2026-02-05,10:30:00-11:30:00,2026,403,14114,,Tahzim Akhtar,This name already booked as FULL in the same session; avoid duplicate Lite booking
REVIEW_POSSIBLE_EXISTING_FULL_BOOKING,2026-02-05,10:30:00-11:30:00,2026,404,14114,,Naseem Akhtar,This name already booked as FULL in the same session; avoid duplicate Lite booking
REVIEW_POSSIBLE_EXISTING_FULL_BOOKING,2026-02-05,10:30:00-11:30:00,2026,406,14114,,Akbar Jan,This name already booked as FULL in the same session; avoid duplicate Lite booking
REVIEW_POSSIBLE_EXISTING_FULL_BOOKING,2026-02-05,12:00:00-13:00:00,2026,407,14115,,Naheed Sherawan,This name already booked as FULL in the same session; avoid duplicate Lite booking
REVIEW_POSSIBLE_EXISTING_FULL_BOOKING,2026-02-05,12:00:00-13:00:00,2026,408,14115,,Zahida Akhtar,This name already booked as FULL in the same session; avoid duplicate Lite booking
REVIEW_POSSIBLE_EXISTING_FULL_BOOKING,2026-02-05,12:00:00-13:00:00,2026,409,14115,,Barkat Begum,This name already booked as FULL in the same session; avoid duplicate Lite booking
REVIEW_POSSIBLE_EXISTING_FULL_BOOKING,2026-02-05,12:00:00-13:00:00,2026,410,14115,,Rashida Gandhi,This name already booked as FULL in the same session; avoid duplicate Lite booking
REVIEW_POSSIBLE_EXISTING_FULL_BOOKING,2026-02-05,12:00:00-13:00:00,2026,411,14115,,Ghazala Bibi,This name already booked as FULL in the same session; avoid duplicate Lite booking
REVIEW_POSSIBLE_EXISTING_FULL_BOOKING,2026-02-06,10:30:00-11:30:00,2026,416,14116,,Nighat Shaheen,This name already booked as FULL in the same session; avoid duplicate Lite booking
REVIEW_POSSIBLE_EXISTING_FULL_BOOKING,2026-02-06,10:30:00-11:30:00,2026,417,14116,,Angela Cross,This name already booked as FULL in the same session; avoid duplicate Lite booking
REVIEW_POSSIBLE_EXISTING_FULL_BOOKING,2026-02-06,10:30:00-11:30:00,2026,418,14116,,Patricia Lawrence,This name already booked as FULL in the same session; avoid duplicate Lite booking
REVIEW_POSSIBLE_EXISTING_FULL_BOOKING,2026-02-06,10:30:00-11:30:00,2026,419,14116,,Kowsar Rukhsana,This name already booked as FULL in the same session; avoid duplicate Lite booking
REVIEW_POSSIBLE_EXISTING_FULL_BOOKING,2026-02-06,10:30:00-11:30:00,2026,420,14116,,Zainab Moosa,This name already booked as FULL in the same session; avoid duplicate Lite booking
REVIEW_POSSIBLE_EXISTING_FULL_BOOKING,2026-02-06,10:30:00-11:30:00,2026,421,14116,,Mohammed Hanif Moosa,This name already booked as FULL in the same session; avoid duplicate Lite booking
REVIEW_POSSIBLE_EXISTING_FULL_BOOKING,2026-02-06,10:30:00-11:30:00,2026,422,14116,,Sahira Parveen,This name already booked as FULL in the same session; avoid duplicate Lite booking
REVIEW_POSSIBLE_EXISTING_FULL_BOOKING,2026-02-06,10:30:00-11:30:00,2026,423,14116,,Jennifer Mason,This name already booked as FULL in the same session; avoid duplicate Lite booking
REVIEW_POSSIBLE_EXISTING_FULL_BOOKING,2026-02-06,10:30:00-11:30:00,2026,424,14116,,Fatima Tariq,This name already booked as FULL in the same session; avoid duplicate Lite booking
REVIEW_POSSIBLE_EXISTING_FULL_BOOKING,2026-02-06,15:00:00-16:00:00,2026,426,14117,,Arshad Mahmood,This name already booked as FULL in the same session; avoid duplicate Lite booking
REVIEW_POSSIBLE_EXISTING_FULL_BOOKING,2026-02-06,15:00:00-16:00:00,2026,427,14117,,Mansoor Malik,This name already booked as FULL in the same session; avoid duplicate Lite booking
REVIEW_POSSIBLE_EXISTING_FULL_BOOKING,2026-02-06,15:00:00-16:00:00,2026,428,14117,,Abdul Majid,This name already booked as FULL in the same session; avoid duplicate Lite booking
REVIEW_POSSIBLE_EXISTING_FULL_BOOKING,2026-02-06,15:00:00-16:00:00,2026,429,14117,,Thomas Walker,This name already booked as FULL in the same session; avoid duplicate Lite booking
REVIEW_POSSIBLE_EXISTING_FULL_BOOKING,2026-02-06,15:00:00-16:00:00,2026,432,14117,,Noel Mcmanamon,This name already booked as FULL in the same session; avoid duplicate Lite booking
REVIEW_POSSIBLE_EXISTING_FULL_BOOKING,2026-02-06,15:00:00-16:00:00,2026,433,14117,,Mohammad Asghar,This name already booked as FULL in the same session; avoid duplicate Lite booking
REVIEW_POSSIBLE_EXISTING_FULL_BOOKING,2026-02-07,09:45:00-10:45:00,2026,434,14118,,Nusrat Bibi,This name already booked as FULL in the same session; avoid duplicate Lite booking
REVIEW_POSSIBLE_EXISTING_FULL_BOOKING,2026-02-07,09:45:00-10:45:00,2026,438,14118,,Shaheen Akhtar,This name already booked as FULL in the same session; avoid duplicate Lite booking
REVIEW_POSSIBLE_EXISTING_FULL_BOOKING,2026-02-07,09:45:00-10:45:00,2026,442,14118,,Rifat Sultana,This name already booked as FULL in the same session; avoid duplicate Lite booking
REVIEW_POSSIBLE_EXISTING_FULL_BOOKING,2026-02-07,11:00:00-12:00:00,2026,443,14119,,Arshad Mahmood,This name already booked as FULL in the same session; avoid duplicate Lite booking
REVIEW_POSSIBLE_EXISTING_FULL_BOOKING,2026-02-07,11:00:00-12:00:00,2026,444,14119,,Mansoor Malik,This name already booked as FULL in the same session; avoid duplicate Lite booking
REVIEW_POSSIBLE_EXISTING_FULL_BOOKING,2026-02-07,11:00:00-12:00:00,2026,446,14119,,Mohammed Mumtaz,This name already booked as FULL in the same session; avoid duplicate Lite booking
REVIEW_POSSIBLE_EXISTING_FULL_BOOKING,2026-02-07,11:00:00-12:00:00,2026,447,14119,,Abdul Majid,This name already booked as FULL in the same session; avoid duplicate Lite booking
REVIEW_POSSIBLE_EXISTING_FULL_BOOKING,2026-02-07,11:00:00-12:00:00,2026,448,14119,,Sabir Hussain,This name already booked as FULL in the same session; avoid duplicate Lite booking
REVIEW_POSSIBLE_EXISTING_FULL_BOOKING,2026-02-07,11:00:00-12:00:00,2026,450,14119,,Mohammed Mahroof,This name already booked as FULL in the same session; avoid duplicate Lite booking
REVIEW_POSSIBLE_EXISTING_FULL_BOOKING,2026-02-07,11:00:00-12:00:00,2026,451,14119,,Suleman Muhammad,This name already booked as FULL in the same session; avoid duplicate Lite booking
REVIEW_POSSIBLE_EXISTING_FULL_BOOKING,2026-02-09,11:00:00-12:00:00,2026,453,14120,,Sultana Parveen,This name already booked as FULL in the same session; avoid duplicate Lite booking
REVIEW_POSSIBLE_EXISTING_FULL_BOOKING,2026-02-09,11:00:00-12:00:00,2026,454,14120,,Jennifer Mason,This name already booked as FULL in the same session; avoid duplicate Lite booking
REVIEW_POSSIBLE_EXISTING_FULL_BOOKING,2026-02-09,11:00:00-12:00:00,2026,457,14120,,Naseem Hussain,This name already booked as FULL in the same session; avoid duplicate Lite booking
REVIEW_POSSIBLE_EXISTING_FULL_BOOKING,2026-02-09,12:30:00-13:30:00,2026,461,14121,,Afrad Begum,This name already booked as FULL in the same session; avoid duplicate Lite booking
REVIEW_POSSIBLE_EXISTING_FULL_BOOKING,2026-02-09,12:30:00-13:30:00,2026,462,14121,,Tahzim Akhtar,This name already booked as FULL in the same session; avoid duplicate Lite booking
REVIEW_AMBIGUOUS_LITE,2026-02-09,12:30:00-13:30:00,2026,463,,,Naseem Akhtar,
REVIEW_POSSIBLE_EXISTING_FULL_BOOKING,2026-02-09,12:30:00-13:30:00,2026,465,14121,,Mahroof Bibi,This name already booked as FULL in the same session; avoid duplicate Lite booking
REVIEW_POSSIBLE_EXISTING_FULL_BOOKING,2026-02-09,12:30:00-13:30:00,2026,466,14121,,Shahida Khatoon,This name already booked as FULL in the same session; avoid duplicate Lite booking
REVIEW_POSSIBLE_EXISTING_FULL_BOOKING,2026-02-09,12:30:00-13:30:00,2026,468,14121,,Shabeena Kausar,This name already booked as FULL in the same session; avoid duplicate Lite booking
REVIEW_LITE_DOB_CONFLICT,2026-02-09,12:30:00-13:30:00,2026,469,,,Kowsar Rukhsana,
REVIEW_POSSIBLE_EXISTING_FULL_BOOKING,2026-02-09,14:00:00-15:00:00,2026,470,14122,,Mansoor Malik,This name already booked as FULL in the same session; avoid duplicate Lite booking
REVIEW_POSSIBLE_EXISTING_FULL_BOOKING,2026-02-09,14:00:00-15:00:00,2026,471,14122,,Abdul Majid,This name already booked as FULL in the same session; avoid duplicate Lite booking
REVIEW_POSSIBLE_EXISTING_FULL_BOOKING,2026-02-09,14:00:00-15:00:00,2026,472,14122,,Noel Mcmanamon,This name already booked as FULL in the same session; avoid duplicate Lite booking
REVIEW_POSSIBLE_EXISTING_FULL_BOOKING,2026-02-09,14:00:00-15:00:00,2026,473,14122,,Kamran Khan,This name already booked as FULL in the same session; avoid duplicate Lite booking
REVIEW_POSSIBLE_EXISTING_FULL_BOOKING,2026-02-09,14:00:00-15:00:00,2026,474,14122,,Arshad Mahmood,This name already booked as FULL in the same session; avoid duplicate Lite booking
REVIEW_POSSIBLE_EXISTING_FULL_BOOKING,2026-02-09,14:00:00-15:00:00,2026,478,14122,,Mohammed Akram,This name already booked as FULL in the same session; avoid duplicate Lite booking
REVIEW_POSSIBLE_EXISTING_FULL_BOOKING,2026-02-10,09:30:00-10:30:00,2026,479,14123,,Ishrat parveen,This name already booked as FULL in the same session; avoid duplicate Lite booking
REVIEW_POSSIBLE_EXISTING_FULL_BOOKING,2026-02-10,09:30:00-10:30:00,2026,480,14123,,Zainab Moosa,This name already booked as FULL in the same session; avoid duplicate Lite booking
REVIEW_POSSIBLE_EXISTING_FULL_BOOKING,2026-02-10,09:30:00-10:30:00,2026,481,14123,,Shafeen Akhtar,This name already booked as FULL in the same session; avoid duplicate Lite booking
REVIEW_POSSIBLE_EXISTING_FULL_BOOKING,2026-02-10,09:30:00-10:30:00,2026,482,14123,,Rashida Khatoon,This name already booked as FULL in the same session; avoid duplicate Lite booking
REVIEW_POSSIBLE_EXISTING_FULL_BOOKING,2026-02-10,09:30:00-10:30:00,2026,483,14123,,Shabana Iqbal,This name already booked as FULL in the same session; avoid duplicate Lite booking
REVIEW_POSSIBLE_EXISTING_FULL_BOOKING,2026-02-10,09:30:00-10:30:00,2026,484,14123,,Ghulab Zara,This name already booked as FULL in the same session; avoid duplicate Lite booking
REVIEW_POSSIBLE_EXISTING_FULL_BOOKING,2026-02-10,09:30:00-10:30:00,2026,485,14123,,Najabat Bibi,This name already booked as FULL in the same session; avoid duplicate Lite booking
REVIEW_POSSIBLE_EXISTING_FULL_BOOKING,2026-02-10,09:30:00-10:30:00,2026,486,14123,,Shakila Bi,This name already booked as FULL in the same session; avoid duplicate Lite booking
REVIEW_POSSIBLE_EXISTING_FULL_BOOKING,2026-02-10,09:30:00-10:30:00,2026,487,14123,,Nazar Jan,This name already booked as FULL in the same session; avoid duplicate Lite booking
REVIEW_POSSIBLE_EXISTING_FULL_BOOKING,2026-02-10,12:00:00-13:00:00,2026,488,14124,,Samina Javed,This name already booked as FULL in the same session; avoid duplicate Lite booking
REVIEW_POSSIBLE_EXISTING_FULL_BOOKING,2026-02-10,12:00:00-13:00:00,2026,489,14124,,Ishrat Bano,This name already booked as FULL in the same session; avoid duplicate Lite booking
REVIEW_POSSIBLE_EXISTING_FULL_BOOKING,2026-02-10,12:00:00-13:00:00,2026,491,14124,,Maqsood Begum,This name already booked as FULL in the same session; avoid duplicate Lite booking
REVIEW_POSSIBLE_EXISTING_FULL_BOOKING,2026-02-10,12:00:00-13:00:00,2026,492,14124,,Yearun Nessa,This name already booked as FULL in the same session; avoid duplicate Lite booking
REVIEW_POSSIBLE_EXISTING_FULL_BOOKING,2026-02-10,12:00:00-13:00:00,2026,493,14124,,Nasreen Bibi,This name already booked as FULL in the same session; avoid duplicate Lite booking
REVIEW_POSSIBLE_EXISTING_FULL_BOOKING,2026-02-10,12:00:00-13:00:00,2026,494,14124,,Nadia Akhtar,This name already booked as FULL in the same session; avoid duplicate Lite booking
REVIEW_POSSIBLE_EXISTING_FULL_BOOKING,2026-02-11,11:00:00-12:00:00,2026,497,14125,,Ghiyas-ul-Haq Ahmed,This name already booked as FULL in the same session; avoid duplicate Lite booking
REVIEW_POSSIBLE_EXISTING_FULL_BOOKING,2026-02-11,11:00:00-12:00:00,2026,498,14125,,Mohammed Hanif Moosa,This name already booked as FULL in the same session; avoid duplicate Lite booking
REVIEW_POSSIBLE_EXISTING_FULL_BOOKING,2026-02-11,11:00:00-12:00:00,2026,499,14125,,Mohammed Akram,This name already booked as FULL in the same session; avoid duplicate Lite booking
REVIEW_POSSIBLE_EXISTING_FULL_BOOKING,2026-02-11,11:00:00-12:00:00,2026,500,14125,,Mohd Al Islam,This name already booked as FULL in the same session; avoid duplicate Lite booking
REVIEW_POSSIBLE_EXISTING_FULL_BOOKING,2026-02-11,11:00:00-12:00:00,2026,501,14125,,Sabir Hussain,This name already booked as FULL in the same session; avoid duplicate Lite booking
REVIEW_SESSION_FULL,2026-02-11,11:00:00-12:00:00,2026,502,14125,,Mohammed Saleem,
REVIEW_POSSIBLE_EXISTING_FULL_BOOKING,2026-02-11,11:00:00-12:00:00,2026,503,14125,,Shah Nawaz,This name already booked as FULL in the same session; avoid duplicate Lite booking
REVIEW_POSSIBLE_EXISTING_FULL_BOOKING,2026-02-11,11:00:00-12:00:00,2026,504,14125,,Abdul Majid,This name already booked as FULL in the same session; avoid duplicate Lite booking
REVIEW_POSSIBLE_EXISTING_FULL_BOOKING,2026-02-11,11:00:00-12:00:00,2026,505,14125,,Mohammed Mahroof,This name already booked as FULL in the same session; avoid duplicate Lite booking
REVIEW_POSSIBLE_EXISTING_FULL_BOOKING,2026-02-12,10:30:00-11:30:00,2026,506,14126,,Allah Raqhi,This name already booked as FULL in the same session; avoid duplicate Lite booking
REVIEW_POSSIBLE_EXISTING_FULL_BOOKING,2026-02-12,10:30:00-11:30:00,2026,507,14126,,Rifat Fayaz,This name already booked as FULL in the same session; avoid duplicate Lite booking
REVIEW_POSSIBLE_EXISTING_FULL_BOOKING,2026-02-12,10:30:00-11:30:00,2026,510,14126,,Naseem Akhtar,This name already booked as FULL in the same session; avoid duplicate Lite booking
REVIEW_POSSIBLE_EXISTING_FULL_BOOKING,2026-02-12,10:30:00-11:30:00,2026,511,14126,,Tahzim Akhtar,This name already booked as FULL in the same session; avoid duplicate Lite booking
REVIEW_POSSIBLE_EXISTING_FULL_BOOKING,2026-02-12,10:30:00-11:30:00,2026,512,14126,,Sahira Parveen,This name already booked as FULL in the same session; avoid duplicate Lite booking
REVIEW_POSSIBLE_EXISTING_FULL_BOOKING,2026-02-12,10:30:00-11:30:00,2026,513,14126,,Mehnaz Begum,This name already booked as FULL in the same session; avoid duplicate Lite booking
REVIEW_POSSIBLE_EXISTING_FULL_BOOKING,2026-02-12,10:30:00-11:30:00,2026,514,14126,,Janet Corlis,This name already booked as FULL in the same session; avoid duplicate Lite booking
REVIEW_POSSIBLE_EXISTING_FULL_BOOKING,2026-02-12,12:00:00-13:00:00,2026,515,14127,,Binesh Kiren,This name already booked as FULL in the same session; avoid duplicate Lite booking
REVIEW_POSSIBLE_EXISTING_FULL_BOOKING,2026-02-12,12:00:00-13:00:00,2026,516,14127,,Robina Khatoon,This name already booked as FULL in the same session; avoid duplicate Lite booking
REVIEW_POSSIBLE_EXISTING_FULL_BOOKING,2026-02-12,12:00:00-13:00:00,2026,517,14127,,Farzana Shabbir,This name already booked as FULL in the same session; avoid duplicate Lite booking
REVIEW_POSSIBLE_EXISTING_FULL_BOOKING,2026-02-12,12:00:00-13:00:00,2026,518,14127,,Farzana Saleem,This name already booked as FULL in the same session; avoid duplicate Lite booking
REVIEW_POSSIBLE_EXISTING_FULL_BOOKING,2026-02-12,12:00:00-13:00:00,2026,519,14127,,Azra Bibi,This name already booked as FULL in the same session; avoid duplicate Lite booking
REVIEW_POSSIBLE_EXISTING_FULL_BOOKING,2026-02-12,12:00:00-13:00:00,2026,521,14127,,Zakia Khan,This name already booked as FULL in the same session; avoid duplicate Lite booking
REVIEW_POSSIBLE_EXISTING_FULL_BOOKING,2026-02-12,12:00:00-13:00:00,2026,523,14127,,Baheshta Miakhel,This name already booked as FULL in the same session; avoid duplicate Lite booking
REVIEW_POSSIBLE_EXISTING_FULL_BOOKING,2026-02-13,10:30:00-11:30:00,2026,524,14128,,Kowsar Rukhsana,This name already booked as FULL in the same session; avoid duplicate Lite booking
REVIEW_POSSIBLE_EXISTING_FULL_BOOKING,2026-02-13,10:30:00-11:30:00,2026,525,14128,,Suleman Muhammad,This name already booked as FULL in the same session; avoid duplicate Lite booking
REVIEW_POSSIBLE_EXISTING_FULL_BOOKING,2026-02-13,10:30:00-11:30:00,2026,527,14128,,Angela Cross,This name already booked as FULL in the same session; avoid duplicate Lite booking
REVIEW_POSSIBLE_EXISTING_FULL_BOOKING,2026-02-13,10:30:00-11:30:00,2026,528,14128,,Zainab Moosa,This name already booked as FULL in the same session; avoid duplicate Lite booking
REVIEW_POSSIBLE_EXISTING_FULL_BOOKING,2026-02-13,10:30:00-11:30:00,2026,529,14128,,Mohammed Hanif Moosa,This name already booked as FULL in the same session; avoid duplicate Lite booking
REVIEW_POSSIBLE_EXISTING_FULL_BOOKING,2026-02-13,10:30:00-11:30:00,2026,530,14128,,Patricia Lawrence,This name already booked as FULL in the same session; avoid duplicate Lite booking
REVIEW_POSSIBLE_EXISTING_FULL_BOOKING,2026-02-13,10:30:00-11:30:00,2026,532,14128,,Jennifer Mason,This name already booked as FULL in the same session; avoid duplicate Lite booking
REVIEW_POSSIBLE_EXISTING_FULL_BOOKING,2026-02-13,15:00:00-16:00:00,2026,534,14129,,Mohammad Asghar,This name already booked as FULL in the same session; avoid duplicate Lite booking
REVIEW_POSSIBLE_EXISTING_FULL_BOOKING,2026-02-13,15:00:00-16:00:00,2026,537,14129,,Noel Mcmanamon,This name already booked as FULL in the same session; avoid duplicate Lite booking
REVIEW_POSSIBLE_EXISTING_FULL_BOOKING,2026-02-13,15:00:00-16:00:00,2026,538,14129,,Arshad Mahmood,This name already booked as FULL in the same session; avoid duplicate Lite booking
REVIEW_POSSIBLE_EXISTING_FULL_BOOKING,2026-02-13,15:00:00-16:00:00,2026,540,14129,,Mohammed Nawaz,This name already booked as FULL in the same session; avoid duplicate Lite booking
REVIEW_POSSIBLE_EXISTING_FULL_BOOKING,2026-02-13,15:00:00-16:00:00,2026,541,14129,,Mohammed Akram,This name already booked as FULL in the same session; avoid duplicate Lite booking
REVIEW_POSSIBLE_EXISTING_FULL_BOOKING,2026-02-14,09:45:00-10:45:00,2026,542,14130,,Azra Bibi,This name already booked as FULL in the same session; avoid duplicate Lite booking
REVIEW_POSSIBLE_EXISTING_FULL_BOOKING,2026-02-14,09:45:00-10:45:00,2026,545,14130,,Shaheen Akhtar,This name already booked as FULL in the same session; avoid duplicate Lite booking
REVIEW_POSSIBLE_EXISTING_FULL_BOOKING,2026-02-14,09:45:00-10:45:00,2026,547,14130,,Fozia Ali,This name already booked as FULL in the same session; avoid duplicate Lite booking
REVIEW_POSSIBLE_EXISTING_FULL_BOOKING,2026-02-14,09:45:00-10:45:00,2026,549,14130,,Shakila Bibi,This name already booked as FULL in the same session; avoid duplicate Lite booking
REVIEW_POSSIBLE_EXISTING_FULL_BOOKING,2026-02-14,11:00:00-12:00:00,2026,551,14131,,Mohammed Akram,This name already booked as FULL in the same session; avoid duplicate Lite booking
REVIEW_POSSIBLE_EXISTING_FULL_BOOKING,2026-02-14,11:00:00-12:00:00,2026,553,14131,,Zubair Khan,This name already booked as FULL in the same session; avoid duplicate Lite booking
REVIEW_POSSIBLE_EXISTING_FULL_BOOKING,2026-02-14,11:00:00-12:00:00,2026,554,14131,,Mohammed Sajid,This name already booked as FULL in the same session; avoid duplicate Lite booking
REVIEW_POSSIBLE_EXISTING_FULL_BOOKING,2026-02-14,11:00:00-12:00:00,2026,555,14131,,Shah Nawaz,This name already booked as FULL in the same session; avoid duplicate Lite booking
REVIEW_POSSIBLE_EXISTING_FULL_BOOKING,2026-02-14,11:00:00-12:00:00,2026,556,14131,,Sabir Hussain,This name already booked as FULL in the same session; avoid duplicate Lite booking
REVIEW_POSSIBLE_EXISTING_FULL_BOOKING,2026-02-14,11:00:00-12:00:00,2026,557,14131,,Mohammed Mumtaz,This name already booked as FULL in the same session; avoid duplicate Lite booking
REVIEW_POSSIBLE_EXISTING_FULL_BOOKING,2026-02-14,11:00:00-12:00:00,2026,558,14131,,Mohammed Mahroof,This name already booked as FULL in the same session; avoid duplicate Lite booking
REVIEW_POSSIBLE_EXISTING_FULL_BOOKING,2026-02-14,11:00:00-12:00:00,2026,559,14131,,Shahban Khan,This name already booked as FULL in the same session; avoid duplicate Lite booking
REVIEW_POSSIBLE_EXISTING_FULL_BOOKING,2026-02-16,11:00:00-12:00:00,2026,561,14132,,Hameeda Begum,This name already booked as FULL in the same session; avoid duplicate Lite booking
REVIEW_POSSIBLE_EXISTING_FULL_BOOKING,2026-02-16,11:00:00-12:00:00,2026,565,14132,,Rifat Sultana,This name already booked as FULL in the same session; avoid duplicate Lite booking
REVIEW_POSSIBLE_EXISTING_FULL_BOOKING,2026-02-16,11:00:00-12:00:00,2026,567,14132,,Saida Sharif,This name already booked as FULL in the same session; avoid duplicate Lite booking
REVIEW_POSSIBLE_EXISTING_FULL_BOOKING,2026-02-16,12:30:00-13:30:00,2026,571,14133,,Barkat Begum,This name already booked as FULL in the same session; avoid duplicate Lite booking
REVIEW_POSSIBLE_EXISTING_FULL_BOOKING,2026-02-16,12:30:00-13:30:00,2026,574,14133,,Sultana Parveen,This name already booked as FULL in the same session; avoid duplicate Lite booking
REVIEW_POSSIBLE_EXISTING_FULL_BOOKING,2026-02-16,12:30:00-13:30:00,2026,575,14133,,Mahroof Bibi,This name already booked as FULL in the same session; avoid duplicate Lite booking
REVIEW_POSSIBLE_EXISTING_FULL_BOOKING,2026-02-16,12:30:00-13:30:00,2026,576,14133,,Rubina Nadeem,This name already booked as FULL in the same session; avoid duplicate Lite booking
REVIEW_POSSIBLE_EXISTING_FULL_BOOKING,2026-02-16,14:00:00-16:00:00,2026,579,14134,,Noel Mcmanamon,This name already booked as FULL in the same session; avoid duplicate Lite booking
REVIEW_POSSIBLE_EXISTING_FULL_BOOKING,2026-02-16,14:00:00-16:00:00,2026,580,14134,,Mansoor Malik,This name already booked as FULL in the same session; avoid duplicate Lite booking
REVIEW_POSSIBLE_EXISTING_FULL_BOOKING,2026-02-16,14:00:00-16:00:00,2026,581,14134,,Mohammed Akram,This name already booked as FULL in the same session; avoid duplicate Lite booking
REVIEW_POSSIBLE_EXISTING_FULL_BOOKING,2026-02-16,14:00:00-16:00:00,2026,582,14134,,Mohammed Nawaz,This name already booked as FULL in the same session; avoid duplicate Lite booking
REVIEW_POSSIBLE_EXISTING_FULL_BOOKING,2026-02-16,14:00:00-16:00:00,2026,583,14134,,Abdul Majid,This name already booked as FULL in the same session; avoid duplicate Lite booking
REVIEW_POSSIBLE_EXISTING_FULL_BOOKING,2026-02-16,14:00:00-16:00:00,2026,584,14134,,Thomas Walker,This name already booked as FULL in the same session; avoid duplicate Lite booking
REVIEW_POSSIBLE_EXISTING_FULL_BOOKING,2026-02-17,09:30:00-10:30:00,2026,587,14135,,Fayaz Begum,This name already booked as FULL in the same session; avoid duplicate Lite booking
REVIEW_POSSIBLE_EXISTING_FULL_BOOKING,2026-02-17,09:30:00-10:30:00,2026,588,14135,,Nazar Jan,This name already booked as FULL in the same session; avoid duplicate Lite booking
REVIEW_POSSIBLE_EXISTING_FULL_BOOKING,2026-02-17,09:30:00-10:30:00,2026,590,14135,,Zainab Moosa,This name already booked as FULL in the same session; avoid duplicate Lite booking
REVIEW_POSSIBLE_EXISTING_FULL_BOOKING,2026-02-17,09:30:00-10:30:00,2026,591,14135,,Ghulab Zara,This name already booked as FULL in the same session; avoid duplicate Lite booking
REVIEW_POSSIBLE_EXISTING_FULL_BOOKING,2026-02-17,09:30:00-10:30:00,2026,592,14135,,Shakila Bi,This name already booked as FULL in the same session; avoid duplicate Lite booking
REVIEW_POSSIBLE_EXISTING_FULL_BOOKING,2026-02-17,09:30:00-10:30:00,2026,593,14135,,Najabat Bibi,This name already booked as FULL in the same session; avoid duplicate Lite booking
REVIEW_POSSIBLE_EXISTING_FULL_BOOKING,2026-02-17,09:30:00-10:30:00,2026,594,14135,,Rashida Khatoon,This name already booked as FULL in the same session; avoid duplicate Lite booking
REVIEW_POSSIBLE_EXISTING_FULL_BOOKING,2026-02-17,12:00:00-13:00:00,2026,596,14136,,Ambia Rahman,This name already booked as FULL in the same session; avoid duplicate Lite booking
REVIEW_POSSIBLE_EXISTING_FULL_BOOKING,2026-02-17,12:00:00-13:00:00,2026,597,14136,,Samina Javed,This name already booked as FULL in the same session; avoid duplicate Lite booking
REVIEW_POSSIBLE_EXISTING_FULL_BOOKING,2026-02-17,12:00:00-13:00:00,2026,598,14136,,Ghazala Bibi,This name already booked as FULL in the same session; avoid duplicate Lite booking
REVIEW_POSSIBLE_EXISTING_FULL_BOOKING,2026-02-17,12:00:00-13:00:00,2026,599,14136,,Angela Cross,This name already booked as FULL in the same session; avoid duplicate Lite booking
REVIEW_POSSIBLE_EXISTING_FULL_BOOKING,2026-02-17,12:00:00-13:00:00,2026,600,14136,,Kaniz Bibi,This name already booked as FULL in the same session; avoid duplicate Lite booking
REVIEW_POSSIBLE_EXISTING_FULL_BOOKING,2026-02-17,12:00:00-13:00:00,2026,601,14136,,Yasmeen Akhtar,This name already booked as FULL in the same session; avoid duplicate Lite booking
REVIEW_POSSIBLE_EXISTING_FULL_BOOKING,2026-02-17,12:00:00-13:00:00,2026,602,14136,,Azra Bibi,This name already booked as FULL in the same session; avoid duplicate Lite booking
REVIEW_POSSIBLE_EXISTING_FULL_BOOKING,2026-02-17,12:00:00-13:00:00,2026,603,14136,,Kowsar Rukhsana,This name already booked as FULL in the same session; avoid duplicate Lite booking
REVIEW_POSSIBLE_EXISTING_FULL_BOOKING,2026-02-17,12:00:00-13:00:00,2026,604,14136,,Jennifer Mason,This name already booked as FULL in the same session; avoid duplicate Lite booking
REVIEW_POSSIBLE_EXISTING_FULL_BOOKING,2026-02-18,11:00:00-12:00:00,2026,605,14137,,Mohammed Hanif Moosa,This name already booked as FULL in the same session; avoid duplicate Lite booking
REVIEW_POSSIBLE_EXISTING_FULL_BOOKING,2026-02-18,11:00:00-12:00:00,2026,607,14137,,Sabir Hussain,This name already booked as FULL in the same session; avoid duplicate Lite booking
REVIEW_POSSIBLE_EXISTING_FULL_BOOKING,2026-02-18,11:00:00-12:00:00,2026,608,14137,,Mohammed Akram,This name already booked as FULL in the same session; avoid duplicate Lite booking
REVIEW_POSSIBLE_EXISTING_FULL_BOOKING,2026-02-18,11:00:00-12:00:00,2026,609,14137,,Mohammed Mahroof,This name already booked as FULL in the same session; avoid duplicate Lite booking
REVIEW_POSSIBLE_EXISTING_FULL_BOOKING,2026-02-18,11:00:00-12:00:00,2026,611,14137,,Shah Nawaz,This name already booked as FULL in the same session; avoid duplicate Lite booking
REVIEW_POSSIBLE_EXISTING_FULL_BOOKING,2026-02-18,11:00:00-12:00:00,2026,612,14137,,Ghiyas-ul-Haq Ahmed,This name already booked as FULL in the same session; avoid duplicate Lite booking
REVIEW_POSSIBLE_EXISTING_FULL_BOOKING,2026-02-19,10:30:00-11:30:00,2026,615,14138,,Tahzim Akhtar,This name already booked as FULL in the same session; avoid duplicate Lite booking
REVIEW_POSSIBLE_EXISTING_FULL_BOOKING,2026-02-19,10:30:00-11:30:00,2026,619,14138,,Shafia begum,This name already booked as FULL in the same session; avoid duplicate Lite booking
REVIEW_POSSIBLE_EXISTING_FULL_BOOKING,2026-02-19,10:30:00-11:30:00,2026,621,14138,,Sahira Parveen,This name already booked as FULL in the same session; avoid duplicate Lite booking
REVIEW_POSSIBLE_EXISTING_FULL_BOOKING,2026-02-19,12:00:00-13:00:00,2026,624,14139,,Kowsar Rukhsana,This name already booked as FULL in the same session; avoid duplicate Lite booking
REVIEW_POSSIBLE_EXISTING_FULL_BOOKING,2026-02-19,12:00:00-13:00:00,2026,625,14139,,Shaheen Akhtar,This name already booked as FULL in the same session; avoid duplicate Lite booking
REVIEW_POSSIBLE_EXISTING_FULL_BOOKING,2026-02-19,12:00:00-13:00:00,2026,628,14139,,Sultana Parveen,This name already booked as FULL in the same session; avoid duplicate Lite booking
REVIEW_POSSIBLE_EXISTING_FULL_BOOKING,2026-02-19,12:00:00-13:00:00,2026,629,14139,,Allah Raqhi,This name already booked as FULL in the same session; avoid duplicate Lite booking
REVIEW_POSSIBLE_EXISTING_FULL_BOOKING,2026-02-20,10:30:00-11:30:00,2026,633,14140,,Kowsar Rukhsana,This name already booked as FULL in the same session; avoid duplicate Lite booking
REVIEW_POSSIBLE_EXISTING_FULL_BOOKING,2026-02-20,10:30:00-11:30:00,2026,635,14140,,Mohammed Hanif Moosa,This name already booked as FULL in the same session; avoid duplicate Lite booking
REVIEW_POSSIBLE_EXISTING_FULL_BOOKING,2026-02-20,10:30:00-11:30:00,2026,636,14140,,Zainab Moosa,This name already booked as FULL in the same session; avoid duplicate Lite booking
REVIEW_POSSIBLE_EXISTING_FULL_BOOKING,2026-02-20,10:30:00-11:30:00,2026,637,14140,,Angela Cross,This name already booked as FULL in the same session; avoid duplicate Lite booking
REVIEW_POSSIBLE_EXISTING_FULL_BOOKING,2026-02-20,10:30:00-11:30:00,2026,638,14140,,Jennifer Mason,This name already booked as FULL in the same session; avoid duplicate Lite booking
REVIEW_POSSIBLE_EXISTING_FULL_BOOKING,2026-02-20,10:30:00-11:30:00,2026,639,14140,,Patricia Lawrence,This name already booked as FULL in the same session; avoid duplicate Lite booking
REVIEW_POSSIBLE_EXISTING_FULL_BOOKING,2026-02-20,15:00:00-16:00:00,2026,642,14141,,Mansoor Malik,This name already booked as FULL in the same session; avoid duplicate Lite booking
REVIEW_POSSIBLE_EXISTING_FULL_BOOKING,2026-02-20,15:00:00-16:00:00,2026,643,14141,,Thomas Walker,This name already booked as FULL in the same session; avoid duplicate Lite booking
REVIEW_POSSIBLE_EXISTING_FULL_BOOKING,2026-02-20,15:00:00-16:00:00,2026,644,14141,,Basharat Hussain,This name already booked as FULL in the same session; avoid duplicate Lite booking
REVIEW_POSSIBLE_EXISTING_FULL_BOOKING,2026-02-20,15:00:00-16:00:00,2026,645,14141,,Noel Mcmanamon,This name already booked as FULL in the same session; avoid duplicate Lite booking
REVIEW_POSSIBLE_EXISTING_FULL_BOOKING,2026-02-20,15:00:00-16:00:00,2026,646,14141,,Mohammed Akram,This name already booked as FULL in the same session; avoid duplicate Lite booking
REVIEW_POSSIBLE_EXISTING_FULL_BOOKING,2026-02-20,15:00:00-16:00:00,2026,647,14141,,Mohammad Asghar,This name already booked as FULL in the same session; avoid duplicate Lite booking
REVIEW_POSSIBLE_EXISTING_FULL_BOOKING,2026-02-20,15:00:00-16:00:00,2026,648,14141,,Mohammed Nawaz,This name already booked as FULL in the same session; avoid duplicate Lite booking
REVIEW_POSSIBLE_EXISTING_FULL_BOOKING,2026-02-20,15:00:00-16:00:00,2026,649,14141,,Arshad Mahmood,This name already booked as FULL in the same session; avoid duplicate Lite booking
REVIEW_POSSIBLE_EXISTING_FULL_BOOKING,2026-02-21,09:45:00-10:45:00,2026,650,14142,,Fatima Khan,This name already booked as FULL in the same session; avoid duplicate Lite booking
REVIEW_POSSIBLE_EXISTING_FULL_BOOKING,2026-02-21,09:45:00-10:45:00,2026,651,14142,,Shakila Bibi,This name already booked as FULL in the same session; avoid duplicate Lite booking
REVIEW_POSSIBLE_EXISTING_FULL_BOOKING,2026-02-21,09:45:00-10:45:00,2026,652,14142,,Fozia Ali,This name already booked as FULL in the same session; avoid duplicate Lite booking
REVIEW_POSSIBLE_EXISTING_FULL_BOOKING,2026-02-21,09:45:00-10:45:00,2026,653,14142,,Azra Bibi,This name already booked as FULL in the same session; avoid duplicate Lite booking
REVIEW_POSSIBLE_EXISTING_FULL_BOOKING,2026-02-21,09:45:00-10:45:00,2026,654,14142,,Baheshta Miakhel,This name already booked as FULL in the same session; avoid duplicate Lite booking
REVIEW_POSSIBLE_EXISTING_FULL_BOOKING,2026-02-21,09:45:00-10:45:00,2026,655,14142,,Nasreen Akhtar,This name already booked as FULL in the same session; avoid duplicate Lite booking
REVIEW_POSSIBLE_EXISTING_FULL_BOOKING,2026-02-21,09:45:00-10:45:00,2026,656,14142,,Shaheen Akhtar,This name already booked as FULL in the same session; avoid duplicate Lite booking
REVIEW_POSSIBLE_EXISTING_FULL_BOOKING,2026-02-21,09:45:00-10:45:00,2026,657,14142,,Rubina Amar,This name already booked as FULL in the same session; avoid duplicate Lite booking
REVIEW_POSSIBLE_EXISTING_FULL_BOOKING,2026-02-21,11:00:00-12:00:00,2026,659,14143,,Mansoor Malik,This name already booked as FULL in the same session; avoid duplicate Lite booking
REVIEW_POSSIBLE_EXISTING_FULL_BOOKING,2026-02-21,11:00:00-12:00:00,2026,661,14143,,Mohammed Mumtaz,This name already booked as FULL in the same session; avoid duplicate Lite booking
REVIEW_POSSIBLE_EXISTING_FULL_BOOKING,2026-02-21,11:00:00-12:00:00,2026,662,14143,,Shahban Khan,This name already booked as FULL in the same session; avoid duplicate Lite booking
REVIEW_POSSIBLE_EXISTING_FULL_BOOKING,2026-02-21,11:00:00-12:00:00,2026,664,14143,,Abdul Majid,This name already booked as FULL in the same session; avoid duplicate Lite booking
REVIEW_POSSIBLE_EXISTING_FULL_BOOKING,2026-02-21,11:00:00-12:00:00,2026,665,14143,,Sabir Hussain,This name already booked as FULL in the same session; avoid duplicate Lite booking
REVIEW_POSSIBLE_EXISTING_FULL_BOOKING,2026-02-21,11:00:00-12:00:00,2026,666,14143,,Zubair Khan,This name already booked as FULL in the same session; avoid duplicate Lite booking
REVIEW_POSSIBLE_EXISTING_FULL_BOOKING,2026-02-23,11:00:00-12:00:00,2026,670,14144,,Rifat Sultana,This name already booked as FULL in the same session; avoid duplicate Lite booking
REVIEW_POSSIBLE_EXISTING_FULL_BOOKING,2026-02-23,11:00:00-12:00:00,2026,672,14144,,Saida Sharif,This name already booked as FULL in the same session; avoid duplicate Lite booking
REVIEW_POSSIBLE_EXISTING_FULL_BOOKING,2026-02-23,11:00:00-12:00:00,2026,674,14144,,Jennifer Mason,This name already booked as FULL in the same session; avoid duplicate Lite booking
REVIEW_POSSIBLE_EXISTING_FULL_BOOKING,2026-02-23,11:00:00-12:00:00,2026,675,14144,,Sahira Parveen,This name already booked as FULL in the same session; avoid duplicate Lite booking
REVIEW_POSSIBLE_EXISTING_FULL_BOOKING,2026-02-23,12:30:00-13:30:00,2026,680,14145,,Sultana Parveen,This name already booked as FULL in the same session; avoid duplicate Lite booking
REVIEW_POSSIBLE_EXISTING_FULL_BOOKING,2026-02-23,12:30:00-13:30:00,2026,681,14145,,Kowsar Rukhsana,This name already booked as FULL in the same session; avoid duplicate Lite booking
REVIEW_POSSIBLE_EXISTING_FULL_BOOKING,2026-02-23,12:30:00-13:30:00,2026,684,14145,,Ghazala Bibi,This name already booked as FULL in the same session; avoid duplicate Lite booking
REVIEW_POSSIBLE_EXISTING_FULL_BOOKING,2026-02-23,14:00:00-16:00:00,2026,686,14146,,Kamran Khan,This name already booked as FULL in the same session; avoid duplicate Lite booking
REVIEW_POSSIBLE_EXISTING_FULL_BOOKING,2026-02-23,14:00:00-16:00:00,2026,687,14146,,Abdul Majid,This name already booked as FULL in the same session; avoid duplicate Lite booking
REVIEW_POSSIBLE_EXISTING_FULL_BOOKING,2026-02-23,14:00:00-16:00:00,2026,688,14146,,Arshad Mahmood,This name already booked as FULL in the same session; avoid duplicate Lite booking
REVIEW_POSSIBLE_EXISTING_FULL_BOOKING,2026-02-23,14:00:00-16:00:00,2026,689,14146,,Mansoor Malik,This name already booked as FULL in the same session; avoid duplicate Lite booking
REVIEW_POSSIBLE_EXISTING_FULL_BOOKING,2026-02-23,14:00:00-16:00:00,2026,690,14146,,Thomas Walker,This name already booked as FULL in the same session; avoid duplicate Lite booking
REVIEW_POSSIBLE_EXISTING_FULL_BOOKING,2026-02-23,14:00:00-16:00:00,2026,691,14146,,Mohammed Nawaz,This name already booked as FULL in the same session; avoid duplicate Lite booking
REVIEW_POSSIBLE_EXISTING_FULL_BOOKING,2026-02-23,14:00:00-16:00:00,2026,692,14146,,Mohammed Akram,This name already booked as FULL in the same session; avoid duplicate Lite booking
REVIEW_POSSIBLE_EXISTING_FULL_BOOKING,2026-02-24,09:30:00-10:30:00,2026,695,14147,,Safraz Bibi,This name already booked as FULL in the same session; avoid duplicate Lite booking
REVIEW_POSSIBLE_EXISTING_FULL_BOOKING,2026-02-24,09:30:00-10:30:00,2026,696,14147,,Ghulab Zara,This name already booked as FULL in the same session; avoid duplicate Lite booking
REVIEW_POSSIBLE_EXISTING_FULL_BOOKING,2026-02-24,09:30:00-10:30:00,2026,697,14147,,Zainab Moosa,This name already booked as FULL in the same session; avoid duplicate Lite booking
REVIEW_POSSIBLE_EXISTING_FULL_BOOKING,2026-02-24,09:30:00-10:30:00,2026,698,14147,,Najabat Bibi,This name already booked as FULL in the same session; avoid duplicate Lite booking
REVIEW_POSSIBLE_EXISTING_FULL_BOOKING,2026-02-24,09:30:00-10:30:00,2026,699,14147,,Fayaz Begum,This name already booked as FULL in the same session; avoid duplicate Lite booking
REVIEW_POSSIBLE_EXISTING_FULL_BOOKING,2026-02-24,09:30:00-10:30:00,2026,700,14147,,Shakila Bi,This name already booked as FULL in the same session; avoid duplicate Lite booking
REVIEW_POSSIBLE_EXISTING_FULL_BOOKING,2026-02-24,09:30:00-10:30:00,2026,702,14147,,Akbar Jan,This name already booked as FULL in the same session; avoid duplicate Lite booking
REVIEW_POSSIBLE_EXISTING_FULL_BOOKING,2026-02-24,09:30:00-10:30:00,2026,703,14147,,Shumaila Begum,This name already booked as FULL in the same session; avoid duplicate Lite booking
REVIEW_POSSIBLE_EXISTING_FULL_BOOKING,2026-02-24,12:00:00-13:00:00,2026,704,14148,,Samina Javed,This name already booked as FULL in the same session; avoid duplicate Lite booking
REVIEW_POSSIBLE_EXISTING_FULL_BOOKING,2026-02-24,12:00:00-13:00:00,2026,705,14148,,Fozia Hafiz,This name already booked as FULL in the same session; avoid duplicate Lite booking
REVIEW_POSSIBLE_EXISTING_FULL_BOOKING,2026-02-24,12:00:00-13:00:00,2026,707,14148,,Azra Bibi,This name already booked as FULL in the same session; avoid duplicate Lite booking
REVIEW_POSSIBLE_EXISTING_FULL_BOOKING,2026-02-24,12:00:00-13:00:00,2026,708,14148,,Rifat Bano,This name already booked as FULL in the same session; avoid duplicate Lite booking
REVIEW_POSSIBLE_EXISTING_FULL_BOOKING,2026-02-24,12:00:00-13:00:00,2026,709,14148,,Ishrat Bano,This name already booked as FULL in the same session; avoid duplicate Lite booking
REVIEW_POSSIBLE_EXISTING_FULL_BOOKING,2026-02-24,12:00:00-13:00:00,2026,710,14148,,Maqsood Begum,This name already booked as FULL in the same session; avoid duplicate Lite booking
REVIEW_POSSIBLE_EXISTING_FULL_BOOKING,2026-02-24,12:00:00-13:00:00,2026,711,14148,,Angela Cross,This name already booked as FULL in the same session; avoid duplicate Lite booking
REVIEW_POSSIBLE_EXISTING_FULL_BOOKING,2026-02-25,11:00:00-12:00:00,2026,715,14149,,Mohammed Hanif Moosa,This name already booked as FULL in the same session; avoid duplicate Lite booking
REVIEW_POSSIBLE_EXISTING_FULL_BOOKING,2026-02-25,11:00:00-12:00:00,2026,717,14149,,Sabir Hussain,This name already booked as FULL in the same session; avoid duplicate Lite booking
REVIEW_POSSIBLE_EXISTING_FULL_BOOKING,2026-02-25,11:00:00-12:00:00,2026,718,14149,,Mohammed Akram,This name already booked as FULL in the same session; avoid duplicate Lite booking
REVIEW_POSSIBLE_EXISTING_FULL_BOOKING,2026-02-26,10:30:00-11:30:00,2026,724,14150,,Rubina Begum,This name already booked as FULL in the same session; avoid duplicate Lite booking
REVIEW_POSSIBLE_EXISTING_FULL_BOOKING,2026-02-26,10:30:00-11:30:00,2026,725,14150,,Shafia begum,This name already booked as FULL in the same session; avoid duplicate Lite booking
REVIEW_POSSIBLE_EXISTING_FULL_BOOKING,2026-02-26,10:30:00-11:30:00,2026,726,14150,,Yasmin Mehmood,This name already booked as FULL in the same session; avoid duplicate Lite booking
REVIEW_POSSIBLE_EXISTING_FULL_BOOKING,2026-02-26,10:30:00-11:30:00,2026,727,14150,,Naseem Akhtar,This name already booked as FULL in the same session; avoid duplicate Lite booking
REVIEW_POSSIBLE_EXISTING_FULL_BOOKING,2026-02-26,10:30:00-11:30:00,2026,728,14150,,Tahzim Akhtar,This name already booked as FULL in the same session; avoid duplicate Lite booking
REVIEW_POSSIBLE_EXISTING_FULL_BOOKING,2026-02-26,10:30:00-11:30:00,2026,729,14150,,Fatima Khan,This name already booked as FULL in the same session; avoid duplicate Lite booking
REVIEW_POSSIBLE_EXISTING_FULL_BOOKING,2026-02-26,12:00:00-13:00:00,2026,733,14151,,Robina Khatoon,This name already booked as FULL in the same session; avoid duplicate Lite booking
REVIEW_POSSIBLE_EXISTING_FULL_BOOKING,2026-02-26,12:00:00-13:00:00,2026,734,14151,,Kowsar Rukhsana,This name already booked as FULL in the same session; avoid duplicate Lite booking
REVIEW_POSSIBLE_EXISTING_FULL_BOOKING,2026-02-26,12:00:00-13:00:00,2026,735,14151,,Allah Raqhi,This name already booked as FULL in the same session; avoid duplicate Lite booking
REVIEW_POSSIBLE_EXISTING_FULL_BOOKING,2026-02-26,12:00:00-13:00:00,2026,736,14151,,Shaheen Akhtar,This name already booked as FULL in the same session; avoid duplicate Lite booking
REVIEW_POSSIBLE_EXISTING_FULL_BOOKING,2026-02-26,12:00:00-13:00:00,2026,737,14151,,Khalida Parveen,This name already booked as FULL in the same session; avoid duplicate Lite booking
REVIEW_POSSIBLE_EXISTING_FULL_BOOKING,2026-02-27,10:30:00-11:30:00,2026,740,14152,,Shakila Bibi,This name already booked as FULL in the same session; avoid duplicate Lite booking
REVIEW_POSSIBLE_EXISTING_FULL_BOOKING,2026-02-27,10:30:00-11:30:00,2026,741,14152,,Fozia Ali,This name already booked as FULL in the same session; avoid duplicate Lite booking
REVIEW_POSSIBLE_EXISTING_FULL_BOOKING,2026-02-27,10:30:00-11:30:00,2026,742,14152,,Kowsar Rukhsana,This name already booked as FULL in the same session; avoid duplicate Lite booking
REVIEW_POSSIBLE_EXISTING_FULL_BOOKING,2026-02-27,10:30:00-11:30:00,2026,743,14152,,Angela Cross,This name already booked as FULL in the same session; avoid duplicate Lite booking
REVIEW_POSSIBLE_EXISTING_FULL_BOOKING,2026-02-27,10:30:00-11:30:00,2026,744,14152,,Suleman Muhammad,This name already booked as FULL in the same session; avoid duplicate Lite booking
REVIEW_POSSIBLE_EXISTING_FULL_BOOKING,2026-02-27,10:30:00-11:30:00,2026,745,14152,,Mohammed Hanif Moosa,This name already booked as FULL in the same session; avoid duplicate Lite booking
REVIEW_POSSIBLE_EXISTING_FULL_BOOKING,2026-02-27,10:30:00-11:30:00,2026,746,14152,,Janet Corlis,This name already booked as FULL in the same session; avoid duplicate Lite booking
REVIEW_POSSIBLE_EXISTING_FULL_BOOKING,2026-02-27,10:30:00-11:30:00,2026,747,14152,,Zainab Moosa,This name already booked as FULL in the same session; avoid duplicate Lite booking
REVIEW_LITE_DOB_CONFLICT,2026-02-27,15:00:00-16:00:00,2026,749,,,Arshad Mahmood,
REVIEW_POSSIBLE_EXISTING_FULL_BOOKING,2026-02-27,15:00:00-16:00:00,2026,750,14153,,Mansoor Malik,This name already booked as FULL in the same session; avoid duplicate Lite booking
REVIEW_POSSIBLE_EXISTING_FULL_BOOKING,2026-02-27,15:00:00-16:00:00,2026,751,14153,,Abdul Majid,This name already booked as FULL in the same session; avoid duplicate Lite booking
REVIEW_POSSIBLE_EXISTING_FULL_BOOKING,2026-02-27,15:00:00-16:00:00,2026,752,14153,,Thomas Walker,This name already booked as FULL in the same session; avoid duplicate Lite booking
REVIEW_POSSIBLE_EXISTING_FULL_BOOKING,2026-02-27,15:00:00-16:00:00,2026,753,14153,,Mohammed Nawaz,This name already booked as FULL in the same session; avoid duplicate Lite booking
REVIEW_POSSIBLE_EXISTING_FULL_BOOKING,2026-02-27,15:00:00-16:00:00,2026,754,14153,,Mohammad Asghar,This name already booked as FULL in the same session; avoid duplicate Lite booking
REVIEW_POSSIBLE_EXISTING_FULL_BOOKING,2026-02-28,09:45:00-10:45:00,2026,759,14154,,Fozia Ali,This name already booked as FULL in the same session; avoid duplicate Lite booking
REVIEW_POSSIBLE_EXISTING_FULL_BOOKING,2026-02-28,09:45:00-10:45:00,2026,760,14154,,Shakila Bibi,This name already booked as FULL in the same session; avoid duplicate Lite booking
REVIEW_POSSIBLE_EXISTING_FULL_BOOKING,2026-02-28,09:45:00-10:45:00,2026,764,14154,,Baheshta Miakhel,This name already booked as FULL in the same session; avoid duplicate Lite booking
REVIEW_POSSIBLE_EXISTING_FULL_BOOKING,2026-02-28,11:00:00-12:00:00,2026,767,14155,,Suleman Muhammad,This name already booked as FULL in the same session; avoid duplicate Lite booking
REVIEW_POSSIBLE_EXISTING_FULL_BOOKING,2026-02-28,11:00:00-12:00:00,2026,768,14155,,Mohammed Mahroof,This name already booked as FULL in the same session; avoid duplicate Lite booking
REVIEW_POSSIBLE_EXISTING_FULL_BOOKING,2026-02-28,11:00:00-12:00:00,2026,769,14155,,Shahban Khan,This name already booked as FULL in the same session; avoid duplicate Lite booking
REVIEW_POSSIBLE_EXISTING_FULL_BOOKING,2026-02-28,11:00:00-12:00:00,2026,771,14155,,Shah Nawaz,This name already booked as FULL in the same session; avoid duplicate Lite booking
REVIEW_POSSIBLE_EXISTING_FULL_BOOKING,2026-02-28,11:00:00-12:00:00,2026,772,14155,,Sabir Hussain,This name already booked as FULL in the same session; avoid duplicate Lite booking
REVIEW_POSSIBLE_EXISTING_FULL_BOOKING,2026-02-28,11:00:00-12:00:00,2026,774,14155,,Gul Ahmed,This name already booked as FULL in the same session; avoid duplicate Lite booking
REVIEW_POSSIBLE_EXISTING_FULL_BOOKING,2026-03-02,11:00:00-12:00:00,2026,776,14156,,Rifat Sultana,This name already booked as FULL in the same session; avoid duplicate Lite booking
REVIEW_POSSIBLE_EXISTING_FULL_BOOKING,2026-03-02,11:00:00-12:00:00,2026,777,14156,,Sahira Parveen,This name already booked as FULL in the same session; avoid duplicate Lite booking
REVIEW_POSSIBLE_EXISTING_FULL_BOOKING,2026-03-02,11:00:00-12:00:00,2026,778,14156,,Nusrat Bibi,This name already booked as FULL in the same session; avoid duplicate Lite booking
REVIEW_POSSIBLE_EXISTING_FULL_BOOKING,2026-03-02,11:00:00-12:00:00,2026,779,14156,,Ghulab Zara,This name already booked as FULL in the same session; avoid duplicate Lite booking
REVIEW_POSSIBLE_EXISTING_FULL_BOOKING,2026-03-02,11:00:00-12:00:00,2026,781,14156,,Maryam Bibi,This name already booked as FULL in the same session; avoid duplicate Lite booking
REVIEW_POSSIBLE_EXISTING_FULL_BOOKING,2026-03-02,11:00:00-12:00:00,2026,782,14156,,Millicent Donaldson,This name already booked as FULL in the same session; avoid duplicate Lite booking
REVIEW_POSSIBLE_EXISTING_FULL_BOOKING,2026-03-02,12:30:00-13:30:00,2026,786,14157,,Sultana Parveen,This name already booked as FULL in the same session; avoid duplicate Lite booking
REVIEW_POSSIBLE_EXISTING_FULL_BOOKING,2026-03-02,12:30:00-13:30:00,2026,787,14157,,Kowsar Rukhsana,This name already booked as FULL in the same session; avoid duplicate Lite booking
REVIEW_POSSIBLE_EXISTING_FULL_BOOKING,2026-03-02,12:30:00-13:30:00,2026,788,14157,,Ghazala Bibi,This name already booked as FULL in the same session; avoid duplicate Lite booking
REVIEW_POSSIBLE_EXISTING_FULL_BOOKING,2026-03-02,12:30:00-13:30:00,2026,790,14157,,Fatima Khan,This name already booked as FULL in the same session; avoid duplicate Lite booking
REVIEW_POSSIBLE_EXISTING_FULL_BOOKING,2026-03-02,12:30:00-13:30:00,2026,792,14157,,Khalida Parveen,This name already booked as FULL in the same session; avoid duplicate Lite booking
REVIEW_POSSIBLE_EXISTING_FULL_BOOKING,2026-03-03,09:30:00-10:30:00,2026,803,14158,,Iqra Nur Hussain,This name already booked as FULL in the same session; avoid duplicate Lite booking
REVIEW_POSSIBLE_EXISTING_FULL_BOOKING,2026-03-03,09:30:00-10:30:00,2026,806,14158,,Rashida Khatoon,This name already booked as FULL in the same session; avoid duplicate Lite booking
REVIEW_POSSIBLE_EXISTING_FULL_BOOKING,2026-03-03,09:30:00-10:30:00,2026,807,14158,,Najabat Bibi,This name already booked as FULL in the same session; avoid duplicate Lite booking
REVIEW_POSSIBLE_EXISTING_FULL_BOOKING,2026-03-03,09:30:00-10:30:00,2026,808,14158,,Zainab Moosa,This name already booked as FULL in the same session; avoid duplicate Lite booking
REVIEW_POSSIBLE_EXISTING_FULL_BOOKING,2026-03-03,09:30:00-10:30:00,2026,809,14158,,Shumaila Begum,This name already booked as FULL in the same session; avoid duplicate Lite booking
REVIEW_POSSIBLE_EXISTING_FULL_BOOKING,2026-03-03,09:30:00-10:30:00,2026,810,14158,,Safraz Bibi,This name already booked as FULL in the same session; avoid duplicate Lite booking
REVIEW_POSSIBLE_EXISTING_FULL_BOOKING,2026-03-03,12:00:00-13:00:00,2026,813,14159,,Samina Javed,This name already booked as FULL in the same session; avoid duplicate Lite booking
REVIEW_POSSIBLE_EXISTING_FULL_BOOKING,2026-03-03,12:00:00-13:00:00,2026,814,14159,,Fayaz Begum,This name already booked as FULL in the same session; avoid duplicate Lite booking
REVIEW_POSSIBLE_EXISTING_FULL_BOOKING,2026-03-03,12:00:00-13:00:00,2026,815,14159,,Jennifer Mason,This name already booked as FULL in the same session; avoid duplicate Lite booking
REVIEW_POSSIBLE_EXISTING_FULL_BOOKING,2026-03-03,12:00:00-13:00:00,2026,819,14159,,Azra Bibi,This name already booked as FULL in the same session; avoid duplicate Lite booking
REVIEW_POSSIBLE_EXISTING_FULL_BOOKING,2026-03-04,11:00:00-12:00:00,2026,821,14160,,Sabir Hussain,This name already booked as FULL in the same session; avoid duplicate Lite booking
REVIEW_POSSIBLE_EXISTING_FULL_BOOKING,2026-03-04,11:00:00-12:00:00,2026,823,14160,,Mohammed Fazal,This name already booked as FULL in the same session; avoid duplicate Lite booking
REVIEW_POSSIBLE_EXISTING_FULL_BOOKING,2026-03-04,11:00:00-12:00:00,2026,824,14160,,Mohammed Hanif Moosa,This name already booked as FULL in the same session; avoid duplicate Lite booking
REVIEW_POSSIBLE_EXISTING_FULL_BOOKING,2026-03-04,11:00:00-12:00:00,2026,825,14160,,Mohammed Akram,This name already booked as FULL in the same session; avoid duplicate Lite booking
REVIEW_POSSIBLE_EXISTING_FULL_BOOKING,2026-03-04,11:00:00-12:00:00,2026,827,14160,,Mohammed Shakeel,This name already booked as FULL in the same session; avoid duplicate Lite booking
REVIEW_POSSIBLE_EXISTING_FULL_BOOKING,2026-03-05,10:30:00-11:30:00,2026,830,14161,,Raheela Bibi,This name already booked as FULL in the same session; avoid duplicate Lite booking
REVIEW_POSSIBLE_EXISTING_FULL_BOOKING,2026-03-05,10:30:00-11:30:00,2026,831,14161,,Yasmin Mehmood,This name already booked as FULL in the same session; avoid duplicate Lite booking
REVIEW_POSSIBLE_EXISTING_FULL_BOOKING,2026-03-05,10:30:00-11:30:00,2026,832,14161,,Rubina Begum,This name already booked as FULL in the same session; avoid duplicate Lite booking
REVIEW_POSSIBLE_EXISTING_FULL_BOOKING,2026-03-05,10:30:00-11:30:00,2026,833,14161,,Tahzim Akhtar,This name already booked as FULL in the same session; avoid duplicate Lite booking
REVIEW_POSSIBLE_EXISTING_FULL_BOOKING,2026-03-05,10:30:00-11:30:00,2026,834,14161,,Naseem Akhtar,This name already booked as FULL in the same session; avoid duplicate Lite booking
REVIEW_POSSIBLE_EXISTING_FULL_BOOKING,2026-03-05,10:30:00-11:30:00,2026,835,14161,,Shafia begum,This name already booked as FULL in the same session; avoid duplicate Lite booking
REVIEW_POSSIBLE_EXISTING_FULL_BOOKING,2026-03-05,10:30:00-11:30:00,2026,836,14161,,Kowsar Rukhsana,This name already booked as FULL in the same session; avoid duplicate Lite booking
REVIEW_POSSIBLE_EXISTING_FULL_BOOKING,2026-03-05,10:30:00-11:30:00,2026,837,14161,,Janet Corlis,This name already booked as FULL in the same session; avoid duplicate Lite booking
REVIEW_POSSIBLE_EXISTING_FULL_BOOKING,2026-03-05,12:00:00-13:00:00,2026,840,14162,,Fozia Hafiz,This name already booked as FULL in the same session; avoid duplicate Lite booking
REVIEW_POSSIBLE_EXISTING_FULL_BOOKING,2026-03-05,12:00:00-13:00:00,2026,843,14162,,Allah Raqhi,This name already booked as FULL in the same session; avoid duplicate Lite booking
REVIEW_POSSIBLE_EXISTING_FULL_BOOKING,2026-03-05,12:00:00-13:00:00,2026,844,14162,,Shaheen Akhtar,This name already booked as FULL in the same session; avoid duplicate Lite booking
REVIEW_POSSIBLE_EXISTING_FULL_BOOKING,2026-03-05,12:00:00-13:00:00,2026,846,14162,,Akbar Jan,This name already booked as FULL in the same session; avoid duplicate Lite booking
REVIEW_POSSIBLE_EXISTING_FULL_BOOKING,2026-03-06,10:30:00-11:30:00,2026,848,14163,,Kowsar Rukhsana,This name already booked as FULL in the same session; avoid duplicate Lite booking
REVIEW_POSSIBLE_EXISTING_FULL_BOOKING,2026-03-06,10:30:00-11:30:00,2026,849,14163,,Jennifer Mason,This name already booked as FULL in the same session; avoid duplicate Lite booking
REVIEW_POSSIBLE_EXISTING_FULL_BOOKING,2026-03-06,10:30:00-11:30:00,2026,851,14163,,Suleman Muhammad,This name already booked as FULL in the same session; avoid duplicate Lite booking
REVIEW_POSSIBLE_EXISTING_FULL_BOOKING,2026-03-06,10:30:00-11:30:00,2026,852,14163,,Mohammed Hanif Moosa,This name already booked as FULL in the same session; avoid duplicate Lite booking
REVIEW_POSSIBLE_EXISTING_FULL_BOOKING,2026-03-06,10:30:00-11:30:00,2026,853,14163,,Zainab Moosa,This name already booked as FULL in the same session; avoid duplicate Lite booking
REVIEW_POSSIBLE_EXISTING_FULL_BOOKING,2026-03-06,10:30:00-11:30:00,2026,854,14163,,Angela Cross,This name already booked as FULL in the same session; avoid duplicate Lite booking
REVIEW_POSSIBLE_EXISTING_FULL_BOOKING,2026-03-06,10:30:00-11:30:00,2026,855,14163,,Patricia Lawrence,This name already booked as FULL in the same session; avoid duplicate Lite booking
REVIEW_LITE_DOB_CONFLICT,2026-03-06,15:00:00-16:00:00,2026,857,,,Arshad Mahmood,
REVIEW_POSSIBLE_EXISTING_FULL_BOOKING,2026-03-06,15:00:00-16:00:00,2026,858,14164,,Mansoor Malik,This name already booked as FULL in the same session; avoid duplicate Lite booking
REVIEW_POSSIBLE_EXISTING_FULL_BOOKING,2026-03-06,15:00:00-16:00:00,2026,859,14164,,Abdul Majid,This name already booked as FULL in the same session; avoid duplicate Lite booking
REVIEW_POSSIBLE_EXISTING_FULL_BOOKING,2026-03-06,15:00:00-16:00:00,2026,860,14164,,Thomas Walker,This name already booked as FULL in the same session; avoid duplicate Lite booking
REVIEW_POSSIBLE_EXISTING_FULL_BOOKING,2026-03-06,15:00:00-16:00:00,2026,861,14164,,Mohammed Nawaz,This name already booked as FULL in the same session; avoid duplicate Lite booking
REVIEW_POSSIBLE_EXISTING_FULL_BOOKING,2026-03-06,15:00:00-16:00:00,2026,862,14164,,Mohammad Asghar,This name already booked as FULL in the same session; avoid duplicate Lite booking
REVIEW_POSSIBLE_EXISTING_FULL_BOOKING,2026-03-06,15:00:00-16:00:00,2026,864,14164,,Mohammed Ayub,This name already booked as FULL in the same session; avoid duplicate Lite booking
REVIEW_POSSIBLE_EXISTING_FULL_BOOKING,2026-03-07,09:45:00-10:45:00,2026,869,14165,,Fozia Ali,This name already booked as FULL in the same session; avoid duplicate Lite booking
REVIEW_POSSIBLE_EXISTING_FULL_BOOKING,2026-03-07,09:45:00-10:45:00,2026,870,14165,,Shakila Bibi,This name already booked as FULL in the same session; avoid duplicate Lite booking
REVIEW_POSSIBLE_EXISTING_FULL_BOOKING,2026-03-07,09:45:00-10:45:00,2026,871,14165,,Baheshta Miakhel,This name already booked as FULL in the same session; avoid duplicate Lite booking
REVIEW_POSSIBLE_EXISTING_FULL_BOOKING,2026-03-07,11:00:00-12:00:00,2026,875,14166,,Gul Ahmed,This name already booked as FULL in the same session; avoid duplicate Lite booking
REVIEW_POSSIBLE_EXISTING_FULL_BOOKING,2026-03-07,11:00:00-12:00:00,2026,876,14166,,Abdul Majid,This name already booked as FULL in the same session; avoid duplicate Lite booking
REVIEW_POSSIBLE_EXISTING_FULL_BOOKING,2026-03-07,11:00:00-12:00:00,2026,878,14166,,Shah Nawaz,This name already booked as FULL in the same session; avoid duplicate Lite booking
REVIEW_POSSIBLE_EXISTING_FULL_BOOKING,2026-03-07,11:00:00-12:00:00,2026,879,14166,,Sabir Hussain,This name already booked as FULL in the same session; avoid duplicate Lite booking
REVIEW_POSSIBLE_EXISTING_FULL_BOOKING,2026-03-07,11:00:00-12:00:00,2026,880,14166,,Mohammed Mahroof,This name already booked as FULL in the same session; avoid duplicate Lite booking
REVIEW_POSSIBLE_EXISTING_FULL_BOOKING,2026-03-07,11:00:00-12:00:00,2026,881,14166,,Shahban Khan,This name already booked as FULL in the same session; avoid duplicate Lite booking
REVIEW_POSSIBLE_EXISTING_FULL_BOOKING,2026-03-07,11:00:00-12:00:00,2026,882,14166,,Mansoor Malik,This name already booked as FULL in the same session; avoid duplicate Lite booking
REVIEW_POSSIBLE_EXISTING_FULL_BOOKING,2026-03-09,11:00:00-12:00:00,2026,884,14167,,Ghulab Zara,This name already booked as FULL in the same session; avoid duplicate Lite booking
REVIEW_POSSIBLE_EXISTING_FULL_BOOKING,2026-03-09,11:00:00-12:00:00,2026,885,14167,,Nusrat Bibi,This name already booked as FULL in the same session; avoid duplicate Lite booking
REVIEW_POSSIBLE_EXISTING_FULL_BOOKING,2026-03-09,11:00:00-12:00:00,2026,886,14167,,Sahira Parveen,This name already booked as FULL in the same session; avoid duplicate Lite booking
REVIEW_POSSIBLE_EXISTING_FULL_BOOKING,2026-03-09,11:00:00-12:00:00,2026,887,14167,,Rifat Sultana,This name already booked as FULL in the same session; avoid duplicate Lite booking
REVIEW_POSSIBLE_EXISTING_FULL_BOOKING,2026-03-09,11:00:00-12:00:00,2026,888,14167,,Maryam Bibi,This name already booked as FULL in the same session; avoid duplicate Lite booking
REVIEW_POSSIBLE_EXISTING_FULL_BOOKING,2026-03-09,11:00:00-12:00:00,2026,890,14167,,Jennifer Mason,This name already booked as FULL in the same session; avoid duplicate Lite booking
REVIEW_POSSIBLE_EXISTING_FULL_BOOKING,2026-03-09,12:30:00-13:30:00,2026,894,14168,,Kowsar Rukhsana,This name already booked as FULL in the same session; avoid duplicate Lite booking
REVIEW_POSSIBLE_EXISTING_FULL_BOOKING,2026-03-09,12:30:00-13:30:00,2026,896,14168,,Sultana Parveen,This name already booked as FULL in the same session; avoid duplicate Lite booking
REVIEW_POSSIBLE_EXISTING_FULL_BOOKING,2026-03-09,12:30:00-13:30:00,2026,897,14168,,Ghazala Bibi,This name already booked as FULL in the same session; avoid duplicate Lite booking
REVIEW_POSSIBLE_EXISTING_FULL_BOOKING,2026-03-09,12:30:00-13:30:00,2026,898,14168,,Sabah Sajid,This name already booked as FULL in the same session; avoid duplicate Lite booking
REVIEW_POSSIBLE_EXISTING_FULL_BOOKING,2026-03-09,12:30:00-13:30:00,2026,899,14168,,Khalida Parveen,This name already booked as FULL in the same session; avoid duplicate Lite booking
REVIEW_POSSIBLE_EXISTING_FULL_BOOKING,2026-03-09,12:30:00-13:30:00,2026,900,14168,,Fayaz Begum,This name already booked as FULL in the same session; avoid duplicate Lite booking
REVIEW_POSSIBLE_EXISTING_FULL_BOOKING,2026-03-09,14:00:00-16:00:00,2026,902,14169,,Kamran Khan,This name already booked as FULL in the same session; avoid duplicate Lite booking
REVIEW_POSSIBLE_EXISTING_FULL_BOOKING,2026-03-09,14:00:00-16:00:00,2026,903,14169,,Mohammed Akram,This name already booked as FULL in the same session; avoid duplicate Lite booking
REVIEW_POSSIBLE_EXISTING_FULL_BOOKING,2026-03-09,14:00:00-16:00:00,2026,904,14169,,Mohammed Nawaz,This name already booked as FULL in the same session; avoid duplicate Lite booking
REVIEW_POSSIBLE_EXISTING_FULL_BOOKING,2026-03-09,14:00:00-16:00:00,2026,906,14169,,Mansoor Malik,This name already booked as FULL in the same session; avoid duplicate Lite booking
REVIEW_LITE_DOB_CONFLICT,2026-03-09,14:00:00-16:00:00,2026,907,,,Arshad Mahmood,
REVIEW_POSSIBLE_EXISTING_FULL_BOOKING,2026-03-10,09:30:00-10:30:00,2026,912,14170,,Najabat Bibi,This name already booked as FULL in the same session; avoid duplicate Lite booking
REVIEW_POSSIBLE_EXISTING_FULL_BOOKING,2026-03-10,09:30:00-10:30:00,2026,913,14170,,Iqra Nur Hussain,This name already booked as FULL in the same session; avoid duplicate Lite booking
REVIEW_POSSIBLE_EXISTING_FULL_BOOKING,2026-03-10,09:30:00-10:30:00,2026,914,14170,,Jinnat Ara,This name already booked as FULL in the same session; avoid duplicate Lite booking
REVIEW_POSSIBLE_EXISTING_FULL_BOOKING,2026-03-10,09:30:00-10:30:00,2026,916,14170,,Rashida Khatoon,This name already booked as FULL in the same session; avoid duplicate Lite booking
REVIEW_POSSIBLE_EXISTING_FULL_BOOKING,2026-03-10,09:30:00-10:30:00,2026,917,14170,,Zainab Moosa,This name already booked as FULL in the same session; avoid duplicate Lite booking
REVIEW_POSSIBLE_EXISTING_FULL_BOOKING,2026-03-10,12:00:00-13:00:00,2026,920,14171,,Samina Javed,This name already booked as FULL in the same session; avoid duplicate Lite booking
REVIEW_POSSIBLE_EXISTING_FULL_BOOKING,2026-03-11,11:00:00-12:00:00,2026,929,14172,,Abdul Majid,This name already booked as FULL in the same session; avoid duplicate Lite booking
REVIEW_POSSIBLE_EXISTING_FULL_BOOKING,2026-03-11,11:00:00-12:00:00,2026,930,14172,,Sabir Hussain,This name already booked as FULL in the same session; avoid duplicate Lite booking
REVIEW_POSSIBLE_EXISTING_FULL_BOOKING,2026-03-11,11:00:00-12:00:00,2026,931,14172,,Mohammed Hanif Moosa,This name already booked as FULL in the same session; avoid duplicate Lite booking
REVIEW_POSSIBLE_EXISTING_FULL_BOOKING,2026-03-11,11:00:00-12:00:00,2026,932,14172,,Mohammed Akram,This name already booked as FULL in the same session; avoid duplicate Lite booking
REVIEW_POSSIBLE_EXISTING_FULL_BOOKING,2026-03-11,11:00:00-12:00:00,2026,935,14172,,Shah Nawaz,This name already booked as FULL in the same session; avoid duplicate Lite booking
REVIEW_POSSIBLE_EXISTING_FULL_BOOKING,2026-03-12,10:30:00-11:30:00,2026,939,14173,,Sobia Ilahi,This name already booked as FULL in the same session; avoid duplicate Lite booking
REVIEW_POSSIBLE_EXISTING_FULL_BOOKING,2026-03-12,10:30:00-11:30:00,2026,940,14173,,Janet Corlis,This name already booked as FULL in the same session; avoid duplicate Lite booking
REVIEW_POSSIBLE_EXISTING_FULL_BOOKING,2026-03-12,10:30:00-11:30:00,2026,943,14173,,Shafia begum,This name already booked as FULL in the same session; avoid duplicate Lite booking
REVIEW_POSSIBLE_EXISTING_FULL_BOOKING,2026-03-12,10:30:00-11:30:00,2026,944,14173,,Kowsar Rukhsana,This name already booked as FULL in the same session; avoid duplicate Lite booking
REVIEW_POSSIBLE_EXISTING_FULL_BOOKING,2026-03-12,10:30:00-11:30:00,2026,945,14173,,Raheela Bibi,This name already booked as FULL in the same session; avoid duplicate Lite booking
REVIEW_POSSIBLE_EXISTING_FULL_BOOKING,2026-03-12,12:00:00-13:00:00,2026,947,14174,,Iqra Nur Hussain,This name already booked as FULL in the same session; avoid duplicate Lite booking
REVIEW_POSSIBLE_EXISTING_FULL_BOOKING,2026-03-12,12:00:00-13:00:00,2026,948,14174,,Fozia Hafiz,This name already booked as FULL in the same session; avoid duplicate Lite booking
REVIEW_POSSIBLE_EXISTING_FULL_BOOKING,2026-03-12,12:00:00-13:00:00,2026,949,14174,,Shaheen Akhtar,This name already booked as FULL in the same session; avoid duplicate Lite booking
REVIEW_POSSIBLE_EXISTING_FULL_BOOKING,2026-03-12,12:00:00-13:00:00,2026,950,14174,,Shakila Bi,This name already booked as FULL in the same session; avoid duplicate Lite booking
REVIEW_POSSIBLE_EXISTING_FULL_BOOKING,2026-03-12,12:00:00-13:00:00,2026,953,14174,,Akbar Jan,This name already booked as FULL in the same session; avoid duplicate Lite booking
REVIEW_POSSIBLE_EXISTING_FULL_BOOKING,2026-03-13,10:30:00-11:30:00,2026,957,14175,,Mohammed Hanif Moosa,This name already booked as FULL in the same session; avoid duplicate Lite booking
REVIEW_POSSIBLE_EXISTING_FULL_BOOKING,2026-03-13,10:30:00-11:30:00,2026,958,14175,,Suleman Muhammad,This name already booked as FULL in the same session; avoid duplicate Lite booking
REVIEW_POSSIBLE_EXISTING_FULL_BOOKING,2026-03-13,10:30:00-11:30:00,2026,959,14175,,Zainab Moosa,This name already booked as FULL in the same session; avoid duplicate Lite booking
REVIEW_POSSIBLE_EXISTING_FULL_BOOKING,2026-03-13,10:30:00-11:30:00,2026,961,14175,,Angela Cross,This name already booked as FULL in the same session; avoid duplicate Lite booking
REVIEW_POSSIBLE_EXISTING_FULL_BOOKING,2026-03-13,10:30:00-11:30:00,2026,962,14175,,Patricia Lawrence,This name already booked as FULL in the same session; avoid duplicate Lite booking
REVIEW_POSSIBLE_EXISTING_FULL_BOOKING,2026-03-13,10:30:00-11:30:00,2026,963,14175,,Sahira Parveen,This name already booked as FULL in the same session; avoid duplicate Lite booking
REVIEW_POSSIBLE_EXISTING_FULL_BOOKING,2026-03-13,15:00:00-16:00:00,2026,965,14176,,Mohammad Asghar,This name already booked as FULL in the same session; avoid duplicate Lite booking
REVIEW_POSSIBLE_EXISTING_FULL_BOOKING,2026-03-13,15:00:00-16:00:00,2026,966,14176,,Mazhar Hussain,This name already booked as FULL in the same session; avoid duplicate Lite booking
REVIEW_POSSIBLE_EXISTING_FULL_BOOKING,2026-03-13,15:00:00-16:00:00,2026,967,14176,,Mansoor Malik,This name already booked as FULL in the same session; avoid duplicate Lite booking
REVIEW_POSSIBLE_EXISTING_FULL_BOOKING,2026-03-13,15:00:00-16:00:00,2026,968,14176,,Abdul Majid,This name already booked as FULL in the same session; avoid duplicate Lite booking
REVIEW_POSSIBLE_EXISTING_FULL_BOOKING,2026-03-13,15:00:00-16:00:00,2026,969,14176,,Mohammed Nawaz,This name already booked as FULL in the same session; avoid duplicate Lite booking
REVIEW_POSSIBLE_EXISTING_FULL_BOOKING,2026-03-13,15:00:00-16:00:00,2026,970,14176,,Thomas Walker,This name already booked as FULL in the same session; avoid duplicate Lite booking
REVIEW_POSSIBLE_EXISTING_FULL_BOOKING,2026-03-13,15:00:00-16:00:00,2026,971,14176,,Mohammed Akram,This name already booked as FULL in the same session; avoid duplicate Lite booking
REVIEW_POSSIBLE_EXISTING_FULL_BOOKING,2026-03-13,15:00:00-16:00:00,2026,972,14176,,Qamar Zaman,This name already booked as FULL in the same session; avoid duplicate Lite booking
REVIEW_POSSIBLE_EXISTING_FULL_BOOKING,2026-03-14,09:45:00-10:45:00,2026,974,14177,,Shaheen Akhtar,This name already booked as FULL in the same session; avoid duplicate Lite booking
REVIEW_POSSIBLE_EXISTING_FULL_BOOKING,2026-03-14,09:45:00-10:45:00,2026,976,14177,,Sajida Mahmood,This name already booked as FULL in the same session; avoid duplicate Lite booking
REVIEW_POSSIBLE_EXISTING_FULL_BOOKING,2026-03-14,09:45:00-10:45:00,2026,978,14177,,Saida Sharif,This name already booked as FULL in the same session; avoid duplicate Lite booking
REVIEW_POSSIBLE_EXISTING_FULL_BOOKING,2026-03-14,09:45:00-10:45:00,2026,979,14177,,Baheshta Miakhel,This name already booked as FULL in the same session; avoid duplicate Lite booking
REVIEW_POSSIBLE_EXISTING_FULL_BOOKING,2026-03-14,09:45:00-10:45:00,2026,980,14177,,Fozia Ali,This name already booked as FULL in the same session; avoid duplicate Lite booking
REVIEW_POSSIBLE_EXISTING_FULL_BOOKING,2026-03-14,09:45:00-10:45:00,2026,981,14177,,Shakila Bibi,This name already booked as FULL in the same session; avoid duplicate Lite booking
REVIEW_POSSIBLE_EXISTING_FULL_BOOKING,2026-03-14,11:00:00-12:00:00,2026,983,14178,,Mohammed Fazal,This name already booked as FULL in the same session; avoid duplicate Lite booking
REVIEW_POSSIBLE_EXISTING_FULL_BOOKING,2026-03-14,11:00:00-12:00:00,2026,984,14178,,Zubair Khan,This name already booked as FULL in the same session; avoid duplicate Lite booking
REVIEW_POSSIBLE_EXISTING_FULL_BOOKING,2026-03-14,11:00:00-12:00:00,2026,986,14178,,Sabir Hussain,This name already booked as FULL in the same session; avoid duplicate Lite booking
REVIEW_POSSIBLE_EXISTING_FULL_BOOKING,2026-03-14,11:00:00-12:00:00,2026,987,14178,,Mansoor Malik,This name already booked as FULL in the same session; avoid duplicate Lite booking
REVIEW_POSSIBLE_EXISTING_FULL_BOOKING,2026-03-14,11:00:00-12:00:00,2026,988,14178,,Shahban Khan,This name already booked as FULL in the same session; avoid duplicate Lite booking
REVIEW_POSSIBLE_EXISTING_FULL_BOOKING,2026-03-14,11:00:00-12:00:00,2026,989,14178,,Mohammed Akram,This name already booked as FULL in the same session; avoid duplicate Lite booking
REVIEW_POSSIBLE_EXISTING_FULL_BOOKING,2026-03-14,11:00:00-12:00:00,2026,990,14178,,Mohammad Asghar,This name already booked as FULL in the same session; avoid duplicate Lite booking
REVIEW_POSSIBLE_EXISTING_FULL_BOOKING,2026-03-17,09:30:00-10:30:00,2026,1020,14182,,Ghulab Zara,This name already booked as FULL in the same session; avoid duplicate Lite booking
REVIEW_POSSIBLE_EXISTING_FULL_BOOKING,2026-03-17,09:30:00-10:30:00,2026,1021,14182,,Sahira Parveen,This name already booked as FULL in the same session; avoid duplicate Lite booking
REVIEW_POSSIBLE_EXISTING_FULL_BOOKING,2026-03-17,09:30:00-10:30:00,2026,1024,14182,,Ishrat parveen,This name already booked as FULL in the same session; avoid duplicate Lite booking
REVIEW_POSSIBLE_EXISTING_FULL_BOOKING,2026-03-17,09:30:00-10:30:00,2026,1026,14182,,Fayaz Begum,This name already booked as FULL in the same session; avoid duplicate Lite booking
REVIEW_POSSIBLE_EXISTING_FULL_BOOKING,2026-03-17,12:00:00-13:00:00,2026,1028,14183,,Samina Javed,This name already booked as FULL in the same session; avoid duplicate Lite booking
REVIEW_POSSIBLE_EXISTING_FULL_BOOKING,2026-03-17,12:00:00-13:00:00,2026,1029,14183,,Afia Rafiq,This name already booked as FULL in the same session; avoid duplicate Lite booking
REVIEW_POSSIBLE_EXISTING_FULL_BOOKING,2026-03-17,12:00:00-13:00:00,2026,1030,14183,,Zainab Rafiq,This name already booked as FULL in the same session; avoid duplicate Lite booking
REVIEW_POSSIBLE_EXISTING_FULL_BOOKING,2026-03-17,12:00:00-13:00:00,2026,1033,14183,,Sultana Parveen,This name already booked as FULL in the same session; avoid duplicate Lite booking
REVIEW_LITE_DOB_CONFLICT,2026-03-17,12:00:00-13:00:00,2026,1034,,,Kowsar Rukhsana,
REVIEW_POSSIBLE_EXISTING_FULL_BOOKING,2026-03-17,12:00:00-13:00:00,2026,1035,14183,,Nazma Bi,This name already booked as FULL in the same session; avoid duplicate Lite booking
REVIEW_POSSIBLE_EXISTING_FULL_BOOKING,2026-03-18,11:00:00-12:00:00,2026,1038,14184,,Mohammed Hanif Moosa,This name already booked as FULL in the same session; avoid duplicate Lite booking
REVIEW_POSSIBLE_EXISTING_FULL_BOOKING,2026-03-18,11:00:00-12:00:00,2026,1039,14184,,Sabir Hussain,This name already booked as FULL in the same session; avoid duplicate Lite booking
REVIEW_POSSIBLE_EXISTING_FULL_BOOKING,2026-03-18,11:00:00-12:00:00,2026,1040,14184,,Shah Nawaz,This name already booked as FULL in the same session; avoid duplicate Lite booking
REVIEW_POSSIBLE_EXISTING_FULL_BOOKING,2026-03-18,11:00:00-12:00:00,2026,1041,14184,,Thomas Walker,This name already booked as FULL in the same session; avoid duplicate Lite booking
REVIEW_POSSIBLE_EXISTING_FULL_BOOKING,2026-03-18,11:00:00-12:00:00,2026,1043,14184,,Abdul Majid,This name already booked as FULL in the same session; avoid duplicate Lite booking
REVIEW_POSSIBLE_EXISTING_FULL_BOOKING,2026-03-18,11:00:00-12:00:00,2026,1044,14184,,Mansoor Malik,This name already booked as FULL in the same session; avoid duplicate Lite booking
REVIEW_POSSIBLE_EXISTING_FULL_BOOKING,2026-03-19,10:30:00-11:30:00,2026,1046,14185,,Avon Joseph,This name already booked as FULL in the same session; avoid duplicate Lite booking
REVIEW_POSSIBLE_EXISTING_FULL_BOOKING,2026-03-19,10:30:00-11:30:00,2026,1048,14185,,Kaneez Akhtar,This name already booked as FULL in the same session; avoid duplicate Lite booking
REVIEW_POSSIBLE_EXISTING_FULL_BOOKING,2026-03-19,10:30:00-11:30:00,2026,1049,14185,,Kowsar Rukhsana,This name already booked as FULL in the same session; avoid duplicate Lite booking
REVIEW_POSSIBLE_EXISTING_FULL_BOOKING,2026-03-19,10:30:00-11:30:00,2026,1051,14185,,Janet Corlis,This name already booked as FULL in the same session; avoid duplicate Lite booking
REVIEW_POSSIBLE_EXISTING_FULL_BOOKING,2026-03-19,12:00:00-13:00:00,2026,1057,14186,,Iqra Nur Hussain,This name already booked as FULL in the same session; avoid duplicate Lite booking
REVIEW_POSSIBLE_EXISTING_FULL_BOOKING,2026-03-23,11:00:00-12:00:00,2026,1100,14191,,Nusrat Bibi,This name already booked as FULL in the same session; avoid duplicate Lite booking
REVIEW_POSSIBLE_EXISTING_FULL_BOOKING,2026-03-23,11:00:00-12:00:00,2026,1101,14191,,Rifat Sultana,This name already booked as FULL in the same session; avoid duplicate Lite booking
REVIEW_POSSIBLE_EXISTING_FULL_BOOKING,2026-03-23,11:00:00-12:00:00,2026,1104,14191,,Fatima Khan,This name already booked as FULL in the same session; avoid duplicate Lite booking
REVIEW_POSSIBLE_EXISTING_FULL_BOOKING,2026-03-23,12:30:00-13:30:00,2026,1110,14192,,Naheed Sherawan,This name already booked as FULL in the same session; avoid duplicate Lite booking
REVIEW_POSSIBLE_EXISTING_FULL_BOOKING,2026-03-23,12:30:00-13:30:00,2026,1114,14192,,Hajra Mahmood,This name already booked as FULL in the same session; avoid duplicate Lite booking
REVIEW_POSSIBLE_EXISTING_FULL_BOOKING,2026-03-23,12:30:00-13:30:00,2026,1115,14192,,Kowsar Rukhsana,This name already booked as FULL in the same session; avoid duplicate Lite booking
REVIEW_LITE_DOB_CONFLICT,2026-03-23,14:00:00-16:00:00,2026,1118,,,Arshad Mahmood,
REVIEW_POSSIBLE_EXISTING_FULL_BOOKING,2026-03-23,14:00:00-16:00:00,2026,1121,14193,,Stephen Duroe,This name already booked as FULL in the same session; avoid duplicate Lite booking
REVIEW_POSSIBLE_EXISTING_FULL_BOOKING,2026-03-23,14:00:00-16:00:00,2026,1122,14193,,Mansoor Malik,This name already booked as FULL in the same session; avoid duplicate Lite booking
REVIEW_POSSIBLE_EXISTING_FULL_BOOKING,2026-03-23,14:00:00-16:00:00,2026,1123,14193,,Thomas Walker,This name already booked as FULL in the same session; avoid duplicate Lite booking
REVIEW_POSSIBLE_EXISTING_FULL_BOOKING,2026-03-23,14:00:00-16:00:00,2026,1124,14193,,Kamran Khan,This name already booked as FULL in the same session; avoid duplicate Lite booking
REVIEW_POSSIBLE_EXISTING_FULL_BOOKING,2026-03-23,14:00:00-16:00:00,2026,1125,14193,,Mohammed Nawaz,This name already booked as FULL in the same session; avoid duplicate Lite booking
REVIEW_POSSIBLE_EXISTING_FULL_BOOKING,2026-03-23,14:00:00-16:00:00,2026,1126,14193,,Shah Nawaz,This name already booked as FULL in the same session; avoid duplicate Lite booking
REVIEW_POSSIBLE_EXISTING_FULL_BOOKING,2026-03-24,09:30:00-10:30:00,2026,1136,14195,,Rashida Khatoon,This name already booked as FULL in the same session; avoid duplicate Lite booking
REVIEW_POSSIBLE_EXISTING_FULL_BOOKING,2026-03-24,09:30:00-10:30:00,2026,1137,14195,,Zainab Moosa,This name already booked as FULL in the same session; avoid duplicate Lite booking
REVIEW_POSSIBLE_EXISTING_FULL_BOOKING,2026-03-24,09:30:00-10:30:00,2026,1141,14195,,Millicent Donaldson,This name already booked as FULL in the same session; avoid duplicate Lite booking
REVIEW_POSSIBLE_EXISTING_FULL_BOOKING,2026-03-24,09:30:00-10:30:00,2026,1142,14195,,Fozia Hafiz,This name already booked as FULL in the same session; avoid duplicate Lite booking
REVIEW_POSSIBLE_EXISTING_FULL_BOOKING,2026-03-24,09:30:00-10:30:00,2026,1144,14195,,Ghulab Zara,This name already booked as FULL in the same session; avoid duplicate Lite booking
REVIEW_POSSIBLE_EXISTING_FULL_BOOKING,2026-03-24,12:00:00-13:00:00,2026,1145,14196,,Samina Javed,This name already booked as FULL in the same session; avoid duplicate Lite booking
REVIEW_POSSIBLE_EXISTING_FULL_BOOKING,2026-03-24,12:00:00-13:00:00,2026,1146,14196,,Maqsood Begum,This name already booked as FULL in the same session; avoid duplicate Lite booking
REVIEW_POSSIBLE_EXISTING_FULL_BOOKING,2026-03-24,12:00:00-13:00:00,2026,1147,14196,,Rifat Bano,This name already booked as FULL in the same session; avoid duplicate Lite booking
REVIEW_POSSIBLE_EXISTING_FULL_BOOKING,2026-03-24,12:00:00-13:00:00,2026,1148,14196,,Ishrat Bano,This name already booked as FULL in the same session; avoid duplicate Lite booking
REVIEW_POSSIBLE_EXISTING_FULL_BOOKING,2026-03-24,12:00:00-13:00:00,2026,1149,14196,,Farzana Saleem,This name already booked as FULL in the same session; avoid duplicate Lite booking
REVIEW_POSSIBLE_EXISTING_FULL_BOOKING,2026-03-24,12:00:00-13:00:00,2026,1150,14196,,Lynette Liburd,This name already booked as FULL in the same session; avoid duplicate Lite booking
REVIEW_POSSIBLE_EXISTING_FULL_BOOKING,2026-03-24,12:00:00-13:00:00,2026,1152,14196,,Ghazala Bibi,This name already booked as FULL in the same session; avoid duplicate Lite booking
REVIEW_POSSIBLE_EXISTING_FULL_BOOKING,2026-03-24,12:00:00-13:00:00,2026,1153,14196,,Jennifer Mason,This name already booked as FULL in the same session; avoid duplicate Lite booking
REVIEW_POSSIBLE_EXISTING_FULL_BOOKING,2026-03-25,11:00:00-12:00:00,2026,1155,14197,,Shah Nawaz,This name already booked as FULL in the same session; avoid duplicate Lite booking
REVIEW_POSSIBLE_EXISTING_FULL_BOOKING,2026-03-25,11:00:00-12:00:00,2026,1157,14197,,Mohammed Hanif Moosa,This name already booked as FULL in the same session; avoid duplicate Lite booking
REVIEW_POSSIBLE_EXISTING_FULL_BOOKING,2026-03-25,11:00:00-12:00:00,2026,1159,14197,,Anees Malik,This name already booked as FULL in the same session; avoid duplicate Lite booking
REVIEW_POSSIBLE_EXISTING_FULL_BOOKING,2026-03-26,12:00:00-13:00:00,2026,1172,14199,,Shakila Bi,This name already booked as FULL in the same session; avoid duplicate Lite booking
REVIEW_POSSIBLE_EXISTING_FULL_BOOKING,2026-03-26,12:00:00-13:00:00,2026,1174,14199,,Binesh Kiren,This name already booked as FULL in the same session; avoid duplicate Lite booking
REVIEW_POSSIBLE_EXISTING_FULL_BOOKING,2026-03-26,12:00:00-13:00:00,2026,1175,14199,,Robina Khatoon,This name already booked as FULL in the same session; avoid duplicate Lite booking
REVIEW_POSSIBLE_EXISTING_FULL_BOOKING,2026-03-26,12:00:00-13:00:00,2026,1176,14199,,Zainab Rafiq,This name already booked as FULL in the same session; avoid duplicate Lite booking
REVIEW_POSSIBLE_EXISTING_FULL_BOOKING,2026-03-26,12:00:00-13:00:00,2026,1177,14199,,Afia Rafiq,This name already booked as FULL in the same session; avoid duplicate Lite booking
REVIEW_POSSIBLE_EXISTING_FULL_BOOKING,2026-03-26,17:00:00-18:00:00,2026,1191,14201,,Khalida Parveen,This name already booked as FULL in the same session; avoid duplicate Lite booking
REVIEW_SESSION_FULL,2026-03-26,17:00:00-18:00:00,2026,1192,14201,,Shaheen Akhtar,
REVIEW_POSSIBLE_EXISTING_FULL_BOOKING,2026-03-26,17:00:00-18:00:00,2026,1193,14201,,Sultana Parveen,This name already booked as FULL in the same session; avoid duplicate Lite booking
REVIEW_POSSIBLE_EXISTING_FULL_BOOKING,2026-03-26,17:00:00-18:00:00,2026,1194,14201,,Naheed Sherawan,This name already booked as FULL in the same session; avoid duplicate Lite booking
REVIEW_POSSIBLE_EXISTING_FULL_BOOKING,2026-03-26,17:00:00-18:00:00,2026,1195,14201,,Samia Ali,This name already booked as FULL in the same session; avoid duplicate Lite booking
REVIEW_POSSIBLE_EXISTING_FULL_BOOKING,2026-03-26,17:00:00-18:00:00,2026,1196,14201,,Saila Azam,This name already booked as FULL in the same session; avoid duplicate Lite booking
REVIEW_POSSIBLE_EXISTING_FULL_BOOKING,2026-03-26,17:00:00-18:00:00,2026,1197,14201,,Mehnaz Begum,This name already booked as FULL in the same session; avoid duplicate Lite booking
REVIEW_POSSIBLE_EXISTING_FULL_BOOKING,2026-03-26,17:00:00-18:00:00,2026,1198,14201,,Mussarat Iqbal,This name already booked as FULL in the same session; avoid duplicate Lite booking
REVIEW_POSSIBLE_EXISTING_FULL_BOOKING,2026-03-27,15:00:00-16:00:00,2026,1220,14203,,Basharat Hussain,This name already booked as FULL in the same session; avoid duplicate Lite booking
REVIEW_POSSIBLE_EXISTING_FULL_BOOKING,2026-03-27,15:00:00-16:00:00,2026,1222,14203,,Mohammad Asghar,This name already booked as FULL in the same session; avoid duplicate Lite booking
REVIEW_POSSIBLE_EXISTING_FULL_BOOKING,2026-03-27,15:00:00-16:00:00,2026,1224,14203,,Mohammed Fazal,This name already booked as FULL in the same session; avoid duplicate Lite booking
REVIEW_POSSIBLE_EXISTING_FULL_BOOKING,2026-03-28,09:45:00-10:45:00,2026,1226,14204,,Rubina Amar,This name already booked as FULL in the same session; avoid duplicate Lite booking
REVIEW_POSSIBLE_EXISTING_FULL_BOOKING,2026-03-28,09:45:00-10:45:00,2026,1227,14204,,Saida Sharif,This name already booked as FULL in the same session; avoid duplicate Lite booking
REVIEW_POSSIBLE_EXISTING_FULL_BOOKING,2026-03-28,09:45:00-10:45:00,2026,1229,14204,,Sajida Mahmood,This name already booked as FULL in the same session; avoid duplicate Lite booking
REVIEW_POSSIBLE_EXISTING_FULL_BOOKING,2026-03-28,09:45:00-10:45:00,2026,1231,14204,,Baheshta Miakhel,This name already booked as FULL in the same session; avoid duplicate Lite booking
REVIEW_POSSIBLE_EXISTING_FULL_BOOKING,2026-03-28,11:00:00-12:00:00,2026,1236,14205,,Sabir Hussain,This name already booked as FULL in the same session; avoid duplicate Lite booking
REVIEW_POSSIBLE_EXISTING_FULL_BOOKING,2026-03-28,11:00:00-12:00:00,2026,1238,14205,,Qamar Zaman,This name already booked as FULL in the same session; avoid duplicate Lite booking
REVIEW_POSSIBLE_EXISTING_FULL_BOOKING,2026-03-28,11:00:00-12:00:00,2026,1239,14205,,Mohammed Sajid,This name already booked as FULL in the same session; avoid duplicate Lite booking
REVIEW_SESSION_FULL,2026-03-28,11:00:00-12:00:00,2026,1241,,,Shahban Khan,New Lite identity not created because the session is full
REVIEW_POSSIBLE_EXISTING_FULL_BOOKING,2026-03-28,11:00:00-12:00:00,2026,1242,14205,,Mohammed Mumtaz,This name already booked as FULL in the same session; avoid duplicate Lite booking
REVIEW_POSSIBLE_EXISTING_FULL_BOOKING,2026-03-28,11:00:00-12:00:00,2026,1243,14205,,Mohammed Mahroof,This name already booked as FULL in the same session; avoid duplicate Lite booking
REVIEW_POSSIBLE_EXISTING_FULL_BOOKING,2026-03-30,11:00:00-12:00:00,2026,1244,14206,,Ishrat parveen,This name already booked as FULL in the same session; avoid duplicate Lite booking
REVIEW_POSSIBLE_EXISTING_FULL_BOOKING,2026-03-30,11:00:00-12:00:00,2026,1245,14206,,Samina Javed,This name already booked as FULL in the same session; avoid duplicate Lite booking
REVIEW_POSSIBLE_EXISTING_FULL_BOOKING,2026-03-30,11:00:00-12:00:00,2026,1246,14206,,Shafia begum,This name already booked as FULL in the same session; avoid duplicate Lite booking
REVIEW_POSSIBLE_EXISTING_FULL_BOOKING,2026-03-30,11:00:00-12:00:00,2026,1247,14206,,Kaneez Akhtar,This name already booked as FULL in the same session; avoid duplicate Lite booking
REVIEW_POSSIBLE_EXISTING_FULL_BOOKING,2026-03-30,11:00:00-12:00:00,2026,1249,14206,,Nusrat Bibi,This name already booked as FULL in the same session; avoid duplicate Lite booking
REVIEW_POSSIBLE_EXISTING_FULL_BOOKING,2026-03-30,11:00:00-12:00:00,2026,1250,14206,,Rubina Nadeem,This name already booked as FULL in the same session; avoid duplicate Lite booking
REVIEW_POSSIBLE_EXISTING_FULL_BOOKING,2026-03-30,11:00:00-12:00:00,2026,1251,14206,,Rifat Sultana,This name already booked as FULL in the same session; avoid duplicate Lite booking
REVIEW_POSSIBLE_EXISTING_FULL_BOOKING,2026-03-30,12:30:00-13:30:00,2026,1253,14207,,Afrad Begum,This name already booked as FULL in the same session; avoid duplicate Lite booking
REVIEW_POSSIBLE_EXISTING_FULL_BOOKING,2026-03-30,12:30:00-13:30:00,2026,1256,14207,,Sughra Bibi,This name already booked as FULL in the same session; avoid duplicate Lite booking
REVIEW_POSSIBLE_EXISTING_FULL_BOOKING,2026-03-30,12:30:00-13:30:00,2026,1258,14207,,Fatima Khan,This name already booked as FULL in the same session; avoid duplicate Lite booking
REVIEW_POSSIBLE_EXISTING_FULL_BOOKING,2026-03-30,12:30:00-13:30:00,2026,1259,14207,,Sultana Parveen,This name already booked as FULL in the same session; avoid duplicate Lite booking
REVIEW_POSSIBLE_EXISTING_FULL_BOOKING,2026-03-30,12:30:00-13:30:00,2026,1260,14207,,Mahroof Begum,This name already booked as FULL in the same session; avoid duplicate Lite booking
REVIEW_POSSIBLE_EXISTING_FULL_BOOKING,2026-03-30,12:30:00-13:30:00,2026,1261,14207,,Fozia Hafiz,This name already booked as FULL in the same session; avoid duplicate Lite booking
REVIEW_POSSIBLE_EXISTING_FULL_BOOKING,2026-03-30,14:00:00-15:00:00,2026,1262,14208,,Kamran Khan,This name already booked as FULL in the same session; avoid duplicate Lite booking
REVIEW_SESSION_FULL,2026-03-30,14:00:00-15:00:00,2026,1268,,,Qamar Zaman,New Lite identity not created because the session is full
REVIEW_POSSIBLE_EXISTING_FULL_BOOKING,2026-03-30,14:00:00-15:00:00,2026,1269,14208,,Abdul Majid,This name already booked as FULL in the same session; avoid duplicate Lite booking
REVIEW_POSSIBLE_EXISTING_FULL_BOOKING,2026-03-30,14:00:00-15:00:00,2026,1270,14208,,Mansoor Malik,This name already booked as FULL in the same session; avoid duplicate Lite booking
REVIEW_POSSIBLE_EXISTING_FULL_BOOKING,2026-03-30,15:00:00-16:00:00,2026,1272,14209,,Mohammed Mahroof,This name already booked as FULL in the same session; avoid duplicate Lite booking
REVIEW_POSSIBLE_EXISTING_FULL_BOOKING,2026-03-30,15:00:00-16:00:00,2026,1273,14209,,Sabir Hussain,This name already booked as FULL in the same session; avoid duplicate Lite booking
REVIEW_POSSIBLE_EXISTING_FULL_BOOKING,2026-03-30,15:00:00-16:00:00,2026,1274,14209,,Hanif Hall,This name already booked as FULL in the same session; avoid duplicate Lite booking
REVIEW_POSSIBLE_EXISTING_FULL_BOOKING,2026-03-31,09:30:00-10:30:00,2026,1280,14210,,Najabat Bibi,This name already booked as FULL in the same session; avoid duplicate Lite booking
REVIEW_POSSIBLE_EXISTING_FULL_BOOKING,2026-03-31,09:30:00-10:30:00,2026,1282,14210,,Iqra Nur Hussain,This name already booked as FULL in the same session; avoid duplicate Lite booking
REVIEW_POSSIBLE_EXISTING_FULL_BOOKING,2026-03-31,09:30:00-10:30:00,2026,1284,14210,,Ghulab Zara,This name already booked as FULL in the same session; avoid duplicate Lite booking
REVIEW_POSSIBLE_EXISTING_FULL_BOOKING,2026-03-31,09:30:00-10:30:00,2026,1286,14210,,Rashida Khatoon,This name already booked as FULL in the same session; avoid duplicate Lite booking
REVIEW_POSSIBLE_EXISTING_FULL_BOOKING,2026-03-31,09:30:00-10:30:00,2026,1287,14210,,Fayaz Begum,This name already booked as FULL in the same session; avoid duplicate Lite booking
REVIEW_SESSION_FULL,2026-03-31,09:30:00-10:30:00,2026,1288,14210,,Rehna Tabassum,
REVIEW_POSSIBLE_EXISTING_FULL_BOOKING,2026-03-31,12:00:00-13:00:00,2026,1292,14211,,Shamsa Kanwal,This name already booked as FULL in the same session; avoid duplicate Lite booking
REVIEW_POSSIBLE_EXISTING_FULL_BOOKING,2026-03-31,12:00:00-13:00:00,2026,1294,14211,,Kalsoom Akhtar,This name already booked as FULL in the same session; avoid duplicate Lite booking
REVIEW_POSSIBLE_EXISTING_FULL_BOOKING,2026-03-31,12:00:00-13:00:00,2026,1295,14211,,Khalida Parveen,This name already booked as FULL in the same session; avoid duplicate Lite booking
REVIEW_POSSIBLE_EXISTING_FULL_BOOKING,2026-04-01,11:00:00-12:00:00,2026,1298,14212,,Mohammed Hanif Moosa,This name already booked as FULL in the same session; avoid duplicate Lite booking
REVIEW_POSSIBLE_EXISTING_FULL_BOOKING,2026-04-01,11:00:00-12:00:00,2026,1300,14212,,Raja Ali,This name already booked as FULL in the same session; avoid duplicate Lite booking
REVIEW_POSSIBLE_EXISTING_FULL_BOOKING,2026-04-01,11:00:00-12:00:00,2026,1301,14212,,Mohammed Mahroof,This name already booked as FULL in the same session; avoid duplicate Lite booking
REVIEW_POSSIBLE_EXISTING_FULL_BOOKING,2026-04-01,11:00:00-12:00:00,2026,1302,14212,,Sabir Hussain,This name already booked as FULL in the same session; avoid duplicate Lite booking
REVIEW_SESSION_FULL,2026-04-01,11:00:00-12:00:00,2026,1303,14212,,Hanif Hall,
REVIEW_POSSIBLE_EXISTING_FULL_BOOKING,2026-04-01,11:00:00-12:00:00,2026,1304,14212,,Kamran Khan,This name already booked as FULL in the same session; avoid duplicate Lite booking
REVIEW_POSSIBLE_EXISTING_FULL_BOOKING,2026-04-01,11:00:00-12:00:00,2026,1305,14212,,Abdul Majid,This name already booked as FULL in the same session; avoid duplicate Lite booking
REVIEW_POSSIBLE_EXISTING_FULL_BOOKING,2026-04-01,11:00:00-12:00:00,2026,1306,14212,,Mansoor Malik,This name already booked as FULL in the same session; avoid duplicate Lite booking
REVIEW_POSSIBLE_EXISTING_FULL_BOOKING,2026-04-02,12:00:00-13:00:00,2026,1318,14214,,Ishrat Bano,This name already booked as FULL in the same session; avoid duplicate Lite booking
REVIEW_POSSIBLE_EXISTING_FULL_BOOKING,2026-04-02,12:00:00-13:00:00,2026,1319,14214,,Rifat Bano,This name already booked as FULL in the same session; avoid duplicate Lite booking
REVIEW_POSSIBLE_EXISTING_FULL_BOOKING,2026-04-02,12:00:00-13:00:00,2026,1320,14214,,Maqsood Begum,This name already booked as FULL in the same session; avoid duplicate Lite booking
REVIEW_POSSIBLE_EXISTING_FULL_BOOKING,2026-04-02,12:00:00-13:00:00,2026,1321,14214,,Ghazala Bibi,This name already booked as FULL in the same session; avoid duplicate Lite booking
REVIEW_POSSIBLE_EXISTING_FULL_BOOKING,2026-04-02,12:00:00-13:00:00,2026,1323,14214,,Barkat Begum,This name already booked as FULL in the same session; avoid duplicate Lite booking
REVIEW_POSSIBLE_EXISTING_FULL_BOOKING,2026-04-02,12:00:00-13:00:00,2026,1324,14214,,Safeena Bibi,This name already booked as FULL in the same session; avoid duplicate Lite booking
REVIEW_POSSIBLE_EXISTING_FULL_BOOKING,2026-04-02,14:30:00-15:30:00,2026,1325,14215,,Shah Nawaz,This name already booked as FULL in the same session; avoid duplicate Lite booking
REVIEW_POSSIBLE_EXISTING_FULL_BOOKING,2026-04-02,14:30:00-15:30:00,2026,1328,14215,,Mansoor Malik,This name already booked as FULL in the same session; avoid duplicate Lite booking
REVIEW_POSSIBLE_EXISTING_FULL_BOOKING,2026-04-02,14:30:00-15:30:00,2026,1329,14215,,Abdul Majid,This name already booked as FULL in the same session; avoid duplicate Lite booking
REVIEW_POSSIBLE_EXISTING_FULL_BOOKING,2026-04-02,14:30:00-15:30:00,2026,1330,14215,,Mohammed Fazal,This name already booked as FULL in the same session; avoid duplicate Lite booking
REVIEW_LITE_DOB_CONFLICT,2026-04-02,17:00:00-18:00:00,2026,1334,,,Kowsar Rukhsana,
REVIEW_POSSIBLE_EXISTING_FULL_BOOKING,2026-04-02,17:00:00-18:00:00,2026,1338,14216,,Naheed Sherawan,This name already booked as FULL in the same session; avoid duplicate Lite booking
REVIEW_POSSIBLE_EXISTING_FULL_BOOKING,2026-04-02,17:00:00-18:00:00,2026,1339,14216,,Mussarat Iqbal,This name already booked as FULL in the same session; avoid duplicate Lite booking
REVIEW_POSSIBLE_EXISTING_FULL_BOOKING,2026-04-02,17:00:00-18:00:00,2026,1340,14216,,Sultana Parveen,This name already booked as FULL in the same session; avoid duplicate Lite booking
REVIEW_POSSIBLE_EXISTING_FULL_BOOKING,2026-04-07,09:30:00-10:30:00,2026,1424,14226,,Yasmin Mehmood,This name already booked as FULL in the same session; avoid duplicate Lite booking
REVIEW_POSSIBLE_EXISTING_FULL_BOOKING,2026-04-07,09:30:00-10:30:00,2026,1425,14226,,Zainab Moosa,This name already booked as FULL in the same session; avoid duplicate Lite booking
REVIEW_POSSIBLE_EXISTING_FULL_BOOKING,2026-04-07,09:30:00-10:30:00,2026,1426,14226,,Rubina Nadeem,This name already booked as FULL in the same session; avoid duplicate Lite booking
REVIEW_POSSIBLE_EXISTING_FULL_BOOKING,2026-04-07,09:30:00-10:30:00,2026,1427,14226,,Raheela Bibi,This name already booked as FULL in the same session; avoid duplicate Lite booking
REVIEW_POSSIBLE_EXISTING_FULL_BOOKING,2026-04-07,09:30:00-10:30:00,2026,1430,14226,,Rifat Sultana,This name already booked as FULL in the same session; avoid duplicate Lite booking
REVIEW_POSSIBLE_EXISTING_FULL_BOOKING,2026-04-07,09:30:00-10:30:00,2026,1431,14226,,Nusrat Bibi,This name already booked as FULL in the same session; avoid duplicate Lite booking
REVIEW_POSSIBLE_EXISTING_FULL_BOOKING,2026-04-07,12:00:00-13:00:00,2026,1433,14227,,Kalsoom Akhtar,This name already booked as FULL in the same session; avoid duplicate Lite booking
REVIEW_POSSIBLE_EXISTING_FULL_BOOKING,2026-04-07,12:00:00-13:00:00,2026,1434,14227,,Mehnaz Begum,This name already booked as FULL in the same session; avoid duplicate Lite booking
REVIEW_POSSIBLE_EXISTING_FULL_BOOKING,2026-04-07,12:00:00-13:00:00,2026,1436,14227,,Ishrat Bano,This name already booked as FULL in the same session; avoid duplicate Lite booking
REVIEW_POSSIBLE_EXISTING_FULL_BOOKING,2026-04-07,12:00:00-13:00:00,2026,1437,14227,,Maqsood Begum,This name already booked as FULL in the same session; avoid duplicate Lite booking
REVIEW_POSSIBLE_EXISTING_FULL_BOOKING,2026-04-07,12:00:00-13:00:00,2026,1438,14227,,Rifat Bano,This name already booked as FULL in the same session; avoid duplicate Lite booking
REVIEW_POSSIBLE_EXISTING_FULL_BOOKING,2026-04-07,12:00:00-13:00:00,2026,1440,14227,,Jennifer Mason,This name already booked as FULL in the same session; avoid duplicate Lite booking
REVIEW_POSSIBLE_EXISTING_FULL_BOOKING,2026-04-07,12:00:00-13:00:00,2026,1441,14227,,Badra Khatoon,This name already booked as FULL in the same session; avoid duplicate Lite booking
REVIEW_POSSIBLE_EXISTING_FULL_BOOKING,2026-04-08,11:00:00-12:00:00,2026,1442,14228,,Mohammed Hanif Moosa,This name already booked as FULL in the same session; avoid duplicate Lite booking
REVIEW_POSSIBLE_EXISTING_FULL_BOOKING,2026-04-08,11:00:00-12:00:00,2026,1443,14228,,Mohammed Mahroof,This name already booked as FULL in the same session; avoid duplicate Lite booking
REVIEW_SESSION_FULL,2026-04-08,11:00:00-12:00:00,2026,1444,14228,,Mohammed Saleem,
REVIEW_POSSIBLE_EXISTING_FULL_BOOKING,2026-04-08,11:00:00-12:00:00,2026,1445,14228,,Abdul Majid,This name already booked as FULL in the same session; avoid duplicate Lite booking
REVIEW_POSSIBLE_EXISTING_FULL_BOOKING,2026-04-08,11:00:00-12:00:00,2026,1446,14228,,Shah Nawaz,This name already booked as FULL in the same session; avoid duplicate Lite booking
REVIEW_POSSIBLE_EXISTING_FULL_BOOKING,2026-04-08,11:00:00-12:00:00,2026,1447,14228,,Kamran Khan,This name already booked as FULL in the same session; avoid duplicate Lite booking
REVIEW_POSSIBLE_EXISTING_FULL_BOOKING,2026-04-08,11:00:00-12:00:00,2026,1448,14228,,Sabir Hussain,This name already booked as FULL in the same session; avoid duplicate Lite booking
REVIEW_POSSIBLE_EXISTING_FULL_BOOKING,2026-04-08,11:00:00-12:00:00,2026,1449,14228,,Thomas Walker,This name already booked as FULL in the same session; avoid duplicate Lite booking
REVIEW_POSSIBLE_EXISTING_FULL_BOOKING,2026-04-08,11:00:00-12:00:00,2026,1450,14228,,Ghiyas-ul-Haq Ahmed,This name already booked as FULL in the same session; avoid duplicate Lite booking
REVIEW_POSSIBLE_EXISTING_FULL_BOOKING,2026-04-09,12:00:00-13:00:00,2026,1461,14230,,Binesh Kiren,This name already booked as FULL in the same session; avoid duplicate Lite booking
REVIEW_POSSIBLE_EXISTING_FULL_BOOKING,2026-04-09,12:00:00-13:00:00,2026,1462,14230,,Kaneez Akhtar,This name already booked as FULL in the same session; avoid duplicate Lite booking
REVIEW_POSSIBLE_EXISTING_FULL_BOOKING,2026-04-09,12:00:00-13:00:00,2026,1463,14230,,Janet Corlis,This name already booked as FULL in the same session; avoid duplicate Lite booking
REVIEW_SESSION_FULL,2026-04-09,12:00:00-13:00:00,2026,1465,14230,,Maryam Bibi,
REVIEW_POSSIBLE_EXISTING_FULL_BOOKING,2026-04-09,12:00:00-13:00:00,2026,1466,14230,,Tahzim Akhtar,This name already booked as FULL in the same session; avoid duplicate Lite booking
REVIEW_POSSIBLE_EXISTING_FULL_BOOKING,2026-04-09,12:00:00-13:00:00,2026,1467,14230,,Saeeda Begum,This name already booked as FULL in the same session; avoid duplicate Lite booking
REVIEW_POSSIBLE_EXISTING_FULL_BOOKING,2026-04-09,12:00:00-13:00:00,2026,1468,14230,,Samina Javed,This name already booked as FULL in the same session; avoid duplicate Lite booking
REVIEW_POSSIBLE_EXISTING_FULL_BOOKING,2026-04-09,14:30:00-15:30:00,2026,1470,14231,,Kamran Khan,This name already booked as FULL in the same session; avoid duplicate Lite booking
REVIEW_POSSIBLE_EXISTING_FULL_BOOKING,2026-04-09,14:30:00-15:30:00,2026,1472,14231,,Abdul Majid,This name already booked as FULL in the same session; avoid duplicate Lite booking
REVIEW_POSSIBLE_EXISTING_FULL_BOOKING,2026-04-09,14:30:00-15:30:00,2026,1473,14231,,Mansoor Malik,This name already booked as FULL in the same session; avoid duplicate Lite booking
REVIEW_POSSIBLE_EXISTING_FULL_BOOKING,2026-04-09,14:30:00-15:30:00,2026,1475,14231,,Thomas Walker,This name already booked as FULL in the same session; avoid duplicate Lite booking
REVIEW_POSSIBLE_EXISTING_FULL_BOOKING,2026-04-09,17:00:00-18:00:00,2026,1479,14232,,Shafia begum,This name already booked as FULL in the same session; avoid duplicate Lite booking
REVIEW_POSSIBLE_EXISTING_FULL_BOOKING,2026-04-09,17:00:00-18:00:00,2026,1480,14232,,Saila Azam,This name already booked as FULL in the same session; avoid duplicate Lite booking
REVIEW_POSSIBLE_EXISTING_FULL_BOOKING,2026-04-09,17:00:00-18:00:00,2026,1481,14232,,Sultana Parveen,This name already booked as FULL in the same session; avoid duplicate Lite booking
REVIEW_POSSIBLE_EXISTING_FULL_BOOKING,2026-04-09,17:00:00-18:00:00,2026,1482,14232,,Kowsar Rukhsana,This name already booked as FULL in the same session; avoid duplicate Lite booking
REVIEW_POSSIBLE_EXISTING_FULL_BOOKING,2026-04-09,17:00:00-18:00:00,2026,1483,14232,,Ghulab Zara,This name already booked as FULL in the same session; avoid duplicate Lite booking
REVIEW_POSSIBLE_EXISTING_FULL_BOOKING,2026-04-09,17:00:00-18:00:00,2026,1484,14232,,Sahira Parveen,This name already booked as FULL in the same session; avoid duplicate Lite booking
REVIEW_POSSIBLE_EXISTING_FULL_BOOKING,2026-04-09,17:00:00-18:00:00,2026,1485,14232,,Zenab Bi,This name already booked as FULL in the same session; avoid duplicate Lite booking
REVIEW_POSSIBLE_EXISTING_FULL_BOOKING,2026-04-10,10:30:00-11:30:00,2026,1496,14234,,Jennifer Mason,This name already booked as FULL in the same session; avoid duplicate Lite booking
REVIEW_POSSIBLE_EXISTING_FULL_BOOKING,2026-04-10,10:30:00-11:30:00,2026,1497,14234,,Patricia Lawrence,This name already booked as FULL in the same session; avoid duplicate Lite booking
REVIEW_POSSIBLE_EXISTING_FULL_BOOKING,2026-04-10,10:30:00-11:30:00,2026,1499,14234,,Janet Corlis,This name already booked as FULL in the same session; avoid duplicate Lite booking
REVIEW_POSSIBLE_EXISTING_FULL_BOOKING,2026-04-10,10:30:00-11:30:00,2026,1500,14234,,Zainab Moosa,This name already booked as FULL in the same session; avoid duplicate Lite booking
REVIEW_POSSIBLE_EXISTING_FULL_BOOKING,2026-04-10,10:30:00-11:30:00,2026,1501,14234,,Mohammed Hanif Moosa,This name already booked as FULL in the same session; avoid duplicate Lite booking
REVIEW_POSSIBLE_EXISTING_FULL_BOOKING,2026-04-10,10:30:00-11:30:00,2026,1503,14234,,Kowsar Rukhsana,This name already booked as FULL in the same session; avoid duplicate Lite booking
REVIEW_POSSIBLE_EXISTING_FULL_BOOKING,2026-04-10,15:00:00-16:00:00,2026,1508,14235,,Thomas Walker,This name already booked as FULL in the same session; avoid duplicate Lite booking
REVIEW_POSSIBLE_EXISTING_FULL_BOOKING,2026-04-10,15:00:00-16:00:00,2026,1509,14235,,Mohammed Mahroof,This name already booked as FULL in the same session; avoid duplicate Lite booking
REVIEW_POSSIBLE_EXISTING_FULL_BOOKING,2026-04-10,15:00:00-16:00:00,2026,1510,14235,,Mansoor Malik,This name already booked as FULL in the same session; avoid duplicate Lite booking
REVIEW_POSSIBLE_EXISTING_FULL_BOOKING,2026-04-11,09:45:00-10:45:00,2026,1514,14236,,Shakila Bibi,This name already booked as FULL in the same session; avoid duplicate Lite booking
REVIEW_POSSIBLE_EXISTING_FULL_BOOKING,2026-04-11,09:45:00-10:45:00,2026,1515,14236,,Fozia Ali,This name already booked as FULL in the same session; avoid duplicate Lite booking
REVIEW_POSSIBLE_EXISTING_FULL_BOOKING,2026-04-11,09:45:00-10:45:00,2026,1517,14236,,Najabat Bibi,This name already booked as FULL in the same session; avoid duplicate Lite booking
REVIEW_POSSIBLE_EXISTING_FULL_BOOKING,2026-04-11,09:45:00-10:45:00,2026,1519,14236,,Parveen Akhtar,This name already booked as FULL in the same session; avoid duplicate Lite booking
REVIEW_POSSIBLE_EXISTING_FULL_BOOKING,2026-04-11,09:45:00-10:45:00,2026,1520,14236,,Safeena Bibi,This name already booked as FULL in the same session; avoid duplicate Lite booking
REVIEW_POSSIBLE_EXISTING_FULL_BOOKING,2026-04-11,09:45:00-10:45:00,2026,1521,14236,,Sajida Ayub,This name already booked as FULL in the same session; avoid duplicate Lite booking
REVIEW_POSSIBLE_EXISTING_FULL_BOOKING,2026-04-11,09:45:00-10:45:00,2026,1522,14236,,Asia Ayub,This name already booked as FULL in the same session; avoid duplicate Lite booking
REVIEW_POSSIBLE_EXISTING_FULL_BOOKING,2026-04-11,11:00:00-12:00:00,2026,1523,14237,,Qamar Zaman,This name already booked as FULL in the same session; avoid duplicate Lite booking
REVIEW_POSSIBLE_EXISTING_FULL_BOOKING,2026-04-11,11:00:00-12:00:00,2026,1525,14237,,Shahban Khan,This name already booked as FULL in the same session; avoid duplicate Lite booking
REVIEW_POSSIBLE_EXISTING_FULL_BOOKING,2026-04-11,11:00:00-12:00:00,2026,1526,14237,,Zubair Khan,This name already booked as FULL in the same session; avoid duplicate Lite booking
REVIEW_POSSIBLE_EXISTING_FULL_BOOKING,2026-04-11,11:00:00-12:00:00,2026,1527,14237,,Shah Nawaz,This name already booked as FULL in the same session; avoid duplicate Lite booking
REVIEW_POSSIBLE_EXISTING_FULL_BOOKING,2026-04-11,11:00:00-12:00:00,2026,1528,14237,,Sabir Hussain,This name already booked as FULL in the same session; avoid duplicate Lite booking
REVIEW_POSSIBLE_EXISTING_FULL_BOOKING,2026-04-13,11:00:00-12:00:00,2026,1536,14238,,Barkat Begum,This name already booked as FULL in the same session; avoid duplicate Lite booking
REVIEW_POSSIBLE_EXISTING_FULL_BOOKING,2026-04-13,11:00:00-12:00:00,2026,1537,14238,,Zahida Akhtar,This name already booked as FULL in the same session; avoid duplicate Lite booking
REVIEW_POSSIBLE_EXISTING_FULL_BOOKING,2026-04-13,11:00:00-12:00:00,2026,1538,14238,,Shakila Bi,This name already booked as FULL in the same session; avoid duplicate Lite booking
REVIEW_POSSIBLE_EXISTING_FULL_BOOKING,2026-04-13,11:00:00-12:00:00,2026,1539,14238,,Khadeeja Begum,This name already booked as FULL in the same session; avoid duplicate Lite booking
REVIEW_POSSIBLE_EXISTING_FULL_BOOKING,2026-04-13,12:30:00-13:30:00,2026,1543,14239,,Afrad Begum,This name already booked as FULL in the same session; avoid duplicate Lite booking
REVIEW_POSSIBLE_EXISTING_FULL_BOOKING,2026-04-13,12:30:00-13:30:00,2026,1544,14239,,Tahzim Akhtar,This name already booked as FULL in the same session; avoid duplicate Lite booking
REVIEW_POSSIBLE_EXISTING_FULL_BOOKING,2026-04-13,12:30:00-13:30:00,2026,1545,14239,,Fozia Hafiz,This name already booked as FULL in the same session; avoid duplicate Lite booking
REVIEW_POSSIBLE_EXISTING_FULL_BOOKING,2026-04-13,12:30:00-13:30:00,2026,1546,14239,,Mahroof Begum,This name already booked as FULL in the same session; avoid duplicate Lite booking
REVIEW_POSSIBLE_EXISTING_FULL_BOOKING,2026-04-13,12:30:00-13:30:00,2026,1547,14239,,Sughra Bibi,This name already booked as FULL in the same session; avoid duplicate Lite booking
REVIEW_POSSIBLE_EXISTING_FULL_BOOKING,2026-04-13,12:30:00-13:30:00,2026,1548,14239,,Riffat Hussain,This name already booked as FULL in the same session; avoid duplicate Lite booking
REVIEW_POSSIBLE_EXISTING_FULL_BOOKING,2026-04-13,14:00:00-15:00:00,2026,1550,14240,,Sharowan Amir,This name already booked as FULL in the same session; avoid duplicate Lite booking
REVIEW_POSSIBLE_EXISTING_FULL_BOOKING,2026-04-13,14:00:00-15:00:00,2026,1551,14240,,Kamran Khan,This name already booked as FULL in the same session; avoid duplicate Lite booking
REVIEW_POSSIBLE_EXISTING_FULL_BOOKING,2026-04-13,14:00:00-15:00:00,2026,1552,14240,,Thomas Walker,This name already booked as FULL in the same session; avoid duplicate Lite booking
REVIEW_POSSIBLE_EXISTING_FULL_BOOKING,2026-04-13,14:00:00-15:00:00,2026,1553,14240,,Abdul Majid,This name already booked as FULL in the same session; avoid duplicate Lite booking
REVIEW_POSSIBLE_EXISTING_FULL_BOOKING,2026-04-13,14:00:00-15:00:00,2026,1555,14240,,Mansoor Malik,This name already booked as FULL in the same session; avoid duplicate Lite booking
REVIEW_SESSION_FULL,2026-04-13,14:00:00-15:00:00,2026,1556,14240,,Raja Ali,
REVIEW_POSSIBLE_EXISTING_FULL_BOOKING,2026-04-13,14:00:00-15:00:00,2026,1557,14240,,Mohammed Nawaz,This name already booked as FULL in the same session; avoid duplicate Lite booking
REVIEW_POSSIBLE_EXISTING_FULL_BOOKING,2026-04-13,14:00:00-15:00:00,2026,1558,14240,,Mohammed Saghir,This name already booked as FULL in the same session; avoid duplicate Lite booking
REVIEW_POSSIBLE_EXISTING_FULL_BOOKING,2026-04-13,15:00:00-16:00:00,2026,1564,14241,,Mohammed Mahroof,This name already booked as FULL in the same session; avoid duplicate Lite booking
REVIEW_POSSIBLE_EXISTING_FULL_BOOKING,2026-04-14,09:30:00-10:30:00,2026,1568,14242,,Zainab Moosa,This name already booked as FULL in the same session; avoid duplicate Lite booking
REVIEW_POSSIBLE_EXISTING_FULL_BOOKING,2026-04-14,09:30:00-10:30:00,2026,1569,14242,,Ishrat parveen,This name already booked as FULL in the same session; avoid duplicate Lite booking
REVIEW_SESSION_FULL,2026-04-14,09:30:00-10:30:00,2026,1570,14242,,Rehna Tabassum,
REVIEW_POSSIBLE_EXISTING_FULL_BOOKING,2026-04-14,09:30:00-10:30:00,2026,1571,14242,,Iqra Nur Hussain,This name already booked as FULL in the same session; avoid duplicate Lite booking
REVIEW_POSSIBLE_EXISTING_FULL_BOOKING,2026-04-14,09:30:00-10:30:00,2026,1572,14242,,Shabana Iqbal,This name already booked as FULL in the same session; avoid duplicate Lite booking
REVIEW_POSSIBLE_EXISTING_FULL_BOOKING,2026-04-14,09:30:00-10:30:00,2026,1573,14242,,Ghulab Zara,This name already booked as FULL in the same session; avoid duplicate Lite booking
REVIEW_POSSIBLE_EXISTING_FULL_BOOKING,2026-04-14,09:30:00-10:30:00,2026,1574,14242,,Najabat Bibi,This name already booked as FULL in the same session; avoid duplicate Lite booking
REVIEW_POSSIBLE_EXISTING_FULL_BOOKING,2026-04-14,09:30:00-10:30:00,2026,1575,14242,,Saida Sharif,This name already booked as FULL in the same session; avoid duplicate Lite booking
REVIEW_POSSIBLE_EXISTING_FULL_BOOKING,2026-04-14,09:30:00-10:30:00,2026,1576,14242,,Yasmin Mehmood,This name already booked as FULL in the same session; avoid duplicate Lite booking
REVIEW_POSSIBLE_EXISTING_FULL_BOOKING,2026-04-14,12:00:00-13:00:00,2026,1577,14243,,Farzana Saleem,This name already booked as FULL in the same session; avoid duplicate Lite booking
REVIEW_POSSIBLE_EXISTING_FULL_BOOKING,2026-04-14,12:00:00-13:00:00,2026,1578,14243,,Kalsoom Akhtar,This name already booked as FULL in the same session; avoid duplicate Lite booking
REVIEW_POSSIBLE_EXISTING_FULL_BOOKING,2026-04-14,12:00:00-13:00:00,2026,1579,14243,,Ghazala Bibi,This name already booked as FULL in the same session; avoid duplicate Lite booking
REVIEW_POSSIBLE_EXISTING_FULL_BOOKING,2026-04-14,12:00:00-13:00:00,2026,1583,14243,,Naseem Akhtar,This name already booked as FULL in the same session; avoid duplicate Lite booking
REVIEW_POSSIBLE_EXISTING_FULL_BOOKING,2026-04-14,12:00:00-13:00:00,2026,1584,14243,,Sahira Parveen,This name already booked as FULL in the same session; avoid duplicate Lite booking
REVIEW_POSSIBLE_EXISTING_FULL_BOOKING,2026-04-14,12:00:00-13:00:00,2026,1585,14243,,Ghazala Bi,This name already booked as FULL in the same session; avoid duplicate Lite booking
REVIEW_POSSIBLE_EXISTING_FULL_BOOKING,2026-04-15,11:00:00-12:00:00,2026,1586,14244,,Kamran Khan,This name already booked as FULL in the same session; avoid duplicate Lite booking
REVIEW_POSSIBLE_EXISTING_FULL_BOOKING,2026-04-15,11:00:00-12:00:00,2026,1588,14244,,Abdul Majid,This name already booked as FULL in the same session; avoid duplicate Lite booking
REVIEW_POSSIBLE_EXISTING_FULL_BOOKING,2026-04-15,11:00:00-12:00:00,2026,1589,14244,,Thomas Walker,This name already booked as FULL in the same session; avoid duplicate Lite booking
REVIEW_POSSIBLE_EXISTING_FULL_BOOKING,2026-04-15,11:00:00-12:00:00,2026,1590,14244,,Sabir Hussain,This name already booked as FULL in the same session; avoid duplicate Lite booking
REVIEW_POSSIBLE_EXISTING_FULL_BOOKING,2026-04-15,11:00:00-12:00:00,2026,1591,14244,,Ghiyas-ul-Haq Ahmed,This name already booked as FULL in the same session; avoid duplicate Lite booking
REVIEW_POSSIBLE_EXISTING_FULL_BOOKING,2026-04-15,11:00:00-12:00:00,2026,1592,14244,,Raja Ali,This name already booked as FULL in the same session; avoid duplicate Lite booking
REVIEW_POSSIBLE_EXISTING_FULL_BOOKING,2026-04-15,11:00:00-12:00:00,2026,1593,14244,,Mohammed Hanif Moosa,This name already booked as FULL in the same session; avoid duplicate Lite booking
REVIEW_POSSIBLE_EXISTING_FULL_BOOKING,2026-04-16,12:00:00-13:00:00,2026,1604,14246,,Safeena Bibi,This name already booked as FULL in the same session; avoid duplicate Lite booking
REVIEW_POSSIBLE_EXISTING_FULL_BOOKING,2026-04-16,12:00:00-13:00:00,2026,1605,14246,,Nasreen Akhtar,This name already booked as FULL in the same session; avoid duplicate Lite booking
REVIEW_POSSIBLE_EXISTING_FULL_BOOKING,2026-04-16,12:00:00-13:00:00,2026,1606,14246,,Raheela Bibi,This name already booked as FULL in the same session; avoid duplicate Lite booking
REVIEW_POSSIBLE_EXISTING_FULL_BOOKING,2026-04-16,12:00:00-13:00:00,2026,1607,14246,,Nusrat Bibi,This name already booked as FULL in the same session; avoid duplicate Lite booking
REVIEW_POSSIBLE_EXISTING_FULL_BOOKING,2026-04-16,12:00:00-13:00:00,2026,1608,14246,,Rifat Sultana,This name already booked as FULL in the same session; avoid duplicate Lite booking
REVIEW_POSSIBLE_EXISTING_FULL_BOOKING,2026-04-16,12:00:00-13:00:00,2026,1609,14246,,Mahroof Bibi,This name already booked as FULL in the same session; avoid duplicate Lite booking
REVIEW_POSSIBLE_EXISTING_FULL_BOOKING,2026-04-16,12:00:00-13:00:00,2026,1610,14246,,Nazma Bi,This name already booked as FULL in the same session; avoid duplicate Lite booking
REVIEW_POSSIBLE_EXISTING_FULL_BOOKING,2026-04-16,12:00:00-13:00:00,2026,1611,14246,,Saeeda Begum,This name already booked as FULL in the same session; avoid duplicate Lite booking
REVIEW_POSSIBLE_EXISTING_FULL_BOOKING,2026-04-16,14:30:00-15:30:00,2026,1617,14247,,Thomas Walker,This name already booked as FULL in the same session; avoid duplicate Lite booking
REVIEW_POSSIBLE_EXISTING_FULL_BOOKING,2026-04-16,17:00:00-18:00:00,2026,1622,14248,,Sultana Parveen,This name already booked as FULL in the same session; avoid duplicate Lite booking
REVIEW_POSSIBLE_EXISTING_FULL_BOOKING,2026-04-16,17:00:00-18:00:00,2026,1623,14248,,Mehnaz Begum,This name already booked as FULL in the same session; avoid duplicate Lite booking
REVIEW_POSSIBLE_EXISTING_FULL_BOOKING,2026-04-16,17:00:00-18:00:00,2026,1624,14248,,Kowsar Rukhsana,This name already booked as FULL in the same session; avoid duplicate Lite booking
REVIEW_POSSIBLE_EXISTING_FULL_BOOKING,2026-04-16,17:00:00-18:00:00,2026,1625,14248,,Rubina Nadeem,This name already booked as FULL in the same session; avoid duplicate Lite booking
REVIEW_POSSIBLE_EXISTING_FULL_BOOKING,2026-04-16,17:00:00-18:00:00,2026,1626,14248,,Rifat Bano,This name already booked as FULL in the same session; avoid duplicate Lite booking
REVIEW_POSSIBLE_EXISTING_FULL_BOOKING,2026-04-16,17:00:00-18:00:00,2026,1627,14248,,Badra Khatoon,This name already booked as FULL in the same session; avoid duplicate Lite booking
REVIEW_POSSIBLE_EXISTING_FULL_BOOKING,2026-04-16,17:00:00-18:00:00,2026,1628,14248,,Sahira Parveen,This name already booked as FULL in the same session; avoid duplicate Lite booking
REVIEW_POSSIBLE_EXISTING_FULL_BOOKING,2026-04-16,17:00:00-18:00:00,2026,1629,14248,,Maqsood Begum,This name already booked as FULL in the same session; avoid duplicate Lite booking
REVIEW_POSSIBLE_EXISTING_FULL_BOOKING,2026-04-16,17:00:00-18:00:00,2026,1630,14248,,Kaneez Akhtar,This name already booked as FULL in the same session; avoid duplicate Lite booking
REVIEW_POSSIBLE_EXISTING_FULL_BOOKING,2026-04-17,09:30:00-10:30:00,2026,1633,14249,,Sharowan Amir,This name already booked as FULL in the same session; avoid duplicate Lite booking
REVIEW_POSSIBLE_EXISTING_FULL_BOOKING,2026-04-17,10:30:00-11:30:00,2026,1640,14250,,Zainab Moosa,This name already booked as FULL in the same session; avoid duplicate Lite booking
REVIEW_POSSIBLE_EXISTING_FULL_BOOKING,2026-04-17,10:30:00-11:30:00,2026,1641,14250,,Mohammed Hanif Moosa,This name already booked as FULL in the same session; avoid duplicate Lite booking
REVIEW_POSSIBLE_EXISTING_FULL_BOOKING,2026-04-17,10:30:00-11:30:00,2026,1642,14250,,Jennifer Mason,This name already booked as FULL in the same session; avoid duplicate Lite booking
REVIEW_POSSIBLE_EXISTING_FULL_BOOKING,2026-04-17,10:30:00-11:30:00,2026,1643,14250,,Janet Corlis,This name already booked as FULL in the same session; avoid duplicate Lite booking
REVIEW_SESSION_FULL,2026-04-17,10:30:00-11:30:00,2026,1644,14250,,Gladys Lee,
REVIEW_POSSIBLE_EXISTING_FULL_BOOKING,2026-04-17,10:30:00-11:30:00,2026,1645,14250,,Kowsar Rukhsana,This name already booked as FULL in the same session; avoid duplicate Lite booking
REVIEW_POSSIBLE_EXISTING_FULL_BOOKING,2026-04-17,10:30:00-11:30:00,2026,1646,14250,,Patricia Lawrence,This name already booked as FULL in the same session; avoid duplicate Lite booking
REVIEW_POSSIBLE_EXISTING_FULL_BOOKING,2026-04-17,10:30:00-11:30:00,2026,1647,14250,,Shakila Bibi,This name already booked as FULL in the same session; avoid duplicate Lite booking
REVIEW_POSSIBLE_EXISTING_FULL_BOOKING,2026-04-17,10:30:00-11:30:00,2026,1648,14250,,Fozia Ali,This name already booked as FULL in the same session; avoid duplicate Lite booking
REVIEW_POSSIBLE_EXISTING_FULL_BOOKING,2026-04-17,15:00:00-16:00:00,2026,1649,14251,,Mohammed Fazal,This name already booked as FULL in the same session; avoid duplicate Lite booking
REVIEW_POSSIBLE_EXISTING_FULL_BOOKING,2026-04-17,15:00:00-16:00:00,2026,1650,14251,,Mohammed Nawaz,This name already booked as FULL in the same session; avoid duplicate Lite booking
REVIEW_POSSIBLE_EXISTING_FULL_BOOKING,2026-04-17,15:00:00-16:00:00,2026,1651,14251,,Mansoor Malik,This name already booked as FULL in the same session; avoid duplicate Lite booking
REVIEW_POSSIBLE_EXISTING_FULL_BOOKING,2026-04-17,15:00:00-16:00:00,2026,1653,14251,,Mohammed Mahroof,This name already booked as FULL in the same session; avoid duplicate Lite booking
REVIEW_POSSIBLE_EXISTING_FULL_BOOKING,2026-04-17,15:00:00-16:00:00,2026,1655,14251,,Mohammad Asghar,This name already booked as FULL in the same session; avoid duplicate Lite booking
REVIEW_POSSIBLE_EXISTING_FULL_BOOKING,2026-04-17,15:00:00-16:00:00,2026,1656,14251,,Abdul Majid,This name already booked as FULL in the same session; avoid duplicate Lite booking
REVIEW_POSSIBLE_EXISTING_FULL_BOOKING,2026-04-18,09:45:00-10:45:00,2026,1661,14252,,Maryam Bibi,This name already booked as FULL in the same session; avoid duplicate Lite booking
REVIEW_POSSIBLE_EXISTING_FULL_BOOKING,2026-04-18,09:45:00-10:45:00,2026,1666,14252,,Zenab Bi,This name already booked as FULL in the same session; avoid duplicate Lite booking
REVIEW_POSSIBLE_EXISTING_FULL_BOOKING,2026-04-18,11:00:00-12:00:00,2026,1667,14253,,Zubair Khan,This name already booked as FULL in the same session; avoid duplicate Lite booking
REVIEW_POSSIBLE_EXISTING_FULL_BOOKING,2026-04-18,11:00:00-12:00:00,2026,1668,14253,,Shahban Khan,This name already booked as FULL in the same session; avoid duplicate Lite booking
REVIEW_POSSIBLE_EXISTING_FULL_BOOKING,2026-04-18,11:00:00-12:00:00,2026,1669,14253,,Qamar Zaman,This name already booked as FULL in the same session; avoid duplicate Lite booking
REVIEW_POSSIBLE_EXISTING_FULL_BOOKING,2026-04-18,11:00:00-12:00:00,2026,1670,14253,,Sabir Hussain,This name already booked as FULL in the same session; avoid duplicate Lite booking
REVIEW_POSSIBLE_EXISTING_FULL_BOOKING,2026-04-18,11:00:00-12:00:00,2026,1671,14253,,Mohammed Sajid,This name already booked as FULL in the same session; avoid duplicate Lite booking
REVIEW_POSSIBLE_EXISTING_FULL_BOOKING,2026-04-18,11:00:00-12:00:00,2026,1674,14253,,Raja Ali,This name already booked as FULL in the same session; avoid duplicate Lite booking
REVIEW_SESSION_FULL,2026-04-18,11:00:00-12:00:00,2026,1675,14253,,Ateeq Ur-Rehman,
REVIEW_POSSIBLE_EXISTING_FULL_BOOKING,2026-04-20,11:00:00-12:00:00,2026,1676,14254,,Abida Khalid,This name already booked as FULL in the same session; avoid duplicate Lite booking
REVIEW_POSSIBLE_EXISTING_FULL_BOOKING,2026-04-20,11:00:00-12:00:00,2026,1677,14254,,Rifat Fayaz,This name already booked as FULL in the same session; avoid duplicate Lite booking
REVIEW_POSSIBLE_EXISTING_FULL_BOOKING,2026-04-20,11:00:00-12:00:00,2026,1678,14254,,Ghulab Zara,This name already booked as FULL in the same session; avoid duplicate Lite booking
REVIEW_POSSIBLE_EXISTING_FULL_BOOKING,2026-04-20,11:00:00-12:00:00,2026,1679,14254,,Nusrat Bibi,This name already booked as FULL in the same session; avoid duplicate Lite booking
REVIEW_POSSIBLE_EXISTING_FULL_BOOKING,2026-04-20,11:00:00-12:00:00,2026,1681,14254,,Fayaz Begum,This name already booked as FULL in the same session; avoid duplicate Lite booking
REVIEW_POSSIBLE_EXISTING_FULL_BOOKING,2026-04-20,11:00:00-12:00:00,2026,1682,14254,,Rifat Sultana,This name already booked as FULL in the same session; avoid duplicate Lite booking
REVIEW_POSSIBLE_EXISTING_FULL_BOOKING,2026-04-20,11:00:00-12:00:00,2026,1683,14254,,Tahzim Akhtar,This name already booked as FULL in the same session; avoid duplicate Lite booking
REVIEW_POSSIBLE_EXISTING_FULL_BOOKING,2026-04-20,11:00:00-12:00:00,2026,1684,14254,,Afrad Begum,This name already booked as FULL in the same session; avoid duplicate Lite booking
REVIEW_POSSIBLE_EXISTING_FULL_BOOKING,2026-04-20,12:30:00-13:30:00,2026,1685,14255,,Nasrina Gul,This name already booked as FULL in the same session; avoid duplicate Lite booking
REVIEW_POSSIBLE_EXISTING_FULL_BOOKING,2026-04-20,12:30:00-13:30:00,2026,1686,14255,,Fatima Khan,This name already booked as FULL in the same session; avoid duplicate Lite booking
REVIEW_POSSIBLE_EXISTING_FULL_BOOKING,2026-04-20,12:30:00-13:30:00,2026,1687,14255,,Nasreen Akhtar,This name already booked as FULL in the same session; avoid duplicate Lite booking
REVIEW_POSSIBLE_EXISTING_FULL_BOOKING,2026-04-20,12:30:00-13:30:00,2026,1688,14255,,Shamsa Kanwal,This name already booked as FULL in the same session; avoid duplicate Lite booking
REVIEW_POSSIBLE_EXISTING_FULL_BOOKING,2026-04-20,12:30:00-13:30:00,2026,1690,14255,,Shafia begum,This name already booked as FULL in the same session; avoid duplicate Lite booking
REVIEW_POSSIBLE_EXISTING_FULL_BOOKING,2026-04-20,12:30:00-13:30:00,2026,1691,14255,,Khalida Parveen,This name already booked as FULL in the same session; avoid duplicate Lite booking
REVIEW_POSSIBLE_EXISTING_FULL_BOOKING,2026-04-20,12:30:00-13:30:00,2026,1692,14255,,Ambia Rahman,This name already booked as FULL in the same session; avoid duplicate Lite booking
REVIEW_POSSIBLE_EXISTING_FULL_BOOKING,2026-04-20,12:30:00-13:30:00,2026,1693,14255,,Barkat Begum,This name already booked as FULL in the same session; avoid duplicate Lite booking
REVIEW_POSSIBLE_EXISTING_FULL_BOOKING,2026-04-20,14:00:00-15:00:00,2026,1696,14256,,Mohammed Nawaz,This name already booked as FULL in the same session; avoid duplicate Lite booking
REVIEW_POSSIBLE_EXISTING_FULL_BOOKING,2026-04-20,14:00:00-15:00:00,2026,1698,14256,,Kamran Khan,This name already booked as FULL in the same session; avoid duplicate Lite booking
REVIEW_POSSIBLE_EXISTING_FULL_BOOKING,2026-04-20,14:00:00-15:00:00,2026,1699,14256,,Thomas Walker,This name already booked as FULL in the same session; avoid duplicate Lite booking
REVIEW_POSSIBLE_EXISTING_FULL_BOOKING,2026-04-20,14:00:00-15:00:00,2026,1700,14256,,Abdul Majid,This name already booked as FULL in the same session; avoid duplicate Lite booking
REVIEW_POSSIBLE_EXISTING_FULL_BOOKING,2026-04-20,14:00:00-15:00:00,2026,1701,14256,,Mansoor Malik,This name already booked as FULL in the same session; avoid duplicate Lite booking
REVIEW_LITE_DOB_CONFLICT,2026-04-20,15:00:00-16:00:00,2026,1703,,,Arshad Mahmood,
REVIEW_POSSIBLE_EXISTING_FULL_BOOKING,2026-04-20,15:00:00-16:00:00,2026,1704,14257,,Thomas Walker,This name already booked as FULL in the same session; avoid duplicate Lite booking
REVIEW_POSSIBLE_EXISTING_FULL_BOOKING,2026-04-21,09:30:00-10:30:00,2026,1712,14258,,Rifat Bano,This name already booked as FULL in the same session; avoid duplicate Lite booking
REVIEW_POSSIBLE_EXISTING_FULL_BOOKING,2026-04-21,09:30:00-10:30:00,2026,1713,14258,,Shakila Bi,This name already booked as FULL in the same session; avoid duplicate Lite booking
REVIEW_POSSIBLE_EXISTING_FULL_BOOKING,2026-04-21,09:30:00-10:30:00,2026,1715,14258,,Fozia Hafiz,This name already booked as FULL in the same session; avoid duplicate Lite booking
REVIEW_POSSIBLE_EXISTING_FULL_BOOKING,2026-04-21,09:30:00-10:30:00,2026,1716,14258,,Mahroof Begum,This name already booked as FULL in the same session; avoid duplicate Lite booking
REVIEW_POSSIBLE_EXISTING_FULL_BOOKING,2026-04-21,09:30:00-10:30:00,2026,1717,14258,,Ishrat parveen,This name already booked as FULL in the same session; avoid duplicate Lite booking
REVIEW_POSSIBLE_EXISTING_FULL_BOOKING,2026-04-21,09:30:00-10:30:00,2026,1718,14258,,Najabat Bibi,This name already booked as FULL in the same session; avoid duplicate Lite booking
REVIEW_POSSIBLE_EXISTING_FULL_BOOKING,2026-04-21,09:30:00-10:30:00,2026,1719,14258,,Yasmin Mehmood,This name already booked as FULL in the same session; avoid duplicate Lite booking
REVIEW_POSSIBLE_EXISTING_FULL_BOOKING,2026-04-21,09:30:00-10:30:00,2026,1720,14258,,Shabana Iqbal,This name already booked as FULL in the same session; avoid duplicate Lite booking
REVIEW_POSSIBLE_EXISTING_FULL_BOOKING,2026-04-21,12:00:00-13:00:00,2026,1721,14259,,Kalsoom Akhtar,This name already booked as FULL in the same session; avoid duplicate Lite booking
REVIEW_POSSIBLE_EXISTING_FULL_BOOKING,2026-04-21,12:00:00-13:00:00,2026,1722,14259,,Jennifer Mason,This name already booked as FULL in the same session; avoid duplicate Lite booking
REVIEW_POSSIBLE_EXISTING_FULL_BOOKING,2026-04-21,12:00:00-13:00:00,2026,1723,14259,,Ishrat Bano,This name already booked as FULL in the same session; avoid duplicate Lite booking
REVIEW_POSSIBLE_EXISTING_FULL_BOOKING,2026-04-21,12:00:00-13:00:00,2026,1724,14259,,Maqsood Begum,This name already booked as FULL in the same session; avoid duplicate Lite booking
REVIEW_POSSIBLE_EXISTING_FULL_BOOKING,2026-04-21,12:00:00-13:00:00,2026,1725,14259,,Samina Javed,This name already booked as FULL in the same session; avoid duplicate Lite booking
REVIEW_POSSIBLE_EXISTING_FULL_BOOKING,2026-04-21,12:00:00-13:00:00,2026,1726,14259,,Zainab Rafiq,This name already booked as FULL in the same session; avoid duplicate Lite booking
REVIEW_POSSIBLE_EXISTING_FULL_BOOKING,2026-04-21,12:00:00-13:00:00,2026,1727,14259,,Afia Rafiq,This name already booked as FULL in the same session; avoid duplicate Lite booking
REVIEW_POSSIBLE_EXISTING_FULL_BOOKING,2026-04-21,12:00:00-13:00:00,2026,1728,14259,,Khadeeja Begum,This name already booked as FULL in the same session; avoid duplicate Lite booking
REVIEW_POSSIBLE_EXISTING_FULL_BOOKING,2026-04-21,12:00:00-13:00:00,2026,1729,14259,,Riffat Hussain,This name already booked as FULL in the same session; avoid duplicate Lite booking
REVIEW_POSSIBLE_EXISTING_FULL_BOOKING,2026-04-22,11:00:00-12:00:00,2026,1731,14260,,Sabir Hussain,This name already booked as FULL in the same session; avoid duplicate Lite booking
REVIEW_POSSIBLE_EXISTING_FULL_BOOKING,2026-04-22,11:00:00-12:00:00,2026,1732,14260,,Kamran Khan,This name already booked as FULL in the same session; avoid duplicate Lite booking
REVIEW_POSSIBLE_EXISTING_FULL_BOOKING,2026-04-22,11:00:00-12:00:00,2026,1733,14260,,Raja Ali,This name already booked as FULL in the same session; avoid duplicate Lite booking
REVIEW_POSSIBLE_EXISTING_FULL_BOOKING,2026-04-22,11:00:00-12:00:00,2026,1734,14260,,Mohammed Hanif Moosa,This name already booked as FULL in the same session; avoid duplicate Lite booking
REVIEW_POSSIBLE_EXISTING_FULL_BOOKING,2026-04-22,11:00:00-12:00:00,2026,1735,14260,,Abdul Majid,This name already booked as FULL in the same session; avoid duplicate Lite booking
REVIEW_POSSIBLE_EXISTING_FULL_BOOKING,2026-04-22,11:00:00-12:00:00,2026,1737,14260,,Ghiyas-ul-Haq Ahmed,This name already booked as FULL in the same session; avoid duplicate Lite booking
REVIEW_POSSIBLE_EXISTING_FULL_BOOKING,2026-04-23,12:00:00-13:00:00,2026,1749,14262,,Sughra Bibi,This name already booked as FULL in the same session; avoid duplicate Lite booking
REVIEW_SESSION_FULL,2026-04-23,12:00:00-13:00:00,2026,1750,14262,,Rehna Tabassum,
REVIEW_POSSIBLE_EXISTING_FULL_BOOKING,2026-04-23,12:00:00-13:00:00,2026,1751,14262,,Iqra Nur Hussain,This name already booked as FULL in the same session; avoid duplicate Lite booking
REVIEW_POSSIBLE_EXISTING_FULL_BOOKING,2026-04-23,12:00:00-13:00:00,2026,1752,14262,,Abida Khalid,This name already booked as FULL in the same session; avoid duplicate Lite booking
REVIEW_POSSIBLE_EXISTING_FULL_BOOKING,2026-04-23,12:00:00-13:00:00,2026,1753,14262,,Saida Sharif,This name already booked as FULL in the same session; avoid duplicate Lite booking
REVIEW_POSSIBLE_EXISTING_FULL_BOOKING,2026-04-23,12:00:00-13:00:00,2026,1754,14262,,Nazia Bi,This name already booked as FULL in the same session; avoid duplicate Lite booking
REVIEW_POSSIBLE_EXISTING_FULL_BOOKING,2026-04-23,12:00:00-13:00:00,2026,1755,14262,,Shaheen Akhtar,This name already booked as FULL in the same session; avoid duplicate Lite booking
REVIEW_POSSIBLE_EXISTING_FULL_BOOKING,2026-04-23,12:00:00-13:00:00,2026,1756,14262,,Naseem Akhtar,This name already booked as FULL in the same session; avoid duplicate Lite booking
REVIEW_POSSIBLE_EXISTING_FULL_BOOKING,2026-04-23,14:30:00-15:30:00,2026,1757,14263,,Mohammed Nawaz,This name already booked as FULL in the same session; avoid duplicate Lite booking
REVIEW_POSSIBLE_EXISTING_FULL_BOOKING,2026-04-23,14:30:00-15:30:00,2026,1761,14263,,Thomas Walker,This name already booked as FULL in the same session; avoid duplicate Lite booking
REVIEW_SESSION_FULL,2026-04-23,17:00:00-18:00:00,2026,1768,,,Angelique Willaims,New Lite identity not created because the session is full
REVIEW_POSSIBLE_EXISTING_FULL_BOOKING,2026-04-23,17:00:00-18:00:00,2026,1769,14264,,Ghazala Bi,This name already booked as FULL in the same session; avoid duplicate Lite booking
REVIEW_POSSIBLE_EXISTING_FULL_BOOKING,2026-04-23,17:00:00-18:00:00,2026,1770,14264,,Kowsar Rukhsana,This name already booked as FULL in the same session; avoid duplicate Lite booking
REVIEW_POSSIBLE_EXISTING_FULL_BOOKING,2026-04-23,17:00:00-18:00:00,2026,1771,14264,,Sultana Parveen,This name already booked as FULL in the same session; avoid duplicate Lite booking
REVIEW_POSSIBLE_EXISTING_FULL_BOOKING,2026-04-23,17:00:00-18:00:00,2026,1772,14264,,Sughra Begum,This name already booked as FULL in the same session; avoid duplicate Lite booking
REVIEW_POSSIBLE_EXISTING_FULL_BOOKING,2026-04-23,17:00:00-18:00:00,2026,1773,14264,,Rashid Begum,This name already booked as FULL in the same session; avoid duplicate Lite booking
REVIEW_POSSIBLE_EXISTING_FULL_BOOKING,2026-04-23,17:00:00-18:00:00,2026,1774,14264,,Saeeda Begum,This name already booked as FULL in the same session; avoid duplicate Lite booking
REVIEW_POSSIBLE_EXISTING_FULL_BOOKING,2026-04-24,09:30:00-10:30:00,2026,1778,14265,,Sainey Drammeh,This name already booked as FULL in the same session; avoid duplicate Lite booking
REVIEW_POSSIBLE_EXISTING_FULL_BOOKING,2026-04-24,09:30:00-10:30:00,2026,1779,14265,,Sharowan Amir,This name already booked as FULL in the same session; avoid duplicate Lite booking
REVIEW_POSSIBLE_EXISTING_FULL_BOOKING,2026-04-24,09:30:00-10:30:00,2026,1781,14265,,Abdul Majid,This name already booked as FULL in the same session; avoid duplicate Lite booking
REVIEW_SESSION_FULL,2026-04-24,10:30:00-11:30:00,2026,1785,14266,,Gladys Lee,
REVIEW_POSSIBLE_EXISTING_FULL_BOOKING,2026-04-24,10:30:00-11:30:00,2026,1786,14266,,Sahira Parveen,This name already booked as FULL in the same session; avoid duplicate Lite booking
REVIEW_POSSIBLE_EXISTING_FULL_BOOKING,2026-04-24,10:30:00-11:30:00,2026,1787,14266,,Kowsar Rukhsana,This name already booked as FULL in the same session; avoid duplicate Lite booking
REVIEW_POSSIBLE_EXISTING_FULL_BOOKING,2026-04-24,10:30:00-11:30:00,2026,1788,14266,,Zainab Moosa,This name already booked as FULL in the same session; avoid duplicate Lite booking
REVIEW_POSSIBLE_EXISTING_FULL_BOOKING,2026-04-24,10:30:00-11:30:00,2026,1789,14266,,Mohammed Hanif Moosa,This name already booked as FULL in the same session; avoid duplicate Lite booking
REVIEW_POSSIBLE_EXISTING_FULL_BOOKING,2026-04-24,10:30:00-11:30:00,2026,1790,14266,,Patricia Lawrence,This name already booked as FULL in the same session; avoid duplicate Lite booking
REVIEW_POSSIBLE_EXISTING_FULL_BOOKING,2026-04-24,10:30:00-11:30:00,2026,1791,14266,,Fozia Ali,This name already booked as FULL in the same session; avoid duplicate Lite booking
REVIEW_POSSIBLE_EXISTING_FULL_BOOKING,2026-04-24,10:30:00-11:30:00,2026,1792,14266,,Shakila Bibi,This name already booked as FULL in the same session; avoid duplicate Lite booking
REVIEW_POSSIBLE_EXISTING_FULL_BOOKING,2026-04-24,15:00:00-16:00:00,2026,1794,14267,,Thomas Walker,This name already booked as FULL in the same session; avoid duplicate Lite booking
REVIEW_POSSIBLE_EXISTING_FULL_BOOKING,2026-04-24,15:00:00-16:00:00,2026,1795,14267,,Mohammad Asghar,This name already booked as FULL in the same session; avoid duplicate Lite booking
REVIEW_POSSIBLE_EXISTING_FULL_BOOKING,2026-04-24,15:00:00-16:00:00,2026,1796,14267,,Arshad Mahmood,This name already booked as FULL in the same session; avoid duplicate Lite booking
REVIEW_POSSIBLE_EXISTING_FULL_BOOKING,2026-04-24,15:00:00-16:00:00,2026,1797,14267,,Mohammed Nawaz,This name already booked as FULL in the same session; avoid duplicate Lite booking
REVIEW_POSSIBLE_EXISTING_FULL_BOOKING,2026-04-24,15:00:00-16:00:00,2026,1798,14267,,Qamar Zaman,This name already booked as FULL in the same session; avoid duplicate Lite booking
REVIEW_POSSIBLE_EXISTING_FULL_BOOKING,2026-04-24,15:00:00-16:00:00,2026,1799,14267,,Basharat Hussain,This name already booked as FULL in the same session; avoid duplicate Lite booking
REVIEW_POSSIBLE_EXISTING_FULL_BOOKING,2026-04-25,09:45:00-10:45:00,2026,1802,14268,,Safina Bibi,This name already booked as FULL in the same session; avoid duplicate Lite booking
REVIEW_POSSIBLE_EXISTING_FULL_BOOKING,2026-04-25,09:45:00-10:45:00,2026,1803,14268,,Shakila Bibi,This name already booked as FULL in the same session; avoid duplicate Lite booking
REVIEW_POSSIBLE_EXISTING_FULL_BOOKING,2026-04-25,09:45:00-10:45:00,2026,1804,14268,,Fozia Ali,This name already booked as FULL in the same session; avoid duplicate Lite booking
REVIEW_POSSIBLE_EXISTING_FULL_BOOKING,2026-04-25,09:45:00-10:45:00,2026,1809,14268,,Yasmeen Khan,This name already booked as FULL in the same session; avoid duplicate Lite booking
REVIEW_POSSIBLE_EXISTING_FULL_BOOKING,2026-04-25,09:45:00-10:45:00,2026,1810,14268,,Sana Femida Naaz,This name already booked as FULL in the same session; avoid duplicate Lite booking
REVIEW_POSSIBLE_EXISTING_FULL_BOOKING,2026-04-25,11:00:00-12:00:00,2026,1811,14269,,Sabir Hussain,This name already booked as FULL in the same session; avoid duplicate Lite booking
REVIEW_POSSIBLE_EXISTING_FULL_BOOKING,2026-04-25,11:00:00-12:00:00,2026,1815,14269,,Zubair Khan,This name already booked as FULL in the same session; avoid duplicate Lite booking
REVIEW_POSSIBLE_EXISTING_FULL_BOOKING,2026-04-25,11:00:00-12:00:00,2026,1816,14269,,Shahban Khan,This name already booked as FULL in the same session; avoid duplicate Lite booking
REVIEW_POSSIBLE_EXISTING_FULL_BOOKING,2026-04-25,11:00:00-12:00:00,2026,1817,14269,,Qamar Zaman,This name already booked as FULL in the same session; avoid duplicate Lite booking
REVIEW_POSSIBLE_EXISTING_FULL_BOOKING,2026-04-25,11:00:00-12:00:00,2026,1818,14269,,Mohammed Sajid,This name already booked as FULL in the same session; avoid duplicate Lite booking
REVIEW_POSSIBLE_EXISTING_FULL_BOOKING,2026-04-25,11:00:00-12:00:00,2026,1819,14269,,Suleman Muhammad,This name already booked as FULL in the same session; avoid duplicate Lite booking
REVIEW_POSSIBLE_EXISTING_FULL_BOOKING,2026-04-27,11:00:00-12:00:00,2026,1822,14270,,Nusrat Bibi,This name already booked as FULL in the same session; avoid duplicate Lite booking
REVIEW_POSSIBLE_EXISTING_FULL_BOOKING,2026-04-27,11:00:00-12:00:00,2026,1823,14270,,Rifat Sultana,This name already booked as FULL in the same session; avoid duplicate Lite booking
REVIEW_POSSIBLE_EXISTING_FULL_BOOKING,2026-04-27,11:00:00-12:00:00,2026,1824,14270,,Nasreen Akhtar,This name already booked as FULL in the same session; avoid duplicate Lite booking
REVIEW_POSSIBLE_EXISTING_FULL_BOOKING,2026-04-27,11:00:00-12:00:00,2026,1826,14270,,Mahroof Bibi,This name already booked as FULL in the same session; avoid duplicate Lite booking
REVIEW_POSSIBLE_EXISTING_FULL_BOOKING,2026-04-27,11:00:00-12:00:00,2026,1827,14270,,Mehnaz Begum,This name already booked as FULL in the same session; avoid duplicate Lite booking
REVIEW_POSSIBLE_EXISTING_FULL_BOOKING,2026-04-27,12:30:00-13:30:00,2026,1830,14271,,Safeena Bibi,This name already booked as FULL in the same session; avoid duplicate Lite booking
REVIEW_POSSIBLE_EXISTING_FULL_BOOKING,2026-04-27,12:30:00-13:30:00,2026,1831,14271,,Nazma Bi,This name already booked as FULL in the same session; avoid duplicate Lite booking
REVIEW_POSSIBLE_EXISTING_FULL_BOOKING,2026-04-27,12:30:00-13:30:00,2026,1832,14271,,Ambia Rahman,This name already booked as FULL in the same session; avoid duplicate Lite booking
REVIEW_POSSIBLE_EXISTING_FULL_BOOKING,2026-04-27,12:30:00-13:30:00,2026,1834,14271,,Badra Khatoon,This name already booked as FULL in the same session; avoid duplicate Lite booking
REVIEW_POSSIBLE_EXISTING_FULL_BOOKING,2026-04-27,12:30:00-13:30:00,2026,1835,14271,,Kaneez Akhtar,This name already booked as FULL in the same session; avoid duplicate Lite booking
REVIEW_POSSIBLE_EXISTING_FULL_BOOKING,2026-04-27,12:30:00-13:30:00,2026,1836,14271,,Janet Corlis,This name already booked as FULL in the same session; avoid duplicate Lite booking
REVIEW_POSSIBLE_EXISTING_FULL_BOOKING,2026-04-27,12:30:00-13:30:00,2026,1837,14271,,Parveen Akhtar,This name already booked as FULL in the same session; avoid duplicate Lite booking
REVIEW_POSSIBLE_EXISTING_FULL_BOOKING,2026-04-27,14:00:00-15:00:00,2026,1838,14272,,Kamran Khan,This name already booked as FULL in the same session; avoid duplicate Lite booking
REVIEW_POSSIBLE_EXISTING_FULL_BOOKING,2026-04-27,14:00:00-15:00:00,2026,1839,14272,,Mohammed Nawaz,This name already booked as FULL in the same session; avoid duplicate Lite booking
REVIEW_POSSIBLE_EXISTING_FULL_BOOKING,2026-04-27,14:00:00-15:00:00,2026,1841,14272,,Mohammed Fazal,This name already booked as FULL in the same session; avoid duplicate Lite booking
REVIEW_LITE_DOB_CONFLICT,2026-04-27,14:00:00-15:00:00,2026,1844,,,Arshad Mahmood,
REVIEW_POSSIBLE_EXISTING_FULL_BOOKING,2026-04-27,14:00:00-15:00:00,2026,1845,14272,,Mohammed Saghir,This name already booked as FULL in the same session; avoid duplicate Lite booking
REVIEW_POSSIBLE_EXISTING_FULL_BOOKING,2026-04-27,15:00:00-16:00:00,2026,1848,14273,,Hanif Hall,This name already booked as FULL in the same session; avoid duplicate Lite booking
REVIEW_POSSIBLE_EXISTING_FULL_BOOKING,2026-04-28,09:30:00-10:30:00,2026,1856,14274,,Iqra Nur Hussain,This name already booked as FULL in the same session; avoid duplicate Lite booking
REVIEW_POSSIBLE_EXISTING_FULL_BOOKING,2026-04-28,09:30:00-10:30:00,2026,1858,14274,,Ghulab Zara,This name already booked as FULL in the same session; avoid duplicate Lite booking
REVIEW_POSSIBLE_EXISTING_FULL_BOOKING,2026-04-28,09:30:00-10:30:00,2026,1859,14274,,Abida Khalid,This name already booked as FULL in the same session; avoid duplicate Lite booking
REVIEW_POSSIBLE_EXISTING_FULL_BOOKING,2026-04-28,09:30:00-10:30:00,2026,1860,14274,,Nasrina Gul,This name already booked as FULL in the same session; avoid duplicate Lite booking
REVIEW_POSSIBLE_EXISTING_FULL_BOOKING,2026-04-28,09:30:00-10:30:00,2026,1861,14274,,Shabana Iqbal,This name already booked as FULL in the same session; avoid duplicate Lite booking
REVIEW_SESSION_FULL,2026-04-28,09:30:00-10:30:00,2026,1862,14274,,Azra Bibi,
REVIEW_POSSIBLE_EXISTING_FULL_BOOKING,2026-04-28,09:30:00-10:30:00,2026,1863,14274,,Ishrat parveen,This name already booked as FULL in the same session; avoid duplicate Lite booking
REVIEW_POSSIBLE_EXISTING_FULL_BOOKING,2026-04-28,09:30:00-10:30:00,2026,1864,14274,,Najabat Bibi,This name already booked as FULL in the same session; avoid duplicate Lite booking
REVIEW_POSSIBLE_EXISTING_FULL_BOOKING,2026-04-28,12:00:00-13:00:00,2026,1866,14275,,Kalsoom Akhtar,This name already booked as FULL in the same session; avoid duplicate Lite booking
REVIEW_AMBIGUOUS_LITE,2026-04-28,12:00:00-13:00:00,2026,1868,,,Naseem Akhtar,
REVIEW_POSSIBLE_EXISTING_FULL_BOOKING,2026-04-28,12:00:00-13:00:00,2026,1870,14275,,Jennifer Mason,This name already booked as FULL in the same session; avoid duplicate Lite booking
REVIEW_POSSIBLE_EXISTING_FULL_BOOKING,2026-04-28,12:00:00-13:00:00,2026,1871,14275,,Rashida Begum,This name already booked as FULL in the same session; avoid duplicate Lite booking
REVIEW_POSSIBLE_EXISTING_FULL_BOOKING,2026-04-28,12:00:00-13:00:00,2026,1873,14275,,Shagufta Iqbal,This name already booked as FULL in the same session; avoid duplicate Lite booking
REVIEW_POSSIBLE_EXISTING_FULL_BOOKING,2026-04-29,11:00:00-12:00:00,2026,1874,14276,,Kamran Khan,This name already booked as FULL in the same session; avoid duplicate Lite booking
REVIEW_POSSIBLE_EXISTING_FULL_BOOKING,2026-04-29,11:00:00-12:00:00,2026,1877,14276,,Mohammed Hanif Moosa,This name already booked as FULL in the same session; avoid duplicate Lite booking
REVIEW_POSSIBLE_EXISTING_FULL_BOOKING,2026-04-29,11:00:00-12:00:00,2026,1878,14276,,Raja Ali,This name already booked as FULL in the same session; avoid duplicate Lite booking
REVIEW_POSSIBLE_EXISTING_FULL_BOOKING,2026-04-30,10:30:00-11:30:00,2026,1883,14277,,Sobia Nosheen,This name already booked as FULL in the same session; avoid duplicate Lite booking
REVIEW_POSSIBLE_EXISTING_FULL_BOOKING,2026-04-30,10:30:00-11:30:00,2026,1885,14277,,Sajida Mahmood,This name already booked as FULL in the same session; avoid duplicate Lite booking
REVIEW_POSSIBLE_EXISTING_FULL_BOOKING,2026-04-30,10:30:00-11:30:00,2026,1886,14277,,Zainab Moosa,This name already booked as FULL in the same session; avoid duplicate Lite booking
REVIEW_POSSIBLE_EXISTING_FULL_BOOKING,2026-04-30,10:30:00-11:30:00,2026,1887,14277,,Riffat Hussain,This name already booked as FULL in the same session; avoid duplicate Lite booking
REVIEW_SESSION_FULL,2026-04-30,10:30:00-11:30:00,2026,1888,14277,,Janet Corlis,
REVIEW_POSSIBLE_EXISTING_FULL_BOOKING,2026-04-30,10:30:00-11:30:00,2026,1889,14277,,Shazia Bibi,This name already booked as FULL in the same session; avoid duplicate Lite booking
REVIEW_POSSIBLE_EXISTING_FULL_BOOKING,2026-04-30,10:30:00-11:30:00,2026,1890,14277,,Muqadas Bi,This name already booked as FULL in the same session; avoid duplicate Lite booking
REVIEW_POSSIBLE_EXISTING_FULL_BOOKING,2026-04-30,10:30:00-11:30:00,2026,1891,14277,,Sughra Bibi,This name already booked as FULL in the same session; avoid duplicate Lite booking
REVIEW_POSSIBLE_EXISTING_FULL_BOOKING,2026-04-30,12:00:00-13:00:00,2026,1893,14278,,Gazala Nusrat,This name already booked as FULL in the same session; avoid duplicate Lite booking
REVIEW_POSSIBLE_EXISTING_FULL_BOOKING,2026-04-30,12:00:00-13:00:00,2026,1894,14278,,Rashida Mobeen,This name already booked as FULL in the same session; avoid duplicate Lite booking
REVIEW_POSSIBLE_EXISTING_FULL_BOOKING,2026-04-30,12:00:00-13:00:00,2026,1895,14278,,Zahida Akhtar,This name already booked as FULL in the same session; avoid duplicate Lite booking
REVIEW_POSSIBLE_EXISTING_FULL_BOOKING,2026-04-30,12:00:00-13:00:00,2026,1896,14278,,Barkat Begum,This name already booked as FULL in the same session; avoid duplicate Lite booking
REVIEW_POSSIBLE_EXISTING_FULL_BOOKING,2026-04-30,12:00:00-13:00:00,2026,1897,14278,,Najia Begum,This name already booked as FULL in the same session; avoid duplicate Lite booking
REVIEW_POSSIBLE_EXISTING_FULL_BOOKING,2026-04-30,12:00:00-13:00:00,2026,1899,14278,,Hameeda Begum,This name already booked as FULL in the same session; avoid duplicate Lite booking
REVIEW_POSSIBLE_EXISTING_FULL_BOOKING,2026-04-30,12:00:00-13:00:00,2026,1900,14278,,Fayaz Begum,This name already booked as FULL in the same session; avoid duplicate Lite booking
REVIEW_POSSIBLE_EXISTING_FULL_BOOKING,2026-04-30,14:30:00-15:30:00,2026,1903,14279,,Amjid Hussain,This name already booked as FULL in the same session; avoid duplicate Lite booking
REVIEW_POSSIBLE_EXISTING_FULL_BOOKING,2026-04-30,14:30:00-15:30:00,2026,1904,14279,,Sajjad Nawaz,This name already booked as FULL in the same session; avoid duplicate Lite booking
REVIEW_POSSIBLE_EXISTING_FULL_BOOKING,2026-04-30,14:30:00-15:30:00,2026,1905,14279,,Mohammed Nawaz,This name already booked as FULL in the same session; avoid duplicate Lite booking
REVIEW_POSSIBLE_EXISTING_FULL_BOOKING,2026-04-30,14:30:00-15:30:00,2026,1906,14279,,Mohammed Saghir,This name already booked as FULL in the same session; avoid duplicate Lite booking
REVIEW_POSSIBLE_EXISTING_FULL_BOOKING,2026-04-30,14:30:00-15:30:00,2026,1909,14279,,Raja Ali,This name already booked as FULL in the same session; avoid duplicate Lite booking
REVIEW_POSSIBLE_EXISTING_FULL_BOOKING,2026-04-30,17:00:00-18:00:00,2026,1910,14280,,Kowsar Rukhsana,This name already booked as FULL in the same session; avoid duplicate Lite booking
REVIEW_POSSIBLE_EXISTING_FULL_BOOKING,2026-04-30,17:00:00-18:00:00,2026,1911,14280,,Ghazala Bi,This name already booked as FULL in the same session; avoid duplicate Lite booking
REVIEW_POSSIBLE_EXISTING_FULL_BOOKING,2026-04-30,17:00:00-18:00:00,2026,1912,14280,,Sultana Parveen,This name already booked as FULL in the same session; avoid duplicate Lite booking
REVIEW_POSSIBLE_EXISTING_FULL_BOOKING,2026-04-30,17:00:00-18:00:00,2026,1913,14280,,Maqsood Begum,This name already booked as FULL in the same session; avoid duplicate Lite booking
REVIEW_POSSIBLE_EXISTING_FULL_BOOKING,2026-04-30,17:00:00-18:00:00,2026,1914,14280,,Ishrat Bano,This name already booked as FULL in the same session; avoid duplicate Lite booking
REVIEW_POSSIBLE_EXISTING_FULL_BOOKING,2026-04-30,17:00:00-18:00:00,2026,1915,14280,,Rifat Bano,This name already booked as FULL in the same session; avoid duplicate Lite booking
REVIEW_POSSIBLE_EXISTING_FULL_BOOKING,2026-04-30,17:00:00-18:00:00,2026,1916,14280,,Shamsa Kanwal,This name already booked as FULL in the same session; avoid duplicate Lite booking
REVIEW_POSSIBLE_EXISTING_FULL_BOOKING,2026-04-30,17:00:00-18:00:00,2026,1917,14280,,Shakila Bibi,This name already booked as FULL in the same session; avoid duplicate Lite booking
REVIEW_POSSIBLE_EXISTING_FULL_BOOKING,2026-04-30,17:00:00-18:00:00,2026,1918,14280,,Khalida Parveen,This name already booked as FULL in the same session; avoid duplicate Lite booking
REVIEW_POSSIBLE_EXISTING_FULL_BOOKING,2026-05-01,09:30:00-10:30:00,2026,1920,14281,,Sharowan Amir,This name already booked as FULL in the same session; avoid duplicate Lite booking
REVIEW_POSSIBLE_EXISTING_FULL_BOOKING,2026-05-01,10:30:00-11:30:00,2026,1929,14282,,Kowsar Rukhsana,This name already booked as FULL in the same session; avoid duplicate Lite booking
REVIEW_POSSIBLE_EXISTING_FULL_BOOKING,2026-05-01,10:30:00-11:30:00,2026,1930,14282,,Zainab Moosa,This name already booked as FULL in the same session; avoid duplicate Lite booking
REVIEW_POSSIBLE_EXISTING_FULL_BOOKING,2026-05-01,10:30:00-11:30:00,2026,1931,14282,,Mohammed Hanif Moosa,This name already booked as FULL in the same session; avoid duplicate Lite booking
REVIEW_POSSIBLE_EXISTING_FULL_BOOKING,2026-05-01,10:30:00-11:30:00,2026,1934,14282,,Suleman Muhammad,This name already booked as FULL in the same session; avoid duplicate Lite booking
REVIEW_POSSIBLE_EXISTING_FULL_BOOKING,2026-05-01,15:00:00-16:00:00,2026,1940,14283,,Arshad Mahmood,This name already booked as FULL in the same session; avoid duplicate Lite booking
REVIEW_POSSIBLE_EXISTING_FULL_BOOKING,2026-05-02,09:45:00-10:45:00,2026,1946,14284,,Zenab Bi,This name already booked as FULL in the same session; avoid duplicate Lite booking
REVIEW_POSSIBLE_EXISTING_FULL_BOOKING,2026-05-02,09:45:00-10:45:00,2026,1948,14284,,Bibi Zenab,This name already booked as FULL in the same session; avoid duplicate Lite booking
REVIEW_POSSIBLE_EXISTING_FULL_BOOKING,2026-05-02,09:45:00-10:45:00,2026,1952,14284,,Hasna Begum,This name already booked as FULL in the same session; avoid duplicate Lite booking
REVIEW_POSSIBLE_EXISTING_FULL_BOOKING,2026-05-02,09:45:00-10:45:00,2026,1954,14284,,Shamim Akhtar,This name already booked as FULL in the same session; avoid duplicate Lite booking
REVIEW_POSSIBLE_EXISTING_FULL_BOOKING,2026-05-02,11:00:00-12:00:00,2026,1957,14285,,Qamar Zaman,This name already booked as FULL in the same session; avoid duplicate Lite booking
REVIEW_POSSIBLE_EXISTING_FULL_BOOKING,2026-05-02,11:00:00-12:00:00,2026,1958,14285,,Raja Ali,This name already booked as FULL in the same session; avoid duplicate Lite booking
REVIEW_POSSIBLE_EXISTING_FULL_BOOKING,2026-05-02,11:00:00-12:00:00,2026,1960,14285,,Shahban Khan,This name already booked as FULL in the same session; avoid duplicate Lite booking
REVIEW_POSSIBLE_EXISTING_FULL_BOOKING,2026-05-02,11:00:00-12:00:00,2026,1961,14285,,Mohammed Sajid,This name already booked as FULL in the same session; avoid duplicate Lite booking
REVIEW_POSSIBLE_EXISTING_FULL_BOOKING,2026-05-05,09:30:00-10:30:00,2026,2001,14290,,Najabat Bibi,This name already booked as FULL in the same session; avoid duplicate Lite booking
REVIEW_POSSIBLE_EXISTING_FULL_BOOKING,2026-05-05,09:30:00-10:30:00,2026,2002,14290,,Yasmin Mehmood,This name already booked as FULL in the same session; avoid duplicate Lite booking
REVIEW_POSSIBLE_EXISTING_FULL_BOOKING,2026-05-05,09:30:00-10:30:00,2026,2003,14290,,Nazia Bi,This name already booked as FULL in the same session; avoid duplicate Lite booking
REVIEW_POSSIBLE_EXISTING_FULL_BOOKING,2026-05-05,09:30:00-10:30:00,2026,2004,14290,,Sughra Bibi,This name already booked as FULL in the same session; avoid duplicate Lite booking
REVIEW_POSSIBLE_EXISTING_FULL_BOOKING,2026-05-05,09:30:00-10:30:00,2026,2005,14290,,Saida Sharif,This name already booked as FULL in the same session; avoid duplicate Lite booking
REVIEW_POSSIBLE_EXISTING_FULL_BOOKING,2026-05-05,09:30:00-10:30:00,2026,2006,14290,,Minara Begum,This name already booked as FULL in the same session; avoid duplicate Lite booking
REVIEW_POSSIBLE_EXISTING_FULL_BOOKING,2026-05-05,09:30:00-10:30:00,2026,2007,14290,,Rashida Gandhi,This name already booked as FULL in the same session; avoid duplicate Lite booking
REVIEW_POSSIBLE_EXISTING_FULL_BOOKING,2026-05-05,09:30:00-10:30:00,2026,2008,14290,,Sobia Sadaqat,This name already booked as FULL in the same session; avoid duplicate Lite booking
REVIEW_POSSIBLE_EXISTING_FULL_BOOKING,2026-05-05,12:00:00-13:00:00,2026,2009,14291,,Shazia Bibi,This name already booked as FULL in the same session; avoid duplicate Lite booking
REVIEW_POSSIBLE_EXISTING_FULL_BOOKING,2026-05-05,12:00:00-13:00:00,2026,2010,14291,,Abida Khalid,This name already booked as FULL in the same session; avoid duplicate Lite booking
REVIEW_POSSIBLE_EXISTING_FULL_BOOKING,2026-05-05,12:00:00-13:00:00,2026,2011,14291,,Samina Javed,This name already booked as FULL in the same session; avoid duplicate Lite booking
REVIEW_POSSIBLE_EXISTING_FULL_BOOKING,2026-05-05,12:00:00-13:00:00,2026,2012,14291,,Kalsoom Akhtar,This name already booked as FULL in the same session; avoid duplicate Lite booking
REVIEW_POSSIBLE_EXISTING_FULL_BOOKING,2026-05-05,12:00:00-13:00:00,2026,2013,14291,,Matloob Bibi,This name already booked as FULL in the same session; avoid duplicate Lite booking
REVIEW_POSSIBLE_EXISTING_FULL_BOOKING,2026-05-05,12:00:00-13:00:00,2026,2014,14291,,Shakeela Bibi,This name already booked as FULL in the same session; avoid duplicate Lite booking
REVIEW_POSSIBLE_EXISTING_FULL_BOOKING,2026-05-05,12:00:00-13:00:00,2026,2015,14291,,Jamila Khatoon,This name already booked as FULL in the same session; avoid duplicate Lite booking
REVIEW_POSSIBLE_EXISTING_FULL_BOOKING,2026-05-05,12:00:00-13:00:00,2026,2016,14291,,Yearun Nessa,This name already booked as FULL in the same session; avoid duplicate Lite booking
REVIEW_SESSION_FULL,2026-05-05,12:00:00-13:00:00,2026,2017,14291,,Sabeen Akhtar,
REVIEW_POSSIBLE_EXISTING_FULL_BOOKING,2026-05-06,11:00:00-12:00:00,2026,2018,14292,,Kamran Khan,This name already booked as FULL in the same session; avoid duplicate Lite booking
REVIEW_POSSIBLE_EXISTING_FULL_BOOKING,2026-05-06,11:00:00-12:00:00,2026,2020,14292,,Raja Ali,This name already booked as FULL in the same session; avoid duplicate Lite booking
REVIEW_SESSION_FULL,2026-05-06,11:00:00-12:00:00,2026,2021,,,mohamad zaki,New Lite identity not created because the session is full
REVIEW_POSSIBLE_EXISTING_FULL_BOOKING,2026-05-06,11:00:00-12:00:00,2026,2022,14292,,Ghiyas-ul-Haq Ahmed,This name already booked as FULL in the same session; avoid duplicate Lite booking
REVIEW_SESSION_FULL,2026-05-06,11:00:00-12:00:00,2026,2023,14292,,Suleman Mohammad,
REVIEW_POSSIBLE_EXISTING_FULL_BOOKING,2026-05-06,11:00:00-12:00:00,2026,2024,14292,,Thomas Walker,This name already booked as FULL in the same session; avoid duplicate Lite booking
REVIEW_POSSIBLE_EXISTING_FULL_BOOKING,2026-05-06,11:00:00-12:00:00,2026,2025,14292,,Sainey Drammeh,This name already booked as FULL in the same session; avoid duplicate Lite booking
REVIEW_POSSIBLE_EXISTING_FULL_BOOKING,2026-05-06,11:00:00-12:00:00,2026,2026,14292,,Hanif Hall,This name already booked as FULL in the same session; avoid duplicate Lite booking
REVIEW_POSSIBLE_EXISTING_FULL_BOOKING,2026-05-06,12:00:00-13:00:00,2026,2028,14293,,Matloob Bibi,This name already booked as FULL in the same session; avoid duplicate Lite booking
REVIEW_POSSIBLE_EXISTING_FULL_BOOKING,2026-05-06,12:00:00-13:00:00,2026,2031,14293,,Nehaz Begum,This name already booked as FULL in the same session; avoid duplicate Lite booking
REVIEW_POSSIBLE_EXISTING_FULL_BOOKING,2026-05-06,12:00:00-13:00:00,2026,2033,14293,,Samina Javed,This name already booked as FULL in the same session; avoid duplicate Lite booking
REVIEW_POSSIBLE_EXISTING_FULL_BOOKING,2026-05-06,12:00:00-13:00:00,2026,2034,14293,,Azra Bibi,This name already booked as FULL in the same session; avoid duplicate Lite booking
REVIEW_POSSIBLE_EXISTING_FULL_BOOKING,2026-05-06,12:00:00-13:00:00,2026,2035,14293,,Shamim Akhtar,This name already booked as FULL in the same session; avoid duplicate Lite booking
REVIEW_POSSIBLE_EXISTING_FULL_BOOKING,2026-05-07,10:30:00-11:30:00,2026,2036,14294,,Sughra Begum,This name already booked as FULL in the same session; avoid duplicate Lite booking
REVIEW_POSSIBLE_EXISTING_FULL_BOOKING,2026-05-07,10:30:00-11:30:00,2026,2037,14294,,Rashid Begum,This name already booked as FULL in the same session; avoid duplicate Lite booking
REVIEW_POSSIBLE_EXISTING_FULL_BOOKING,2026-05-07,10:30:00-11:30:00,2026,2038,14294,,Syeda Fahmida Jannat,This name already booked as FULL in the same session; avoid duplicate Lite booking
REVIEW_POSSIBLE_EXISTING_FULL_BOOKING,2026-05-07,10:30:00-11:30:00,2026,2039,14294,,Minu Begum,This name already booked as FULL in the same session; avoid duplicate Lite booking
REVIEW_SESSION_FULL,2026-05-07,10:30:00-11:30:00,2026,2040,,,Sardar Begum,New Lite identity not created because the session is full
REVIEW_POSSIBLE_EXISTING_FULL_BOOKING,2026-05-07,10:30:00-11:30:00,2026,2041,14294,,Sana Femida Naaz,This name already booked as FULL in the same session; avoid duplicate Lite booking
REVIEW_POSSIBLE_EXISTING_FULL_BOOKING,2026-05-07,10:30:00-11:30:00,2026,2042,14294,,Yasmeen Khan,This name already booked as FULL in the same session; avoid duplicate Lite booking
REVIEW_POSSIBLE_EXISTING_FULL_BOOKING,2026-05-07,10:30:00-11:30:00,2026,2043,14294,,Kaneez Akhtar,This name already booked as FULL in the same session; avoid duplicate Lite booking
REVIEW_POSSIBLE_EXISTING_FULL_BOOKING,2026-05-07,10:30:00-11:30:00,2026,2044,14294,,Tahzim Akhtar,This name already booked as FULL in the same session; avoid duplicate Lite booking
REVIEW_POSSIBLE_EXISTING_FULL_BOOKING,2026-05-07,12:00:00-13:00:00,2026,2045,14295,,Binesh Kiren,This name already booked as FULL in the same session; avoid duplicate Lite booking
REVIEW_POSSIBLE_EXISTING_FULL_BOOKING,2026-05-07,12:00:00-13:00:00,2026,2046,14295,,Robina Khatoon,This name already booked as FULL in the same session; avoid duplicate Lite booking
REVIEW_AMBIGUOUS_LITE,2026-05-07,12:00:00-13:00:00,2026,2047,,,Naseem Akhtar,
REVIEW_POSSIBLE_EXISTING_FULL_BOOKING,2026-05-07,12:00:00-13:00:00,2026,2048,14295,,Nusrat Bibi,This name already booked as FULL in the same session; avoid duplicate Lite booking
REVIEW_POSSIBLE_EXISTING_FULL_BOOKING,2026-05-07,12:00:00-13:00:00,2026,2049,14295,,Rifat Sultana,This name already booked as FULL in the same session; avoid duplicate Lite booking
REVIEW_POSSIBLE_EXISTING_FULL_BOOKING,2026-05-07,12:00:00-13:00:00,2026,2050,14295,,Salma Salim,This name already booked as FULL in the same session; avoid duplicate Lite booking
REVIEW_POSSIBLE_EXISTING_FULL_BOOKING,2026-05-07,12:00:00-13:00:00,2026,2051,14295,,Mahroof Bibi,This name already booked as FULL in the same session; avoid duplicate Lite booking
REVIEW_POSSIBLE_EXISTING_FULL_BOOKING,2026-05-07,12:00:00-13:00:00,2026,2053,14295,,Ishrat parveen,This name already booked as FULL in the same session; avoid duplicate Lite booking
REVIEW_POSSIBLE_EXISTING_FULL_BOOKING,2026-05-07,14:30:00-15:30:00,2026,2054,14296,,Kamran Khan,This name already booked as FULL in the same session; avoid duplicate Lite booking
REVIEW_POSSIBLE_EXISTING_FULL_BOOKING,2026-05-07,14:30:00-15:30:00,2026,2055,14296,,Thomas Walker,This name already booked as FULL in the same session; avoid duplicate Lite booking
REVIEW_POSSIBLE_EXISTING_FULL_BOOKING,2026-05-07,14:30:00-15:30:00,2026,2057,14296,,Amjid Hussain,This name already booked as FULL in the same session; avoid duplicate Lite booking
REVIEW_POSSIBLE_EXISTING_FULL_BOOKING,2026-05-07,14:30:00-15:30:00,2026,2059,14296,,Sajjad Nawaz,This name already booked as FULL in the same session; avoid duplicate Lite booking
REVIEW_POSSIBLE_EXISTING_FULL_BOOKING,2026-05-07,14:30:00-15:30:00,2026,2061,14296,,Arshad Mahmood,This name already booked as FULL in the same session; avoid duplicate Lite booking
REVIEW_POSSIBLE_EXISTING_FULL_BOOKING,2026-05-07,17:00:00-18:00:00,2026,2064,14297,,Sultana Parveen,This name already booked as FULL in the same session; avoid duplicate Lite booking
REVIEW_POSSIBLE_EXISTING_FULL_BOOKING,2026-05-07,17:00:00-18:00:00,2026,2065,14297,,Kowsar Rukhsana,This name already booked as FULL in the same session; avoid duplicate Lite booking
REVIEW_POSSIBLE_EXISTING_FULL_BOOKING,2026-05-07,17:00:00-18:00:00,2026,2069,14297,,Saila Azam,This name already booked as FULL in the same session; avoid duplicate Lite booking
REVIEW_POSSIBLE_EXISTING_FULL_BOOKING,2026-05-07,17:00:00-18:00:00,2026,2070,14297,,Mehnaz Begum,This name already booked as FULL in the same session; avoid duplicate Lite booking
REVIEW_POSSIBLE_EXISTING_FULL_BOOKING,2026-05-07,17:00:00-18:00:00,2026,2071,14297,,Shafia begum,This name already booked as FULL in the same session; avoid duplicate Lite booking
REVIEW_POSSIBLE_EXISTING_FULL_BOOKING,2026-05-08,09:30:00-10:30:00,2026,2073,14298,,Hanif Hall,This name already booked as FULL in the same session; avoid duplicate Lite booking
REVIEW_POSSIBLE_EXISTING_FULL_BOOKING,2026-05-08,09:30:00-10:30:00,2026,2074,14298,,Sainey Drammeh,This name already booked as FULL in the same session; avoid duplicate Lite booking
REVIEW_POSSIBLE_EXISTING_FULL_BOOKING,2026-05-08,09:30:00-10:30:00,2026,2075,14298,,Mohammed Chowdhury,This name already booked as FULL in the same session; avoid duplicate Lite booking
REVIEW_POSSIBLE_EXISTING_FULL_BOOKING,2026-05-08,10:30:00-11:30:00,2026,2081,14299,,Patricia Lawrence,This name already booked as FULL in the same session; avoid duplicate Lite booking
REVIEW_POSSIBLE_EXISTING_FULL_BOOKING,2026-05-08,10:30:00-11:30:00,2026,2082,14299,,Sultana Parveen,This name already booked as FULL in the same session; avoid duplicate Lite booking
REVIEW_POSSIBLE_EXISTING_FULL_BOOKING,2026-05-08,10:30:00-11:30:00,2026,2083,14299,,Janet Corlis,This name already booked as FULL in the same session; avoid duplicate Lite booking
REVIEW_POSSIBLE_EXISTING_FULL_BOOKING,2026-05-08,10:30:00-11:30:00,2026,2084,14299,,Jennifer Mason,This name already booked as FULL in the same session; avoid duplicate Lite booking
REVIEW_POSSIBLE_EXISTING_FULL_BOOKING,2026-05-08,10:30:00-11:30:00,2026,2087,14299,,Kowsar Rukhsana,This name already booked as FULL in the same session; avoid duplicate Lite booking
REVIEW_SESSION_FULL,2026-05-08,10:30:00-11:30:00,2026,2089,14299,,Gladys Lee,
REVIEW_POSSIBLE_EXISTING_FULL_BOOKING,2026-05-08,15:00:00-16:00:00,2026,2090,14300,,Arshad Mahmood,This name already booked as FULL in the same session; avoid duplicate Lite booking
REVIEW_POSSIBLE_EXISTING_FULL_BOOKING,2026-05-08,15:00:00-16:00:00,2026,2091,14300,,Thomas Walker,This name already booked as FULL in the same session; avoid duplicate Lite booking
REVIEW_POSSIBLE_EXISTING_FULL_BOOKING,2026-05-08,15:00:00-16:00:00,2026,2092,14300,,Basharat Hussain,This name already booked as FULL in the same session; avoid duplicate Lite booking
REVIEW_POSSIBLE_EXISTING_FULL_BOOKING,2026-05-08,15:00:00-16:00:00,2026,2093,14300,,Mohammad Asghar,This name already booked as FULL in the same session; avoid duplicate Lite booking
REVIEW_POSSIBLE_EXISTING_FULL_BOOKING,2026-05-09,09:45:00-10:45:00,2026,2100,14301,,Shakila Bibi,This name already booked as FULL in the same session; avoid duplicate Lite booking
REVIEW_POSSIBLE_EXISTING_FULL_BOOKING,2026-05-09,09:45:00-10:45:00,2026,2101,14301,,Fozia Ali,This name already booked as FULL in the same session; avoid duplicate Lite booking
REVIEW_POSSIBLE_EXISTING_FULL_BOOKING,2026-05-09,09:45:00-10:45:00,2026,2102,14301,,Baheshta Miakhel,This name already booked as FULL in the same session; avoid duplicate Lite booking
REVIEW_POSSIBLE_EXISTING_FULL_BOOKING,2026-05-09,09:45:00-10:45:00,2026,2103,14301,,Jamila Khatoon,This name already booked as FULL in the same session; avoid duplicate Lite booking
REVIEW_POSSIBLE_EXISTING_FULL_BOOKING,2026-05-09,09:45:00-10:45:00,2026,2105,14301,,Saida Sharif,This name already booked as FULL in the same session; avoid duplicate Lite booking
REVIEW_POSSIBLE_EXISTING_FULL_BOOKING,2026-05-09,09:45:00-10:45:00,2026,2106,14301,,Parveen Akhtar,This name already booked as FULL in the same session; avoid duplicate Lite booking
REVIEW_SESSION_FULL,2026-05-09,09:45:00-10:45:00,2026,2107,14301,,Kaneez Akhtar,
REVIEW_POSSIBLE_EXISTING_FULL_BOOKING,2026-05-09,11:00:00-12:00:00,2026,2109,14302,,Qamar Zaman,This name already booked as FULL in the same session; avoid duplicate Lite booking
REVIEW_POSSIBLE_EXISTING_FULL_BOOKING,2026-05-09,11:00:00-12:00:00,2026,2110,14302,,Raja Ali,This name already booked as FULL in the same session; avoid duplicate Lite booking
REVIEW_POSSIBLE_EXISTING_FULL_BOOKING,2026-05-09,11:00:00-12:00:00,2026,2111,14302,,Shahban Khan,This name already booked as FULL in the same session; avoid duplicate Lite booking
REVIEW_POSSIBLE_EXISTING_FULL_BOOKING,2026-05-09,11:00:00-12:00:00,2026,2112,14302,,Mohammed Sajid,This name already booked as FULL in the same session; avoid duplicate Lite booking
REVIEW_POSSIBLE_EXISTING_FULL_BOOKING,2026-05-09,11:00:00-12:00:00,2026,2113,14302,,Zubair Khan,This name already booked as FULL in the same session; avoid duplicate Lite booking
REVIEW_POSSIBLE_EXISTING_FULL_BOOKING,2026-05-09,11:00:00-12:00:00,2026,2114,14302,,Suleman Muhammad,This name already booked as FULL in the same session; avoid duplicate Lite booking
REVIEW_POSSIBLE_EXISTING_FULL_BOOKING,2026-05-11,11:00:00-12:00:00,2026,2117,14303,,Raheela Bibi,This name already booked as FULL in the same session; avoid duplicate Lite booking
REVIEW_POSSIBLE_EXISTING_FULL_BOOKING,2026-05-11,11:00:00-12:00:00,2026,2119,14303,,Badra Khatoon,This name already booked as FULL in the same session; avoid duplicate Lite booking
REVIEW_POSSIBLE_EXISTING_FULL_BOOKING,2026-05-11,11:00:00-12:00:00,2026,2120,14303,,Abida Khalid,This name already booked as FULL in the same session; avoid duplicate Lite booking
REVIEW_POSSIBLE_EXISTING_FULL_BOOKING,2026-05-11,12:30:00-13:30:00,2026,2128,14304,,Safeena Bibi,This name already booked as FULL in the same session; avoid duplicate Lite booking
REVIEW_POSSIBLE_EXISTING_FULL_BOOKING,2026-05-11,12:30:00-13:30:00,2026,2130,14304,,Zahida Akhtar,This name already booked as FULL in the same session; avoid duplicate Lite booking
REVIEW_POSSIBLE_EXISTING_FULL_BOOKING,2026-05-11,12:30:00-13:30:00,2026,2131,14304,,Barkat Begum,This name already booked as FULL in the same session; avoid duplicate Lite booking
REVIEW_POSSIBLE_EXISTING_FULL_BOOKING,2026-05-11,12:30:00-13:30:00,2026,2132,14304,,Ghazala Bibi,This name already booked as FULL in the same session; avoid duplicate Lite booking
REVIEW_POSSIBLE_EXISTING_FULL_BOOKING,2026-05-11,12:30:00-13:30:00,2026,2133,14304,,Fatima Khan,This name already booked as FULL in the same session; avoid duplicate Lite booking
REVIEW_POSSIBLE_EXISTING_FULL_BOOKING,2026-05-11,12:30:00-13:30:00,2026,2134,14304,,Janet Corlis,This name already booked as FULL in the same session; avoid duplicate Lite booking
REVIEW_POSSIBLE_EXISTING_FULL_BOOKING,2026-05-11,14:00:00-15:00:00,2026,2135,14305,,Kamran Khan,This name already booked as FULL in the same session; avoid duplicate Lite booking
REVIEW_POSSIBLE_EXISTING_FULL_BOOKING,2026-05-11,14:00:00-15:00:00,2026,2136,14305,,Thomas Walker,This name already booked as FULL in the same session; avoid duplicate Lite booking
REVIEW_POSSIBLE_EXISTING_FULL_BOOKING,2026-05-11,15:00:00-16:00:00,2026,2146,14306,,Halal uddin Ahmed,This name already booked as FULL in the same session; avoid duplicate Lite booking
REVIEW_POSSIBLE_EXISTING_FULL_BOOKING,2026-05-11,15:00:00-16:00:00,2026,2147,14306,,Mansoor Malik,This name already booked as FULL in the same session; avoid duplicate Lite booking
REVIEW_POSSIBLE_EXISTING_FULL_BOOKING,2026-05-12,09:30:00-10:30:00,2026,2153,14307,,Ishrat parveen,This name already booked as FULL in the same session; avoid duplicate Lite booking
REVIEW_POSSIBLE_EXISTING_FULL_BOOKING,2026-05-12,09:30:00-10:30:00,2026,2154,14307,,Ghulab Zara,This name already booked as FULL in the same session; avoid duplicate Lite booking
REVIEW_POSSIBLE_EXISTING_FULL_BOOKING,2026-05-12,09:30:00-10:30:00,2026,2155,14307,,Saida Sharif,This name already booked as FULL in the same session; avoid duplicate Lite booking
REVIEW_POSSIBLE_EXISTING_FULL_BOOKING,2026-05-12,09:30:00-10:30:00,2026,2158,14307,,Sobia Nosheen,This name already booked as FULL in the same session; avoid duplicate Lite booking
REVIEW_POSSIBLE_EXISTING_FULL_BOOKING,2026-05-12,09:30:00-10:30:00,2026,2160,14307,,Gazala Nusrat,This name already booked as FULL in the same session; avoid duplicate Lite booking
REVIEW_POSSIBLE_EXISTING_FULL_BOOKING,2026-05-12,12:00:00-13:00:00,2026,2163,14308,,Jennifer Mason,This name already booked as FULL in the same session; avoid duplicate Lite booking
REVIEW_POSSIBLE_EXISTING_FULL_BOOKING,2026-05-12,12:00:00-13:00:00,2026,2164,14308,,Kalsoom Akhtar,This name already booked as FULL in the same session; avoid duplicate Lite booking
REVIEW_POSSIBLE_EXISTING_FULL_BOOKING,2026-05-12,12:00:00-13:00:00,2026,2165,14308,,Matloob Bibi,This name already booked as FULL in the same session; avoid duplicate Lite booking
REVIEW_POSSIBLE_EXISTING_FULL_BOOKING,2026-05-12,12:00:00-13:00:00,2026,2169,14308,,Riffat Hussain,This name already booked as FULL in the same session; avoid duplicate Lite booking
REVIEW_POSSIBLE_EXISTING_FULL_BOOKING,2026-05-12,12:00:00-13:00:00,2026,2170,14308,,Naseem Akhtar,This name already booked as FULL in the same session; avoid duplicate Lite booking
REVIEW_POSSIBLE_EXISTING_FULL_BOOKING,2026-05-13,11:00:00-12:00:00,2026,2171,14311,,Sabir Hussain,This name already booked as FULL in the same session; avoid duplicate Lite booking
REVIEW_POSSIBLE_EXISTING_FULL_BOOKING,2026-05-13,11:00:00-12:00:00,2026,2172,14311,,Kamran Khan,This name already booked as FULL in the same session; avoid duplicate Lite booking
REVIEW_POSSIBLE_EXISTING_FULL_BOOKING,2026-05-13,11:00:00-12:00:00,2026,2174,14311,,Raja Ali,This name already booked as FULL in the same session; avoid duplicate Lite booking
REVIEW_POSSIBLE_EXISTING_FULL_BOOKING,2026-05-13,11:00:00-12:00:00,2026,2175,14311,,Sainey Drammeh,This name already booked as FULL in the same session; avoid duplicate Lite booking
REVIEW_SESSION_FULL,2026-05-13,11:00:00-12:00:00,2026,2176,14311,,Mohammed Saleem,
REVIEW_POSSIBLE_EXISTING_FULL_BOOKING,2026-05-13,11:00:00-12:00:00,2026,2177,14311,,Abdul Majid,This name already booked as FULL in the same session; avoid duplicate Lite booking
REVIEW_POSSIBLE_EXISTING_FULL_BOOKING,2026-05-13,11:00:00-12:00:00,2026,2178,14311,,Ghiyas-ul-Haq Ahmed,This name already booked as FULL in the same session; avoid duplicate Lite booking
REVIEW_SESSION_FULL,2026-05-13,11:00:00-12:00:00,2026,2179,,,Mohammed Zaki,New Lite identity not created because the session is full
REVIEW_POSSIBLE_EXISTING_FULL_BOOKING,2026-05-13,12:15:00-13:15:00,2026,2182,14312,,Azra Bibi,This name already booked as FULL in the same session; avoid duplicate Lite booking
REVIEW_POSSIBLE_EXISTING_FULL_BOOKING,2026-05-13,12:15:00-13:15:00,2026,2183,14312,,Sughra Begum,This name already booked as FULL in the same session; avoid duplicate Lite booking
REVIEW_POSSIBLE_EXISTING_FULL_BOOKING,2026-05-13,12:15:00-13:15:00,2026,2184,14312,,Rashid Begum,This name already booked as FULL in the same session; avoid duplicate Lite booking
REVIEW_POSSIBLE_EXISTING_FULL_BOOKING,2026-05-13,12:15:00-13:15:00,2026,2185,14312,,Yasmin Mehmood,This name already booked as FULL in the same session; avoid duplicate Lite booking
REVIEW_POSSIBLE_EXISTING_FULL_BOOKING,2026-05-14,10:30:00-11:30:00,2026,2194,14313,,Najabat Bibi,This name already booked as FULL in the same session; avoid duplicate Lite booking
REVIEW_POSSIBLE_EXISTING_FULL_BOOKING,2026-05-14,10:30:00-11:30:00,2026,2195,14313,,Nazia Bi,This name already booked as FULL in the same session; avoid duplicate Lite booking
REVIEW_POSSIBLE_EXISTING_FULL_BOOKING,2026-05-14,10:30:00-11:30:00,2026,2196,14313,,Sughra Bibi,This name already booked as FULL in the same session; avoid duplicate Lite booking
REVIEW_POSSIBLE_EXISTING_FULL_BOOKING,2026-05-14,10:30:00-11:30:00,2026,2197,14313,,Sobia Sadaqat,This name already booked as FULL in the same session; avoid duplicate Lite booking
REVIEW_POSSIBLE_EXISTING_FULL_BOOKING,2026-05-14,12:00:00-13:00:00,2026,2202,14314,,Mafeda Shinwari,This name already booked as FULL in the same session; avoid duplicate Lite booking
REVIEW_POSSIBLE_EXISTING_FULL_BOOKING,2026-05-14,12:00:00-13:00:00,2026,2203,14314,,Shamsa Kanwal,This name already booked as FULL in the same session; avoid duplicate Lite booking
REVIEW_POSSIBLE_EXISTING_FULL_BOOKING,2026-05-14,12:00:00-13:00:00,2026,2204,14314,,Yasmeen Khan,This name already booked as FULL in the same session; avoid duplicate Lite booking
REVIEW_POSSIBLE_EXISTING_FULL_BOOKING,2026-05-14,12:00:00-13:00:00,2026,2205,14314,,Azra Bibi,This name already booked as FULL in the same session; avoid duplicate Lite booking
REVIEW_POSSIBLE_EXISTING_FULL_BOOKING,2026-05-14,12:00:00-13:00:00,2026,2206,14314,,Ghazala Bi,This name already booked as FULL in the same session; avoid duplicate Lite booking
REVIEW_POSSIBLE_EXISTING_FULL_BOOKING,2026-05-14,14:30:00-15:30:00,2026,2207,14315,,Thomas Walker,This name already booked as FULL in the same session; avoid duplicate Lite booking
REVIEW_POSSIBLE_EXISTING_FULL_BOOKING,2026-05-14,14:30:00-15:30:00,2026,2210,14315,,Sajjad Nawaz,This name already booked as FULL in the same session; avoid duplicate Lite booking
REVIEW_LITE_DOB_CONFLICT,2026-05-14,14:30:00-15:30:00,2026,2211,,,Arshad Mahmood,
REVIEW_POSSIBLE_EXISTING_FULL_BOOKING,2026-05-14,14:30:00-15:30:00,2026,2213,14315,,Mohammed Saghir,This name already booked as FULL in the same session; avoid duplicate Lite booking
REVIEW_POSSIBLE_EXISTING_FULL_BOOKING,2026-05-14,14:30:00-15:30:00,2026,2214,14315,,Abdul Majid,This name already booked as FULL in the same session; avoid duplicate Lite booking
REVIEW_POSSIBLE_EXISTING_FULL_BOOKING,2026-05-14,14:30:00-15:30:00,2026,2215,14315,,Mohammed Chowdhury,This name already booked as FULL in the same session; avoid duplicate Lite booking
REVIEW_POSSIBLE_EXISTING_FULL_BOOKING,2026-05-14,17:00:00-18:00:00,2026,2216,14316,,Ghazala Bi,This name already booked as FULL in the same session; avoid duplicate Lite booking
REVIEW_POSSIBLE_EXISTING_FULL_BOOKING,2026-05-14,17:00:00-18:00:00,2026,2217,14316,,Mahbuba Begum,This name already booked as FULL in the same session; avoid duplicate Lite booking
REVIEW_POSSIBLE_EXISTING_FULL_BOOKING,2026-05-14,17:00:00-18:00:00,2026,2218,14316,,Samina Javed,This name already booked as FULL in the same session; avoid duplicate Lite booking
REVIEW_POSSIBLE_EXISTING_FULL_BOOKING,2026-05-14,17:00:00-18:00:00,2026,2220,14316,,Nagina Ikram,This name already booked as FULL in the same session; avoid duplicate Lite booking
REVIEW_POSSIBLE_EXISTING_FULL_BOOKING,2026-05-14,17:00:00-18:00:00,2026,2221,14316,,Saila Azam,This name already booked as FULL in the same session; avoid duplicate Lite booking
REVIEW_POSSIBLE_EXISTING_FULL_BOOKING,2026-05-14,17:00:00-18:00:00,2026,2222,14316,,Kowsar Rukhsana,This name already booked as FULL in the same session; avoid duplicate Lite booking
REVIEW_POSSIBLE_EXISTING_FULL_BOOKING,2026-05-14,17:00:00-18:00:00,2026,2224,14316,,Sultana Parveen,This name already booked as FULL in the same session; avoid duplicate Lite booking
REVIEW_POSSIBLE_EXISTING_FULL_BOOKING,2026-05-15,09:30:00-10:30:00,2026,2226,14317,,Sainey Drammeh,This name already booked as FULL in the same session; avoid duplicate Lite booking
REVIEW_POSSIBLE_EXISTING_FULL_BOOKING,2026-05-15,09:30:00-10:30:00,2026,2229,14317,,Halal uddin Ahmed,This name already booked as FULL in the same session; avoid duplicate Lite booking
REVIEW_POSSIBLE_EXISTING_FULL_BOOKING,2026-05-15,09:30:00-10:30:00,2026,2230,14317,,Mohammed Riaz,This name already booked as FULL in the same session; avoid duplicate Lite booking
REVIEW_POSSIBLE_EXISTING_FULL_BOOKING,2026-05-15,09:30:00-10:30:00,2026,2231,14317,,Abdul Majid,This name already booked as FULL in the same session; avoid duplicate Lite booking
REVIEW_POSSIBLE_EXISTING_FULL_BOOKING,2026-05-15,10:30:00-11:30:00,2026,2234,14318,,Jennifer Mason,This name already booked as FULL in the same session; avoid duplicate Lite booking
REVIEW_POSSIBLE_EXISTING_FULL_BOOKING,2026-05-15,10:30:00-11:30:00,2026,2235,14318,,Kowsar Rukhsana,This name already booked as FULL in the same session; avoid duplicate Lite booking
REVIEW_POSSIBLE_EXISTING_FULL_BOOKING,2026-05-15,10:30:00-11:30:00,2026,2236,14318,,Suleman Muhammad,This name already booked as FULL in the same session; avoid duplicate Lite booking
REVIEW_POSSIBLE_EXISTING_FULL_BOOKING,2026-05-15,10:30:00-11:30:00,2026,2237,14318,,Yasmin Aslam,This name already booked as FULL in the same session; avoid duplicate Lite booking
REVIEW_POSSIBLE_EXISTING_FULL_BOOKING,2026-05-15,10:30:00-11:30:00,2026,2238,14318,,Fozia Ali,This name already booked as FULL in the same session; avoid duplicate Lite booking
REVIEW_POSSIBLE_EXISTING_FULL_BOOKING,2026-05-15,10:30:00-11:30:00,2026,2239,14318,,Patricia Lawrence,This name already booked as FULL in the same session; avoid duplicate Lite booking
REVIEW_SESSION_FULL,2026-05-15,10:30:00-11:30:00,2026,2242,14318,,Mohammed Hanif Moosa,
REVIEW_POSSIBLE_EXISTING_FULL_BOOKING,2026-05-15,15:00:00-16:00:00,2026,2243,14319,,Arshad Mahmood,This name already booked as FULL in the same session; avoid duplicate Lite booking
REVIEW_POSSIBLE_EXISTING_FULL_BOOKING,2026-05-15,15:00:00-16:00:00,2026,2244,14319,,Thomas Walker,This name already booked as FULL in the same session; avoid duplicate Lite booking
REVIEW_POSSIBLE_EXISTING_FULL_BOOKING,2026-05-15,15:00:00-16:00:00,2026,2246,14319,,Mohammed Fazal,This name already booked as FULL in the same session; avoid duplicate Lite booking
REVIEW_POSSIBLE_EXISTING_FULL_BOOKING,2026-05-15,15:00:00-16:00:00,2026,2248,14319,,Mansoor Malik,This name already booked as FULL in the same session; avoid duplicate Lite booking
REVIEW_POSSIBLE_EXISTING_FULL_BOOKING,2026-05-16,09:45:00-10:45:00,2026,2252,14320,,Shakila Bibi,This name already booked as FULL in the same session; avoid duplicate Lite booking
REVIEW_POSSIBLE_EXISTING_FULL_BOOKING,2026-05-16,09:45:00-10:45:00,2026,2253,14320,,Fozia Ali,This name already booked as FULL in the same session; avoid duplicate Lite booking
REVIEW_POSSIBLE_EXISTING_FULL_BOOKING,2026-05-16,09:45:00-10:45:00,2026,2254,14320,,Sylvia Samuda,This name already booked as FULL in the same session; avoid duplicate Lite booking
REVIEW_POSSIBLE_EXISTING_FULL_BOOKING,2026-05-16,09:45:00-10:45:00,2026,2255,14320,,Nasrina Gul,This name already booked as FULL in the same session; avoid duplicate Lite booking
REVIEW_POSSIBLE_EXISTING_FULL_BOOKING,2026-05-16,09:45:00-10:45:00,2026,2256,14320,,Zenab Bi,This name already booked as FULL in the same session; avoid duplicate Lite booking
REVIEW_POSSIBLE_EXISTING_FULL_BOOKING,2026-05-16,09:45:00-10:45:00,2026,2258,14320,,Sughra Begum,This name already booked as FULL in the same session; avoid duplicate Lite booking
REVIEW_POSSIBLE_EXISTING_FULL_BOOKING,2026-05-16,09:45:00-10:45:00,2026,2259,14320,,Rashid Begum,This name already booked as FULL in the same session; avoid duplicate Lite booking
REVIEW_POSSIBLE_EXISTING_FULL_BOOKING,2026-05-16,09:45:00-10:45:00,2026,2260,14320,,Bibi Zenab,This name already booked as FULL in the same session; avoid duplicate Lite booking
REVIEW_POSSIBLE_EXISTING_FULL_BOOKING,2026-05-16,11:00:00-12:00:00,2026,2262,14321,,Sabir Hussain,This name already booked as FULL in the same session; avoid duplicate Lite booking
REVIEW_POSSIBLE_EXISTING_FULL_BOOKING,2026-05-16,11:00:00-12:00:00,2026,2263,14321,,Zubair Khan,This name already booked as FULL in the same session; avoid duplicate Lite booking
REVIEW_POSSIBLE_EXISTING_FULL_BOOKING,2026-05-16,11:00:00-12:00:00,2026,2264,14321,,Shahban Khan,This name already booked as FULL in the same session; avoid duplicate Lite booking
REVIEW_POSSIBLE_EXISTING_FULL_BOOKING,2026-05-16,11:00:00-12:00:00,2026,2265,14321,,Abdul Majid,This name already booked as FULL in the same session; avoid duplicate Lite booking
REVIEW_POSSIBLE_EXISTING_FULL_BOOKING,2026-05-16,11:00:00-12:00:00,2026,2267,14321,,Raja Ali,This name already booked as FULL in the same session; avoid duplicate Lite booking
REVIEW_POSSIBLE_EXISTING_FULL_BOOKING,2026-05-18,11:00:00-12:00:00,2026,2272,14322,,Sobia Sadaqat,This name already booked as FULL in the same session; avoid duplicate Lite booking
REVIEW_POSSIBLE_EXISTING_FULL_BOOKING,2026-05-18,11:00:00-12:00:00,2026,2273,14322,,Nehaz Begum,This name already booked as FULL in the same session; avoid duplicate Lite booking
REVIEW_POSSIBLE_EXISTING_FULL_BOOKING,2026-05-18,11:00:00-12:00:00,2026,2274,14322,,Yasmeen Khan,This name already booked as FULL in the same session; avoid duplicate Lite booking
REVIEW_POSSIBLE_EXISTING_FULL_BOOKING,2026-05-18,11:00:00-12:00:00,2026,2275,14322,,Kaneez Akhtar,This name already booked as FULL in the same session; avoid duplicate Lite booking
REVIEW_POSSIBLE_EXISTING_FULL_BOOKING,2026-05-18,11:00:00-12:00:00,2026,2276,14322,,Tahzim Akhtar,This name already booked as FULL in the same session; avoid duplicate Lite booking
REVIEW_POSSIBLE_EXISTING_FULL_BOOKING,2026-05-18,12:30:00-13:00:00,2026,2281,14323,,Jamila Khatoon,This name already booked as FULL in the same session; avoid duplicate Lite booking
REVIEW_POSSIBLE_EXISTING_FULL_BOOKING,2026-05-18,12:30:00-13:00:00,2026,2284,14323,,Nadia Ghias,This name already booked as FULL in the same session; avoid duplicate Lite booking
REVIEW_POSSIBLE_EXISTING_FULL_BOOKING,2026-05-18,12:30:00-13:00:00,2026,2285,14323,,Nazia Bi,This name already booked as FULL in the same session; avoid duplicate Lite booking
REVIEW_POSSIBLE_EXISTING_FULL_BOOKING,2026-05-18,12:30:00-13:00:00,2026,2286,14323,,Janet Corlis,This name already booked as FULL in the same session; avoid duplicate Lite booking
REVIEW_POSSIBLE_EXISTING_FULL_BOOKING,2026-05-18,12:30:00-13:00:00,2026,2287,14323,,Salma Salim,This name already booked as FULL in the same session; avoid duplicate Lite booking
REVIEW_POSSIBLE_EXISTING_FULL_BOOKING,2026-05-18,14:00:00-15:00:00,2026,2288,14324,,Kamran Khan,This name already booked as FULL in the same session; avoid duplicate Lite booking
REVIEW_POSSIBLE_EXISTING_FULL_BOOKING,2026-05-18,14:00:00-15:00:00,2026,2290,14324,,Mohammed Saghir,This name already booked as FULL in the same session; avoid duplicate Lite booking
REVIEW_POSSIBLE_EXISTING_FULL_BOOKING,2026-05-18,14:00:00-15:00:00,2026,2291,14324,,Sajjad Nawaz,This name already booked as FULL in the same session; avoid duplicate Lite booking
REVIEW_POSSIBLE_EXISTING_FULL_BOOKING,2026-05-18,14:00:00-15:00:00,2026,2292,14324,,Mohammed Riaz,This name already booked as FULL in the same session; avoid duplicate Lite booking
REVIEW_POSSIBLE_EXISTING_FULL_BOOKING,2026-05-18,14:00:00-15:00:00,2026,2293,14324,,Rehmat Ali,This name already booked as FULL in the same session; avoid duplicate Lite booking
REVIEW_SESSION_FULL,2026-05-18,14:00:00-15:00:00,2026,2295,14324,,Mazhar Mahmood,
REVIEW_POSSIBLE_EXISTING_FULL_BOOKING,2026-05-18,14:00:00-15:00:00,2026,2296,14324,,Mohammed Ishtiaq,This name already booked as FULL in the same session; avoid duplicate Lite booking
REVIEW_POSSIBLE_EXISTING_FULL_BOOKING,2026-05-19,09:30:00-10:30:00,2026,2306,14327,,Rashida Khatoon,This name already booked as FULL in the same session; avoid duplicate Lite booking
REVIEW_POSSIBLE_EXISTING_FULL_BOOKING,2026-05-19,09:30:00-10:30:00,2026,2307,14327,,Shafeen Akhtar,This name already booked as FULL in the same session; avoid duplicate Lite booking
REVIEW_POSSIBLE_EXISTING_FULL_BOOKING,2026-05-19,09:30:00-10:30:00,2026,2308,14327,,Najabat Bibi,This name already booked as FULL in the same session; avoid duplicate Lite booking
REVIEW_POSSIBLE_EXISTING_FULL_BOOKING,2026-05-19,09:30:00-10:30:00,2026,2309,14327,,Minara Begum,This name already booked as FULL in the same session; avoid duplicate Lite booking
REVIEW_POSSIBLE_EXISTING_FULL_BOOKING,2026-05-19,09:30:00-10:30:00,2026,2310,14327,,Iqra Nur Hussain,This name already booked as FULL in the same session; avoid duplicate Lite booking
REVIEW_POSSIBLE_EXISTING_FULL_BOOKING,2026-05-19,09:30:00-10:30:00,2026,2311,14327,,Sana Femida Naaz,This name already booked as FULL in the same session; avoid duplicate Lite booking
REVIEW_POSSIBLE_EXISTING_FULL_BOOKING,2026-05-19,09:30:00-10:30:00,2026,2312,14327,,Zaida Nawaz,This name already booked as FULL in the same session; avoid duplicate Lite booking
REVIEW_POSSIBLE_EXISTING_FULL_BOOKING,2026-05-19,09:30:00-10:30:00,2026,2313,14327,,Fozia Hafiz,This name already booked as FULL in the same session; avoid duplicate Lite booking
REVIEW_POSSIBLE_EXISTING_FULL_BOOKING,2026-05-19,09:30:00-10:30:00,2026,2314,14327,,Baheshta Miakhel,This name already booked as FULL in the same session; avoid duplicate Lite booking
REVIEW_POSSIBLE_EXISTING_FULL_BOOKING,2026-05-19,12:00:00-13:00:00,2026,2316,14328,,Kalsoom Akhtar,This name already booked as FULL in the same session; avoid duplicate Lite booking
REVIEW_POSSIBLE_EXISTING_FULL_BOOKING,2026-05-19,12:00:00-13:00:00,2026,2317,14328,,Matloob Bibi,This name already booked as FULL in the same session; avoid duplicate Lite booking
REVIEW_POSSIBLE_EXISTING_FULL_BOOKING,2026-05-19,12:00:00-13:00:00,2026,2318,14328,,Naseem Akhtar,This name already booked as FULL in the same session; avoid duplicate Lite booking
REVIEW_POSSIBLE_EXISTING_FULL_BOOKING,2026-05-19,12:00:00-13:00:00,2026,2320,14328,,Mahroof Bibi,This name already booked as FULL in the same session; avoid duplicate Lite booking
REVIEW_POSSIBLE_EXISTING_FULL_BOOKING,2026-05-19,12:00:00-13:00:00,2026,2321,14328,,Rifat Sultana,This name already booked as FULL in the same session; avoid duplicate Lite booking
REVIEW_POSSIBLE_EXISTING_FULL_BOOKING,2026-05-20,11:00:00-12:00:00,2026,2324,14331,,Rehmat Ali,This name already booked as FULL in the same session; avoid duplicate Lite booking
REVIEW_POSSIBLE_EXISTING_FULL_BOOKING,2026-05-20,11:00:00-12:00:00,2026,2325,14331,,Kamran Khan,This name already booked as FULL in the same session; avoid duplicate Lite booking
REVIEW_POSSIBLE_EXISTING_FULL_BOOKING,2026-05-20,11:00:00-12:00:00,2026,2326,14331,,Sainey Drammeh,This name already booked as FULL in the same session; avoid duplicate Lite booking
REVIEW_POSSIBLE_EXISTING_FULL_BOOKING,2026-05-20,11:00:00-12:00:00,2026,2327,14331,,Ghiyas-ul-Haq Ahmed,This name already booked as FULL in the same session; avoid duplicate Lite booking
REVIEW_POSSIBLE_EXISTING_FULL_BOOKING,2026-05-20,11:00:00-12:00:00,2026,2328,14331,,Sabir Hussain,This name already booked as FULL in the same session; avoid duplicate Lite booking
REVIEW_POSSIBLE_EXISTING_FULL_BOOKING,2026-05-20,11:00:00-12:00:00,2026,2329,14331,,Hanif Hall,This name already booked as FULL in the same session; avoid duplicate Lite booking
REVIEW_SESSION_FULL,2026-05-20,11:00:00-12:00:00,2026,2330,14331,,Mohammed Saleem,
REVIEW_POSSIBLE_EXISTING_FULL_BOOKING,2026-05-20,11:00:00-12:00:00,2026,2331,14331,,Raja Ali,This name already booked as FULL in the same session; avoid duplicate Lite booking
REVIEW_POSSIBLE_EXISTING_FULL_BOOKING,2026-05-20,11:00:00-12:00:00,2026,2332,14331,,Abdul Majid,This name already booked as FULL in the same session; avoid duplicate Lite booking
REVIEW_POSSIBLE_EXISTING_FULL_BOOKING,2026-05-20,12:15:00-13:15:00,2026,2334,14332,,Shamim Akhtar,This name already booked as FULL in the same session; avoid duplicate Lite booking
REVIEW_POSSIBLE_EXISTING_FULL_BOOKING,2026-05-20,12:15:00-13:15:00,2026,2337,14332,,Yasmin Mehmood,This name already booked as FULL in the same session; avoid duplicate Lite booking
REVIEW_POSSIBLE_EXISTING_FULL_BOOKING,2026-05-20,12:15:00-13:15:00,2026,2338,14332,,Azra Bibi,This name already booked as FULL in the same session; avoid duplicate Lite booking
REVIEW_POSSIBLE_EXISTING_FULL_BOOKING,2026-05-20,12:15:00-13:15:00,2026,2339,14332,,Parveen Akhtar,This name already booked as FULL in the same session; avoid duplicate Lite booking
REVIEW_POSSIBLE_EXISTING_FULL_BOOKING,2026-05-20,12:15:00-13:15:00,2026,2341,14332,,Jennifer Mason,This name already booked as FULL in the same session; avoid duplicate Lite booking
REVIEW_POSSIBLE_EXISTING_FULL_BOOKING,2026-05-21,10:30:00-11:30:00,2026,2342,14333,,Rashida Mobeen,This name already booked as FULL in the same session; avoid duplicate Lite booking
REVIEW_POSSIBLE_EXISTING_FULL_BOOKING,2026-05-21,10:30:00-11:30:00,2026,2343,14333,,Jamila Khatoon,This name already booked as FULL in the same session; avoid duplicate Lite booking
REVIEW_POSSIBLE_EXISTING_FULL_BOOKING,2026-05-21,10:30:00-11:30:00,2026,2344,14333,,Rubina Begum,This name already booked as FULL in the same session; avoid duplicate Lite booking
REVIEW_POSSIBLE_EXISTING_FULL_BOOKING,2026-05-21,10:30:00-11:30:00,2026,2345,14333,,Abida Khalid,This name already booked as FULL in the same session; avoid duplicate Lite booking
REVIEW_POSSIBLE_EXISTING_FULL_BOOKING,2026-05-21,10:30:00-11:30:00,2026,2346,14333,,Saida Sharif,This name already booked as FULL in the same session; avoid duplicate Lite booking
REVIEW_POSSIBLE_EXISTING_FULL_BOOKING,2026-05-21,10:30:00-11:30:00,2026,2347,14333,,Shazia Bibi,This name already booked as FULL in the same session; avoid duplicate Lite booking
REVIEW_POSSIBLE_EXISTING_FULL_BOOKING,2026-05-21,10:30:00-11:30:00,2026,2348,14333,,Gazala Nusrat,This name already booked as FULL in the same session; avoid duplicate Lite booking
REVIEW_SESSION_FULL,2026-05-21,10:30:00-11:30:00,2026,2349,14333,,Amtal Rehman,
REVIEW_POSSIBLE_EXISTING_FULL_BOOKING,2026-05-21,10:30:00-11:30:00,2026,2350,14333,,Sajida Mahmood,This name already booked as FULL in the same session; avoid duplicate Lite booking
REVIEW_POSSIBLE_EXISTING_FULL_BOOKING,2026-05-21,12:00:00-13:00:00,2026,2352,14334,,Saida Sharif,This name already booked as FULL in the same session; avoid duplicate Lite booking
REVIEW_POSSIBLE_EXISTING_FULL_BOOKING,2026-05-21,12:00:00-13:00:00,2026,2354,14334,,Farzana Saleem,This name already booked as FULL in the same session; avoid duplicate Lite booking
REVIEW_POSSIBLE_EXISTING_FULL_BOOKING,2026-05-21,12:00:00-13:00:00,2026,2355,14334,,Badra Khatoon,This name already booked as FULL in the same session; avoid duplicate Lite booking
REVIEW_SESSION_FULL,2026-05-21,12:00:00-13:00:00,2026,2358,14334,,Safeena Bibi,
REVIEW_POSSIBLE_EXISTING_FULL_BOOKING,2026-05-21,12:00:00-13:00:00,2026,2359,14334,,Ghazala Bibi,This name already booked as FULL in the same session; avoid duplicate Lite booking
REVIEW_POSSIBLE_EXISTING_FULL_BOOKING,2026-05-21,14:30:00-15:30:00,2026,2363,14335,,Sajjad Nawaz,This name already booked as FULL in the same session; avoid duplicate Lite booking
REVIEW_POSSIBLE_EXISTING_FULL_BOOKING,2026-05-21,14:30:00-15:30:00,2026,2364,14335,,Abdul Majid,This name already booked as FULL in the same session; avoid duplicate Lite booking
REVIEW_LITE_DOB_CONFLICT,2026-05-21,14:30:00-15:30:00,2026,2366,,,Arshad Mahmood,
REVIEW_POSSIBLE_EXISTING_FULL_BOOKING,2026-05-21,14:30:00-15:30:00,2026,2368,14335,,Mohammed Ishtiaq,This name already booked as FULL in the same session; avoid duplicate Lite booking
REVIEW_POSSIBLE_EXISTING_FULL_BOOKING,2026-05-21,17:00:00-18:00:00,2026,2371,14336,,Kowsar Rukhsana,This name already booked as FULL in the same session; avoid duplicate Lite booking
REVIEW_POSSIBLE_EXISTING_FULL_BOOKING,2026-05-21,17:00:00-18:00:00,2026,2374,14336,,Samina Javed,This name already booked as FULL in the same session; avoid duplicate Lite booking
REVIEW_SESSION_FULL,2026-05-21,17:00:00-18:00:00,2026,2377,,,Ghazala Bi,New Lite identity not created because the session is full
REVIEW_POSSIBLE_EXISTING_FULL_BOOKING,2026-05-22,09:30:00-10:30:00,2026,2378,14337,,Sainey Drammeh,This name already booked as FULL in the same session; avoid duplicate Lite booking
REVIEW_POSSIBLE_EXISTING_FULL_BOOKING,2026-05-22,09:30:00-10:30:00,2026,2379,14337,,Abdul Majid,This name already booked as FULL in the same session; avoid duplicate Lite booking
REVIEW_POSSIBLE_EXISTING_FULL_BOOKING,2026-05-22,09:30:00-10:30:00,2026,2380,14337,,Mohammed Fazal,This name already booked as FULL in the same session; avoid duplicate Lite booking
REVIEW_POSSIBLE_EXISTING_FULL_BOOKING,2026-05-22,09:30:00-10:30:00,2026,2381,14337,,Rehmat Ali,This name already booked as FULL in the same session; avoid duplicate Lite booking
REVIEW_POSSIBLE_EXISTING_FULL_BOOKING,2026-05-22,09:30:00-10:30:00,2026,2382,14337,,Hanif Hall,This name already booked as FULL in the same session; avoid duplicate Lite booking
REVIEW_POSSIBLE_EXISTING_FULL_BOOKING,2026-05-22,09:30:00-10:30:00,2026,2385,14337,,Mohammed Riaz,This name already booked as FULL in the same session; avoid duplicate Lite booking
REVIEW_POSSIBLE_EXISTING_FULL_BOOKING,2026-05-22,10:30:00-11:30:00,2026,2387,14338,,Suleman Muhammad,This name already booked as FULL in the same session; avoid duplicate Lite booking
REVIEW_POSSIBLE_EXISTING_FULL_BOOKING,2026-05-22,10:30:00-11:30:00,2026,2392,14338,,Kowsar Rukhsana,This name already booked as FULL in the same session; avoid duplicate Lite booking
REVIEW_SESSION_FULL,2026-05-22,10:30:00-11:30:00,2026,2395,14338,,Mohammed Hanif Moosa,
REVIEW_LITE_DOB_CONFLICT,2026-05-22,15:00:00-16:00:00,2026,2396,,,Arshad Mahmood,
REVIEW_POSSIBLE_EXISTING_FULL_BOOKING,2026-05-22,15:00:00-16:00:00,2026,2398,14339,,Mansoor Malik,This name already booked as FULL in the same session; avoid duplicate Lite booking
REVIEW_POSSIBLE_EXISTING_FULL_BOOKING,2026-05-22,15:00:00-16:00:00,2026,2400,14339,,Mohammed Nazir,This name already booked as FULL in the same session; avoid duplicate Lite booking
REVIEW_POSSIBLE_EXISTING_FULL_BOOKING,2026-05-22,15:00:00-16:00:00,2026,2401,14339,,Mohammed Ishtiaq,This name already booked as FULL in the same session; avoid duplicate Lite booking
REVIEW_POSSIBLE_EXISTING_FULL_BOOKING,2026-05-26,09:30:00-10:30:00,2026,2463,14346,,Fayaz Begum,This name already booked as FULL in the same session; avoid duplicate Lite booking
REVIEW_POSSIBLE_EXISTING_FULL_BOOKING,2026-05-26,09:30:00-10:30:00,2026,2465,14346,,Najabat Bibi,This name already booked as FULL in the same session; avoid duplicate Lite booking
REVIEW_POSSIBLE_EXISTING_FULL_BOOKING,2026-05-26,09:30:00-10:30:00,2026,2467,14346,,Rashida Khatoon,This name already booked as FULL in the same session; avoid duplicate Lite booking
REVIEW_POSSIBLE_EXISTING_FULL_BOOKING,2026-05-29,10:30:00-11:30:00,2026,2541,14354,,Patricia Lawrence,This name already booked as FULL in the same session; avoid duplicate Lite booking
REVIEW_POSSIBLE_EXISTING_FULL_BOOKING,2026-05-29,10:30:00-11:30:00,2026,2542,14354,,Suleman Muhammad,This name already booked as FULL in the same session; avoid duplicate Lite booking
REVIEW_POSSIBLE_EXISTING_FULL_BOOKING,2026-05-29,10:30:00-11:30:00,2026,2545,14354,,Sultana Parveen,This name already booked as FULL in the same session; avoid duplicate Lite booking
REVIEW_POSSIBLE_EXISTING_FULL_BOOKING,2026-05-29,10:30:00-11:30:00,2026,2547,14354,,Kowsar Rukhsana,This name already booked as FULL in the same session; avoid duplicate Lite booking
REVIEW_POSSIBLE_EXISTING_FULL_BOOKING,2026-05-30,09:45:00-10:45:00,2026,2558,14356,,Shakila Bibi,This name already booked as FULL in the same session; avoid duplicate Lite booking
REVIEW_POSSIBLE_EXISTING_FULL_BOOKING,2026-05-30,09:45:00-10:45:00,2026,2559,14356,,Fozia Ali,This name already booked as FULL in the same session; avoid duplicate Lite booking
REVIEW_POSSIBLE_EXISTING_FULL_BOOKING,2026-05-30,09:45:00-10:45:00,2026,2562,14356,,Jamila Khatoon,This name already booked as FULL in the same session; avoid duplicate Lite booking
REVIEW_POSSIBLE_EXISTING_FULL_BOOKING,2026-05-30,11:00:00-12:00:00,2026,2567,14357,,Suleman Muhammad,This name already booked as FULL in the same session; avoid duplicate Lite booking
REVIEW_POSSIBLE_EXISTING_FULL_BOOKING,2026-05-30,11:00:00-12:00:00,2026,2568,14357,,Zubair Khan,This name already booked as FULL in the same session; avoid duplicate Lite booking
REVIEW_POSSIBLE_EXISTING_FULL_BOOKING,2026-05-30,11:00:00-12:00:00,2026,2570,14357,,Shahban Khan,This name already booked as FULL in the same session; avoid duplicate Lite booking
REVIEW_POSSIBLE_EXISTING_FULL_BOOKING,2026-05-30,11:00:00-12:00:00,2026,2572,14357,,Abdul Majid,This name already booked as FULL in the same session; avoid duplicate Lite booking
REVIEW_POSSIBLE_EXISTING_FULL_BOOKING,2026-05-30,11:00:00-12:00:00,2026,2573,14357,,Mohammed Sajid,This name already booked as FULL in the same session; avoid duplicate Lite booking
REVIEW_POSSIBLE_EXISTING_FULL_BOOKING,2026-06-01,11:00:00-12:00:00,2026,2576,14358,,Mahroof Bibi,This name already booked as FULL in the same session; avoid duplicate Lite booking
REVIEW_POSSIBLE_EXISTING_FULL_BOOKING,2026-06-01,11:00:00-12:00:00,2026,2578,14358,,Suk Lin (Monica) Mok,This name already booked as FULL in the same session; avoid duplicate Lite booking
REVIEW_POSSIBLE_EXISTING_FULL_BOOKING,2026-06-01,11:00:00-12:00:00,2026,2579,14358,,Manzoor Begum,This name already booked as FULL in the same session; avoid duplicate Lite booking
REVIEW_POSSIBLE_EXISTING_FULL_BOOKING,2026-06-01,11:00:00-12:00:00,2026,2580,14358,,Yasmeen Khan,This name already booked as FULL in the same session; avoid duplicate Lite booking
REVIEW_POSSIBLE_EXISTING_FULL_BOOKING,2026-06-01,11:00:00-12:00:00,2026,2581,14358,,Nasrina Gul,This name already booked as FULL in the same session; avoid duplicate Lite booking
REVIEW_SESSION_FULL,2026-06-01,11:00:00-12:00:00,2026,2582,14358,,Akhtar Bi,
REVIEW_POSSIBLE_EXISTING_FULL_BOOKING,2026-06-01,11:00:00-12:00:00,2026,2583,14358,,Parveen Akhtar,This name already booked as FULL in the same session; avoid duplicate Lite booking
REVIEW_POSSIBLE_EXISTING_FULL_BOOKING,2026-06-01,11:00:00-12:00:00,2026,2584,14358,,Abida Khalid,This name already booked as FULL in the same session; avoid duplicate Lite booking
REVIEW_POSSIBLE_EXISTING_FULL_BOOKING,2026-06-01,14:00:00-15:00:00,2026,2594,14359,,Kamran Khan,This name already booked as FULL in the same session; avoid duplicate Lite booking
REVIEW_POSSIBLE_EXISTING_FULL_BOOKING,2026-06-01,14:00:00-15:00:00,2026,2595,14359,,Mohammed Nazir,This name already booked as FULL in the same session; avoid duplicate Lite booking
REVIEW_POSSIBLE_EXISTING_FULL_BOOKING,2026-06-01,14:00:00-15:00:00,2026,2596,14359,,Mansoor Malik,This name already booked as FULL in the same session; avoid duplicate Lite booking
REVIEW_POSSIBLE_EXISTING_FULL_BOOKING,2026-06-01,14:00:00-15:00:00,2026,2597,14359,,Mohammed Riaz,This name already booked as FULL in the same session; avoid duplicate Lite booking
REVIEW_POSSIBLE_EXISTING_FULL_BOOKING,2026-06-01,14:00:00-15:00:00,2026,2598,14359,,Hanif Hall,This name already booked as FULL in the same session; avoid duplicate Lite booking
REVIEW_POSSIBLE_EXISTING_FULL_BOOKING,2026-06-01,14:00:00-15:00:00,2026,2599,14359,,Mogees Nasir,This name already booked as FULL in the same session; avoid duplicate Lite booking
REVIEW_POSSIBLE_EXISTING_FULL_BOOKING,2026-06-01,14:00:00-15:00:00,2026,2600,14359,,Mohammed Nawaz,This name already booked as FULL in the same session; avoid duplicate Lite booking
REVIEW_POSSIBLE_EXISTING_FULL_BOOKING,2026-06-01,14:00:00-15:00:00,2026,2601,14359,,Mohammed Akram,This name already booked as FULL in the same session; avoid duplicate Lite booking
REVIEW_POSSIBLE_EXISTING_FULL_BOOKING,2026-06-01,14:00:00-15:00:00,2026,2602,14359,,Mohammed Ishtiaq,This name already booked as FULL in the same session; avoid duplicate Lite booking
REVIEW_POSSIBLE_EXISTING_FULL_BOOKING,2026-06-01,15:00:00-16:00:00,2026,2604,14360,,Abdul Majid,This name already booked as FULL in the same session; avoid duplicate Lite booking
REVIEW_POSSIBLE_EXISTING_FULL_BOOKING,2026-06-01,15:00:00-16:00:00,2026,2608,14360,,Mohammed Ishtiaq,This name already booked as FULL in the same session; avoid duplicate Lite booking
REVIEW_POSSIBLE_EXISTING_FULL_BOOKING,2026-06-02,09:30:00-10:30:00,2026,2612,14361,,Zaida Nawaz,This name already booked as FULL in the same session; avoid duplicate Lite booking
REVIEW_POSSIBLE_EXISTING_FULL_BOOKING,2026-06-02,09:30:00-10:30:00,2026,2614,14361,,Shazma Begum,This name already booked as FULL in the same session; avoid duplicate Lite booking
REVIEW_POSSIBLE_EXISTING_FULL_BOOKING,2026-06-02,09:30:00-10:30:00,2026,2615,14361,,Rashida Khatoon,This name already booked as FULL in the same session; avoid duplicate Lite booking
REVIEW_POSSIBLE_EXISTING_FULL_BOOKING,2026-06-02,09:30:00-10:30:00,2026,2616,14361,,Najabat Bibi,This name already booked as FULL in the same session; avoid duplicate Lite booking
REVIEW_POSSIBLE_EXISTING_FULL_BOOKING,2026-06-02,09:30:00-10:30:00,2026,2617,14361,,Fayaz Begum,This name already booked as FULL in the same session; avoid duplicate Lite booking
REVIEW_POSSIBLE_EXISTING_FULL_BOOKING,2026-06-02,09:30:00-10:30:00,2026,2619,14361,,Zainab Moosa,This name already booked as FULL in the same session; avoid duplicate Lite booking
REVIEW_POSSIBLE_EXISTING_FULL_BOOKING,2026-06-02,12:00:00-13:00:00,2026,2621,14362,,Kalsoom Akhtar,This name already booked as FULL in the same session; avoid duplicate Lite booking
REVIEW_POSSIBLE_EXISTING_FULL_BOOKING,2026-06-02,12:00:00-13:00:00,2026,2622,14362,,Matloob Bibi,This name already booked as FULL in the same session; avoid duplicate Lite booking
REVIEW_POSSIBLE_EXISTING_FULL_BOOKING,2026-06-02,12:00:00-13:00:00,2026,2624,14362,,Shamsa Kanwal,This name already booked as FULL in the same session; avoid duplicate Lite booking
REVIEW_POSSIBLE_EXISTING_FULL_BOOKING,2026-06-02,12:00:00-13:00:00,2026,2625,14362,,Ghazala Bi,This name already booked as FULL in the same session; avoid duplicate Lite booking
REVIEW_POSSIBLE_EXISTING_FULL_BOOKING,2026-06-03,11:00:00-12:00:00,2026,2630,14363,,Kamran Khan,This name already booked as FULL in the same session; avoid duplicate Lite booking
REVIEW_POSSIBLE_EXISTING_FULL_BOOKING,2026-06-03,11:00:00-12:00:00,2026,2631,14363,,Ghiyas-ul-Haq Ahmed,This name already booked as FULL in the same session; avoid duplicate Lite booking
REVIEW_POSSIBLE_EXISTING_FULL_BOOKING,2026-06-03,11:00:00-12:00:00,2026,2632,14363,,Mohammed Hanif Moosa,This name already booked as FULL in the same session; avoid duplicate Lite booking
REVIEW_POSSIBLE_EXISTING_FULL_BOOKING,2026-06-03,11:00:00-12:00:00,2026,2633,14363,,Mohammed Riaz,This name already booked as FULL in the same session; avoid duplicate Lite booking
REVIEW_POSSIBLE_EXISTING_FULL_BOOKING,2026-06-03,11:00:00-12:00:00,2026,2634,14363,,Hanif Hall,This name already booked as FULL in the same session; avoid duplicate Lite booking
REVIEW_POSSIBLE_EXISTING_FULL_BOOKING,2026-06-03,11:00:00-12:00:00,2026,2635,14363,,Raja Ali,This name already booked as FULL in the same session; avoid duplicate Lite booking
REVIEW_POSSIBLE_EXISTING_FULL_BOOKING,2026-06-03,11:00:00-12:00:00,2026,2636,14363,,Mohammed Akram,This name already booked as FULL in the same session; avoid duplicate Lite booking
REVIEW_SESSION_FULL,2026-06-03,11:00:00-12:00:00,2026,2637,14363,,Mohammed Saleem,
REVIEW_POSSIBLE_EXISTING_FULL_BOOKING,2026-06-03,11:00:00-12:00:00,2026,2638,14363,,Sainey Drammeh,This name already booked as FULL in the same session; avoid duplicate Lite booking
REVIEW_POSSIBLE_EXISTING_FULL_BOOKING,2026-06-03,12:15:00-13:15:00,2026,2641,14364,,Azra Bibi,This name already booked as FULL in the same session; avoid duplicate Lite booking
REVIEW_POSSIBLE_EXISTING_FULL_BOOKING,2026-06-03,12:15:00-13:15:00,2026,2643,14364,,Yasmin Mehmood,This name already booked as FULL in the same session; avoid duplicate Lite booking
REVIEW_POSSIBLE_EXISTING_FULL_BOOKING,2026-06-03,12:15:00-13:15:00,2026,2644,14364,,Maqsood Begum,This name already booked as FULL in the same session; avoid duplicate Lite booking
REVIEW_SESSION_FULL,2026-06-03,12:15:00-13:15:00,2026,2645,14364,,Amtal Rehman,
REVIEW_POSSIBLE_EXISTING_FULL_BOOKING,2026-06-03,12:15:00-13:15:00,2026,2646,14364,,Sajida Mahmood,This name already booked as FULL in the same session; avoid duplicate Lite booking
REVIEW_SESSION_FULL,2026-06-03,12:15:00-13:15:00,2026,2647,14364,,Sardar Begum,
REVIEW_POSSIBLE_EXISTING_FULL_BOOKING,2026-06-04,10:30:00-11:30:00,2026,2648,14365,,Nagina Ikram,This name already booked as FULL in the same session; avoid duplicate Lite booking
REVIEW_POSSIBLE_EXISTING_FULL_BOOKING,2026-06-04,10:30:00-11:30:00,2026,2649,14365,,Rubina Begum,This name already booked as FULL in the same session; avoid duplicate Lite booking
REVIEW_POSSIBLE_EXISTING_FULL_BOOKING,2026-06-04,10:30:00-11:30:00,2026,2651,14365,,Iqra Nur Hussain,This name already booked as FULL in the same session; avoid duplicate Lite booking
REVIEW_POSSIBLE_EXISTING_FULL_BOOKING,2026-06-04,10:30:00-11:30:00,2026,2652,14365,,Khalida Parveen,This name already booked as FULL in the same session; avoid duplicate Lite booking
REVIEW_POSSIBLE_EXISTING_FULL_BOOKING,2026-06-04,10:30:00-11:30:00,2026,2655,14365,,Saida Sharif,This name already booked as FULL in the same session; avoid duplicate Lite booking
REVIEW_POSSIBLE_EXISTING_FULL_BOOKING,2026-06-04,10:30:00-11:30:00,2026,2656,14365,,Jamila Khatoon,This name already booked as FULL in the same session; avoid duplicate Lite booking
REVIEW_POSSIBLE_EXISTING_FULL_BOOKING,2026-06-04,12:00:00-13:00:00,2026,2657,14366,,Ghazala Bibi,This name already booked as FULL in the same session; avoid duplicate Lite booking
REVIEW_POSSIBLE_EXISTING_FULL_BOOKING,2026-06-04,12:00:00-13:00:00,2026,2659,14366,,Shafia begum,This name already booked as FULL in the same session; avoid duplicate Lite booking
REVIEW_POSSIBLE_EXISTING_FULL_BOOKING,2026-06-04,12:00:00-13:00:00,2026,2660,14366,,Akbar Jan,This name already booked as FULL in the same session; avoid duplicate Lite booking
REVIEW_POSSIBLE_EXISTING_FULL_BOOKING,2026-06-04,12:00:00-13:00:00,2026,2661,14366,,Fozia Hafiz,This name already booked as FULL in the same session; avoid duplicate Lite booking
REVIEW_POSSIBLE_EXISTING_FULL_BOOKING,2026-06-04,12:00:00-13:00:00,2026,2662,14366,,Sabiha Batool,This name already booked as FULL in the same session; avoid duplicate Lite booking
REVIEW_POSSIBLE_EXISTING_FULL_BOOKING,2026-06-04,14:30:00-15:30:00,2026,2667,14367,,Mohammed Fazal,This name already booked as FULL in the same session; avoid duplicate Lite booking
REVIEW_POSSIBLE_EXISTING_FULL_BOOKING,2026-06-04,14:30:00-15:30:00,2026,2669,14367,,Thomas Walker,This name already booked as FULL in the same session; avoid duplicate Lite booking
REVIEW_POSSIBLE_EXISTING_FULL_BOOKING,2026-06-04,14:30:00-15:30:00,2026,2671,14367,,Mohammed Riaz,This name already booked as FULL in the same session; avoid duplicate Lite booking
REVIEW_POSSIBLE_EXISTING_FULL_BOOKING,2026-06-04,14:30:00-15:30:00,2026,2673,14367,,Sajjad Nawaz,This name already booked as FULL in the same session; avoid duplicate Lite booking
REVIEW_POSSIBLE_EXISTING_FULL_BOOKING,2026-06-04,14:30:00-15:30:00,2026,2674,14367,,Mohammed Nawaz,This name already booked as FULL in the same session; avoid duplicate Lite booking
REVIEW_POSSIBLE_EXISTING_FULL_BOOKING,2026-06-04,17:00:00-18:00:00,2026,2675,14368,,Samina Javed,This name already booked as FULL in the same session; avoid duplicate Lite booking
REVIEW_POSSIBLE_EXISTING_FULL_BOOKING,2026-06-04,17:00:00-18:00:00,2026,2676,14368,,Sultana Parveen,This name already booked as FULL in the same session; avoid duplicate Lite booking
REVIEW_POSSIBLE_EXISTING_FULL_BOOKING,2026-06-04,17:00:00-18:00:00,2026,2677,14368,,Kowsar Rukhsana,This name already booked as FULL in the same session; avoid duplicate Lite booking
REVIEW_POSSIBLE_EXISTING_FULL_BOOKING,2026-06-05,09:30:00-10:30:00,2026,2686,14369,,Mohammed Akram,This name already booked as FULL in the same session; avoid duplicate Lite booking
REVIEW_POSSIBLE_EXISTING_FULL_BOOKING,2026-06-05,09:30:00-10:30:00,2026,2688,14369,,Sainey Drammeh,This name already booked as FULL in the same session; avoid duplicate Lite booking
REVIEW_POSSIBLE_EXISTING_FULL_BOOKING,2026-06-05,10:30:00-11:30:00,2026,2693,14370,,Zainab Moosa,This name already booked as FULL in the same session; avoid duplicate Lite booking
REVIEW_POSSIBLE_EXISTING_FULL_BOOKING,2026-06-05,10:30:00-11:30:00,2026,2694,14370,,Mohammed Hanif Moosa,This name already booked as FULL in the same session; avoid duplicate Lite booking
REVIEW_POSSIBLE_EXISTING_FULL_BOOKING,2026-06-05,10:30:00-11:30:00,2026,2695,14370,,Jennifer Mason,This name already booked as FULL in the same session; avoid duplicate Lite booking
REVIEW_POSSIBLE_EXISTING_FULL_BOOKING,2026-06-05,10:30:00-11:30:00,2026,2696,14370,,Kowsar Rukhsana,This name already booked as FULL in the same session; avoid duplicate Lite booking
REVIEW_POSSIBLE_EXISTING_FULL_BOOKING,2026-06-05,10:30:00-11:30:00,2026,2698,14370,,Patricia Lawrence,This name already booked as FULL in the same session; avoid duplicate Lite booking
REVIEW_SESSION_FULL,2026-06-05,10:30:00-11:30:00,2026,2699,14370,,Sultana Parveen,
REVIEW_POSSIBLE_EXISTING_FULL_BOOKING,2026-06-05,10:30:00-11:30:00,2026,2700,14370,,Suleman Muhammad,This name already booked as FULL in the same session; avoid duplicate Lite booking
REVIEW_POSSIBLE_EXISTING_FULL_BOOKING,2026-06-05,10:30:00-11:30:00,2026,2701,14370,,Fozia Ali,This name already booked as FULL in the same session; avoid duplicate Lite booking
REVIEW_POSSIBLE_EXISTING_FULL_BOOKING,2026-06-05,15:00:00-16:00:00,2026,2702,14371,,Mansoor Malik,This name already booked as FULL in the same session; avoid duplicate Lite booking
REVIEW_POSSIBLE_EXISTING_FULL_BOOKING,2026-06-05,15:00:00-16:00:00,2026,2703,14371,,Mohammed Nawaz,This name already booked as FULL in the same session; avoid duplicate Lite booking
REVIEW_POSSIBLE_EXISTING_FULL_BOOKING,2026-06-05,15:00:00-16:00:00,2026,2706,14371,,Mogees Nasir,This name already booked as FULL in the same session; avoid duplicate Lite booking
REVIEW_POSSIBLE_EXISTING_FULL_BOOKING,2026-06-05,15:00:00-16:00:00,2026,2707,14371,,Mohammed Ashfaq,This name already booked as FULL in the same session; avoid duplicate Lite booking
REVIEW_POSSIBLE_EXISTING_FULL_BOOKING,2026-06-05,15:00:00-16:00:00,2026,2708,14371,,Thomas Walker,This name already booked as FULL in the same session; avoid duplicate Lite booking
REVIEW_POSSIBLE_EXISTING_FULL_BOOKING,2026-06-05,15:00:00-16:00:00,2026,2710,14371,,Rehmat Ali,This name already booked as FULL in the same session; avoid duplicate Lite booking
REVIEW_POSSIBLE_EXISTING_FULL_BOOKING,2026-06-06,09:45:00-10:45:00,2026,2711,14372,,Fozia Ali,This name already booked as FULL in the same session; avoid duplicate Lite booking
REVIEW_POSSIBLE_EXISTING_FULL_BOOKING,2026-06-06,09:45:00-10:45:00,2026,2712,14372,,Yasmin Aslam,This name already booked as FULL in the same session; avoid duplicate Lite booking
REVIEW_POSSIBLE_EXISTING_FULL_BOOKING,2026-06-06,09:45:00-10:45:00,2026,2713,14372,,Jamila Khatoon,This name already booked as FULL in the same session; avoid duplicate Lite booking
REVIEW_POSSIBLE_EXISTING_FULL_BOOKING,2026-06-06,11:00:00-12:00:00,2026,2720,14373,,Suleman Muhammad,This name already booked as FULL in the same session; avoid duplicate Lite booking
REVIEW_POSSIBLE_EXISTING_FULL_BOOKING,2026-06-06,11:00:00-12:00:00,2026,2721,14373,,Shahban Khan,This name already booked as FULL in the same session; avoid duplicate Lite booking
REVIEW_POSSIBLE_EXISTING_FULL_BOOKING,2026-06-06,11:00:00-12:00:00,2026,2723,14373,,Mohammed Sajid,This name already booked as FULL in the same session; avoid duplicate Lite booking
REVIEW_POSSIBLE_EXISTING_FULL_BOOKING,2026-06-06,11:00:00-12:00:00,2026,2724,14373,,Mohammed Akram,This name already booked as FULL in the same session; avoid duplicate Lite booking
REVIEW_POSSIBLE_EXISTING_FULL_BOOKING,2026-06-06,11:00:00-12:00:00,2026,2725,14373,,Raja Ali,This name already booked as FULL in the same session; avoid duplicate Lite booking
REVIEW_POSSIBLE_EXISTING_FULL_BOOKING,2026-06-08,11:00:00-12:00:00,2026,2730,14374,,Mahroof Bibi,This name already booked as FULL in the same session; avoid duplicate Lite booking
REVIEW_POSSIBLE_EXISTING_FULL_BOOKING,2026-06-08,11:00:00-12:00:00,2026,2731,14374,,Nasrina Gul,This name already booked as FULL in the same session; avoid duplicate Lite booking
REVIEW_POSSIBLE_EXISTING_FULL_BOOKING,2026-06-08,11:00:00-12:00:00,2026,2732,14374,,Manzoor Begum,This name already booked as FULL in the same session; avoid duplicate Lite booking
REVIEW_POSSIBLE_EXISTING_FULL_BOOKING,2026-06-08,11:00:00-12:00:00,2026,2733,14374,,Suk Lin (Monica) Mok,This name already booked as FULL in the same session; avoid duplicate Lite booking
REVIEW_POSSIBLE_EXISTING_FULL_BOOKING,2026-06-08,11:00:00-12:00:00,2026,2735,14374,,Parveen Akhtar,This name already booked as FULL in the same session; avoid duplicate Lite booking
REVIEW_POSSIBLE_EXISTING_FULL_BOOKING,2026-06-08,11:00:00-12:00:00,2026,2736,14374,,Abida Khalid,This name already booked as FULL in the same session; avoid duplicate Lite booking
REVIEW_POSSIBLE_EXISTING_FULL_BOOKING,2026-06-08,12:30:00-13:30:00,2026,2740,14375,,Jamila Khatoon,This name already booked as FULL in the same session; avoid duplicate Lite booking
REVIEW_POSSIBLE_EXISTING_FULL_BOOKING,2026-06-08,12:30:00-13:30:00,2026,2741,14375,,Rifat Sultana,This name already booked as FULL in the same session; avoid duplicate Lite booking
REVIEW_POSSIBLE_EXISTING_FULL_BOOKING,2026-06-08,12:30:00-13:30:00,2026,2743,14375,,Rifat Fayaz,This name already booked as FULL in the same session; avoid duplicate Lite booking
REVIEW_SESSION_FULL,2026-06-08,12:30:00-13:30:00,2026,2744,14375,,Sardar Begum,
REVIEW_POSSIBLE_EXISTING_FULL_BOOKING,2026-06-08,12:30:00-13:30:00,2026,2745,14375,,Nadia Ghias,This name already booked as FULL in the same session; avoid duplicate Lite booking
REVIEW_POSSIBLE_EXISTING_FULL_BOOKING,2026-06-08,12:30:00-13:30:00,2026,2746,14375,,Sajeda Jbeen,This name already booked as FULL in the same session; avoid duplicate Lite booking
REVIEW_POSSIBLE_EXISTING_FULL_BOOKING,2026-06-08,14:00:00-15:00:00,2026,2747,14376,,Kamran Khan,This name already booked as FULL in the same session; avoid duplicate Lite booking
REVIEW_POSSIBLE_EXISTING_FULL_BOOKING,2026-06-08,14:00:00-15:00:00,2026,2748,14376,,Sajjad Nawaz,This name already booked as FULL in the same session; avoid duplicate Lite booking
REVIEW_POSSIBLE_EXISTING_FULL_BOOKING,2026-06-08,14:00:00-15:00:00,2026,2751,14376,,Thomas Walker,This name already booked as FULL in the same session; avoid duplicate Lite booking
REVIEW_POSSIBLE_EXISTING_FULL_BOOKING,2026-06-08,14:00:00-15:00:00,2026,2752,14376,,Mohammed Riaz,This name already booked as FULL in the same session; avoid duplicate Lite booking
REVIEW_POSSIBLE_EXISTING_FULL_BOOKING,2026-06-08,14:00:00-15:00:00,2026,2754,14376,,Zahoor Hussain,This name already booked as FULL in the same session; avoid duplicate Lite booking
REVIEW_POSSIBLE_EXISTING_FULL_BOOKING,2026-06-08,15:00:00-16:00:00,2026,2756,14377,,Mohammed Nawaz,This name already booked as FULL in the same session; avoid duplicate Lite booking
REVIEW_POSSIBLE_EXISTING_FULL_BOOKING,2026-06-08,15:00:00-16:00:00,2026,2758,14377,,Mohammed Akram,This name already booked as FULL in the same session; avoid duplicate Lite booking
REVIEW_POSSIBLE_EXISTING_FULL_BOOKING,2026-06-08,15:00:00-16:00:00,2026,2761,14377,,Mohammed Ashfaq,This name already booked as FULL in the same session; avoid duplicate Lite booking
REVIEW_POSSIBLE_EXISTING_FULL_BOOKING,2026-06-08,15:00:00-16:00:00,2026,2762,14377,,Mansoor Malik,This name already booked as FULL in the same session; avoid duplicate Lite booking
REVIEW_POSSIBLE_EXISTING_FULL_BOOKING,2026-06-09,09:30:00-10:30:00,2026,2765,14378,,Zainab Moosa,This name already booked as FULL in the same session; avoid duplicate Lite booking
REVIEW_POSSIBLE_EXISTING_FULL_BOOKING,2026-06-09,09:30:00-10:30:00,2026,2766,14378,,Najabat Bibi,This name already booked as FULL in the same session; avoid duplicate Lite booking
REVIEW_POSSIBLE_EXISTING_FULL_BOOKING,2026-06-09,09:30:00-10:30:00,2026,2768,14378,,Rashida Khatoon,This name already booked as FULL in the same session; avoid duplicate Lite booking
REVIEW_POSSIBLE_EXISTING_FULL_BOOKING,2026-06-09,09:30:00-10:30:00,2026,2769,14378,,Zaida Nawaz,This name already booked as FULL in the same session; avoid duplicate Lite booking
REVIEW_POSSIBLE_EXISTING_FULL_BOOKING,2026-06-09,09:30:00-10:30:00,2026,2771,14378,,Saida Sharif,This name already booked as FULL in the same session; avoid duplicate Lite booking
REVIEW_POSSIBLE_EXISTING_FULL_BOOKING,2026-06-09,12:00:00-13:00:00,2026,2774,14379,,Kalsoom Akhtar,This name already booked as FULL in the same session; avoid duplicate Lite booking
REVIEW_POSSIBLE_EXISTING_FULL_BOOKING,2026-06-09,12:00:00-13:00:00,2026,2775,14379,,Naseem Akhtar,This name already booked as FULL in the same session; avoid duplicate Lite booking
REVIEW_POSSIBLE_EXISTING_FULL_BOOKING,2026-06-09,12:00:00-13:00:00,2026,2776,14379,,Matloob Bibi,This name already booked as FULL in the same session; avoid duplicate Lite booking
REVIEW_POSSIBLE_EXISTING_FULL_BOOKING,2026-06-09,12:00:00-13:00:00,2026,2777,14379,,Ghazala Bi,This name already booked as FULL in the same session; avoid duplicate Lite booking
REVIEW_SESSION_FULL,2026-06-09,12:00:00-13:00:00,2026,2779,14379,,Shamsa Kanwal,
REVIEW_POSSIBLE_EXISTING_FULL_BOOKING,2026-06-09,12:00:00-13:00:00,2026,2780,14379,,Iqra Nur Hussain,This name already booked as FULL in the same session; avoid duplicate Lite booking
REVIEW_POSSIBLE_EXISTING_FULL_BOOKING,2026-06-09,12:00:00-13:00:00,2026,2781,14379,,Nusrat Ashfaq,This name already booked as FULL in the same session; avoid duplicate Lite booking
REVIEW_POSSIBLE_EXISTING_FULL_BOOKING,2026-06-09,12:00:00-13:00:00,2026,2782,14379,,Afia Rafiq,This name already booked as FULL in the same session; avoid duplicate Lite booking
REVIEW_POSSIBLE_EXISTING_FULL_BOOKING,2026-06-10,11:00:00-12:00:00,2026,2783,14380,,Kamran Khan,This name already booked as FULL in the same session; avoid duplicate Lite booking
REVIEW_POSSIBLE_EXISTING_FULL_BOOKING,2026-06-10,11:00:00-12:00:00,2026,2784,14380,,Sabir Hussain,This name already booked as FULL in the same session; avoid duplicate Lite booking
REVIEW_POSSIBLE_EXISTING_FULL_BOOKING,2026-06-10,11:00:00-12:00:00,2026,2785,14380,,Raja Ali,This name already booked as FULL in the same session; avoid duplicate Lite booking
REVIEW_SESSION_FULL,2026-06-10,11:00:00-12:00:00,2026,2786,14380,,Mohammed Saleem,
REVIEW_POSSIBLE_EXISTING_FULL_BOOKING,2026-06-10,11:00:00-12:00:00,2026,2787,14380,,Sainey Drammeh,This name already booked as FULL in the same session; avoid duplicate Lite booking
REVIEW_POSSIBLE_EXISTING_FULL_BOOKING,2026-06-10,11:00:00-12:00:00,2026,2788,14380,,Abdul Majid,This name already booked as FULL in the same session; avoid duplicate Lite booking
REVIEW_POSSIBLE_EXISTING_FULL_BOOKING,2026-06-10,11:00:00-12:00:00,2026,2789,14380,,Mohammed Riaz,This name already booked as FULL in the same session; avoid duplicate Lite booking
REVIEW_POSSIBLE_EXISTING_FULL_BOOKING,2026-06-10,11:00:00-12:00:00,2026,2790,14380,,Mohammed Hanif Moosa,This name already booked as FULL in the same session; avoid duplicate Lite booking
REVIEW_POSSIBLE_EXISTING_FULL_BOOKING,2026-06-10,11:00:00-12:00:00,2026,2791,14380,,Rehmat Ali,This name already booked as FULL in the same session; avoid duplicate Lite booking
REVIEW_POSSIBLE_EXISTING_FULL_BOOKING,2026-06-10,12:15:00-13:15:00,2026,2792,14381,,Maqsood Begum,This name already booked as FULL in the same session; avoid duplicate Lite booking
REVIEW_POSSIBLE_EXISTING_FULL_BOOKING,2026-06-10,12:15:00-13:15:00,2026,2794,14381,,Rashida Mobeen,This name already booked as FULL in the same session; avoid duplicate Lite booking
REVIEW_POSSIBLE_EXISTING_FULL_BOOKING,2026-06-10,12:15:00-13:15:00,2026,2795,14381,,Angela Cross,This name already booked as FULL in the same session; avoid duplicate Lite booking
REVIEW_POSSIBLE_EXISTING_FULL_BOOKING,2026-06-10,12:15:00-13:15:00,2026,2796,14381,,Nasreen Akhtar,This name already booked as FULL in the same session; avoid duplicate Lite booking
REVIEW_POSSIBLE_EXISTING_FULL_BOOKING,2026-06-10,12:15:00-13:15:00,2026,2797,14381,,Shamim Akhtar,This name already booked as FULL in the same session; avoid duplicate Lite booking
REVIEW_SESSION_FULL,2026-06-11,10:30:00-11:30:00,2026,2801,14382,,Amtal Rehman,
REVIEW_POSSIBLE_EXISTING_FULL_BOOKING,2026-06-11,10:30:00-11:30:00,2026,2802,14382,,Sajida Mahmood,This name already booked as FULL in the same session; avoid duplicate Lite booking
REVIEW_POSSIBLE_EXISTING_FULL_BOOKING,2026-06-11,10:30:00-11:30:00,2026,2803,14382,,Rubina Begum,This name already booked as FULL in the same session; avoid duplicate Lite booking
REVIEW_POSSIBLE_EXISTING_FULL_BOOKING,2026-06-11,10:30:00-11:30:00,2026,2804,14382,,Nagina Ikram,This name already booked as FULL in the same session; avoid duplicate Lite booking
REVIEW_POSSIBLE_EXISTING_FULL_BOOKING,2026-06-11,10:30:00-11:30:00,2026,2805,14382,,Shafia begum,This name already booked as FULL in the same session; avoid duplicate Lite booking
REVIEW_POSSIBLE_EXISTING_FULL_BOOKING,2026-06-11,10:30:00-11:30:00,2026,2806,14382,,Akbar Jan,This name already booked as FULL in the same session; avoid duplicate Lite booking
REVIEW_POSSIBLE_EXISTING_FULL_BOOKING,2026-06-11,10:30:00-11:30:00,2026,2807,14382,,Fayaz Begum,This name already booked as FULL in the same session; avoid duplicate Lite booking
REVIEW_POSSIBLE_EXISTING_FULL_BOOKING,2026-06-11,10:30:00-11:30:00,2026,2808,14382,,Yasmeen Khan,This name already booked as FULL in the same session; avoid duplicate Lite booking
REVIEW_POSSIBLE_EXISTING_FULL_BOOKING,2026-06-11,10:30:00-11:30:00,2026,2809,14382,,Hameeda Begum,This name already booked as FULL in the same session; avoid duplicate Lite booking
REVIEW_POSSIBLE_EXISTING_FULL_BOOKING,2026-06-11,12:00:00-13:00:00,2026,2812,14383,,Ghazala Bibi,This name already booked as FULL in the same session; avoid duplicate Lite booking
REVIEW_POSSIBLE_EXISTING_FULL_BOOKING,2026-06-11,12:00:00-13:00:00,2026,2815,14383,,Iqbal Begum,This name already booked as FULL in the same session; avoid duplicate Lite booking
REVIEW_POSSIBLE_EXISTING_FULL_BOOKING,2026-06-11,12:00:00-13:00:00,2026,2816,14383,,Safeena Bibi,This name already booked as FULL in the same session; avoid duplicate Lite booking
REVIEW_POSSIBLE_EXISTING_FULL_BOOKING,2026-06-11,12:00:00-13:00:00,2026,2818,14383,,Sughra Bibi,This name already booked as FULL in the same session; avoid duplicate Lite booking
REVIEW_POSSIBLE_EXISTING_FULL_BOOKING,2026-06-11,14:30:00-15:30:00,2026,2819,14384,,Abdul Wahid Ashraf,This name already booked as FULL in the same session; avoid duplicate Lite booking
REVIEW_POSSIBLE_EXISTING_FULL_BOOKING,2026-06-11,14:30:00-15:30:00,2026,2820,14384,,Mohammed Ashraf,This name already booked as FULL in the same session; avoid duplicate Lite booking
REVIEW_POSSIBLE_EXISTING_FULL_BOOKING,2026-06-11,14:30:00-15:30:00,2026,2821,14384,,Zahoor Hussain,This name already booked as FULL in the same session; avoid duplicate Lite booking
REVIEW_POSSIBLE_EXISTING_FULL_BOOKING,2026-06-11,14:30:00-15:30:00,2026,2822,14384,,Mohammed Riaz,This name already booked as FULL in the same session; avoid duplicate Lite booking
REVIEW_LITE_DOB_CONFLICT,2026-06-11,14:30:00-15:30:00,2026,2824,,,Arshad Mahmood,
REVIEW_POSSIBLE_EXISTING_FULL_BOOKING,2026-06-11,14:30:00-15:30:00,2026,2826,14384,,Abdul Majid,This name already booked as FULL in the same session; avoid duplicate Lite booking
REVIEW_POSSIBLE_EXISTING_FULL_BOOKING,2026-06-11,14:30:00-15:30:00,2026,2827,14384,,Mohammed Nawaz,This name already booked as FULL in the same session; avoid duplicate Lite booking
REVIEW_POSSIBLE_EXISTING_FULL_BOOKING,2026-06-11,17:00:00-18:00:00,2026,2828,14385,,Khalida Parveen,This name already booked as FULL in the same session; avoid duplicate Lite booking
REVIEW_POSSIBLE_EXISTING_FULL_BOOKING,2026-06-11,17:00:00-18:00:00,2026,2829,14385,,Samina Javed,This name already booked as FULL in the same session; avoid duplicate Lite booking
REVIEW_POSSIBLE_EXISTING_FULL_BOOKING,2026-06-11,17:00:00-18:00:00,2026,2830,14385,,Sultana Parveen,This name already booked as FULL in the same session; avoid duplicate Lite booking
REVIEW_POSSIBLE_EXISTING_FULL_BOOKING,2026-06-12,09:30:00-10:30:00,2026,2839,14386,,Sainey Drammeh,This name already booked as FULL in the same session; avoid duplicate Lite booking
REVIEW_POSSIBLE_EXISTING_FULL_BOOKING,2026-06-12,09:30:00-10:30:00,2026,2842,14386,,Abdul Majid,This name already booked as FULL in the same session; avoid duplicate Lite booking
REVIEW_POSSIBLE_EXISTING_FULL_BOOKING,2026-06-12,09:30:00-10:30:00,2026,2843,14386,,Mohammed Akram,This name already booked as FULL in the same session; avoid duplicate Lite booking
REVIEW_POSSIBLE_EXISTING_FULL_BOOKING,2026-06-12,09:30:00-10:30:00,2026,2844,14386,,Zahoor Hussain,This name already booked as FULL in the same session; avoid duplicate Lite booking
REVIEW_POSSIBLE_EXISTING_FULL_BOOKING,2026-06-12,10:30:00-11:30:00,2026,2848,14387,,Yasmin Aslam,This name already booked as FULL in the same session; avoid duplicate Lite booking
REVIEW_POSSIBLE_EXISTING_FULL_BOOKING,2026-06-12,10:30:00-11:30:00,2026,2850,14387,,Zainab Moosa,This name already booked as FULL in the same session; avoid duplicate Lite booking
REVIEW_POSSIBLE_EXISTING_FULL_BOOKING,2026-06-12,10:30:00-11:30:00,2026,2851,14387,,Mohammed Hanif Moosa,This name already booked as FULL in the same session; avoid duplicate Lite booking
REVIEW_POSSIBLE_EXISTING_FULL_BOOKING,2026-06-12,10:30:00-11:30:00,2026,2853,14387,,Patricia Lawrence,This name already booked as FULL in the same session; avoid duplicate Lite booking
REVIEW_POSSIBLE_EXISTING_FULL_BOOKING,2026-06-12,10:30:00-11:30:00,2026,2854,14387,,Jennifer Mason,This name already booked as FULL in the same session; avoid duplicate Lite booking
REVIEW_POSSIBLE_EXISTING_FULL_BOOKING,2026-06-12,15:00:00-16:00:00,2026,2856,14388,,Rehmat Ali,This name already booked as FULL in the same session; avoid duplicate Lite booking
REVIEW_POSSIBLE_EXISTING_FULL_BOOKING,2026-06-12,15:00:00-16:00:00,2026,2857,14388,,Mohammed Nawaz,This name already booked as FULL in the same session; avoid duplicate Lite booking
REVIEW_POSSIBLE_EXISTING_FULL_BOOKING,2026-06-12,15:00:00-16:00:00,2026,2858,14388,,Mogees Nasir,This name already booked as FULL in the same session; avoid duplicate Lite booking
REVIEW_LITE_DOB_CONFLICT,2026-06-12,15:00:00-16:00:00,2026,2859,,,Arshad Mahmood,
REVIEW_POSSIBLE_EXISTING_FULL_BOOKING,2026-06-12,15:00:00-16:00:00,2026,2861,14388,,Mohammad Arif,This name already booked as FULL in the same session; avoid duplicate Lite booking
REVIEW_POSSIBLE_EXISTING_FULL_BOOKING,2026-06-12,15:00:00-16:00:00,2026,2862,14388,,Mansoor Malik,This name already booked as FULL in the same session; avoid duplicate Lite booking
REVIEW_POSSIBLE_EXISTING_FULL_BOOKING,2026-06-12,15:00:00-16:00:00,2026,2863,14388,,Mohammed Nazir,This name already booked as FULL in the same session; avoid duplicate Lite booking
REVIEW_POSSIBLE_EXISTING_FULL_BOOKING,2026-06-13,09:45:00-10:45:00,2026,2864,14389,,Zenab Bi,This name already booked as FULL in the same session; avoid duplicate Lite booking
REVIEW_POSSIBLE_EXISTING_FULL_BOOKING,2026-06-13,09:45:00-10:45:00,2026,2865,14389,,Jamila Khatoon,This name already booked as FULL in the same session; avoid duplicate Lite booking
REVIEW_POSSIBLE_EXISTING_FULL_BOOKING,2026-06-13,09:45:00-10:45:00,2026,2871,14389,,Shaheen Akhtar,This name already booked as FULL in the same session; avoid duplicate Lite booking
REVIEW_POSSIBLE_EXISTING_FULL_BOOKING,2026-06-13,09:45:00-10:45:00,2026,2872,14389,,Sylvia Samuda,This name already booked as FULL in the same session; avoid duplicate Lite booking
REVIEW_POSSIBLE_EXISTING_FULL_BOOKING,2026-06-13,11:00:00-12:00:00,2026,2873,14390,,Zubair Khan,This name already booked as FULL in the same session; avoid duplicate Lite booking
REVIEW_POSSIBLE_EXISTING_FULL_BOOKING,2026-06-13,11:00:00-12:00:00,2026,2878,14390,,Mohammed Sajid,This name already booked as FULL in the same session; avoid duplicate Lite booking
REVIEW_POSSIBLE_EXISTING_FULL_BOOKING,2026-06-13,11:00:00-12:00:00,2026,2879,14390,,Sabir Hussain,This name already booked as FULL in the same session; avoid duplicate Lite booking
REVIEW_POSSIBLE_EXISTING_FULL_BOOKING,2026-06-15,11:00:00-12:00:00,2026,2882,14391,,Nusrat Naseem,This name already booked as FULL in the same session; avoid duplicate Lite booking
REVIEW_POSSIBLE_EXISTING_FULL_BOOKING,2026-06-15,11:00:00-12:00:00,2026,2883,14391,,Mahroof Bibi,This name already booked as FULL in the same session; avoid duplicate Lite booking
REVIEW_POSSIBLE_EXISTING_FULL_BOOKING,2026-06-15,11:00:00-12:00:00,2026,2884,14391,,Abida Khalid,This name already booked as FULL in the same session; avoid duplicate Lite booking
REVIEW_POSSIBLE_EXISTING_FULL_BOOKING,2026-06-15,11:00:00-12:00:00,2026,2885,14391,,Nasrina Gul,This name already booked as FULL in the same session; avoid duplicate Lite booking
REVIEW_POSSIBLE_EXISTING_FULL_BOOKING,2026-06-15,11:00:00-12:00:00,2026,2886,14391,,Manzoor Begum,This name already booked as FULL in the same session; avoid duplicate Lite booking
REVIEW_POSSIBLE_EXISTING_FULL_BOOKING,2026-06-15,11:00:00-12:00:00,2026,2888,14391,,Suk Lin (Monica) Mok,This name already booked as FULL in the same session; avoid duplicate Lite booking
REVIEW_POSSIBLE_EXISTING_FULL_BOOKING,2026-06-15,11:00:00-12:00:00,2026,2889,14391,,Rifat Fayaz,This name already booked as FULL in the same session; avoid duplicate Lite booking
REVIEW_POSSIBLE_EXISTING_FULL_BOOKING,2026-06-15,11:00:00-12:00:00,2026,2890,14391,,Allah Raqhi,This name already booked as FULL in the same session; avoid duplicate Lite booking
REVIEW_POSSIBLE_EXISTING_FULL_BOOKING,2026-06-15,12:30:00-13:30:00,2026,2891,14392,,Nusrat Bibi,This name already booked as FULL in the same session; avoid duplicate Lite booking
REVIEW_POSSIBLE_EXISTING_FULL_BOOKING,2026-06-15,12:30:00-13:30:00,2026,2893,14392,,Nadia Ghias,This name already booked as FULL in the same session; avoid duplicate Lite booking
REVIEW_POSSIBLE_EXISTING_FULL_BOOKING,2026-06-15,12:30:00-13:30:00,2026,2896,14392,,Jamila Khatoon,This name already booked as FULL in the same session; avoid duplicate Lite booking
REVIEW_POSSIBLE_EXISTING_FULL_BOOKING,2026-06-15,12:30:00-13:30:00,2026,2897,14392,,Nasreen Akhtar,This name already booked as FULL in the same session; avoid duplicate Lite booking
REVIEW_SESSION_FULL,2026-06-15,12:30:00-13:30:00,2026,2898,,,Nusrat Ashfaq,New Lite identity not created because the session is full
REVIEW_POSSIBLE_EXISTING_FULL_BOOKING,2026-06-15,12:30:00-13:30:00,2026,2899,14392,,Hajra Mahmood,This name already booked as FULL in the same session; avoid duplicate Lite booking
REVIEW_POSSIBLE_EXISTING_FULL_BOOKING,2026-06-15,14:00:00-15:00:00,2026,2900,14393,,Kamran Khan,This name already booked as FULL in the same session; avoid duplicate Lite booking
REVIEW_POSSIBLE_EXISTING_FULL_BOOKING,2026-06-15,14:00:00-15:00:00,2026,2901,14393,,Abdul Majid,This name already booked as FULL in the same session; avoid duplicate Lite booking
REVIEW_POSSIBLE_EXISTING_FULL_BOOKING,2026-06-15,14:00:00-15:00:00,2026,2902,14393,,Mohammed Riaz,This name already booked as FULL in the same session; avoid duplicate Lite booking
REVIEW_POSSIBLE_EXISTING_FULL_BOOKING,2026-06-15,14:00:00-15:00:00,2026,2903,14393,,Zahoor Hussain,This name already booked as FULL in the same session; avoid duplicate Lite booking
REVIEW_POSSIBLE_EXISTING_FULL_BOOKING,2026-06-15,14:00:00-15:00:00,2026,2905,14393,,Mansoor Malik,This name already booked as FULL in the same session; avoid duplicate Lite booking
REVIEW_POSSIBLE_EXISTING_FULL_BOOKING,2026-06-15,14:00:00-15:00:00,2026,2907,14393,,Mohammed Nazir,This name already booked as FULL in the same session; avoid duplicate Lite booking
REVIEW_POSSIBLE_EXISTING_FULL_BOOKING,2026-06-15,14:00:00-15:00:00,2026,2908,14393,,Mohammad Arif,This name already booked as FULL in the same session; avoid duplicate Lite booking
REVIEW_POSSIBLE_EXISTING_FULL_BOOKING,2026-06-15,15:00:00-16:00:00,2026,2910,14394,,Mohammed Akram,This name already booked as FULL in the same session; avoid duplicate Lite booking
REVIEW_POSSIBLE_EXISTING_FULL_BOOKING,2026-06-15,15:00:00-16:00:00,2026,2913,14394,,Abdul Wahid Ashraf,This name already booked as FULL in the same session; avoid duplicate Lite booking
REVIEW_POSSIBLE_EXISTING_FULL_BOOKING,2026-06-15,15:00:00-16:00:00,2026,2914,14394,,Mohammed Ashraf,This name already booked as FULL in the same session; avoid duplicate Lite booking
REVIEW_POSSIBLE_EXISTING_FULL_BOOKING,2026-06-15,15:00:00-16:00:00,2026,2917,14394,,Mohammed khalid,This name already booked as FULL in the same session; avoid duplicate Lite booking
REVIEW_POSSIBLE_EXISTING_FULL_BOOKING,2026-06-16,09:30:00-10:30:00,2026,2918,14395,,Zainab Moosa,This name already booked as FULL in the same session; avoid duplicate Lite booking
REVIEW_POSSIBLE_EXISTING_FULL_BOOKING,2026-06-16,09:30:00-10:30:00,2026,2919,14395,,Najabat Bibi,This name already booked as FULL in the same session; avoid duplicate Lite booking
REVIEW_POSSIBLE_EXISTING_FULL_BOOKING,2026-06-16,09:30:00-10:30:00,2026,2920,14395,,Saida Sharif,This name already booked as FULL in the same session; avoid duplicate Lite booking
REVIEW_POSSIBLE_EXISTING_FULL_BOOKING,2026-06-16,09:30:00-10:30:00,2026,2921,14395,,Rashida Khatoon,This name already booked as FULL in the same session; avoid duplicate Lite booking
REVIEW_POSSIBLE_EXISTING_FULL_BOOKING,2026-06-16,09:30:00-10:30:00,2026,2922,14395,,Zaida Nawaz,This name already booked as FULL in the same session; avoid duplicate Lite booking
REVIEW_POSSIBLE_EXISTING_FULL_BOOKING,2026-06-16,09:30:00-10:30:00,2026,2923,14395,,Uzma Masroor,This name already booked as FULL in the same session; avoid duplicate Lite booking
REVIEW_POSSIBLE_EXISTING_FULL_BOOKING,2026-06-16,09:30:00-10:30:00,2026,2924,14395,,Tahzim Akhtar,This name already booked as FULL in the same session; avoid duplicate Lite booking
REVIEW_POSSIBLE_EXISTING_FULL_BOOKING,2026-06-16,09:30:00-10:30:00,2026,2925,14395,,Shafeen Akhtar,This name already booked as FULL in the same session; avoid duplicate Lite booking
REVIEW_POSSIBLE_EXISTING_FULL_BOOKING,2026-06-16,09:30:00-10:30:00,2026,2926,14395,,Shazma Begum,This name already booked as FULL in the same session; avoid duplicate Lite booking
REVIEW_POSSIBLE_EXISTING_FULL_BOOKING,2026-06-16,12:00:00-13:00:00,2026,2928,14396,,Kalsoom Akhtar,This name already booked as FULL in the same session; avoid duplicate Lite booking
REVIEW_POSSIBLE_EXISTING_FULL_BOOKING,2026-06-16,12:00:00-13:00:00,2026,2929,14396,,Ghazala Bi,This name already booked as FULL in the same session; avoid duplicate Lite booking
REVIEW_POSSIBLE_EXISTING_FULL_BOOKING,2026-06-16,12:00:00-13:00:00,2026,2930,14396,,Naseem Akhtar,This name already booked as FULL in the same session; avoid duplicate Lite booking
REVIEW_POSSIBLE_EXISTING_FULL_BOOKING,2026-06-16,12:00:00-13:00:00,2026,2931,14396,,Iqra Nur Hussain,This name already booked as FULL in the same session; avoid duplicate Lite booking
REVIEW_POSSIBLE_EXISTING_FULL_BOOKING,2026-06-16,12:00:00-13:00:00,2026,2932,14396,,Matloob Bibi,This name already booked as FULL in the same session; avoid duplicate Lite booking
REVIEW_POSSIBLE_EXISTING_FULL_BOOKING,2026-06-16,12:00:00-13:00:00,2026,2935,14396,,Yasmeen Khan,This name already booked as FULL in the same session; avoid duplicate Lite booking
REVIEW_POSSIBLE_EXISTING_FULL_BOOKING,2026-06-17,11:00:00-12:00:00,2026,2936,14397,,Mohammad Azad,This name already booked as FULL in the same session; avoid duplicate Lite booking
REVIEW_POSSIBLE_EXISTING_FULL_BOOKING,2026-06-17,11:00:00-12:00:00,2026,2937,14397,,Mohammed Riaz,This name already booked as FULL in the same session; avoid duplicate Lite booking
REVIEW_SESSION_FULL,2026-06-17,11:00:00-12:00:00,2026,2938,14397,,Mohamad Zaki,
REVIEW_POSSIBLE_EXISTING_FULL_BOOKING,2026-06-17,11:00:00-12:00:00,2026,2939,14397,,Raja Ali,This name already booked as FULL in the same session; avoid duplicate Lite booking
REVIEW_POSSIBLE_EXISTING_FULL_BOOKING,2026-06-17,11:00:00-12:00:00,2026,2940,14397,,Sabir Hussain,This name already booked as FULL in the same session; avoid duplicate Lite booking
REVIEW_POSSIBLE_EXISTING_FULL_BOOKING,2026-06-17,11:00:00-12:00:00,2026,2941,14397,,Ghiyas-ul-Haq Ahmed,This name already booked as FULL in the same session; avoid duplicate Lite booking
REVIEW_POSSIBLE_EXISTING_FULL_BOOKING,2026-06-17,11:00:00-12:00:00,2026,2942,14397,,Mohammed Akram,This name already booked as FULL in the same session; avoid duplicate Lite booking
REVIEW_POSSIBLE_EXISTING_FULL_BOOKING,2026-06-17,11:00:00-12:00:00,2026,2943,14397,,Mohammed Hanif Moosa,This name already booked as FULL in the same session; avoid duplicate Lite booking
REVIEW_POSSIBLE_EXISTING_FULL_BOOKING,2026-06-17,12:15:00-13:15:00,2026,2945,14398,,Yasmin Mehmood,This name already booked as FULL in the same session; avoid duplicate Lite booking
REVIEW_POSSIBLE_EXISTING_FULL_BOOKING,2026-06-17,12:15:00-13:15:00,2026,2946,14398,,Angela Cross,This name already booked as FULL in the same session; avoid duplicate Lite booking
REVIEW_POSSIBLE_EXISTING_FULL_BOOKING,2026-06-17,12:15:00-13:15:00,2026,2947,14398,,Maqsood Begum,This name already booked as FULL in the same session; avoid duplicate Lite booking
REVIEW_POSSIBLE_EXISTING_FULL_BOOKING,2026-06-18,10:30:00-11:30:00,2026,2955,14399,,Nagina Ikram,This name already booked as FULL in the same session; avoid duplicate Lite booking
REVIEW_POSSIBLE_EXISTING_FULL_BOOKING,2026-06-18,10:30:00-11:30:00,2026,2957,14399,,Hameeda Begum,This name already booked as FULL in the same session; avoid duplicate Lite booking
REVIEW_POSSIBLE_EXISTING_FULL_BOOKING,2026-06-18,10:30:00-11:30:00,2026,2958,14399,,Shafia begum,This name already booked as FULL in the same session; avoid duplicate Lite booking
REVIEW_POSSIBLE_EXISTING_FULL_BOOKING,2026-06-18,10:30:00-11:30:00,2026,2959,14399,,Fayaz Begum,This name already booked as FULL in the same session; avoid duplicate Lite booking
REVIEW_POSSIBLE_EXISTING_FULL_BOOKING,2026-06-18,10:30:00-11:30:00,2026,2961,14399,,Rubina Begum,This name already booked as FULL in the same session; avoid duplicate Lite booking
REVIEW_POSSIBLE_EXISTING_FULL_BOOKING,2026-06-18,14:30:00-15:00:00,2026,2972,14400,,Mohammed Riaz,This name already booked as FULL in the same session; avoid duplicate Lite booking
REVIEW_POSSIBLE_EXISTING_FULL_BOOKING,2026-06-18,14:30:00-15:00:00,2026,2973,14400,,Kamran Khan,This name already booked as FULL in the same session; avoid duplicate Lite booking
REVIEW_POSSIBLE_EXISTING_FULL_BOOKING,2026-06-18,14:30:00-15:00:00,2026,2974,14400,,Abdul Wahid Ashraf,This name already booked as FULL in the same session; avoid duplicate Lite booking
REVIEW_POSSIBLE_EXISTING_FULL_BOOKING,2026-06-18,14:30:00-15:00:00,2026,2975,14400,,Mohammed Ashraf,This name already booked as FULL in the same session; avoid duplicate Lite booking
REVIEW_SESSION_FULL,2026-06-18,14:30:00-15:00:00,2026,2976,14400,,Mazhar Mahmood,
REVIEW_POSSIBLE_EXISTING_FULL_BOOKING,2026-06-18,14:30:00-15:00:00,2026,2977,14400,,Mohammed Akram,This name already booked as FULL in the same session; avoid duplicate Lite booking
REVIEW_POSSIBLE_EXISTING_FULL_BOOKING,2026-06-18,14:30:00-15:00:00,2026,2978,14400,,Mohammed Nazir,This name already booked as FULL in the same session; avoid duplicate Lite booking
REVIEW_POSSIBLE_EXISTING_FULL_BOOKING,2026-06-18,14:30:00-15:00:00,2026,2979,14400,,Mohammad Arif,This name already booked as FULL in the same session; avoid duplicate Lite booking
REVIEW_POSSIBLE_EXISTING_FULL_BOOKING,2026-06-18,14:30:00-15:00:00,2026,2980,14400,,Mohammed khalid,This name already booked as FULL in the same session; avoid duplicate Lite booking
REVIEW_POSSIBLE_EXISTING_FULL_BOOKING,2026-06-18,17:00:00-18:00:00,2026,2981,14401,,Jaslyne Richards,This name already booked as FULL in the same session; avoid duplicate Lite booking
REVIEW_POSSIBLE_EXISTING_FULL_BOOKING,2026-06-18,17:00:00-18:00:00,2026,2983,14401,,Samina Javed,This name already booked as FULL in the same session; avoid duplicate Lite booking
REVIEW_POSSIBLE_EXISTING_FULL_BOOKING,2026-06-18,17:00:00-18:00:00,2026,2984,14401,,Khalida Parveen,This name already booked as FULL in the same session; avoid duplicate Lite booking
REVIEW_POSSIBLE_EXISTING_FULL_BOOKING,2026-06-18,17:00:00-18:00:00,2026,2986,14401,,Robina Kauser,This name already booked as FULL in the same session; avoid duplicate Lite booking
REVIEW_POSSIBLE_EXISTING_FULL_BOOKING,2026-06-18,17:00:00-18:00:00,2026,2987,14401,,Rhonda Connor,This name already booked as FULL in the same session; avoid duplicate Lite booking
REVIEW_POSSIBLE_EXISTING_FULL_BOOKING,2026-06-18,17:00:00-18:00:00,2026,2989,14401,,Brooke Kelly,This name already booked as FULL in the same session; avoid duplicate Lite booking
REVIEW_POSSIBLE_EXISTING_FULL_BOOKING,2026-06-19,09:30:00-10:30:00,2026,2990,14402,,Abdul Majid,This name already booked as FULL in the same session; avoid duplicate Lite booking
REVIEW_POSSIBLE_EXISTING_FULL_BOOKING,2026-06-19,09:30:00-10:30:00,2026,2991,14402,,Sainey Drammeh,This name already booked as FULL in the same session; avoid duplicate Lite booking
REVIEW_POSSIBLE_EXISTING_FULL_BOOKING,2026-06-19,09:30:00-10:30:00,2026,2993,14402,,Mohammed Akram,This name already booked as FULL in the same session; avoid duplicate Lite booking
REVIEW_SESSION_FULL,2026-06-19,09:30:00-10:30:00,2026,2995,14402,,Hanif Hall,
REVIEW_POSSIBLE_EXISTING_FULL_BOOKING,2026-06-19,09:30:00-10:30:00,2026,2996,14402,,Asad Hussain,This name already booked as FULL in the same session; avoid duplicate Lite booking
REVIEW_POSSIBLE_EXISTING_FULL_BOOKING,2026-06-19,09:30:00-10:30:00,2026,2997,14402,,Mohammed Latif Ahmed,This name already booked as FULL in the same session; avoid duplicate Lite booking
REVIEW_POSSIBLE_EXISTING_FULL_BOOKING,2026-06-19,09:30:00-10:30:00,2026,2998,14402,,Rehmat Ali,This name already booked as FULL in the same session; avoid duplicate Lite booking
REVIEW_POSSIBLE_EXISTING_FULL_BOOKING,2026-06-19,10:30:00-11:30:00,2026,3000,14403,,Jennifer Mason,This name already booked as FULL in the same session; avoid duplicate Lite booking
REVIEW_POSSIBLE_EXISTING_FULL_BOOKING,2026-06-19,10:30:00-11:30:00,2026,3001,14403,,Patricia Lawrence,This name already booked as FULL in the same session; avoid duplicate Lite booking
REVIEW_POSSIBLE_EXISTING_FULL_BOOKING,2026-06-19,10:30:00-11:30:00,2026,3003,14403,,Zainab Moosa,This name already booked as FULL in the same session; avoid duplicate Lite booking
REVIEW_POSSIBLE_EXISTING_FULL_BOOKING,2026-06-19,10:30:00-11:30:00,2026,3004,14403,,Mohammed Hanif Moosa,This name already booked as FULL in the same session; avoid duplicate Lite booking
REVIEW_POSSIBLE_EXISTING_FULL_BOOKING,2026-06-19,15:00:00-16:00:00,2026,3009,14404,,Mohammed Nawaz,This name already booked as FULL in the same session; avoid duplicate Lite booking
REVIEW_POSSIBLE_EXISTING_FULL_BOOKING,2026-06-19,15:00:00-16:00:00,2026,3011,14404,,Mohammed Nazir,This name already booked as FULL in the same session; avoid duplicate Lite booking
REVIEW_POSSIBLE_EXISTING_FULL_BOOKING,2026-06-19,15:00:00-16:00:00,2026,3012,14404,,Mohammed khalid,This name already booked as FULL in the same session; avoid duplicate Lite booking
REVIEW_POSSIBLE_EXISTING_FULL_BOOKING,2026-06-19,15:00:00-16:00:00,2026,3013,14404,,Mohammad Arif,This name already booked as FULL in the same session; avoid duplicate Lite booking
REVIEW_POSSIBLE_EXISTING_FULL_BOOKING,2026-06-19,15:00:00-16:00:00,2026,3015,14404,,Mohammed Sabar,This name already booked as FULL in the same session; avoid duplicate Lite booking
REVIEW_POSSIBLE_EXISTING_FULL_BOOKING,2026-06-19,15:00:00-16:00:00,2026,3016,14404,,Mohammed Fazal,This name already booked as FULL in the same session; avoid duplicate Lite booking
REVIEW_POSSIBLE_EXISTING_FULL_BOOKING,2026-06-22,11:00:00-12:00:00,2026,3035,14405,,Nusrat Naseem,This name already booked as FULL in the same session; avoid duplicate Lite booking
REVIEW_POSSIBLE_EXISTING_FULL_BOOKING,2026-06-22,11:00:00-12:00:00,2026,3036,14405,,Manzoor Begum,This name already booked as FULL in the same session; avoid duplicate Lite booking
REVIEW_POSSIBLE_EXISTING_FULL_BOOKING,2026-06-22,11:00:00-12:00:00,2026,3037,14405,,Allah Raqhi,This name already booked as FULL in the same session; avoid duplicate Lite booking
REVIEW_POSSIBLE_EXISTING_FULL_BOOKING,2026-06-22,11:00:00-12:00:00,2026,3039,14405,,Abida Khalid,This name already booked as FULL in the same session; avoid duplicate Lite booking
REVIEW_POSSIBLE_EXISTING_FULL_BOOKING,2026-06-22,12:30:00-13:30:00,2026,3045,14406,,Rifat Sultana,This name already booked as FULL in the same session; avoid duplicate Lite booking
REVIEW_POSSIBLE_EXISTING_FULL_BOOKING,2026-06-22,12:30:00-13:30:00,2026,3049,14406,,Saida Sharif,This name already booked as FULL in the same session; avoid duplicate Lite booking
REVIEW_POSSIBLE_EXISTING_FULL_BOOKING,2026-06-22,12:30:00-13:30:00,2026,3050,14406,,Salma Salim,This name already booked as FULL in the same session; avoid duplicate Lite booking
REVIEW_POSSIBLE_EXISTING_FULL_BOOKING,2026-06-22,14:00:00-15:00:00,2026,3054,14407,,Kamran Khan,This name already booked as FULL in the same session; avoid duplicate Lite booking
REVIEW_POSSIBLE_EXISTING_FULL_BOOKING,2026-06-22,14:00:00-15:00:00,2026,3058,14407,,Asad Hussain,This name already booked as FULL in the same session; avoid duplicate Lite booking
REVIEW_POSSIBLE_EXISTING_FULL_BOOKING,2026-06-22,14:00:00-15:00:00,2026,3059,14407,,Nayar Wasim,This name already booked as FULL in the same session; avoid duplicate Lite booking
REVIEW_POSSIBLE_EXISTING_FULL_BOOKING,2026-06-22,15:00:00-16:00:00,2026,3062,14408,,Abdul Wahid Ashraf,This name already booked as FULL in the same session; avoid duplicate Lite booking
REVIEW_POSSIBLE_EXISTING_FULL_BOOKING,2026-06-22,15:00:00-16:00:00,2026,3063,14408,,Mohammed Ashraf,This name already booked as FULL in the same session; avoid duplicate Lite booking
REVIEW_POSSIBLE_EXISTING_FULL_BOOKING,2026-06-22,15:00:00-16:00:00,2026,3064,14408,,Mohammed Akram,This name already booked as FULL in the same session; avoid duplicate Lite booking
REVIEW_POSSIBLE_EXISTING_FULL_BOOKING,2026-06-22,15:00:00-16:00:00,2026,3065,14408,,Mohammed khalid,This name already booked as FULL in the same session; avoid duplicate Lite booking
REVIEW_POSSIBLE_EXISTING_FULL_BOOKING,2026-06-22,15:00:00-16:00:00,2026,3066,14408,,Mohammad Arif,This name already booked as FULL in the same session; avoid duplicate Lite booking
REVIEW_POSSIBLE_EXISTING_FULL_BOOKING,2026-06-22,15:00:00-16:00:00,2026,3067,14408,,Abdul Majid,This name already booked as FULL in the same session; avoid duplicate Lite booking
REVIEW_POSSIBLE_EXISTING_FULL_BOOKING,2026-06-22,15:00:00-16:00:00,2026,3068,14408,,Mohammed Latif Ahmed,This name already booked as FULL in the same session; avoid duplicate Lite booking
REVIEW_POSSIBLE_EXISTING_FULL_BOOKING,2026-06-23,12:00:00-13:00:00,2026,3080,14409,,Afia Rafiq,This name already booked as FULL in the same session; avoid duplicate Lite booking
REVIEW_AMBIGUOUS_LITE,2026-06-23,12:00:00-13:00:00,2026,3081,,,Naseem Akhtar,
REVIEW_POSSIBLE_EXISTING_FULL_BOOKING,2026-06-23,12:00:00-13:00:00,2026,3083,14409,,Iqra Nur Hussain,This name already booked as FULL in the same session; avoid duplicate Lite booking
REVIEW_POSSIBLE_EXISTING_FULL_BOOKING,2026-06-23,12:00:00-13:00:00,2026,3084,14409,,Matloob Bibi,This name already booked as FULL in the same session; avoid duplicate Lite booking
REVIEW_POSSIBLE_EXISTING_FULL_BOOKING,2026-06-23,12:00:00-13:00:00,2026,3085,14409,,Yasmeen Khan,This name already booked as FULL in the same session; avoid duplicate Lite booking
REVIEW_POSSIBLE_EXISTING_FULL_BOOKING,2026-06-23,12:00:00-13:00:00,2026,3088,14409,,Khalida Parveen,This name already booked as FULL in the same session; avoid duplicate Lite booking
REVIEW_POSSIBLE_EXISTING_FULL_BOOKING,2026-06-24,11:00:00-12:00:00,2026,3089,14410,,Kamran Khan,This name already booked as FULL in the same session; avoid duplicate Lite booking
REVIEW_POSSIBLE_EXISTING_FULL_BOOKING,2026-06-24,11:00:00-12:00:00,2026,3090,14410,,Mohammed Akram,This name already booked as FULL in the same session; avoid duplicate Lite booking
REVIEW_POSSIBLE_EXISTING_FULL_BOOKING,2026-06-24,11:00:00-12:00:00,2026,3091,14410,,Mohammad Arif,This name already booked as FULL in the same session; avoid duplicate Lite booking
REVIEW_POSSIBLE_EXISTING_FULL_BOOKING,2026-06-24,11:00:00-12:00:00,2026,3092,14410,,Ghiyas-ul-Haq Ahmed,This name already booked as FULL in the same session; avoid duplicate Lite booking
REVIEW_POSSIBLE_EXISTING_FULL_BOOKING,2026-06-24,11:00:00-12:00:00,2026,3093,14410,,Mohammed Riaz,This name already booked as FULL in the same session; avoid duplicate Lite booking
REVIEW_POSSIBLE_EXISTING_FULL_BOOKING,2026-06-24,11:00:00-12:00:00,2026,3095,14410,,Sabir Hussain,This name already booked as FULL in the same session; avoid duplicate Lite booking
REVIEW_POSSIBLE_EXISTING_FULL_BOOKING,2026-06-24,11:00:00-12:00:00,2026,3096,14410,,Rehmat Ali,This name already booked as FULL in the same session; avoid duplicate Lite booking
REVIEW_POSSIBLE_EXISTING_FULL_BOOKING,2026-06-24,12:15:00-13:15:00,2026,3098,14411,,Shamim Akhtar,This name already booked as FULL in the same session; avoid duplicate Lite booking
REVIEW_POSSIBLE_EXISTING_FULL_BOOKING,2026-06-24,12:15:00-13:15:00,2026,3099,14411,,Maqsood Begum,This name already booked as FULL in the same session; avoid duplicate Lite booking
REVIEW_POSSIBLE_EXISTING_FULL_BOOKING,2026-06-24,12:15:00-13:15:00,2026,3101,14411,,Angela Cross,This name already booked as FULL in the same session; avoid duplicate Lite booking
REVIEW_POSSIBLE_EXISTING_FULL_BOOKING,2026-06-25,10:30:00-11:30:00,2026,3107,14412,,Ghazala Bi,This name already booked as FULL in the same session; avoid duplicate Lite booking
REVIEW_POSSIBLE_EXISTING_FULL_BOOKING,2026-06-25,10:30:00-11:30:00,2026,3108,14412,,Shafia begum,This name already booked as FULL in the same session; avoid duplicate Lite booking
REVIEW_POSSIBLE_EXISTING_FULL_BOOKING,2026-06-25,10:30:00-11:30:00,2026,3109,14412,,Nagina Ikram,This name already booked as FULL in the same session; avoid duplicate Lite booking
REVIEW_POSSIBLE_EXISTING_FULL_BOOKING,2026-06-25,10:30:00-11:30:00,2026,3111,14412,,Fayaz Begum,This name already booked as FULL in the same session; avoid duplicate Lite booking
REVIEW_POSSIBLE_EXISTING_FULL_BOOKING,2026-06-25,10:30:00-11:30:00,2026,3112,14412,,Hameeda Begum,This name already booked as FULL in the same session; avoid duplicate Lite booking
REVIEW_POSSIBLE_EXISTING_FULL_BOOKING,2026-06-25,10:30:00-11:30:00,2026,3113,14412,,Sughra Bibi,This name already booked as FULL in the same session; avoid duplicate Lite booking
REVIEW_POSSIBLE_EXISTING_FULL_BOOKING,2026-06-25,10:30:00-11:30:00,2026,3115,14412,,Akbar Jan,This name already booked as FULL in the same session; avoid duplicate Lite booking
REVIEW_POSSIBLE_EXISTING_FULL_BOOKING,2026-06-25,12:00:00-13:00:00,2026,3116,14413,,Mahroof Bibi,This name already booked as FULL in the same session; avoid duplicate Lite booking
REVIEW_POSSIBLE_EXISTING_FULL_BOOKING,2026-06-25,12:00:00-13:00:00,2026,3117,14413,,Razina Begum,This name already booked as FULL in the same session; avoid duplicate Lite booking
REVIEW_POSSIBLE_EXISTING_FULL_BOOKING,2026-06-26,09:30:00-10:30:00,2026,3146,14416,,Abdul Majid,This name already booked as FULL in the same session; avoid duplicate Lite booking
REVIEW_POSSIBLE_EXISTING_FULL_BOOKING,2026-06-26,09:30:00-10:30:00,2026,3149,14416,,Mohammed Akram,This name already booked as FULL in the same session; avoid duplicate Lite booking
REVIEW_POSSIBLE_EXISTING_FULL_BOOKING,2026-06-26,09:30:00-10:30:00,2026,3151,14416,,Mohammed khalid,This name already booked as FULL in the same session; avoid duplicate Lite booking
REVIEW_POSSIBLE_EXISTING_FULL_BOOKING,2026-06-26,10:30:00-11:30:00,2026,3154,14417,,Patricia Lawrence,This name already booked as FULL in the same session; avoid duplicate Lite booking
REVIEW_POSSIBLE_EXISTING_FULL_BOOKING,2026-06-26,10:30:00-11:30:00,2026,3155,14417,,Jennifer Mason,This name already booked as FULL in the same session; avoid duplicate Lite booking
REVIEW_POSSIBLE_EXISTING_FULL_BOOKING,2026-06-26,10:30:00-11:30:00,2026,3158,14417,,Sahira Parveen,This name already booked as FULL in the same session; avoid duplicate Lite booking
REVIEW_POSSIBLE_EXISTING_FULL_BOOKING,2026-06-26,15:00:00-16:00:00,2026,3161,14418,,Mansoor Malik,This name already booked as FULL in the same session; avoid duplicate Lite booking
REVIEW_POSSIBLE_EXISTING_FULL_BOOKING,2026-06-27,09:45:00-10:45:00,2026,3171,14419,,Zenab Bi,This name already booked as FULL in the same session; avoid duplicate Lite booking
REVIEW_POSSIBLE_EXISTING_FULL_BOOKING,2026-06-27,11:00:00-12:00:00,2026,3179,14420,,Zubair Khan,This name already booked as FULL in the same session; avoid duplicate Lite booking
REVIEW_POSSIBLE_EXISTING_FULL_BOOKING,2026-06-27,11:00:00-12:00:00,2026,3180,14420,,Shahban Khan,This name already booked as FULL in the same session; avoid duplicate Lite booking
REVIEW_POSSIBLE_EXISTING_FULL_BOOKING,2026-06-27,11:00:00-12:00:00,2026,3183,14420,,Sabir Hussain,This name already booked as FULL in the same session; avoid duplicate Lite booking
REVIEW_POSSIBLE_EXISTING_FULL_BOOKING,2026-06-27,11:00:00-12:00:00,2026,3184,14420,,Mohammed Akram,This name already booked as FULL in the same session; avoid duplicate Lite booking
REVIEW_POSSIBLE_EXISTING_FULL_BOOKING,2026-06-27,11:00:00-12:00:00,2026,3185,14420,,Mohammed Sajid,This name already booked as FULL in the same session; avoid duplicate Lite booking
REVIEW_POSSIBLE_EXISTING_FULL_BOOKING,2026-06-29,11:00:00-12:00:00,2026,3188,14421,,Allah Raqhi,This name already booked as FULL in the same session; avoid duplicate Lite booking
REVIEW_POSSIBLE_EXISTING_FULL_BOOKING,2026-06-29,11:00:00-12:00:00,2026,3189,14421,,Manzoor Begum,This name already booked as FULL in the same session; avoid duplicate Lite booking
REVIEW_POSSIBLE_EXISTING_FULL_BOOKING,2026-06-29,11:00:00-12:00:00,2026,3190,14421,,Abida Khalid,This name already booked as FULL in the same session; avoid duplicate Lite booking
REVIEW_POSSIBLE_EXISTING_FULL_BOOKING,2026-06-29,11:00:00-12:00:00,2026,3191,14421,,Rifat Fayaz,This name already booked as FULL in the same session; avoid duplicate Lite booking
REVIEW_POSSIBLE_EXISTING_FULL_BOOKING,2026-06-29,11:00:00-12:00:00,2026,3192,14421,,Nusrat Naseem,This name already booked as FULL in the same session; avoid duplicate Lite booking
REVIEW_SESSION_FULL,2026-06-29,11:00:00-12:00:00,2026,3195,14421,,Nasrina Gul,
REVIEW_POSSIBLE_EXISTING_FULL_BOOKING,2026-06-29,11:00:00-12:00:00,2026,3196,14421,,Yasmeen Khan,This name already booked as FULL in the same session; avoid duplicate Lite booking
REVIEW_POSSIBLE_EXISTING_FULL_BOOKING,2026-06-29,12:30:00-13:30:00,2026,3197,14422,,Nadia Ghias,This name already booked as FULL in the same session; avoid duplicate Lite booking
REVIEW_POSSIBLE_EXISTING_FULL_BOOKING,2026-06-29,12:30:00-13:30:00,2026,3198,14422,,Rifat Sultana,This name already booked as FULL in the same session; avoid duplicate Lite booking
REVIEW_POSSIBLE_EXISTING_FULL_BOOKING,2026-06-29,12:30:00-13:30:00,2026,3199,14422,,Nuzhat Parveen,This name already booked as FULL in the same session; avoid duplicate Lite booking
REVIEW_SESSION_FULL,2026-06-29,12:30:00-13:30:00,2026,3200,14422,,Sardar Begum,
REVIEW_POSSIBLE_EXISTING_FULL_BOOKING,2026-06-29,12:30:00-13:30:00,2026,3201,14422,,Jamila Khatoon,This name already booked as FULL in the same session; avoid duplicate Lite booking
REVIEW_POSSIBLE_EXISTING_FULL_BOOKING,2026-06-29,12:30:00-13:30:00,2026,3202,14422,,Nusrat Bibi,This name already booked as FULL in the same session; avoid duplicate Lite booking
REVIEW_POSSIBLE_EXISTING_FULL_BOOKING,2026-06-29,12:30:00-13:30:00,2026,3203,14422,,Khalida Parveen,This name already booked as FULL in the same session; avoid duplicate Lite booking
REVIEW_POSSIBLE_EXISTING_FULL_BOOKING,2026-06-29,12:30:00-13:30:00,2026,3204,14422,,Salma Salim,This name already booked as FULL in the same session; avoid duplicate Lite booking
REVIEW_POSSIBLE_EXISTING_FULL_BOOKING,2026-06-29,12:30:00-13:30:00,2026,3205,14422,,Shabeena Kausar,This name already booked as FULL in the same session; avoid duplicate Lite booking
REVIEW_POSSIBLE_EXISTING_FULL_BOOKING,2026-06-29,14:00:00-15:00:00,2026,3206,14423,,Kamran Khan,This name already booked as FULL in the same session; avoid duplicate Lite booking
REVIEW_POSSIBLE_EXISTING_FULL_BOOKING,2026-06-29,14:00:00-15:00:00,2026,3209,14423,,Nayar Wasim,This name already booked as FULL in the same session; avoid duplicate Lite booking
REVIEW_POSSIBLE_EXISTING_FULL_BOOKING,2026-06-29,14:00:00-15:00:00,2026,3212,14423,,Asad Hussain,This name already booked as FULL in the same session; avoid duplicate Lite booking
REVIEW_POSSIBLE_EXISTING_FULL_BOOKING,2026-06-29,14:00:00-15:00:00,2026,3213,14423,,Abdul Majid,This name already booked as FULL in the same session; avoid duplicate Lite booking
REVIEW_POSSIBLE_EXISTING_FULL_BOOKING,2026-06-29,15:00:00-16:00:00,2026,3216,14424,,Mohammed khalid,This name already booked as FULL in the same session; avoid duplicate Lite booking
REVIEW_POSSIBLE_EXISTING_FULL_BOOKING,2026-06-29,15:00:00-16:00:00,2026,3217,14424,,Mohammed Akram,This name already booked as FULL in the same session; avoid duplicate Lite booking
REVIEW_POSSIBLE_EXISTING_FULL_BOOKING,2026-06-29,15:00:00-16:00:00,2026,3221,14424,,Mohammad Arif,This name already booked as FULL in the same session; avoid duplicate Lite booking
REVIEW_POSSIBLE_EXISTING_FULL_BOOKING,2026-06-29,15:00:00-16:00:00,2026,3222,14424,,Thomas Walker,This name already booked as FULL in the same session; avoid duplicate Lite booking
REVIEW_POSSIBLE_EXISTING_FULL_BOOKING,2026-07-01,11:00:00-12:00:00,2026,3242,14425,,Kamran Khan,This name already booked as FULL in the same session; avoid duplicate Lite booking
REVIEW_POSSIBLE_EXISTING_FULL_BOOKING,2026-07-01,11:00:00-12:00:00,2026,3243,14425,,Mohammed Riaz,This name already booked as FULL in the same session; avoid duplicate Lite booking
REVIEW_POSSIBLE_EXISTING_FULL_BOOKING,2026-07-01,11:00:00-12:00:00,2026,3244,14425,,Ghiyas-ul-Haq Ahmed,This name already booked as FULL in the same session; avoid duplicate Lite booking
REVIEW_SESSION_FULL,2026-07-01,11:00:00-12:00:00,2026,3245,14425,,Mohammed Saleem,
REVIEW_POSSIBLE_EXISTING_FULL_BOOKING,2026-07-01,11:00:00-12:00:00,2026,3246,14425,,Mohammed Nazir,This name already booked as FULL in the same session; avoid duplicate Lite booking
REVIEW_POSSIBLE_EXISTING_FULL_BOOKING,2026-07-01,11:00:00-12:00:00,2026,3247,14425,,Thomas Walker,This name already booked as FULL in the same session; avoid duplicate Lite booking
REVIEW_POSSIBLE_EXISTING_FULL_BOOKING,2026-07-01,11:00:00-12:00:00,2026,3248,14425,,Mohammed khalid,This name already booked as FULL in the same session; avoid duplicate Lite booking
REVIEW_POSSIBLE_EXISTING_FULL_BOOKING,2026-07-01,11:00:00-12:00:00,2026,3249,14425,,Mohammad Arif,This name already booked as FULL in the same session; avoid duplicate Lite booking
REVIEW_POSSIBLE_EXISTING_FULL_BOOKING,2026-07-01,11:00:00-12:00:00,2026,3250,14425,,Abdul Majid,This name already booked as FULL in the same session; avoid duplicate Lite booking
REVIEW_POSSIBLE_EXISTING_FULL_BOOKING,2026-07-01,12:15:00-13:15:00,2026,3252,14426,,Angela Cross,This name already booked as FULL in the same session; avoid duplicate Lite booking
REVIEW_POSSIBLE_EXISTING_FULL_BOOKING,2026-07-01,12:15:00-13:15:00,2026,3253,14426,,Fozia Hafiz,This name already booked as FULL in the same session; avoid duplicate Lite booking
REVIEW_POSSIBLE_EXISTING_FULL_BOOKING,2026-07-01,12:15:00-13:15:00,2026,3256,14426,,Iqra Nur Hussain,This name already booked as FULL in the same session; avoid duplicate Lite booking
REVIEW_SESSION_FULL,2026-07-01,12:15:00-13:15:00,2026,3257,14426,,Amtal Rehman,
REVIEW_POSSIBLE_EXISTING_FULL_BOOKING,2026-07-01,12:15:00-13:15:00,2026,3258,14426,,Sajida Mahmood,This name already booked as FULL in the same session; avoid duplicate Lite booking
REVIEW_POSSIBLE_EXISTING_FULL_BOOKING,2026-07-01,12:15:00-13:15:00,2026,3259,14426,,Yasmin Mehmood,This name already booked as FULL in the same session; avoid duplicate Lite booking
REVIEW_POSSIBLE_EXISTING_FULL_BOOKING,2026-07-02,10:30:00-11:30:00,2026,3262,14427,,Sahira Parveen,This name already booked as FULL in the same session; avoid duplicate Lite booking
REVIEW_POSSIBLE_EXISTING_FULL_BOOKING,2026-07-02,10:30:00-11:30:00,2026,3263,14427,,Najabat Bibi,This name already booked as FULL in the same session; avoid duplicate Lite booking
REVIEW_POSSIBLE_EXISTING_FULL_BOOKING,2026-07-02,10:30:00-11:30:00,2026,3264,14427,,Rubina Begum,This name already booked as FULL in the same session; avoid duplicate Lite booking
REVIEW_POSSIBLE_EXISTING_FULL_BOOKING,2026-07-02,10:30:00-11:30:00,2026,3265,14427,,Parveen Begum,This name already booked as FULL in the same session; avoid duplicate Lite booking
REVIEW_POSSIBLE_EXISTING_FULL_BOOKING,2026-07-02,10:30:00-11:30:00,2026,3268,14427,,Sughra Bibi,This name already booked as FULL in the same session; avoid duplicate Lite booking
REVIEW_POSSIBLE_EXISTING_FULL_BOOKING,2026-07-02,12:00:00-13:00:00,2026,3270,14428,,Kalsoom Akhtar,This name already booked as FULL in the same session; avoid duplicate Lite booking
REVIEW_POSSIBLE_EXISTING_FULL_BOOKING,2026-07-02,12:00:00-13:00:00,2026,3271,14428,,Matloob Bibi,This name already booked as FULL in the same session; avoid duplicate Lite booking
REVIEW_POSSIBLE_EXISTING_FULL_BOOKING,2026-07-02,12:00:00-13:00:00,2026,3272,14428,,Shamsa Kanwal,This name already booked as FULL in the same session; avoid duplicate Lite booking
REVIEW_POSSIBLE_EXISTING_FULL_BOOKING,2026-07-02,12:00:00-13:00:00,2026,3273,14428,,Nagina Ikram,This name already booked as FULL in the same session; avoid duplicate Lite booking
REVIEW_POSSIBLE_EXISTING_FULL_BOOKING,2026-07-02,12:00:00-13:00:00,2026,3274,14428,,Fayaz Begum,This name already booked as FULL in the same session; avoid duplicate Lite booking
REVIEW_POSSIBLE_EXISTING_FULL_BOOKING,2026-07-02,12:00:00-13:00:00,2026,3276,14428,,Razina Begum,This name already booked as FULL in the same session; avoid duplicate Lite booking
REVIEW_POSSIBLE_EXISTING_FULL_BOOKING,2026-07-02,12:00:00-13:00:00,2026,3277,14428,,Akbar Jan,This name already booked as FULL in the same session; avoid duplicate Lite booking
REVIEW_POSSIBLE_EXISTING_FULL_BOOKING,2026-07-02,14:30:00-15:30:00,2026,3278,14429,,Mohammed Akram,This name already booked as FULL in the same session; avoid duplicate Lite booking
REVIEW_POSSIBLE_EXISTING_FULL_BOOKING,2026-07-02,14:30:00-15:30:00,2026,3279,14429,,Mohammed khalid,This name already booked as FULL in the same session; avoid duplicate Lite booking
REVIEW_POSSIBLE_EXISTING_FULL_BOOKING,2026-07-02,14:30:00-15:30:00,2026,3282,14429,,Thomas Walker,This name already booked as FULL in the same session; avoid duplicate Lite booking
REVIEW_POSSIBLE_EXISTING_FULL_BOOKING,2026-07-02,14:30:00-15:30:00,2026,3283,14429,,Mohammad Arif,This name already booked as FULL in the same session; avoid duplicate Lite booking
REVIEW_POSSIBLE_EXISTING_FULL_BOOKING,2026-07-02,14:30:00-15:30:00,2026,3284,14429,,Mohammed Riaz,This name already booked as FULL in the same session; avoid duplicate Lite booking
REVIEW_POSSIBLE_EXISTING_FULL_BOOKING,2026-07-02,14:30:00-15:30:00,2026,3285,14429,,Mohammed Ishtiaq,This name already booked as FULL in the same session; avoid duplicate Lite booking
REVIEW_POSSIBLE_EXISTING_FULL_BOOKING,2026-07-02,17:00:00-18:00:00,2026,3288,14430,,Robina Kauser,This name already booked as FULL in the same session; avoid duplicate Lite booking
REVIEW_POSSIBLE_EXISTING_FULL_BOOKING,2026-07-02,17:00:00-18:00:00,2026,3289,14430,,Shaheen Bi,This name already booked as FULL in the same session; avoid duplicate Lite booking
REVIEW_POSSIBLE_EXISTING_FULL_BOOKING,2026-07-02,17:00:00-18:00:00,2026,3290,14430,,Jaslyne Richards,This name already booked as FULL in the same session; avoid duplicate Lite booking
REVIEW_POSSIBLE_EXISTING_FULL_BOOKING,2026-07-02,17:00:00-18:00:00,2026,3293,14430,,Ghazala Bi,This name already booked as FULL in the same session; avoid duplicate Lite booking
REVIEW_POSSIBLE_EXISTING_FULL_BOOKING,2026-07-03,09:30:00-10:30:00,2026,3296,14431,,Mohammed khalid,This name already booked as FULL in the same session; avoid duplicate Lite booking
REVIEW_POSSIBLE_EXISTING_FULL_BOOKING,2026-07-03,09:30:00-10:30:00,2026,3297,14431,,Sainey Drammeh,This name already booked as FULL in the same session; avoid duplicate Lite booking
REVIEW_POSSIBLE_EXISTING_FULL_BOOKING,2026-07-03,09:30:00-10:30:00,2026,3298,14431,,Mohammed Akram,This name already booked as FULL in the same session; avoid duplicate Lite booking
REVIEW_POSSIBLE_EXISTING_FULL_BOOKING,2026-07-03,09:30:00-10:30:00,2026,3299,14431,,Zahoor Hussain,This name already booked as FULL in the same session; avoid duplicate Lite booking
REVIEW_POSSIBLE_EXISTING_FULL_BOOKING,2026-07-03,09:30:00-10:30:00,2026,3300,14431,,Nayar Wasim,This name already booked as FULL in the same session; avoid duplicate Lite booking
REVIEW_POSSIBLE_EXISTING_FULL_BOOKING,2026-07-03,10:30:00-11:30:00,2026,3306,14432,,Sahira Parveen,This name already booked as FULL in the same session; avoid duplicate Lite booking
REVIEW_POSSIBLE_EXISTING_FULL_BOOKING,2026-07-03,10:30:00-11:30:00,2026,3307,14432,,Jennifer Mason,This name already booked as FULL in the same session; avoid duplicate Lite booking
REVIEW_POSSIBLE_EXISTING_FULL_BOOKING,2026-07-03,10:30:00-11:30:00,2026,3308,14432,,Patricia Lawrence,This name already booked as FULL in the same session; avoid duplicate Lite booking
REVIEW_POSSIBLE_EXISTING_FULL_BOOKING,2026-07-03,10:30:00-11:30:00,2026,3309,14432,,Suleman Muhammad,This name already booked as FULL in the same session; avoid duplicate Lite booking
REVIEW_POSSIBLE_EXISTING_FULL_BOOKING,2026-07-03,10:30:00-11:30:00,2026,3310,14432,,Sultana Parveen,This name already booked as FULL in the same session; avoid duplicate Lite booking
REVIEW_POSSIBLE_EXISTING_FULL_BOOKING,2026-07-03,15:00:00-16:00:00,2026,3314,14433,,Mohammed Sabar,This name already booked as FULL in the same session; avoid duplicate Lite booking
REVIEW_POSSIBLE_EXISTING_FULL_BOOKING,2026-07-03,15:00:00-16:00:00,2026,3315,14433,,Mohammed Fazal,This name already booked as FULL in the same session; avoid duplicate Lite booking
REVIEW_POSSIBLE_EXISTING_FULL_BOOKING,2026-07-03,15:00:00-16:00:00,2026,3316,14433,,Mohammad Arif,This name already booked as FULL in the same session; avoid duplicate Lite booking
REVIEW_POSSIBLE_EXISTING_FULL_BOOKING,2026-07-03,15:00:00-16:00:00,2026,3318,14433,,Mansoor Malik,This name already booked as FULL in the same session; avoid duplicate Lite booking
REVIEW_POSSIBLE_EXISTING_FULL_BOOKING,2026-07-03,15:00:00-16:00:00,2026,3319,14433,,Abdul Majid,This name already booked as FULL in the same session; avoid duplicate Lite booking
REVIEW_POSSIBLE_EXISTING_FULL_BOOKING,2026-07-03,15:00:00-16:00:00,2026,3320,14433,,Mohammed Nazir,This name already booked as FULL in the same session; avoid duplicate Lite booking
REVIEW_POSSIBLE_EXISTING_FULL_BOOKING,2026-07-03,15:00:00-16:00:00,2026,3322,14433,,Mohammad Asghar,This name already booked as FULL in the same session; avoid duplicate Lite booking
REVIEW_POSSIBLE_EXISTING_FULL_BOOKING,2026-07-04,09:45:00-10:45:00,2026,3323,14434,,Zenab Bi,This name already booked as FULL in the same session; avoid duplicate Lite booking
REVIEW_POSSIBLE_EXISTING_FULL_BOOKING,2026-07-04,11:00:00-12:00:00,2026,3332,14435,,Zubair Khan,This name already booked as FULL in the same session; avoid duplicate Lite booking
REVIEW_POSSIBLE_EXISTING_FULL_BOOKING,2026-07-04,11:00:00-12:00:00,2026,3333,14435,,Shahban Khan,This name already booked as FULL in the same session; avoid duplicate Lite booking
REVIEW_POSSIBLE_EXISTING_FULL_BOOKING,2026-07-04,11:00:00-12:00:00,2026,3334,14435,,Sabir Hussain,This name already booked as FULL in the same session; avoid duplicate Lite booking
REVIEW_POSSIBLE_EXISTING_FULL_BOOKING,2026-07-04,11:00:00-12:00:00,2026,3335,14435,,Mohammed Akram,This name already booked as FULL in the same session; avoid duplicate Lite booking
REVIEW_POSSIBLE_EXISTING_FULL_BOOKING,2026-07-04,11:00:00-12:00:00,2026,3336,14435,,Mohammed Sajid,This name already booked as FULL in the same session; avoid duplicate Lite booking
REVIEW_POSSIBLE_EXISTING_FULL_BOOKING,2026-07-04,11:00:00-12:00:00,2026,3338,14435,,Raja Ahmed,This name already booked as FULL in the same session; avoid duplicate Lite booking
REVIEW_POSSIBLE_EXISTING_FULL_BOOKING,2026-07-04,11:00:00-12:00:00,2026,3339,14435,,Arshad Mahmood,This name already booked as FULL in the same session; avoid duplicate Lite booking
REVIEW_POSSIBLE_EXISTING_FULL_BOOKING,2026-07-04,11:00:00-12:00:00,2026,3340,14435,,Suleman Muhammad,This name already booked as FULL in the same session; avoid duplicate Lite booking
REVIEW_POSSIBLE_EXISTING_FULL_BOOKING,2026-07-06,11:00:00-12:00:00,2026,3341,14436,,Manzoor Begum,This name already booked as FULL in the same session; avoid duplicate Lite booking
REVIEW_POSSIBLE_EXISTING_FULL_BOOKING,2026-07-06,11:00:00-12:00:00,2026,3342,14436,,Nusrat Naseem,This name already booked as FULL in the same session; avoid duplicate Lite booking
REVIEW_POSSIBLE_EXISTING_FULL_BOOKING,2026-07-06,11:00:00-12:00:00,2026,3343,14436,,Yasmeen Khan,This name already booked as FULL in the same session; avoid duplicate Lite booking
REVIEW_POSSIBLE_EXISTING_FULL_BOOKING,2026-07-06,11:00:00-12:00:00,2026,3346,14436,,Razina Begum,This name already booked as FULL in the same session; avoid duplicate Lite booking
REVIEW_POSSIBLE_EXISTING_FULL_BOOKING,2026-07-06,11:00:00-12:00:00,2026,3347,14436,,Abida Khalid,This name already booked as FULL in the same session; avoid duplicate Lite booking
REVIEW_POSSIBLE_EXISTING_FULL_BOOKING,2026-07-06,11:00:00-12:00:00,2026,3348,14436,,Allah Raqhi,This name already booked as FULL in the same session; avoid duplicate Lite booking
REVIEW_POSSIBLE_EXISTING_FULL_BOOKING,2026-07-06,11:00:00-12:00:00,2026,3349,14436,,Rifat Fayaz,This name already booked as FULL in the same session; avoid duplicate Lite booking
REVIEW_POSSIBLE_EXISTING_FULL_BOOKING,2026-07-06,14:00:00-15:00:00,2026,3359,14437,,Mohammed Saghir,This name already booked as FULL in the same session; avoid duplicate Lite booking
REVIEW_POSSIBLE_EXISTING_FULL_BOOKING,2026-07-06,14:00:00-15:00:00,2026,3360,14437,,Zahoor Hussain,This name already booked as FULL in the same session; avoid duplicate Lite booking
REVIEW_POSSIBLE_EXISTING_FULL_BOOKING,2026-07-06,14:00:00-15:00:00,2026,3362,14437,,Mohammed Nazir,This name already booked as FULL in the same session; avoid duplicate Lite booking
REVIEW_POSSIBLE_EXISTING_FULL_BOOKING,2026-07-06,14:00:00-15:00:00,2026,3363,14437,,Abdul Majid,This name already booked as FULL in the same session; avoid duplicate Lite booking
REVIEW_SESSION_FULL,2026-07-06,14:00:00-15:00:00,2026,3364,,,Zulfiqar Ali,New Lite identity not created because the session is full
REVIEW_POSSIBLE_EXISTING_FULL_BOOKING,2026-07-06,14:00:00-15:00:00,2026,3365,14437,,Asad Hussain,This name already booked as FULL in the same session; avoid duplicate Lite booking
REVIEW_POSSIBLE_EXISTING_FULL_BOOKING,2026-07-06,14:00:00-15:00:00,2026,3366,14437,,Mansoor Malik,This name already booked as FULL in the same session; avoid duplicate Lite booking
REVIEW_POSSIBLE_EXISTING_FULL_BOOKING,2026-07-06,14:00:00-15:00:00,2026,3367,14437,,Mohammad Arif,This name already booked as FULL in the same session; avoid duplicate Lite booking
REVIEW_POSSIBLE_EXISTING_FULL_BOOKING,2026-07-06,15:00:00-16:00:00,2026,3372,14438,,Abdul Wahid Ashraf,This name already booked as FULL in the same session; avoid duplicate Lite booking
REVIEW_POSSIBLE_EXISTING_FULL_BOOKING,2026-07-06,15:00:00-16:00:00,2026,3373,14438,,Mohammed Ashraf,This name already booked as FULL in the same session; avoid duplicate Lite booking
REVIEW_POSSIBLE_EXISTING_FULL_BOOKING,2026-07-07,09:30:00-10:30:00,2026,3377,14439,,Zaida Nawaz,This name already booked as FULL in the same session; avoid duplicate Lite booking
REVIEW_POSSIBLE_EXISTING_FULL_BOOKING,2026-07-07,09:30:00-10:30:00,2026,3378,14439,,Shazma Begum,This name already booked as FULL in the same session; avoid duplicate Lite booking
REVIEW_POSSIBLE_EXISTING_FULL_BOOKING,2026-07-07,09:30:00-10:30:00,2026,3381,14439,,Rashida Khatoon,This name already booked as FULL in the same session; avoid duplicate Lite booking
REVIEW_POSSIBLE_EXISTING_FULL_BOOKING,2026-07-07,09:30:00-10:30:00,2026,3383,14439,,Kaneez Akhtar,This name already booked as FULL in the same session; avoid duplicate Lite booking
REVIEW_POSSIBLE_EXISTING_FULL_BOOKING,2026-07-07,12:00:00-13:00:00,2026,3386,14440,,Naseem Akhtar,This name already booked as FULL in the same session; avoid duplicate Lite booking
REVIEW_POSSIBLE_EXISTING_FULL_BOOKING,2026-07-07,12:00:00-13:00:00,2026,3387,14440,,Iqra Nur Hussain,This name already booked as FULL in the same session; avoid duplicate Lite booking
REVIEW_POSSIBLE_EXISTING_FULL_BOOKING,2026-07-07,12:00:00-13:00:00,2026,3389,14440,,Fayaz Begum,This name already booked as FULL in the same session; avoid duplicate Lite booking
REVIEW_POSSIBLE_EXISTING_FULL_BOOKING,2026-07-07,12:00:00-13:00:00,2026,3390,14440,,Kalsoom Akhtar,This name already booked as FULL in the same session; avoid duplicate Lite booking
REVIEW_POSSIBLE_EXISTING_FULL_BOOKING,2026-07-07,12:00:00-13:00:00,2026,3391,14440,,Matloob Bibi,This name already booked as FULL in the same session; avoid duplicate Lite booking
REVIEW_POSSIBLE_EXISTING_FULL_BOOKING,2026-07-07,12:00:00-13:00:00,2026,3393,14440,,Nasreen Akhtar,This name already booked as FULL in the same session; avoid duplicate Lite booking
REVIEW_POSSIBLE_EXISTING_FULL_BOOKING,2026-07-07,12:00:00-13:00:00,2026,3394,14440,,Nazia Bi,This name already booked as FULL in the same session; avoid duplicate Lite booking
REVIEW_POSSIBLE_EXISTING_FULL_BOOKING,2026-07-08,11:00:00-12:00:00,2026,3395,14441,,Kamran Khan,This name already booked as FULL in the same session; avoid duplicate Lite booking
REVIEW_POSSIBLE_EXISTING_FULL_BOOKING,2026-07-08,11:00:00-12:00:00,2026,3396,14441,,Yassar Qadeer,This name already booked as FULL in the same session; avoid duplicate Lite booking
REVIEW_POSSIBLE_EXISTING_FULL_BOOKING,2026-07-08,11:00:00-12:00:00,2026,3397,14441,,Raja Ali,This name already booked as FULL in the same session; avoid duplicate Lite booking
REVIEW_POSSIBLE_EXISTING_FULL_BOOKING,2026-07-08,11:00:00-12:00:00,2026,3398,14441,,Mohammed khalid,This name already booked as FULL in the same session; avoid duplicate Lite booking
REVIEW_POSSIBLE_EXISTING_FULL_BOOKING,2026-07-08,11:00:00-12:00:00,2026,3399,14441,,Sabir Hussain,This name already booked as FULL in the same session; avoid duplicate Lite booking
REVIEW_POSSIBLE_EXISTING_FULL_BOOKING,2026-07-08,11:00:00-12:00:00,2026,3400,14441,,Mohammed Riaz,This name already booked as FULL in the same session; avoid duplicate Lite booking
REVIEW_POSSIBLE_EXISTING_FULL_BOOKING,2026-07-08,11:00:00-12:00:00,2026,3401,14441,,Mohammed Nazir,This name already booked as FULL in the same session; avoid duplicate Lite booking
REVIEW_POSSIBLE_EXISTING_FULL_BOOKING,2026-07-08,11:00:00-12:00:00,2026,3402,14441,,Mohammed Akram,This name already booked as FULL in the same session; avoid duplicate Lite booking
REVIEW_POSSIBLE_EXISTING_FULL_BOOKING,2026-07-08,11:00:00-12:00:00,2026,3403,14441,,Sainey Drammeh,This name already booked as FULL in the same session; avoid duplicate Lite booking
REVIEW_POSSIBLE_EXISTING_FULL_BOOKING,2026-07-08,12:15:00-13:15:00,2026,3404,14442,,Maqsood Begum,This name already booked as FULL in the same session; avoid duplicate Lite booking
REVIEW_POSSIBLE_EXISTING_FULL_BOOKING,2026-07-08,12:15:00-13:15:00,2026,3405,14442,,Angela Cross,This name already booked as FULL in the same session; avoid duplicate Lite booking
REVIEW_POSSIBLE_EXISTING_FULL_BOOKING,2026-07-09,10:30:00-11:30:00,2026,3414,14443,,Sajida Mahmood,This name already booked as FULL in the same session; avoid duplicate Lite booking
REVIEW_POSSIBLE_EXISTING_FULL_BOOKING,2026-07-09,10:30:00-11:30:00,2026,3416,14443,,Saeeda Begum,This name already booked as FULL in the same session; avoid duplicate Lite booking
REVIEW_SESSION_FULL,2026-07-09,10:30:00-11:30:00,2026,3418,14443,,Parveen Begum,
REVIEW_POSSIBLE_EXISTING_FULL_BOOKING,2026-07-09,10:30:00-11:30:00,2026,3419,14443,,Sughra Bibi,This name already booked as FULL in the same session; avoid duplicate Lite booking
REVIEW_POSSIBLE_EXISTING_FULL_BOOKING,2026-07-09,10:30:00-11:30:00,2026,3420,14443,,Najabat Bibi,This name already booked as FULL in the same session; avoid duplicate Lite booking
REVIEW_POSSIBLE_EXISTING_FULL_BOOKING,2026-07-09,10:30:00-11:30:00,2026,3421,14443,,Akbar Jan,This name already booked as FULL in the same session; avoid duplicate Lite booking
REVIEW_POSSIBLE_EXISTING_FULL_BOOKING,2026-07-09,12:00:00-13:00:00,2026,3422,14444,,Ghazala Bibi,This name already booked as FULL in the same session; avoid duplicate Lite booking
REVIEW_POSSIBLE_EXISTING_FULL_BOOKING,2026-07-09,12:00:00-13:00:00,2026,3427,14444,,Mahroof Bibi,This name already booked as FULL in the same session; avoid duplicate Lite booking
REVIEW_POSSIBLE_EXISTING_FULL_BOOKING,2026-07-09,12:00:00-13:00:00,2026,3429,14444,,Fozia Hafiz,This name already booked as FULL in the same session; avoid duplicate Lite booking
REVIEW_POSSIBLE_EXISTING_FULL_BOOKING,2026-07-09,14:30:00-15:30:00,2026,3431,14445,,Kamran Khan,This name already booked as FULL in the same session; avoid duplicate Lite booking
REVIEW_POSSIBLE_EXISTING_FULL_BOOKING,2026-07-09,14:30:00-15:30:00,2026,3432,14445,,Mohammed Riaz,This name already booked as FULL in the same session; avoid duplicate Lite booking
REVIEW_POSSIBLE_EXISTING_FULL_BOOKING,2026-07-09,14:30:00-15:30:00,2026,3433,14445,,Mohammad Arif,This name already booked as FULL in the same session; avoid duplicate Lite booking
REVIEW_POSSIBLE_EXISTING_FULL_BOOKING,2026-07-09,14:30:00-15:30:00,2026,3434,14445,,Mohammed khalid,This name already booked as FULL in the same session; avoid duplicate Lite booking
REVIEW_POSSIBLE_EXISTING_FULL_BOOKING,2026-07-09,14:30:00-15:30:00,2026,3437,14445,,Zahoor Hussain,This name already booked as FULL in the same session; avoid duplicate Lite booking
REVIEW_POSSIBLE_EXISTING_FULL_BOOKING,2026-07-09,14:30:00-15:30:00,2026,3438,14445,,Mohammed Alyas Hussain,This name already booked as FULL in the same session; avoid duplicate Lite booking
REVIEW_POSSIBLE_EXISTING_FULL_BOOKING,2026-07-09,17:00:00-18:00:00,2026,3440,14446,,Nagina Ikram,This name already booked as FULL in the same session; avoid duplicate Lite booking
REVIEW_POSSIBLE_EXISTING_FULL_BOOKING,2026-07-09,17:00:00-18:00:00,2026,3441,14446,,Jaslyne Richards,This name already booked as FULL in the same session; avoid duplicate Lite booking
REVIEW_POSSIBLE_EXISTING_FULL_BOOKING,2026-07-10,09:30:00-10:30:00,2026,3449,14447,,Mohammed khalid,This name already booked as FULL in the same session; avoid duplicate Lite booking
REVIEW_POSSIBLE_EXISTING_FULL_BOOKING,2026-07-10,09:30:00-10:30:00,2026,3450,14447,,Sainey Drammeh,This name already booked as FULL in the same session; avoid duplicate Lite booking
REVIEW_POSSIBLE_EXISTING_FULL_BOOKING,2026-07-10,09:30:00-10:30:00,2026,3451,14447,,Zahoor Hussain,This name already booked as FULL in the same session; avoid duplicate Lite booking
REVIEW_SESSION_FULL,2026-07-10,09:30:00-10:30:00,2026,3454,14447,,Mogees Nazir,
REVIEW_POSSIBLE_EXISTING_FULL_BOOKING,2026-07-10,09:30:00-10:30:00,2026,3455,14447,,Mohammed Akram,This name already booked as FULL in the same session; avoid duplicate Lite booking
REVIEW_SESSION_FULL,2026-07-10,09:30:00-10:30:00,2026,3456,14447,,Abdul Majid,
REVIEW_POSSIBLE_EXISTING_FULL_BOOKING,2026-07-10,09:30:00-10:30:00,2026,3457,14447,,Kamran Khan,This name already booked as FULL in the same session; avoid duplicate Lite booking
REVIEW_POSSIBLE_EXISTING_FULL_BOOKING,2026-07-10,15:00:00-16:00:00,2026,3467,14449,,Mohammed Sabar,This name already booked as FULL in the same session; avoid duplicate Lite booking
REVIEW_POSSIBLE_EXISTING_FULL_BOOKING,2026-07-10,15:00:00-16:00:00,2026,3468,14449,,Mohammed Fazal,This name already booked as FULL in the same session; avoid duplicate Lite booking
REVIEW_POSSIBLE_EXISTING_FULL_BOOKING,2026-07-10,15:00:00-16:00:00,2026,3469,14449,,Mansoor Malik,This name already booked as FULL in the same session; avoid duplicate Lite booking
REVIEW_POSSIBLE_EXISTING_FULL_BOOKING,2026-07-10,15:00:00-16:00:00,2026,3470,14449,,Mohammad Asghar,This name already booked as FULL in the same session; avoid duplicate Lite booking
REVIEW_POSSIBLE_EXISTING_FULL_BOOKING,2026-07-10,15:00:00-16:00:00,2026,3471,14449,,Abdul Majid,This name already booked as FULL in the same session; avoid duplicate Lite booking
REVIEW_POSSIBLE_EXISTING_FULL_BOOKING,2026-07-10,15:00:00-16:00:00,2026,3472,14449,,Zulfiqar Ali,This name already booked as FULL in the same session; avoid duplicate Lite booking
REVIEW_POSSIBLE_EXISTING_FULL_BOOKING,2026-07-10,15:00:00-16:00:00,2026,3474,14449,,Mohammed Nazir,This name already booked as FULL in the same session; avoid duplicate Lite booking
REVIEW_POSSIBLE_EXISTING_FULL_BOOKING,2026-07-10,15:00:00-16:00:00,2026,3475,14449,,Mohammad Arif,This name already booked as FULL in the same session; avoid duplicate Lite booking
REVIEW_EXISTING_CAPACITY,2026-07-13,11:00:00-12:00:00,2026,3494,14452,,,CRM already has 103 bookings
REVIEW_POSSIBLE_EXISTING_FULL_BOOKING,2026-07-24,15:00:00-16:00:00,2026,3773,14454,,Mohammad Azad,This name already booked as FULL in the same session; avoid duplicate Lite booking
REVIEW_POSSIBLE_EXISTING_FULL_BOOKING,2026-07-24,15:00:00-16:00:00,2026,3775,14454,,Mohnir Akhtar,This name already booked as FULL in the same session; avoid duplicate Lite booking
REVIEW_POSSIBLE_EXISTING_FULL_BOOKING,2026-07-24,15:00:00-16:00:00,2026,3776,14454,,Arshad Mahmood,This name already booked as FULL in the same session; avoid duplicate Lite booking
REVIEW_POSSIBLE_EXISTING_FULL_BOOKING,2026-07-24,15:00:00-16:00:00,2026,3778,14454,,Mohammed Saghir,This name already booked as FULL in the same session; avoid duplicate Lite booking
REVIEW_POSSIBLE_EXISTING_FULL_BOOKING,2026-07-24,15:00:00-16:00:00,2026,3780,14454,,Sajjad Nawaz,This name already booked as FULL in the same session; avoid duplicate Lite booking
REVIEW_POSSIBLE_EXISTING_FULL_BOOKING,2026-07-25,09:45:00-10:45:00,2026,3782,14455,,Yasmin Aslam,This name already booked as FULL in the same session; avoid duplicate Lite booking
REVIEW_POSSIBLE_EXISTING_FULL_BOOKING,2026-07-25,09:45:00-10:45:00,2026,3783,14455,,Fozia Ali,This name already booked as FULL in the same session; avoid duplicate Lite booking
REVIEW_POSSIBLE_EXISTING_FULL_BOOKING,2026-07-25,09:45:00-10:45:00,2026,3784,14455,,Shakila Bibi,This name already booked as FULL in the same session; avoid duplicate Lite booking
REVIEW_POSSIBLE_EXISTING_FULL_BOOKING,2026-07-25,09:45:00-10:45:00,2026,3785,14455,,Shaheen Akhtar,This name already booked as FULL in the same session; avoid duplicate Lite booking
REVIEW_POSSIBLE_EXISTING_FULL_BOOKING,2026-07-25,09:45:00-10:45:00,2026,3786,14455,,Zenab Bi,This name already booked as FULL in the same session; avoid duplicate Lite booking
REVIEW_POSSIBLE_EXISTING_FULL_BOOKING,2026-07-25,11:00:00-12:00:00,2026,3791,14456,,Mohammed Akram,This name already booked as FULL in the same session; avoid duplicate Lite booking
REVIEW_POSSIBLE_EXISTING_FULL_BOOKING,2026-07-25,11:00:00-12:00:00,2026,3792,14456,,Zubair Khan,This name already booked as FULL in the same session; avoid duplicate Lite booking
REVIEW_POSSIBLE_EXISTING_FULL_BOOKING,2026-07-25,11:00:00-12:00:00,2026,3793,14456,,Sabir Hussain,This name already booked as FULL in the same session; avoid duplicate Lite booking
REVIEW_POSSIBLE_EXISTING_FULL_BOOKING,2026-07-25,11:00:00-12:00:00,2026,3794,14456,,Shahban Khan,This name already booked as FULL in the same session; avoid duplicate Lite booking
REVIEW_POSSIBLE_EXISTING_FULL_BOOKING,2026-07-25,11:00:00-12:00:00,2026,3796,14456,,Mohammed Sajid,This name already booked as FULL in the same session; avoid duplicate Lite booking
REVIEW_POSSIBLE_EXISTING_FULL_BOOKING,2026-07-25,11:00:00-12:00:00,2026,3798,14456,,Zafar Naseem,This name already booked as FULL in the same session; avoid duplicate Lite booking
REVIEW_POSSIBLE_EXISTING_FULL_BOOKING,2026-07-25,11:00:00-12:00:00,2026,3799,14456,,Raja Ali,This name already booked as FULL in the same session; avoid duplicate Lite booking
REVIEW_POSSIBLE_EXISTING_FULL_BOOKING,2026-07-27,11:00:00-12:00:00,2026,3800,14457,,Shabeena Kausar,This name already booked as FULL in the same session; avoid duplicate Lite booking
REVIEW_SESSION_FULL,2026-07-27,11:00:00-12:00:00,2026,3802,14457,,Razmeen Zafar Naseem,
REVIEW_POSSIBLE_EXISTING_FULL_BOOKING,2026-07-27,11:00:00-12:00:00,2026,3803,14457,,Razina Begum,This name already booked as FULL in the same session; avoid duplicate Lite booking
REVIEW_POSSIBLE_EXISTING_FULL_BOOKING,2026-07-27,11:00:00-12:00:00,2026,3804,14457,,Allah Raqhi,This name already booked as FULL in the same session; avoid duplicate Lite booking
REVIEW_POSSIBLE_EXISTING_FULL_BOOKING,2026-07-27,11:00:00-12:00:00,2026,3805,14457,,Rifat Fayaz,This name already booked as FULL in the same session; avoid duplicate Lite booking
REVIEW_POSSIBLE_EXISTING_FULL_BOOKING,2026-07-27,11:00:00-12:00:00,2026,3806,14457,,Nasreen Akhtar,This name already booked as FULL in the same session; avoid duplicate Lite booking
REVIEW_SESSION_FULL,2026-07-27,11:00:00-12:00:00,2026,3807,14457,,Akhtar Bi,
REVIEW_POSSIBLE_EXISTING_FULL_BOOKING,2026-07-27,11:00:00-12:00:00,2026,3808,14457,,Manzoor Begum,This name already booked as FULL in the same session; avoid duplicate Lite booking
REVIEW_POSSIBLE_EXISTING_FULL_BOOKING,2026-07-27,12:30:00-13:30:00,2026,3809,14458,,Nasreen Hussain,This name already booked as FULL in the same session; avoid duplicate Lite booking
REVIEW_POSSIBLE_EXISTING_FULL_BOOKING,2026-07-27,12:30:00-13:30:00,2026,3812,14458,,Rifat Sultana,This name already booked as FULL in the same session; avoid duplicate Lite booking
REVIEW_POSSIBLE_EXISTING_FULL_BOOKING,2026-07-27,12:30:00-13:30:00,2026,3813,14458,,Nusrat Bibi,This name already booked as FULL in the same session; avoid duplicate Lite booking
REVIEW_POSSIBLE_EXISTING_FULL_BOOKING,2026-07-27,12:30:00-13:30:00,2026,3814,14458,,Yasmeen Khan,This name already booked as FULL in the same session; avoid duplicate Lite booking
REVIEW_POSSIBLE_EXISTING_FULL_BOOKING,2026-07-27,12:30:00-13:30:00,2026,3815,14458,,Mahroof Bibi,This name already booked as FULL in the same session; avoid duplicate Lite booking
REVIEW_POSSIBLE_EXISTING_FULL_BOOKING,2026-07-27,12:30:00-13:30:00,2026,3816,14458,,Abida Khalid,This name already booked as FULL in the same session; avoid duplicate Lite booking
REVIEW_POSSIBLE_EXISTING_FULL_BOOKING,2026-07-27,12:30:00-13:30:00,2026,3817,14458,,Rubina Nadeem,This name already booked as FULL in the same session; avoid duplicate Lite booking
REVIEW_POSSIBLE_EXISTING_FULL_BOOKING,2026-07-27,14:00:00-15:00:00,2026,3818,14459,,Kamran Khan,This name already booked as FULL in the same session; avoid duplicate Lite booking
REVIEW_POSSIBLE_EXISTING_FULL_BOOKING,2026-07-27,14:00:00-15:00:00,2026,3821,14459,,Zahoor Hussain,This name already booked as FULL in the same session; avoid duplicate Lite booking
REVIEW_POSSIBLE_EXISTING_FULL_BOOKING,2026-07-27,14:00:00-15:00:00,2026,3822,14459,,Mansoor Malik,This name already booked as FULL in the same session; avoid duplicate Lite booking
REVIEW_POSSIBLE_EXISTING_FULL_BOOKING,2026-07-27,14:00:00-15:00:00,2026,3823,14459,,Thomas Walker,This name already booked as FULL in the same session; avoid duplicate Lite booking
REVIEW_POSSIBLE_EXISTING_FULL_BOOKING,2026-07-27,14:00:00-15:00:00,2026,3824,14459,,Asad Hussain,This name already booked as FULL in the same session; avoid duplicate Lite booking
REVIEW_POSSIBLE_EXISTING_FULL_BOOKING,2026-07-27,14:00:00-15:00:00,2026,3826,14459,,Laurance Marson,This name already booked as FULL in the same session; avoid duplicate Lite booking
REVIEW_POSSIBLE_EXISTING_FULL_BOOKING,2026-07-27,15:00:00-16:00:00,2026,3827,14460,,Mohammed Akram,This name already booked as FULL in the same session; avoid duplicate Lite booking
REVIEW_POSSIBLE_EXISTING_FULL_BOOKING,2026-07-27,15:00:00-16:00:00,2026,3828,14460,,Abdul Wahid Ashraf,This name already booked as FULL in the same session; avoid duplicate Lite booking
REVIEW_POSSIBLE_EXISTING_FULL_BOOKING,2026-07-27,15:00:00-16:00:00,2026,3829,14460,,Mohammed Ashraf,This name already booked as FULL in the same session; avoid duplicate Lite booking
REVIEW_POSSIBLE_EXISTING_FULL_BOOKING,2026-07-27,15:00:00-16:00:00,2026,3830,14460,,Mohammed khalid,This name already booked as FULL in the same session; avoid duplicate Lite booking
REVIEW_SESSION_FULL,2026-07-27,15:00:00-16:00:00,2026,3831,14460,,Mohammad Iqbal,
REVIEW_POSSIBLE_EXISTING_FULL_BOOKING,2026-07-27,15:00:00-16:00:00,2026,3832,14460,,Sajjad Nawaz,This name already booked as FULL in the same session; avoid duplicate Lite booking
REVIEW_POSSIBLE_EXISTING_FULL_BOOKING,2026-07-27,15:00:00-16:00:00,2026,3833,14460,,Mohammed Saghir,This name already booked as FULL in the same session; avoid duplicate Lite booking
REVIEW_POSSIBLE_EXISTING_FULL_BOOKING,2026-07-27,15:00:00-16:00:00,2026,3834,14460,,Mohammed Alyas Hussain,This name already booked as FULL in the same session; avoid duplicate Lite booking
REVIEW_POSSIBLE_EXISTING_FULL_BOOKING,2026-07-27,15:00:00-16:00:00,2026,3835,14460,,Hanif Hall,This name already booked as FULL in the same session; avoid duplicate Lite booking
REVIEW_POSSIBLE_EXISTING_FULL_BOOKING,2026-07-28,09:30:00-10:30:00,2026,3836,14461,,Rashida Khatoon,This name already booked as FULL in the same session; avoid duplicate Lite booking
REVIEW_POSSIBLE_EXISTING_FULL_BOOKING,2026-07-28,09:30:00-10:30:00,2026,3837,14461,,Zaida Nawaz,This name already booked as FULL in the same session; avoid duplicate Lite booking
REVIEW_POSSIBLE_EXISTING_FULL_BOOKING,2026-07-28,09:30:00-10:30:00,2026,3838,14461,,Shazma Begum,This name already booked as FULL in the same session; avoid duplicate Lite booking
REVIEW_POSSIBLE_EXISTING_FULL_BOOKING,2026-07-28,09:30:00-10:30:00,2026,3839,14461,,Maqsood Begum,This name already booked as FULL in the same session; avoid duplicate Lite booking
REVIEW_POSSIBLE_EXISTING_FULL_BOOKING,2026-07-28,12:00:00-13:00:00,2026,3845,14462,,Fayaz Begum,This name already booked as FULL in the same session; avoid duplicate Lite booking
REVIEW_POSSIBLE_EXISTING_FULL_BOOKING,2026-07-28,12:00:00-13:00:00,2026,3846,14462,,Kaneez Akhtar,This name already booked as FULL in the same session; avoid duplicate Lite booking
REVIEW_POSSIBLE_EXISTING_FULL_BOOKING,2026-07-28,12:00:00-13:00:00,2026,3847,14462,,Kalsoom Akhtar,This name already booked as FULL in the same session; avoid duplicate Lite booking
REVIEW_POSSIBLE_EXISTING_FULL_BOOKING,2026-07-28,12:00:00-13:00:00,2026,3848,14462,,Matloob Bibi,This name already booked as FULL in the same session; avoid duplicate Lite booking
REVIEW_POSSIBLE_EXISTING_FULL_BOOKING,2026-07-28,12:00:00-13:00:00,2026,3849,14462,,Ambia Rahman,This name already booked as FULL in the same session; avoid duplicate Lite booking
REVIEW_POSSIBLE_EXISTING_FULL_BOOKING,2026-07-28,12:00:00-13:00:00,2026,3850,14462,,Monwara Begum,This name already booked as FULL in the same session; avoid duplicate Lite booking
REVIEW_POSSIBLE_EXISTING_FULL_BOOKING,2026-07-28,12:00:00-13:00:00,2026,3851,14462,,Salma Salim,This name already booked as FULL in the same session; avoid duplicate Lite booking
REVIEW_POSSIBLE_EXISTING_FULL_BOOKING,2026-07-28,12:00:00-13:00:00,2026,3852,14462,,Khalida Parveen,This name already booked as FULL in the same session; avoid duplicate Lite booking
REVIEW_POSSIBLE_EXISTING_FULL_BOOKING,2026-07-28,12:00:00-13:00:00,2026,3853,14462,,Naseem Akhtar,This name already booked as FULL in the same session; avoid duplicate Lite booking
REVIEW_POSSIBLE_EXISTING_FULL_BOOKING,2026-07-29,11:00:00-12:00:00,2026,3854,14463,,Kamran Khan,This name already booked as FULL in the same session; avoid duplicate Lite booking
REVIEW_SESSION_FULL,2026-07-29,11:00:00-12:00:00,2026,3858,14463,,Mohammed Nazir,
REVIEW_POSSIBLE_EXISTING_FULL_BOOKING,2026-07-29,11:00:00-12:00:00,2026,3859,14463,,Sainey Drammeh,This name already booked as FULL in the same session; avoid duplicate Lite booking
REVIEW_POSSIBLE_EXISTING_FULL_BOOKING,2026-07-29,11:00:00-12:00:00,2026,3860,14463,,Mohammed khalid,This name already booked as FULL in the same session; avoid duplicate Lite booking
REVIEW_POSSIBLE_EXISTING_FULL_BOOKING,2026-07-29,11:00:00-12:00:00,2026,3861,14463,,Mohammed Akram,This name already booked as FULL in the same session; avoid duplicate Lite booking
REVIEW_POSSIBLE_EXISTING_FULL_BOOKING,2026-07-29,11:00:00-12:00:00,2026,3862,14463,,Asad Hussain,This name already booked as FULL in the same session; avoid duplicate Lite booking
REVIEW_POSSIBLE_EXISTING_FULL_BOOKING,2026-07-29,12:15:00-13:15:00,2026,3863,14464,,Maqsood Begum,This name already booked as FULL in the same session; avoid duplicate Lite booking
REVIEW_POSSIBLE_EXISTING_FULL_BOOKING,2026-07-29,12:15:00-13:15:00,2026,3864,14464,,Angela Cross,This name already booked as FULL in the same session; avoid duplicate Lite booking
REVIEW_POSSIBLE_EXISTING_FULL_BOOKING,2026-07-29,12:15:00-13:15:00,2026,3865,14464,,Yasmin Mehmood,This name already booked as FULL in the same session; avoid duplicate Lite booking
REVIEW_POSSIBLE_EXISTING_FULL_BOOKING,2026-07-29,12:15:00-13:15:00,2026,3866,14464,,Rashida Mobeen,This name already booked as FULL in the same session; avoid duplicate Lite booking
REVIEW_POSSIBLE_EXISTING_FULL_BOOKING,2026-07-29,12:15:00-13:15:00,2026,3867,14464,,Hameeda Begum,This name already booked as FULL in the same session; avoid duplicate Lite booking
REVIEW_POSSIBLE_EXISTING_FULL_BOOKING,2026-07-30,10:30:00-11:30:00,2026,3876,14465,,Suk Lin (Monica) Mok,This name already booked as FULL in the same session; avoid duplicate Lite booking
REVIEW_POSSIBLE_EXISTING_FULL_BOOKING,2026-07-30,10:30:00-11:30:00,2026,3880,14465,,Saeeda Begum,This name already booked as FULL in the same session; avoid duplicate Lite booking
REVIEW_POSSIBLE_EXISTING_FULL_BOOKING,2026-07-30,12:00:00-13:00:00,2026,3882,14466,,Robina Kauser,This name already booked as FULL in the same session; avoid duplicate Lite booking
REVIEW_POSSIBLE_EXISTING_FULL_BOOKING,2026-07-30,12:00:00-13:00:00,2026,3883,14466,,Shafia begum,This name already booked as FULL in the same session; avoid duplicate Lite booking
REVIEW_POSSIBLE_EXISTING_FULL_BOOKING,2026-07-30,12:00:00-13:00:00,2026,3886,14466,,Saida Sharif,This name already booked as FULL in the same session; avoid duplicate Lite booking
REVIEW_POSSIBLE_EXISTING_FULL_BOOKING,2026-07-30,12:00:00-13:00:00,2026,3887,14466,,Nuzhat Parveen,This name already booked as FULL in the same session; avoid duplicate Lite booking
REVIEW_POSSIBLE_EXISTING_FULL_BOOKING,2026-07-30,12:00:00-13:00:00,2026,3888,14466,,Fakhra Naz,This name already booked as FULL in the same session; avoid duplicate Lite booking
REVIEW_SESSION_FULL,2026-07-30,12:00:00-13:00:00,2026,3889,14466,,Nasreen Amjad,
REVIEW_POSSIBLE_EXISTING_FULL_BOOKING,2026-07-30,14:30:00-15:30:00,2026,3890,14467,,Mohammed Akram,This name already booked as FULL in the same session; avoid duplicate Lite booking
REVIEW_POSSIBLE_EXISTING_FULL_BOOKING,2026-07-30,14:30:00-15:30:00,2026,3892,14467,,Mohammed Latif Ahmed,This name already booked as FULL in the same session; avoid duplicate Lite booking
REVIEW_POSSIBLE_EXISTING_FULL_BOOKING,2026-07-30,14:30:00-15:30:00,2026,3893,14467,,Mohammed Alyas Hussain,This name already booked as FULL in the same session; avoid duplicate Lite booking
REVIEW_POSSIBLE_EXISTING_FULL_BOOKING,2026-07-30,14:30:00-15:30:00,2026,3894,14467,,Mohammed khalid,This name already booked as FULL in the same session; avoid duplicate Lite booking
REVIEW_POSSIBLE_EXISTING_FULL_BOOKING,2026-07-30,14:30:00-15:30:00,2026,3895,14467,,Asad Hussain,This name already booked as FULL in the same session; avoid duplicate Lite booking
REVIEW_POSSIBLE_EXISTING_FULL_BOOKING,2026-07-30,14:30:00-15:30:00,2026,3897,14467,,Thomas Walker,This name already booked as FULL in the same session; avoid duplicate Lite booking
REVIEW_POSSIBLE_EXISTING_FULL_BOOKING,2026-07-30,14:30:00-15:30:00,2026,3898,14467,,Mohammed Nazir,This name already booked as FULL in the same session; avoid duplicate Lite booking
REVIEW_POSSIBLE_EXISTING_FULL_BOOKING,2026-07-30,17:00:00-18:00:00,2026,3899,14468,,Shaheen Akhtar,This name already booked as FULL in the same session; avoid duplicate Lite booking
REVIEW_POSSIBLE_EXISTING_FULL_BOOKING,2026-07-30,17:00:00-18:00:00,2026,3900,14468,,Fozia Hafiz,This name already booked as FULL in the same session; avoid duplicate Lite booking
REVIEW_POSSIBLE_EXISTING_FULL_BOOKING,2026-07-31,09:30:00-10:30:00,2026,3908,14469,,Kamran Khan,This name already booked as FULL in the same session; avoid duplicate Lite booking
REVIEW_POSSIBLE_EXISTING_FULL_BOOKING,2026-07-31,09:30:00-10:30:00,2026,3909,14469,,Sainey Drammeh,This name already booked as FULL in the same session; avoid duplicate Lite booking
REVIEW_POSSIBLE_EXISTING_FULL_BOOKING,2026-07-31,09:30:00-10:30:00,2026,3910,14469,,Sharowan Amir,This name already booked as FULL in the same session; avoid duplicate Lite booking
REVIEW_POSSIBLE_EXISTING_FULL_BOOKING,2026-07-31,09:30:00-10:30:00,2026,3911,14469,,Mohammed Alyas Hussain,This name already booked as FULL in the same session; avoid duplicate Lite booking
REVIEW_POSSIBLE_EXISTING_FULL_BOOKING,2026-07-31,09:30:00-10:30:00,2026,3912,14469,,Mohammed khalid,This name already booked as FULL in the same session; avoid duplicate Lite booking
REVIEW_POSSIBLE_EXISTING_FULL_BOOKING,2026-07-31,09:30:00-10:30:00,2026,3914,14469,,Abdul Majid,This name already booked as FULL in the same session; avoid duplicate Lite booking
REVIEW_POSSIBLE_EXISTING_FULL_BOOKING,2026-07-31,09:30:00-10:30:00,2026,3916,14469,,Hanif Hall,This name already booked as FULL in the same session; avoid duplicate Lite booking
REVIEW_POSSIBLE_EXISTING_FULL_BOOKING,2026-07-31,10:30:00-11:30:00,2026,3917,14470,,Janet Corlis,This name already booked as FULL in the same session; avoid duplicate Lite booking
REVIEW_POSSIBLE_EXISTING_FULL_BOOKING,2026-07-31,10:30:00-11:30:00,2026,3918,14470,,Zainab Moosa,This name already booked as FULL in the same session; avoid duplicate Lite booking
REVIEW_POSSIBLE_EXISTING_FULL_BOOKING,2026-07-31,10:30:00-11:30:00,2026,3919,14470,,Mohammed Hanif Moosa,This name already booked as FULL in the same session; avoid duplicate Lite booking
REVIEW_POSSIBLE_EXISTING_FULL_BOOKING,2026-07-31,10:30:00-11:30:00,2026,3921,14470,,Patricia Lawrence,This name already booked as FULL in the same session; avoid duplicate Lite booking
REVIEW_POSSIBLE_EXISTING_FULL_BOOKING,2026-07-31,10:30:00-11:30:00,2026,3923,14470,,Kowsar Rukhsana,This name already booked as FULL in the same session; avoid duplicate Lite booking
REVIEW_POSSIBLE_EXISTING_FULL_BOOKING,2026-07-31,10:30:00-11:30:00,2026,3924,14470,,Mazhar Iqbal,This name already booked as FULL in the same session; avoid duplicate Lite booking
REVIEW_POSSIBLE_EXISTING_FULL_BOOKING,2026-07-31,15:00:00-16:00:00,2026,3926,14471,,Mohammed Nazir,This name already booked as FULL in the same session; avoid duplicate Lite booking
REVIEW_POSSIBLE_EXISTING_FULL_BOOKING,2026-07-31,15:00:00-16:00:00,2026,3927,14471,,Thomas Walker,This name already booked as FULL in the same session; avoid duplicate Lite booking
REVIEW_POSSIBLE_EXISTING_FULL_BOOKING,2026-07-31,15:00:00-16:00:00,2026,3929,14471,,Arshad Mahmood,This name already booked as FULL in the same session; avoid duplicate Lite booking
REVIEW_POSSIBLE_EXISTING_FULL_BOOKING,2026-07-31,15:00:00-16:00:00,2026,3930,14471,,Mohammad Asghar,This name already booked as FULL in the same session; avoid duplicate Lite booking
REVIEW_POSSIBLE_EXISTING_FULL_BOOKING,2026-07-31,15:00:00-16:00:00,2026,3931,14471,,Mohammad Azad,This name already booked as FULL in the same session; avoid duplicate Lite booking
REVIEW_POSSIBLE_EXISTING_FULL_BOOKING,2026-07-31,15:00:00-16:00:00,2026,3932,14471,,Mohammed Akram,This name already booked as FULL in the same session; avoid duplicate Lite booking
REVIEW_POSSIBLE_EXISTING_FULL_BOOKING,2026-07-31,15:00:00-16:00:00,2026,3933,14471,,Mohammad Arif,This name already booked as FULL in the same session; avoid duplicate Lite booking
REVIEW_POSSIBLE_EXISTING_FULL_BOOKING,2026-08-01,09:45:00-10:45:00,2026,3936,14472,,Zenab Bi,This name already booked as FULL in the same session; avoid duplicate Lite booking
REVIEW_POSSIBLE_EXISTING_FULL_BOOKING,2026-08-01,09:45:00-10:45:00,2026,3937,14472,,Yasmin Aslam,This name already booked as FULL in the same session; avoid duplicate Lite booking
REVIEW_POSSIBLE_EXISTING_FULL_BOOKING,2026-08-01,09:45:00-10:45:00,2026,3939,14472,,Fozia Ali,This name already booked as FULL in the same session; avoid duplicate Lite booking
REVIEW_POSSIBLE_EXISTING_FULL_BOOKING,2026-08-01,09:45:00-10:45:00,2026,3941,14472,,Shazia Bibi,This name already booked as FULL in the same session; avoid duplicate Lite booking
REVIEW_POSSIBLE_EXISTING_FULL_BOOKING,2026-08-01,11:00:00-12:00:00,2026,3945,14473,,Zubair Khan,This name already booked as FULL in the same session; avoid duplicate Lite booking
REVIEW_POSSIBLE_EXISTING_FULL_BOOKING,2026-08-01,11:00:00-12:00:00,2026,3946,14473,,Mohammed Akram,This name already booked as FULL in the same session; avoid duplicate Lite booking
REVIEW_POSSIBLE_EXISTING_FULL_BOOKING,2026-08-01,11:00:00-12:00:00,2026,3947,14473,,Sabir Hussain,This name already booked as FULL in the same session; avoid duplicate Lite booking
REVIEW_POSSIBLE_EXISTING_FULL_BOOKING,2026-08-01,11:00:00-12:00:00,2026,3949,14473,,Raja Ali,This name already booked as FULL in the same session; avoid duplicate Lite booking
REVIEW_POSSIBLE_EXISTING_FULL_BOOKING,2026-08-01,11:00:00-12:00:00,2026,3950,14473,,Zafar Naseem,This name already booked as FULL in the same session; avoid duplicate Lite booking
REVIEW_POSSIBLE_EXISTING_FULL_BOOKING,2026-08-01,11:00:00-12:00:00,2026,3951,14473,,Mohammed Sajid,This name already booked as FULL in the same session; avoid duplicate Lite booking
REVIEW_POSSIBLE_EXISTING_FULL_BOOKING,2026-08-01,11:00:00-12:00:00,2026,3952,14473,,Arshad Mahmood,This name already booked as FULL in the same session; avoid duplicate Lite booking
REVIEW_POSSIBLE_EXISTING_FULL_BOOKING,2026-08-03,11:00:00-12:00:00,2026,3954,14474,,Nusrat Naseem,This name already booked as FULL in the same session; avoid duplicate Lite booking
REVIEW_SESSION_FULL,2026-08-03,11:00:00-12:00:00,2026,3958,14474,,Razmeen Zafar Naseem,
REVIEW_POSSIBLE_EXISTING_FULL_BOOKING,2026-08-03,11:00:00-12:00:00,2026,3959,14474,,Manzoor Begum,This name already booked as FULL in the same session; avoid duplicate Lite booking
REVIEW_SESSION_FULL,2026-08-03,11:00:00-12:00:00,2026,3960,14474,,Akhtar Bi,
REVIEW_POSSIBLE_EXISTING_FULL_BOOKING,2026-08-03,11:00:00-12:00:00,2026,3961,14474,,Kowsar Rukhsana,This name already booked as FULL in the same session; avoid duplicate Lite booking
REVIEW_POSSIBLE_EXISTING_FULL_BOOKING,2026-08-03,11:00:00-12:00:00,2026,3962,14474,,Razina Begum,This name already booked as FULL in the same session; avoid duplicate Lite booking
REVIEW_POSSIBLE_EXISTING_FULL_BOOKING,2026-08-03,12:30:00-13:30:00,2026,3965,14475,,Yasmeen Khan,This name already booked as FULL in the same session; avoid duplicate Lite booking
REVIEW_POSSIBLE_EXISTING_FULL_BOOKING,2026-08-03,12:30:00-13:30:00,2026,3966,14475,,Nusrat Bibi,This name already booked as FULL in the same session; avoid duplicate Lite booking
REVIEW_POSSIBLE_EXISTING_FULL_BOOKING,2026-08-03,12:30:00-13:30:00,2026,3967,14475,,Nasreen Hussain,This name already booked as FULL in the same session; avoid duplicate Lite booking
REVIEW_POSSIBLE_EXISTING_FULL_BOOKING,2026-08-03,12:30:00-13:30:00,2026,3968,14475,,Rubina Nadeem,This name already booked as FULL in the same session; avoid duplicate Lite booking
REVIEW_POSSIBLE_EXISTING_FULL_BOOKING,2026-08-03,12:30:00-13:30:00,2026,3969,14475,,Abida Khalid,This name already booked as FULL in the same session; avoid duplicate Lite booking
REVIEW_POSSIBLE_EXISTING_FULL_BOOKING,2026-08-03,12:30:00-13:30:00,2026,3970,14475,,Mahroof Bibi,This name already booked as FULL in the same session; avoid duplicate Lite booking
REVIEW_POSSIBLE_EXISTING_FULL_BOOKING,2026-08-03,12:30:00-13:30:00,2026,3971,14475,,Kaneez Akhtar,This name already booked as FULL in the same session; avoid duplicate Lite booking
REVIEW_POSSIBLE_EXISTING_FULL_BOOKING,2026-08-03,14:00:00-15:00:00,2026,3973,14476,,Kamran Khan,This name already booked as FULL in the same session; avoid duplicate Lite booking
REVIEW_POSSIBLE_EXISTING_FULL_BOOKING,2026-08-03,14:00:00-15:00:00,2026,3974,14476,,Mohammed Nazir,This name already booked as FULL in the same session; avoid duplicate Lite booking
REVIEW_POSSIBLE_EXISTING_FULL_BOOKING,2026-08-03,14:00:00-15:00:00,2026,3977,14476,,Abdul Majid,This name already booked as FULL in the same session; avoid duplicate Lite booking
REVIEW_POSSIBLE_EXISTING_FULL_BOOKING,2026-08-03,14:00:00-15:00:00,2026,3979,14476,,Mansoor Malik,This name already booked as FULL in the same session; avoid duplicate Lite booking
REVIEW_POSSIBLE_EXISTING_FULL_BOOKING,2026-08-03,15:00:00-16:00:00,2026,3981,14477,,Mohnir Akhtar,This name already booked as FULL in the same session; avoid duplicate Lite booking
REVIEW_POSSIBLE_EXISTING_FULL_BOOKING,2026-08-03,15:00:00-16:00:00,2026,3982,14477,,Hanif Hall,This name already booked as FULL in the same session; avoid duplicate Lite booking
REVIEW_POSSIBLE_EXISTING_FULL_BOOKING,2026-08-03,15:00:00-16:00:00,2026,3983,14477,,Mohammed Akram,This name already booked as FULL in the same session; avoid duplicate Lite booking
REVIEW_POSSIBLE_EXISTING_FULL_BOOKING,2026-08-03,15:00:00-16:00:00,2026,3984,14477,,Abdul Wahid Ashraf,This name already booked as FULL in the same session; avoid duplicate Lite booking
REVIEW_POSSIBLE_EXISTING_FULL_BOOKING,2026-08-03,15:00:00-16:00:00,2026,3985,14477,,Mohammed Ashraf,This name already booked as FULL in the same session; avoid duplicate Lite booking
REVIEW_POSSIBLE_EXISTING_FULL_BOOKING,2026-08-03,15:00:00-16:00:00,2026,3986,14477,,Mazhar Iqbal,This name already booked as FULL in the same session; avoid duplicate Lite booking
REVIEW_POSSIBLE_EXISTING_FULL_BOOKING,2026-08-03,15:00:00-16:00:00,2026,3987,14477,,Mohammed khalid,This name already booked as FULL in the same session; avoid duplicate Lite booking
REVIEW_POSSIBLE_EXISTING_FULL_BOOKING,2026-08-03,15:00:00-16:00:00,2026,3989,14477,,Mohammed Alyas Hussain,This name already booked as FULL in the same session; avoid duplicate Lite booking
REVIEW_POSSIBLE_EXISTING_FULL_BOOKING,2026-08-04,09:30:00-10:30:00,2026,3990,14478,,Shafeen Akhtar,This name already booked as FULL in the same session; avoid duplicate Lite booking
REVIEW_POSSIBLE_EXISTING_FULL_BOOKING,2026-08-04,09:30:00-10:30:00,2026,3991,14478,,Rashida Khatoon,This name already booked as FULL in the same session; avoid duplicate Lite booking
REVIEW_POSSIBLE_EXISTING_FULL_BOOKING,2026-08-04,09:30:00-10:30:00,2026,3992,14478,,Zaida Nawaz,This name already booked as FULL in the same session; avoid duplicate Lite booking
REVIEW_POSSIBLE_EXISTING_FULL_BOOKING,2026-08-04,09:30:00-10:30:00,2026,3996,14478,,Zainab Moosa,This name already booked as FULL in the same session; avoid duplicate Lite booking
REVIEW_POSSIBLE_EXISTING_FULL_BOOKING,2026-08-04,09:30:00-10:30:00,2026,3997,14478,,Tasleem Ali,This name already booked as FULL in the same session; avoid duplicate Lite booking
REVIEW_POSSIBLE_EXISTING_FULL_BOOKING,2026-08-05,11:00:00-12:00:00,2026,4008,14479,,Ghiyas-ul-Haq Ahmed,This name already booked as FULL in the same session; avoid duplicate Lite booking
REVIEW_SESSION_FULL,2026-08-05,11:00:00-12:00:00,2026,4009,14479,,Mohammed Saleem,
REVIEW_POSSIBLE_EXISTING_FULL_BOOKING,2026-08-05,11:00:00-12:00:00,2026,4010,14479,,Sabir Hussain,This name already booked as FULL in the same session; avoid duplicate Lite booking
REVIEW_POSSIBLE_EXISTING_FULL_BOOKING,2026-08-05,11:00:00-12:00:00,2026,4011,14479,,Mohammed Nazir,This name already booked as FULL in the same session; avoid duplicate Lite booking
REVIEW_POSSIBLE_EXISTING_FULL_BOOKING,2026-08-05,11:00:00-12:00:00,2026,4012,14479,,Sainey Drammeh,This name already booked as FULL in the same session; avoid duplicate Lite booking
REVIEW_POSSIBLE_EXISTING_FULL_BOOKING,2026-08-05,11:00:00-12:00:00,2026,4013,14479,,Kamran Khan,This name already booked as FULL in the same session; avoid duplicate Lite booking
REVIEW_POSSIBLE_EXISTING_FULL_BOOKING,2026-08-05,11:00:00-12:00:00,2026,4014,14479,,Mohammed khalid,This name already booked as FULL in the same session; avoid duplicate Lite booking
REVIEW_POSSIBLE_EXISTING_FULL_BOOKING,2026-08-05,11:00:00-12:00:00,2026,4015,14479,,Mohammed Akram,This name already booked as FULL in the same session; avoid duplicate Lite booking
REVIEW_POSSIBLE_EXISTING_FULL_BOOKING,2026-08-05,11:00:00-12:00:00,2026,4016,14479,,Hanif Hall,This name already booked as FULL in the same session; avoid duplicate Lite booking
REVIEW_POSSIBLE_EXISTING_FULL_BOOKING,2026-08-05,12:15:00-13:15:00,2026,4017,14480,,Maqsood Begum,This name already booked as FULL in the same session; avoid duplicate Lite booking
REVIEW_POSSIBLE_EXISTING_FULL_BOOKING,2026-08-05,12:15:00-13:15:00,2026,4018,14480,,Hameeda Begum,This name already booked as FULL in the same session; avoid duplicate Lite booking
REVIEW_POSSIBLE_EXISTING_FULL_BOOKING,2026-08-05,12:15:00-13:15:00,2026,4019,14480,,Angela Cross,This name already booked as FULL in the same session; avoid duplicate Lite booking
REVIEW_POSSIBLE_EXISTING_FULL_BOOKING,2026-08-05,12:15:00-13:15:00,2026,4020,14480,,Yasmin Mehmood,This name already booked as FULL in the same session; avoid duplicate Lite booking
REVIEW_POSSIBLE_EXISTING_FULL_BOOKING,2026-08-05,12:15:00-13:15:00,2026,4022,14480,,Rifat Bano,This name already booked as FULL in the same session; avoid duplicate Lite booking
REVIEW_POSSIBLE_EXISTING_FULL_BOOKING,2026-08-06,10:30:00-11:30:00,2026,4026,14481,,Akbar Jan,This name already booked as FULL in the same session; avoid duplicate Lite booking
REVIEW_POSSIBLE_EXISTING_FULL_BOOKING,2026-08-06,10:30:00-11:30:00,2026,4027,14481,,Saeeda Begum,This name already booked as FULL in the same session; avoid duplicate Lite booking
REVIEW_POSSIBLE_EXISTING_FULL_BOOKING,2026-08-06,10:30:00-11:30:00,2026,4028,14481,,Suk Lin (Monica) Mok,This name already booked as FULL in the same session; avoid duplicate Lite booking
REVIEW_POSSIBLE_EXISTING_FULL_BOOKING,2026-08-06,10:30:00-11:30:00,2026,4029,14481,,Najabat Bibi,This name already booked as FULL in the same session; avoid duplicate Lite booking
REVIEW_POSSIBLE_EXISTING_FULL_BOOKING,2026-08-06,10:30:00-11:30:00,2026,4030,14481,,Khadija Muhammad,This name already booked as FULL in the same session; avoid duplicate Lite booking
REVIEW_POSSIBLE_EXISTING_FULL_BOOKING,2026-08-06,10:30:00-11:30:00,2026,4031,14481,,Saida Sharif,This name already booked as FULL in the same session; avoid duplicate Lite booking
REVIEW_POSSIBLE_EXISTING_FULL_BOOKING,2026-08-06,12:00:00-13:00:00,2026,4035,14482,,Shafia begum,This name already booked as FULL in the same session; avoid duplicate Lite booking
REVIEW_POSSIBLE_EXISTING_FULL_BOOKING,2026-08-06,12:00:00-13:00:00,2026,4037,14482,,Nuzhat Parveen,This name already booked as FULL in the same session; avoid duplicate Lite booking
REVIEW_POSSIBLE_EXISTING_FULL_BOOKING,2026-08-06,12:00:00-13:00:00,2026,4039,14482,,Jennifer Mason,This name already booked as FULL in the same session; avoid duplicate Lite booking
REVIEW_POSSIBLE_EXISTING_FULL_BOOKING,2026-08-06,12:00:00-13:00:00,2026,4040,14482,,Shazia Bibi,This name already booked as FULL in the same session; avoid duplicate Lite booking
REVIEW_POSSIBLE_EXISTING_FULL_BOOKING,2026-08-06,14:30:00-15:30:00,2026,4044,14483,,Abdul Majid,This name already booked as FULL in the same session; avoid duplicate Lite booking
REVIEW_POSSIBLE_EXISTING_FULL_BOOKING,2026-08-06,14:30:00-15:30:00,2026,4045,14483,,Mohammed Akram,This name already booked as FULL in the same session; avoid duplicate Lite booking
REVIEW_POSSIBLE_EXISTING_FULL_BOOKING,2026-08-06,14:30:00-15:30:00,2026,4046,14483,,Mohammed Alyas Hussain,This name already booked as FULL in the same session; avoid duplicate Lite booking
REVIEW_POSSIBLE_EXISTING_FULL_BOOKING,2026-08-06,14:30:00-15:30:00,2026,4047,14483,,Mohammed khalid,This name already booked as FULL in the same session; avoid duplicate Lite booking
REVIEW_POSSIBLE_EXISTING_FULL_BOOKING,2026-08-06,14:30:00-15:30:00,2026,4048,14483,,Asad Hussain,This name already booked as FULL in the same session; avoid duplicate Lite booking
REVIEW_POSSIBLE_EXISTING_FULL_BOOKING,2026-08-06,14:30:00-15:30:00,2026,4049,14483,,Kamran Khan,This name already booked as FULL in the same session; avoid duplicate Lite booking
REVIEW_POSSIBLE_EXISTING_FULL_BOOKING,2026-08-06,14:30:00-15:30:00,2026,4050,14483,,Mohammed Nazir,This name already booked as FULL in the same session; avoid duplicate Lite booking
REVIEW_POSSIBLE_EXISTING_FULL_BOOKING,2026-08-06,14:30:00-15:30:00,2026,4052,14483,,Shah Nawaz,This name already booked as FULL in the same session; avoid duplicate Lite booking
REVIEW_POSSIBLE_EXISTING_FULL_BOOKING,2026-08-06,17:00:00-18:00:00,2026,4053,14484,,Shaheen Akhtar,This name already booked as FULL in the same session; avoid duplicate Lite booking
REVIEW_POSSIBLE_EXISTING_FULL_BOOKING,2026-08-06,17:00:00-18:00:00,2026,4056,14484,,Kowsar Rukhsana,This name already booked as FULL in the same session; avoid duplicate Lite booking
REVIEW_POSSIBLE_EXISTING_FULL_BOOKING,2026-08-06,17:00:00-18:00:00,2026,4060,14484,,Fozia Hafiz,This name already booked as FULL in the same session; avoid duplicate Lite booking
REVIEW_POSSIBLE_EXISTING_FULL_BOOKING,2026-08-07,09:30:00-10:30:00,2026,4062,14485,,Mohammed Akram,This name already booked as FULL in the same session; avoid duplicate Lite booking
REVIEW_POSSIBLE_EXISTING_FULL_BOOKING,2026-08-07,09:30:00-10:30:00,2026,4063,14485,,Kamran Khan,This name already booked as FULL in the same session; avoid duplicate Lite booking
REVIEW_POSSIBLE_EXISTING_FULL_BOOKING,2026-08-07,09:30:00-10:30:00,2026,4064,14485,,Sainey Drammeh,This name already booked as FULL in the same session; avoid duplicate Lite booking
REVIEW_POSSIBLE_EXISTING_FULL_BOOKING,2026-08-07,09:30:00-10:30:00,2026,4065,14485,,Sharowan Amir,This name already booked as FULL in the same session; avoid duplicate Lite booking
REVIEW_POSSIBLE_EXISTING_FULL_BOOKING,2026-08-07,09:30:00-10:30:00,2026,4066,14485,,Mohammed khalid,This name already booked as FULL in the same session; avoid duplicate Lite booking
REVIEW_POSSIBLE_EXISTING_FULL_BOOKING,2026-08-07,09:30:00-10:30:00,2026,4067,14485,,Mohammed Alyas Hussain,This name already booked as FULL in the same session; avoid duplicate Lite booking
REVIEW_POSSIBLE_EXISTING_FULL_BOOKING,2026-08-07,09:30:00-10:30:00,2026,4068,14485,,Hanif Hall,This name already booked as FULL in the same session; avoid duplicate Lite booking
REVIEW_POSSIBLE_EXISTING_FULL_BOOKING,2026-08-07,09:30:00-10:30:00,2026,4069,14485,,Abdul Majid,This name already booked as FULL in the same session; avoid duplicate Lite booking
REVIEW_POSSIBLE_EXISTING_FULL_BOOKING,2026-08-07,09:30:00-10:30:00,2026,4070,14485,,Mogees Nasir,This name already booked as FULL in the same session; avoid duplicate Lite booking
REVIEW_POSSIBLE_EXISTING_FULL_BOOKING,2026-08-07,10:30:00-11:30:00,2026,4072,14486,,Kowsar Rukhsana,This name already booked as FULL in the same session; avoid duplicate Lite booking
REVIEW_POSSIBLE_EXISTING_FULL_BOOKING,2026-08-07,10:30:00-11:30:00,2026,4073,14486,,Mazhar Iqbal,This name already booked as FULL in the same session; avoid duplicate Lite booking
REVIEW_POSSIBLE_EXISTING_FULL_BOOKING,2026-08-07,10:30:00-11:30:00,2026,4074,14486,,Patricia Lawrence,This name already booked as FULL in the same session; avoid duplicate Lite booking
REVIEW_POSSIBLE_EXISTING_FULL_BOOKING,2026-08-07,10:30:00-11:30:00,2026,4075,14486,,Zainab Moosa,This name already booked as FULL in the same session; avoid duplicate Lite booking
REVIEW_POSSIBLE_EXISTING_FULL_BOOKING,2026-08-07,10:30:00-11:30:00,2026,4076,14486,,Mohammed Hanif Moosa,This name already booked as FULL in the same session; avoid duplicate Lite booking
REVIEW_POSSIBLE_EXISTING_FULL_BOOKING,2026-08-07,10:30:00-11:30:00,2026,4077,14486,,Janet Corlis,This name already booked as FULL in the same session; avoid duplicate Lite booking
REVIEW_POSSIBLE_EXISTING_FULL_BOOKING,2026-08-07,10:30:00-11:30:00,2026,4079,14486,,Nighat Shaheen,This name already booked as FULL in the same session; avoid duplicate Lite booking
REVIEW_POSSIBLE_EXISTING_FULL_BOOKING,2026-08-07,15:00:00-16:00:00,2026,4080,14487,,Mohammed Nazir,This name already booked as FULL in the same session; avoid duplicate Lite booking
REVIEW_POSSIBLE_EXISTING_FULL_BOOKING,2026-08-07,15:00:00-16:00:00,2026,4082,14487,,Arshad Mahmood,This name already booked as FULL in the same session; avoid duplicate Lite booking
REVIEW_POSSIBLE_EXISTING_FULL_BOOKING,2026-08-07,15:00:00-16:00:00,2026,4085,14487,,Mansoor Malik,This name already booked as FULL in the same session; avoid duplicate Lite booking
REVIEW_POSSIBLE_EXISTING_FULL_BOOKING,2026-08-08,09:45:00-10:45:00,2026,4090,14488,,Zenab Bi,This name already booked as FULL in the same session; avoid duplicate Lite booking
REVIEW_POSSIBLE_EXISTING_FULL_BOOKING,2026-08-08,09:45:00-10:45:00,2026,4091,14488,,Yasmin Aslam,This name already booked as FULL in the same session; avoid duplicate Lite booking
REVIEW_POSSIBLE_EXISTING_FULL_BOOKING,2026-08-08,09:45:00-10:45:00,2026,4092,14488,,Shakila Bibi,This name already booked as FULL in the same session; avoid duplicate Lite booking
REVIEW_POSSIBLE_EXISTING_FULL_BOOKING,2026-08-08,09:45:00-10:45:00,2026,4093,14488,,Fozia Ali,This name already booked as FULL in the same session; avoid duplicate Lite booking
REVIEW_POSSIBLE_EXISTING_FULL_BOOKING,2026-08-08,09:45:00-10:45:00,2026,4095,14488,,Shaheen Akhtar,This name already booked as FULL in the same session; avoid duplicate Lite booking
REVIEW_POSSIBLE_EXISTING_FULL_BOOKING,2026-08-08,11:00:00-12:00:00,2026,4098,14489,,Zubair Khan,This name already booked as FULL in the same session; avoid duplicate Lite booking
REVIEW_POSSIBLE_EXISTING_FULL_BOOKING,2026-08-08,11:00:00-12:00:00,2026,4100,14489,,Raja Ali,This name already booked as FULL in the same session; avoid duplicate Lite booking
REVIEW_POSSIBLE_EXISTING_FULL_BOOKING,2026-08-08,11:00:00-12:00:00,2026,4101,14489,,Shahban Khan,This name already booked as FULL in the same session; avoid duplicate Lite booking
REVIEW_POSSIBLE_EXISTING_FULL_BOOKING,2026-08-08,11:00:00-12:00:00,2026,4102,14489,,Zafar Naseem,This name already booked as FULL in the same session; avoid duplicate Lite booking
REVIEW_POSSIBLE_EXISTING_FULL_BOOKING,2026-08-08,11:00:00-12:00:00,2026,4103,14489,,Arshad Mahmood,This name already booked as FULL in the same session; avoid duplicate Lite booking
REVIEW_POSSIBLE_EXISTING_FULL_BOOKING,2026-08-08,11:00:00-12:00:00,2026,4104,14489,,Mansoor Malik,This name already booked as FULL in the same session; avoid duplicate Lite booking
REVIEW_POSSIBLE_EXISTING_FULL_BOOKING,2026-08-08,11:00:00-12:00:00,2026,4105,14489,,Mohammed Sajid,This name already booked as FULL in the same session; avoid duplicate Lite booking
REVIEW_POSSIBLE_EXISTING_FULL_BOOKING,2026-08-10,11:00:00-12:00:00,2026,4107,14491,,Shabeena Kausar,This name already booked as FULL in the same session; avoid duplicate Lite booking
REVIEW_POSSIBLE_EXISTING_FULL_BOOKING,2026-08-10,11:00:00-12:00:00,2026,4108,14491,,Nusrat Bibi,This name already booked as FULL in the same session; avoid duplicate Lite booking
REVIEW_POSSIBLE_EXISTING_FULL_BOOKING,2026-08-10,11:00:00-12:00:00,2026,4109,14491,,Rifat Fayaz,This name already booked as FULL in the same session; avoid duplicate Lite booking
REVIEW_POSSIBLE_EXISTING_FULL_BOOKING,2026-08-10,11:00:00-12:00:00,2026,4110,14491,,Manzoor Begum,This name already booked as FULL in the same session; avoid duplicate Lite booking
REVIEW_POSSIBLE_EXISTING_FULL_BOOKING,2026-08-10,11:00:00-12:00:00,2026,4112,14491,,Razina Begum,This name already booked as FULL in the same session; avoid duplicate Lite booking
REVIEW_LITE_DOB_CONFLICT,2026-08-10,11:00:00-12:00:00,2026,4114,,,Kowsar Rukhsana,
REVIEW_POSSIBLE_EXISTING_FULL_BOOKING,2026-08-10,11:00:00-12:00:00,2026,4115,14491,,Khadija Muhammad,This name already booked as FULL in the same session; avoid duplicate Lite booking
REVIEW_POSSIBLE_EXISTING_FULL_BOOKING,2026-08-10,12:30:00-13:30:00,2026,4116,14492,,Rifat Sultana,This name already booked as FULL in the same session; avoid duplicate Lite booking
REVIEW_POSSIBLE_EXISTING_FULL_BOOKING,2026-08-10,12:30:00-13:30:00,2026,4117,14492,,Yasmeen Khan,This name already booked as FULL in the same session; avoid duplicate Lite booking
REVIEW_POSSIBLE_EXISTING_FULL_BOOKING,2026-08-10,12:30:00-13:30:00,2026,4118,14492,,Mahroof Bibi,This name already booked as FULL in the same session; avoid duplicate Lite booking
REVIEW_POSSIBLE_EXISTING_FULL_BOOKING,2026-08-10,12:30:00-13:30:00,2026,4120,14492,,Nusrat Bibi,This name already booked as FULL in the same session; avoid duplicate Lite booking
REVIEW_POSSIBLE_EXISTING_FULL_BOOKING,2026-08-10,12:30:00-13:30:00,2026,4121,14492,,Abida Khalid,This name already booked as FULL in the same session; avoid duplicate Lite booking
REVIEW_POSSIBLE_EXISTING_FULL_BOOKING,2026-08-10,12:30:00-13:30:00,2026,4122,14492,,Nasreen Hussain,This name already booked as FULL in the same session; avoid duplicate Lite booking
REVIEW_POSSIBLE_EXISTING_FULL_BOOKING,2026-08-10,12:30:00-13:30:00,2026,4123,14492,,Janet Corlis,This name already booked as FULL in the same session; avoid duplicate Lite booking
REVIEW_POSSIBLE_EXISTING_FULL_BOOKING,2026-08-10,12:30:00-13:30:00,2026,4124,14492,,Matloob Bibi,This name already booked as FULL in the same session; avoid duplicate Lite booking
REVIEW_POSSIBLE_EXISTING_FULL_BOOKING,2026-08-10,14:00:00-15:00:00,2026,4125,14493,,Kamran Khan,This name already booked as FULL in the same session; avoid duplicate Lite booking
REVIEW_POSSIBLE_EXISTING_FULL_BOOKING,2026-08-10,14:00:00-15:00:00,2026,4126,14493,,Mohammed khalid,This name already booked as FULL in the same session; avoid duplicate Lite booking
REVIEW_POSSIBLE_EXISTING_FULL_BOOKING,2026-08-10,14:00:00-15:00:00,2026,4127,14493,,Thomas Walker,This name already booked as FULL in the same session; avoid duplicate Lite booking
REVIEW_POSSIBLE_EXISTING_FULL_BOOKING,2026-08-10,14:00:00-15:00:00,2026,4128,14493,,Zahoor Hussain,This name already booked as FULL in the same session; avoid duplicate Lite booking
REVIEW_POSSIBLE_EXISTING_FULL_BOOKING,2026-08-10,14:00:00-15:00:00,2026,4129,14493,,Mohammed Alyas Hussain,This name already booked as FULL in the same session; avoid duplicate Lite booking
REVIEW_POSSIBLE_EXISTING_FULL_BOOKING,2026-08-10,14:00:00-15:00:00,2026,4130,14493,,Mohammed Nazir,This name already booked as FULL in the same session; avoid duplicate Lite booking
REVIEW_POSSIBLE_EXISTING_FULL_BOOKING,2026-08-10,14:00:00-15:00:00,2026,4131,14493,,Mohammed Saghir,This name already booked as FULL in the same session; avoid duplicate Lite booking
REVIEW_POSSIBLE_EXISTING_FULL_BOOKING,2026-08-10,14:00:00-15:00:00,2026,4132,14493,,Mansoor Malik,This name already booked as FULL in the same session; avoid duplicate Lite booking
REVIEW_POSSIBLE_EXISTING_FULL_BOOKING,2026-08-10,14:00:00-15:00:00,2026,4133,14493,,Asad Hussain,This name already booked as FULL in the same session; avoid duplicate Lite booking
REVIEW_POSSIBLE_EXISTING_FULL_BOOKING,2026-08-11,09:30:00-10:30:00,2026,4144,14494,,Rashida Khatoon,This name already booked as FULL in the same session; avoid duplicate Lite booking
REVIEW_POSSIBLE_EXISTING_FULL_BOOKING,2026-08-11,09:30:00-10:30:00,2026,4145,14494,,Zaida Nawaz,This name already booked as FULL in the same session; avoid duplicate Lite booking
REVIEW_POSSIBLE_EXISTING_FULL_BOOKING,2026-08-11,09:30:00-10:30:00,2026,4146,14494,,Shafeen Akhtar,This name already booked as FULL in the same session; avoid duplicate Lite booking
REVIEW_POSSIBLE_EXISTING_FULL_BOOKING,2026-08-11,09:30:00-10:30:00,2026,4147,14494,,Tasleem Ali,This name already booked as FULL in the same session; avoid duplicate Lite booking
REVIEW_POSSIBLE_EXISTING_FULL_BOOKING,2026-08-11,09:30:00-10:30:00,2026,4148,14494,,Naila Iqbal,This name already booked as FULL in the same session; avoid duplicate Lite booking
REVIEW_POSSIBLE_EXISTING_FULL_BOOKING,2026-08-11,09:30:00-10:30:00,2026,4149,14494,,Azra Rehman,This name already booked as FULL in the same session; avoid duplicate Lite booking
REVIEW_POSSIBLE_EXISTING_FULL_BOOKING,2026-08-11,09:30:00-10:30:00,2026,4150,14494,,Nighat Shaheen,This name already booked as FULL in the same session; avoid duplicate Lite booking
REVIEW_POSSIBLE_EXISTING_FULL_BOOKING,2026-08-12,12:15:00-13:15:00,2026,4171,14496,,Maqsood Begum,This name already booked as FULL in the same session; avoid duplicate Lite booking
REVIEW_POSSIBLE_EXISTING_FULL_BOOKING,2026-08-12,12:15:00-13:15:00,2026,4172,14496,,Rifat Bano,This name already booked as FULL in the same session; avoid duplicate Lite booking
REVIEW_POSSIBLE_EXISTING_FULL_BOOKING,2026-08-12,12:15:00-13:15:00,2026,4173,14496,,Yasmin Mehmood,This name already booked as FULL in the same session; avoid duplicate Lite booking
REVIEW_POSSIBLE_EXISTING_FULL_BOOKING,2026-08-12,12:15:00-13:15:00,2026,4174,14496,,Hameeda Begum,This name already booked as FULL in the same session; avoid duplicate Lite booking
REVIEW_POSSIBLE_EXISTING_FULL_BOOKING,2026-08-12,12:15:00-13:15:00,2026,4175,14496,,Angela Cross,This name already booked as FULL in the same session; avoid duplicate Lite booking
REVIEW_POSSIBLE_EXISTING_FULL_BOOKING,2026-08-12,12:15:00-13:15:00,2026,4176,14496,,Rubina Nadeem,This name already booked as FULL in the same session; avoid duplicate Lite booking
REVIEW_POSSIBLE_EXISTING_FULL_BOOKING,2026-08-13,10:30:00-11:30:00,2026,4179,14497,,Kaneez Akhtar,This name already booked as FULL in the same session; avoid duplicate Lite booking
REVIEW_POSSIBLE_EXISTING_FULL_BOOKING,2026-08-13,10:30:00-11:30:00,2026,4180,14497,,Saida Sharif,This name already booked as FULL in the same session; avoid duplicate Lite booking
REVIEW_POSSIBLE_EXISTING_FULL_BOOKING,2026-08-13,10:30:00-11:30:00,2026,4181,14497,,Najabat Bibi,This name already booked as FULL in the same session; avoid duplicate Lite booking
REVIEW_POSSIBLE_EXISTING_FULL_BOOKING,2026-08-13,10:30:00-11:30:00,2026,4182,14497,,Akbar Jan,This name already booked as FULL in the same session; avoid duplicate Lite booking
REVIEW_POSSIBLE_EXISTING_FULL_BOOKING,2026-08-13,10:30:00-11:30:00,2026,4183,14497,,Sughra Bibi,This name already booked as FULL in the same session; avoid duplicate Lite booking
REVIEW_POSSIBLE_EXISTING_FULL_BOOKING,2026-08-13,10:30:00-11:30:00,2026,4184,14497,,Saeeda Begum,This name already booked as FULL in the same session; avoid duplicate Lite booking
REVIEW_POSSIBLE_EXISTING_FULL_BOOKING,2026-08-13,10:30:00-11:30:00,2026,4185,14497,,Suk Lin (Monica) Mok,This name already booked as FULL in the same session; avoid duplicate Lite booking
REVIEW_POSSIBLE_EXISTING_FULL_BOOKING,2026-08-13,10:30:00-11:30:00,2026,4186,14497,,Nagina Ikram,This name already booked as FULL in the same session; avoid duplicate Lite booking
REVIEW_POSSIBLE_EXISTING_FULL_BOOKING,2026-08-13,10:30:00-11:30:00,2026,4187,14497,,Fayaz Begum,This name already booked as FULL in the same session; avoid duplicate Lite booking
REVIEW_POSSIBLE_EXISTING_FULL_BOOKING,2026-08-13,12:00:00-13:00:00,2026,4191,14498,,Farzana Saleem,This name already booked as FULL in the same session; avoid duplicate Lite booking
REVIEW_POSSIBLE_EXISTING_FULL_BOOKING,2026-08-13,12:00:00-13:00:00,2026,4192,14498,,Shafia begum,This name already booked as FULL in the same session; avoid duplicate Lite booking
REVIEW_POSSIBLE_EXISTING_FULL_BOOKING,2026-08-13,17:00:00-18:00:00,2026,4206,14500,,Fozia Hafiz,This name already booked as FULL in the same session; avoid duplicate Lite booking
REVIEW_POSSIBLE_EXISTING_FULL_BOOKING,2026-08-13,17:00:00-18:00:00,2026,4207,14500,,Kowsar Rukhsana,This name already booked as FULL in the same session; avoid duplicate Lite booking
REVIEW_POSSIBLE_EXISTING_FULL_BOOKING,2026-08-13,17:00:00-18:00:00,2026,4208,14500,,Sahira Parveen,This name already booked as FULL in the same session; avoid duplicate Lite booking
REVIEW_POSSIBLE_EXISTING_FULL_BOOKING,2026-08-13,17:00:00-18:00:00,2026,4209,14500,,Sultana Parveen,This name already booked as FULL in the same session; avoid duplicate Lite booking
REVIEW_POSSIBLE_EXISTING_FULL_BOOKING,2026-08-13,17:00:00-18:00:00,2026,4211,14500,,Robina Kauser,This name already booked as FULL in the same session; avoid duplicate Lite booking
REVIEW_POSSIBLE_EXISTING_FULL_BOOKING,2026-08-13,17:00:00-18:00:00,2026,4212,14500,,Shaheen Bi,This name already booked as FULL in the same session; avoid duplicate Lite booking
REVIEW_POSSIBLE_EXISTING_FULL_BOOKING,2026-08-13,17:00:00-18:00:00,2026,4213,14500,,Shaheen Akhtar,This name already booked as FULL in the same session; avoid duplicate Lite booking
REVIEW_POSSIBLE_EXISTING_FULL_BOOKING,2026-08-14,09:30:00-10:30:00,2026,4216,14501,,Sharowan Amir,This name already booked as FULL in the same session; avoid duplicate Lite booking
REVIEW_POSSIBLE_EXISTING_FULL_BOOKING,2026-08-14,09:30:00-10:30:00,2026,4217,14501,,Mohammed Alyas Hussain,This name already booked as FULL in the same session; avoid duplicate Lite booking
REVIEW_POSSIBLE_EXISTING_FULL_BOOKING,2026-08-14,09:30:00-10:30:00,2026,4218,14501,,Mohammed Akram,This name already booked as FULL in the same session; avoid duplicate Lite booking
REVIEW_POSSIBLE_EXISTING_FULL_BOOKING,2026-08-14,09:30:00-10:30:00,2026,4219,14501,,Mohammed khalid,This name already booked as FULL in the same session; avoid duplicate Lite booking
REVIEW_POSSIBLE_EXISTING_FULL_BOOKING,2026-08-14,09:30:00-10:30:00,2026,4220,14501,,Mazhar Iqbal,This name already booked as FULL in the same session; avoid duplicate Lite booking
REVIEW_POSSIBLE_EXISTING_FULL_BOOKING,2026-08-14,10:30:00-11:30:00,2026,4224,14502,,Sahira Parveen,This name already booked as FULL in the same session; avoid duplicate Lite booking
REVIEW_POSSIBLE_EXISTING_FULL_BOOKING,2026-08-14,10:30:00-11:30:00,2026,4226,14502,,Janet Corlis,This name already booked as FULL in the same session; avoid duplicate Lite booking
REVIEW_POSSIBLE_EXISTING_FULL_BOOKING,2026-08-14,10:30:00-11:30:00,2026,4228,14502,,Kowsar Rukhsana,This name already booked as FULL in the same session; avoid duplicate Lite booking
REVIEW_POSSIBLE_EXISTING_FULL_BOOKING,2026-08-14,10:30:00-11:30:00,2026,4229,14502,,Mazhar Iqbal,This name already booked as FULL in the same session; avoid duplicate Lite booking
REVIEW_POSSIBLE_EXISTING_FULL_BOOKING,2026-08-14,10:30:00-11:30:00,2026,4230,14502,,Patricia Lawrence,This name already booked as FULL in the same session; avoid duplicate Lite booking
REVIEW_POSSIBLE_EXISTING_FULL_BOOKING,2026-08-14,15:00:00-16:00:00,2026,4233,14503,,Arshad Mahmood,This name already booked as FULL in the same session; avoid duplicate Lite booking
REVIEW_POSSIBLE_EXISTING_FULL_BOOKING,2026-08-14,15:00:00-16:00:00,2026,4234,14503,,Mazhar Iqbal,This name already booked as FULL in the same session; avoid duplicate Lite booking
REVIEW_POSSIBLE_EXISTING_FULL_BOOKING,2026-08-14,15:00:00-16:00:00,2026,4235,14503,,Thomas Walker,This name already booked as FULL in the same session; avoid duplicate Lite booking
REVIEW_POSSIBLE_EXISTING_FULL_BOOKING,2026-08-14,15:00:00-16:00:00,2026,4236,14503,,Mohammed Sabar,This name already booked as FULL in the same session; avoid duplicate Lite booking
REVIEW_POSSIBLE_EXISTING_FULL_BOOKING,2026-08-14,15:00:00-16:00:00,2026,4237,14503,,Mohammed Fazal,This name already booked as FULL in the same session; avoid duplicate Lite booking
REVIEW_POSSIBLE_EXISTING_FULL_BOOKING,2026-08-14,15:00:00-16:00:00,2026,4239,14503,,Mansoor Malik,This name already booked as FULL in the same session; avoid duplicate Lite booking
REVIEW_POSSIBLE_EXISTING_FULL_BOOKING,2026-08-15,09:45:00-10:45:00,2026,4241,14504,,Shaheen Akhtar,This name already booked as FULL in the same session; avoid duplicate Lite booking
REVIEW_POSSIBLE_EXISTING_FULL_BOOKING,2026-08-15,09:45:00-10:45:00,2026,4242,14504,,Shakila Bibi,This name already booked as FULL in the same session; avoid duplicate Lite booking
REVIEW_POSSIBLE_EXISTING_FULL_BOOKING,2026-08-15,09:45:00-10:45:00,2026,4243,14504,,Yasmin Aslam,This name already booked as FULL in the same session; avoid duplicate Lite booking
REVIEW_POSSIBLE_EXISTING_FULL_BOOKING,2026-08-15,09:45:00-10:45:00,2026,4244,14504,,Fozia Ali,This name already booked as FULL in the same session; avoid duplicate Lite booking
REVIEW_POSSIBLE_EXISTING_FULL_BOOKING,2026-08-15,09:45:00-10:45:00,2026,4245,14504,,Zenab Bi,This name already booked as FULL in the same session; avoid duplicate Lite booking
REVIEW_POSSIBLE_EXISTING_FULL_BOOKING,2026-08-15,09:45:00-10:45:00,2026,4246,14504,,Saida Sharif,This name already booked as FULL in the same session; avoid duplicate Lite booking
REVIEW_POSSIBLE_EXISTING_FULL_BOOKING,2026-08-15,11:00:00-12:00:00,2026,4250,14505,,Zubair Khan,This name already booked as FULL in the same session; avoid duplicate Lite booking
REVIEW_POSSIBLE_EXISTING_FULL_BOOKING,2026-08-15,11:00:00-12:00:00,2026,4252,14505,,Sabir Hussain,This name already booked as FULL in the same session; avoid duplicate Lite booking
REVIEW_POSSIBLE_EXISTING_FULL_BOOKING,2026-08-15,11:00:00-12:00:00,2026,4253,14505,,Raja Ali,This name already booked as FULL in the same session; avoid duplicate Lite booking
REVIEW_POSSIBLE_EXISTING_FULL_BOOKING,2026-08-15,11:00:00-12:00:00,2026,4254,14505,,Zafar Naseem,This name already booked as FULL in the same session; avoid duplicate Lite booking
REVIEW_POSSIBLE_EXISTING_FULL_BOOKING,2026-08-15,11:00:00-12:00:00,2026,4255,14505,,Mohammed Sajid,This name already booked as FULL in the same session; avoid duplicate Lite booking
REVIEW_POSSIBLE_EXISTING_FULL_BOOKING,2026-09-07,11:00:00-12:00:00,2026,4268,4523,,Manzoor Begum,This name already booked as FULL in the same session; avoid duplicate Lite booking
REVIEW_POSSIBLE_EXISTING_FULL_BOOKING,2026-09-07,11:00:00-12:00:00,2026,4269,4523,,Khadija Muhammad,This name already booked as FULL in the same session; avoid duplicate Lite booking
REVIEW_POSSIBLE_EXISTING_FULL_BOOKING,2026-09-07,11:00:00-12:00:00,2026,4274,4523,,Razina Begum,This name already booked as FULL in the same session; avoid duplicate Lite booking
REVIEW_SESSION_FULL,2026-09-07,11:00:00-12:00:00,2026,4275,4523,,Abida Khalid,
REVIEW_SESSION_FULL,2026-09-07,11:00:00-12:00:00,2026,4276,4523,,Sabiha Batool,
REVIEW_POSSIBLE_EXISTING_FULL_BOOKING,2026-09-07,14:00:00-15:00:00,2026,4286,14507,,Mohammed Akram,This name already booked as FULL in the same session; avoid duplicate Lite booking
REVIEW_POSSIBLE_EXISTING_FULL_BOOKING,2026-09-07,14:00:00-15:00:00,2026,4287,14507,,Mansoor Malik,This name already booked as FULL in the same session; avoid duplicate Lite booking
REVIEW_POSSIBLE_EXISTING_FULL_BOOKING,2026-09-07,14:00:00-15:00:00,2026,4288,14507,,Thomas Walker,This name already booked as FULL in the same session; avoid duplicate Lite booking
REVIEW_POSSIBLE_EXISTING_FULL_BOOKING,2026-09-07,14:00:00-15:00:00,2026,4289,14507,,Kamran Khan,This name already booked as FULL in the same session; avoid duplicate Lite booking
REVIEW_POSSIBLE_EXISTING_FULL_BOOKING,2026-09-07,14:00:00-15:00:00,2026,4290,14507,,Mohammed Alyas Hussain,This name already booked as FULL in the same session; avoid duplicate Lite booking
REVIEW_POSSIBLE_EXISTING_FULL_BOOKING,2026-09-07,14:00:00-15:00:00,2026,4291,14507,,Abdul Majid,This name already booked as FULL in the same session; avoid duplicate Lite booking
REVIEW_POSSIBLE_EXISTING_FULL_BOOKING,2026-09-07,14:00:00-15:00:00,2026,4292,14507,,Mohammed khalid,This name already booked as FULL in the same session; avoid duplicate Lite booking
REVIEW_POSSIBLE_EXISTING_FULL_BOOKING,2026-09-07,14:00:00-15:00:00,2026,4293,14507,,Mohammed Yaqoob,This name already booked as FULL in the same session; avoid duplicate Lite booking
REVIEW_POSSIBLE_EXISTING_FULL_BOOKING,2026-09-07,15:00:00-16:00:00,2026,4295,14508,,Laurance Marson,This name already booked as FULL in the same session; avoid duplicate Lite booking
REVIEW_POSSIBLE_EXISTING_FULL_BOOKING,2026-09-07,15:00:00-16:00:00,2026,4296,14508,,Mohammed Ashraf,This name already booked as FULL in the same session; avoid duplicate Lite booking
REVIEW_POSSIBLE_EXISTING_FULL_BOOKING,2026-09-07,15:00:00-16:00:00,2026,4297,14508,,Abdul Wahid Ashraf,This name already booked as FULL in the same session; avoid duplicate Lite booking
REVIEW_POSSIBLE_EXISTING_FULL_BOOKING,2026-09-08,09:30:00-10:30:00,2026,4305,4558,,Rashida Khatoon,This name already booked as FULL in the same session; avoid duplicate Lite booking
REVIEW_POSSIBLE_EXISTING_FULL_BOOKING,2026-09-08,09:30:00-10:30:00,2026,4306,4558,,Zaida Nawaz,This name already booked as FULL in the same session; avoid duplicate Lite booking
REVIEW_POSSIBLE_EXISTING_FULL_BOOKING,2026-09-08,09:30:00-10:30:00,2026,4307,4558,,Shafeen Akhtar,This name already booked as FULL in the same session; avoid duplicate Lite booking
REVIEW_POSSIBLE_EXISTING_FULL_BOOKING,2026-09-08,09:30:00-10:30:00,2026,4310,4558,,Tasleem Ali,This name already booked as FULL in the same session; avoid duplicate Lite booking
REVIEW_POSSIBLE_EXISTING_FULL_BOOKING,2026-09-08,12:00:00-13:00:00,2026,4314,4573,,Kalsoom Akhtar,This name already booked as FULL in the same session; avoid duplicate Lite booking
REVIEW_POSSIBLE_EXISTING_FULL_BOOKING,2026-09-08,12:00:00-13:00:00,2026,4315,4573,,Iqra Nur Hussain,This name already booked as FULL in the same session; avoid duplicate Lite booking
REVIEW_AMBIGUOUS_LITE,2026-09-08,12:00:00-13:00:00,2026,4318,,,Naseem Akhtar,
REVIEW_POSSIBLE_EXISTING_FULL_BOOKING,2026-09-08,12:00:00-13:00:00,2026,4319,4573,,Shamsa Kanwal,This name already booked as FULL in the same session; avoid duplicate Lite booking
REVIEW_POSSIBLE_EXISTING_FULL_BOOKING,2026-09-09,11:00:00-12:00:00,2026,4322,6825,,Sabir Hussain,This name already booked as FULL in the same session; avoid duplicate Lite booking
REVIEW_POSSIBLE_EXISTING_FULL_BOOKING,2026-09-09,11:00:00-12:00:00,2026,4323,6825,,Raja Ali,This name already booked as FULL in the same session; avoid duplicate Lite booking
REVIEW_POSSIBLE_EXISTING_FULL_BOOKING,2026-09-09,11:00:00-12:00:00,2026,4325,6825,,Kamran Khan,This name already booked as FULL in the same session; avoid duplicate Lite booking
REVIEW_SESSION_FULL,2026-09-09,11:00:00-12:00:00,2026,4328,6825,,Mohammed Saleem,
REVIEW_POSSIBLE_EXISTING_FULL_BOOKING,2026-09-09,11:00:00-12:00:00,2026,4329,6825,,Abdul Majid,This name already booked as FULL in the same session; avoid duplicate Lite booking
REVIEW_POSSIBLE_EXISTING_FULL_BOOKING,2026-09-09,11:00:00-12:00:00,2026,4330,6825,,Mohammed Yaqoob,This name already booked as FULL in the same session; avoid duplicate Lite booking
REVIEW_POSSIBLE_EXISTING_FULL_BOOKING,2026-09-09,12:15:00-13:15:00,2026,4331,8834,,Yasmin Mehmood,This name already booked as FULL in the same session; avoid duplicate Lite booking
REVIEW_POSSIBLE_EXISTING_FULL_BOOKING,2026-09-09,12:15:00-13:15:00,2026,4332,8834,,Rifat Bano,This name already booked as FULL in the same session; avoid duplicate Lite booking
REVIEW_POSSIBLE_EXISTING_FULL_BOOKING,2026-09-09,12:15:00-13:15:00,2026,4333,8834,,Maqsood Begum,This name already booked as FULL in the same session; avoid duplicate Lite booking
REVIEW_POSSIBLE_EXISTING_FULL_BOOKING,2026-09-09,12:15:00-13:15:00,2026,4334,8834,,Hameeda Begum,This name already booked as FULL in the same session; avoid duplicate Lite booking
REVIEW_POSSIBLE_EXISTING_FULL_BOOKING,2026-09-10,10:30:00-11:30:00,2026,4341,14668,,Sajida Mahmood,This name already booked as FULL in the same session; avoid duplicate Lite booking
REVIEW_POSSIBLE_EXISTING_FULL_BOOKING,2026-09-10,10:30:00-11:30:00,2026,4342,14668,,Akbar Jan,This name already booked as FULL in the same session; avoid duplicate Lite booking
REVIEW_POSSIBLE_EXISTING_FULL_BOOKING,2026-09-10,10:30:00-11:30:00,2026,4343,14668,,Najabat Bibi,This name already booked as FULL in the same session; avoid duplicate Lite booking
REVIEW_POSSIBLE_EXISTING_FULL_BOOKING,2026-09-10,10:30:00-11:30:00,2026,4344,14668,,Kaneez Akhtar,This name already booked as FULL in the same session; avoid duplicate Lite booking
REVIEW_POSSIBLE_EXISTING_FULL_BOOKING,2026-09-10,10:30:00-11:30:00,2026,4345,14668,,Saeeda Begum,This name already booked as FULL in the same session; avoid duplicate Lite booking
REVIEW_POSSIBLE_EXISTING_FULL_BOOKING,2026-09-10,10:30:00-11:30:00,2026,4346,14668,,Sughra Bibi,This name already booked as FULL in the same session; avoid duplicate Lite booking
REVIEW_POSSIBLE_EXISTING_FULL_BOOKING,2026-09-10,10:30:00-11:30:00,2026,4347,14668,,Saida Sharif,This name already booked as FULL in the same session; avoid duplicate Lite booking
REVIEW_SESSION_FULL,2026-09-10,10:30:00-11:30:00,2026,4348,14668,,Fayaz Begum,
REVIEW_POSSIBLE_EXISTING_FULL_BOOKING,2026-09-10,12:00:00-13:00:00,2026,4349,14682,,Ghazala Bibi,This name already booked as FULL in the same session; avoid duplicate Lite booking
REVIEW_POSSIBLE_EXISTING_FULL_BOOKING,2026-09-10,12:00:00-13:00:00,2026,4350,14682,,Shazia Bibi,This name already booked as FULL in the same session; avoid duplicate Lite booking
REVIEW_POSSIBLE_EXISTING_FULL_BOOKING,2026-09-10,12:00:00-13:00:00,2026,4352,14682,,Farzana Saleem,This name already booked as FULL in the same session; avoid duplicate Lite booking
REVIEW_POSSIBLE_EXISTING_FULL_BOOKING,2026-09-10,12:00:00-13:00:00,2026,4353,14682,,Shafia begum,This name already booked as FULL in the same session; avoid duplicate Lite booking
REVIEW_POSSIBLE_EXISTING_FULL_BOOKING,2026-09-10,12:00:00-13:00:00,2026,4355,14682,,Abida Khalid,This name already booked as FULL in the same session; avoid duplicate Lite booking
REVIEW_SESSION_FULL,2026-09-10,12:00:00-13:00:00,2026,4356,14682,,Iqra Nur Hussain,
REVIEW_POSSIBLE_EXISTING_FULL_BOOKING,2026-09-10,12:00:00-13:00:00,2026,4357,14682,,Safeena Bibi,This name already booked as FULL in the same session; avoid duplicate Lite booking
REVIEW_POSSIBLE_EXISTING_FULL_BOOKING,2026-09-10,17:00:00-18:00:00,2026,4368,14696,,Nagina Ikram,This name already booked as FULL in the same session; avoid duplicate Lite booking
REVIEW_POSSIBLE_EXISTING_FULL_BOOKING,2026-09-10,17:00:00-18:00:00,2026,4369,14696,,Kowsar Rukhsana,This name already booked as FULL in the same session; avoid duplicate Lite booking
REVIEW_POSSIBLE_EXISTING_FULL_BOOKING,2026-09-10,17:00:00-18:00:00,2026,4370,14696,,Fozia Hafiz,This name already booked as FULL in the same session; avoid duplicate Lite booking
REVIEW_POSSIBLE_EXISTING_FULL_BOOKING,2026-09-10,17:00:00-18:00:00,2026,4371,14696,,Sultana Parveen,This name already booked as FULL in the same session; avoid duplicate Lite booking
REVIEW_POSSIBLE_EXISTING_FULL_BOOKING,2026-09-10,17:00:00-18:00:00,2026,4372,14696,,Sahira Parveen,This name already booked as FULL in the same session; avoid duplicate Lite booking
REVIEW_POSSIBLE_EXISTING_FULL_BOOKING,2026-09-11,10:30:00-11:30:00,2026,4386,16254,,Janet Corlis,This name already booked as FULL in the same session; avoid duplicate Lite booking
REVIEW_POSSIBLE_EXISTING_FULL_BOOKING,2026-09-11,10:30:00-11:30:00,2026,4387,16254,,Kowsar Rukhsana,This name already booked as FULL in the same session; avoid duplicate Lite booking
REVIEW_POSSIBLE_EXISTING_FULL_BOOKING,2026-09-11,10:30:00-11:30:00,2026,4388,16254,,Mazhar Iqbal,This name already booked as FULL in the same session; avoid duplicate Lite booking
REVIEW_POSSIBLE_EXISTING_FULL_BOOKING,2026-09-11,10:30:00-11:30:00,2026,4389,16254,,Patricia Lawrence,This name already booked as FULL in the same session; avoid duplicate Lite booking
REVIEW_POSSIBLE_EXISTING_FULL_BOOKING,2026-09-14,11:00:00-12:00:00,2026,4421,16286,,Khadija Muhammad,This name already booked as FULL in the same session; avoid duplicate Lite booking
REVIEW_POSSIBLE_EXISTING_FULL_BOOKING,2026-09-14,11:00:00-12:00:00,2026,4424,16286,,Razina Begum,This name already booked as FULL in the same session; avoid duplicate Lite booking
REVIEW_POSSIBLE_EXISTING_FULL_BOOKING,2026-09-14,11:00:00-12:00:00,2026,4425,16286,,Mahroof Bibi,This name already booked as FULL in the same session; avoid duplicate Lite booking
REVIEW_POSSIBLE_EXISTING_FULL_BOOKING,2026-09-14,11:00:00-12:00:00,2026,4426,16286,,Abida Hussain,This name already booked as FULL in the same session; avoid duplicate Lite booking
REVIEW_POSSIBLE_EXISTING_FULL_BOOKING,2026-09-14,11:00:00-12:00:00,2026,4427,16286,,Saida Sharif,This name already booked as FULL in the same session; avoid duplicate Lite booking
REVIEW_SESSION_FULL,2026-09-14,11:00:00-12:00:00,2026,4428,,,Nadifa Ahmed,New Lite identity not created because the session is full
REVIEW_SESSION_FULL,2026-09-14,11:00:00-12:00:00,2026,4429,16286,,Nahedah Yunis,
REVIEW_POSSIBLE_EXISTING_FULL_BOOKING,2026-09-14,12:30:00-13:30:00,2026,4430,16301,,Rubina Nadeem,This name already booked as FULL in the same session; avoid duplicate Lite booking
REVIEW_POSSIBLE_EXISTING_FULL_BOOKING,2026-09-14,12:30:00-13:30:00,2026,4431,16301,,Nusrat Bibi,This name already booked as FULL in the same session; avoid duplicate Lite booking
REVIEW_POSSIBLE_EXISTING_FULL_BOOKING,2026-09-14,12:30:00-13:30:00,2026,4432,16301,,Nahedah Yunis,This name already booked as FULL in the same session; avoid duplicate Lite booking
REVIEW_POSSIBLE_EXISTING_FULL_BOOKING,2026-09-14,12:30:00-13:30:00,2026,4433,16301,,Yasmeen Khan,This name already booked as FULL in the same session; avoid duplicate Lite booking
REVIEW_POSSIBLE_EXISTING_FULL_BOOKING,2026-09-14,12:30:00-13:30:00,2026,4435,16301,,Suk Lin (Monica) Mok,This name already booked as FULL in the same session; avoid duplicate Lite booking
REVIEW_POSSIBLE_EXISTING_FULL_BOOKING,2026-09-14,12:30:00-13:30:00,2026,4436,16301,,Nasreen Hussain,This name already booked as FULL in the same session; avoid duplicate Lite booking
REVIEW_POSSIBLE_EXISTING_FULL_BOOKING,2026-09-14,12:30:00-13:30:00,2026,4437,16301,,Uzma Masroor,This name already booked as FULL in the same session; avoid duplicate Lite booking
REVIEW_POSSIBLE_EXISTING_FULL_BOOKING,2026-09-14,12:30:00-13:30:00,2026,4438,16301,,Zubaida Shaheen,This name already booked as FULL in the same session; avoid duplicate Lite booking
REVIEW_POSSIBLE_EXISTING_FULL_BOOKING,2026-09-15,09:30:00-10:30:00,2026,4458,4559,,Rashida Khatoon,This name already booked as FULL in the same session; avoid duplicate Lite booking
REVIEW_POSSIBLE_EXISTING_FULL_BOOKING,2026-09-15,09:30:00-10:30:00,2026,4459,4559,,Zaida Nawaz,This name already booked as FULL in the same session; avoid duplicate Lite booking
REVIEW_POSSIBLE_EXISTING_FULL_BOOKING,2026-09-15,09:30:00-10:30:00,2026,4460,4559,,Shafeen Akhtar,This name already booked as FULL in the same session; avoid duplicate Lite booking
REVIEW_POSSIBLE_EXISTING_FULL_BOOKING,2026-09-15,09:30:00-10:30:00,2026,4461,4559,,Tasleem Ali,This name already booked as FULL in the same session; avoid duplicate Lite booking
REVIEW_POSSIBLE_EXISTING_FULL_BOOKING,2026-09-15,12:00:00-13:00:00,2026,4466,4574,,Jamila Khatoon,This name already booked as FULL in the same session; avoid duplicate Lite booking
REVIEW_POSSIBLE_EXISTING_FULL_BOOKING,2026-09-15,12:00:00-13:00:00,2026,4467,4574,,Kalsoom Akhtar,This name already booked as FULL in the same session; avoid duplicate Lite booking
REVIEW_POSSIBLE_EXISTING_FULL_BOOKING,2026-09-15,12:00:00-13:00:00,2026,4468,4574,,Shamsa Kanwal,This name already booked as FULL in the same session; avoid duplicate Lite booking
REVIEW_POSSIBLE_EXISTING_FULL_BOOKING,2026-09-15,12:00:00-13:00:00,2026,4469,4574,,Azra Rehman,This name already booked as FULL in the same session; avoid duplicate Lite booking
REVIEW_POSSIBLE_EXISTING_FULL_BOOKING,2026-09-15,12:00:00-13:00:00,2026,4470,4574,,Naseem Akhtar,This name already booked as FULL in the same session; avoid duplicate Lite booking
REVIEW_POSSIBLE_EXISTING_FULL_BOOKING,2026-09-15,12:00:00-13:00:00,2026,4471,4574,,Shazia Bibi,This name already booked as FULL in the same session; avoid duplicate Lite booking
REVIEW_POSSIBLE_EXISTING_FULL_BOOKING,2026-09-15,12:00:00-13:00:00,2026,4472,4574,,Safeena Bibi,This name already booked as FULL in the same session; avoid duplicate Lite booking
REVIEW_POSSIBLE_EXISTING_FULL_BOOKING,2026-09-15,12:00:00-13:00:00,2026,4473,4574,,Khalida Parveen,This name already booked as FULL in the same session; avoid duplicate Lite booking
REVIEW_POSSIBLE_EXISTING_FULL_BOOKING,2026-09-15,12:00:00-13:00:00,2026,4474,4574,,Iqra Nur Hussain,This name already booked as FULL in the same session; avoid duplicate Lite booking
REVIEW_POSSIBLE_EXISTING_FULL_BOOKING,2026-09-16,11:00:00-12:00:00,2026,4476,6826,,Kamran Khan,This name already booked as FULL in the same session; avoid duplicate Lite booking
REVIEW_POSSIBLE_EXISTING_FULL_BOOKING,2026-09-16,11:00:00-12:00:00,2026,4477,6826,,Raja Ali,This name already booked as FULL in the same session; avoid duplicate Lite booking
REVIEW_POSSIBLE_EXISTING_FULL_BOOKING,2026-09-16,11:00:00-12:00:00,2026,4478,6826,,Abdul Majid,This name already booked as FULL in the same session; avoid duplicate Lite booking
REVIEW_POSSIBLE_EXISTING_FULL_BOOKING,2026-09-16,11:00:00-12:00:00,2026,4480,6826,,Sabir Hussain,This name already booked as FULL in the same session; avoid duplicate Lite booking
REVIEW_POSSIBLE_EXISTING_FULL_BOOKING,2026-09-16,11:00:00-12:00:00,2026,4481,6826,,Mohammed Yaqoob,This name already booked as FULL in the same session; avoid duplicate Lite booking
REVIEW_SESSION_FULL,2026-09-16,11:00:00-12:00:00,2026,4483,6826,,Mohammed Akram,
REVIEW_POSSIBLE_EXISTING_FULL_BOOKING,2026-09-16,12:15:00-13:15:00,2026,4486,8835,,Maqsood Begum,This name already booked as FULL in the same session; avoid duplicate Lite booking
REVIEW_POSSIBLE_EXISTING_FULL_BOOKING,2026-09-16,12:15:00-13:15:00,2026,4487,8835,,Hameeda Begum,This name already booked as FULL in the same session; avoid duplicate Lite booking
REVIEW_POSSIBLE_EXISTING_FULL_BOOKING,2026-09-16,12:15:00-13:15:00,2026,4488,8835,,Yasmin Mehmood,This name already booked as FULL in the same session; avoid duplicate Lite booking
REVIEW_POSSIBLE_EXISTING_FULL_BOOKING,2026-09-17,10:30:00-11:30:00,2026,4494,14669,,Kaneez Akhtar,This name already booked as FULL in the same session; avoid duplicate Lite booking
REVIEW_POSSIBLE_EXISTING_FULL_BOOKING,2026-09-17,10:30:00-11:30:00,2026,4495,14669,,Najabat Bibi,This name already booked as FULL in the same session; avoid duplicate Lite booking
REVIEW_POSSIBLE_EXISTING_FULL_BOOKING,2026-09-17,10:30:00-11:30:00,2026,4497,14669,,Sajida Mahmood,This name already booked as FULL in the same session; avoid duplicate Lite booking
REVIEW_POSSIBLE_EXISTING_FULL_BOOKING,2026-09-17,10:30:00-11:30:00,2026,4498,14669,,Sughra Bibi,This name already booked as FULL in the same session; avoid duplicate Lite booking
REVIEW_POSSIBLE_EXISTING_FULL_BOOKING,2026-09-17,10:30:00-11:30:00,2026,4499,14669,,Akbar Jan,This name already booked as FULL in the same session; avoid duplicate Lite booking
REVIEW_SESSION_FULL,2026-09-17,10:30:00-11:30:00,2026,4500,14669,,Saida Sharif,
REVIEW_POSSIBLE_EXISTING_FULL_BOOKING,2026-09-17,10:30:00-11:30:00,2026,4501,14669,,Janet Corlis,This name already booked as FULL in the same session; avoid duplicate Lite booking
REVIEW_POSSIBLE_EXISTING_FULL_BOOKING,2026-09-17,12:00:00-13:00:00,2026,4505,14683,,Farzana Saleem,This name already booked as FULL in the same session; avoid duplicate Lite booking
REVIEW_POSSIBLE_EXISTING_FULL_BOOKING,2026-09-17,12:00:00-13:00:00,2026,4506,14683,,Shafia begum,This name already booked as FULL in the same session; avoid duplicate Lite booking
REVIEW_POSSIBLE_EXISTING_FULL_BOOKING,2026-09-17,12:00:00-13:00:00,2026,4507,14683,,Abida Khalid,This name already booked as FULL in the same session; avoid duplicate Lite booking
REVIEW_SESSION_FULL,2026-09-17,12:00:00-13:00:00,2026,4508,14683,,Janat Iqbal,
REVIEW_POSSIBLE_EXISTING_FULL_BOOKING,2026-09-17,17:00:00-18:00:00,2026,4520,14697,,Shaheen Akhtar,This name already booked as FULL in the same session; avoid duplicate Lite booking
REVIEW_POSSIBLE_EXISTING_FULL_BOOKING,2026-09-17,17:00:00-18:00:00,2026,4521,14697,,Kowsar Rukhsana,This name already booked as FULL in the same session; avoid duplicate Lite booking
REVIEW_POSSIBLE_EXISTING_FULL_BOOKING,2026-09-17,17:00:00-18:00:00,2026,4522,14697,,Fozia Hafiz,This name already booked as FULL in the same session; avoid duplicate Lite booking
REVIEW_POSSIBLE_EXISTING_FULL_BOOKING,2026-09-17,17:00:00-18:00:00,2026,4523,14697,,Nagina Ikram,This name already booked as FULL in the same session; avoid duplicate Lite booking
REVIEW_POSSIBLE_EXISTING_FULL_BOOKING,2026-09-18,10:30:00-11:30:00,2026,4538,16255,,Patricia Lawrence,This name already booked as FULL in the same session; avoid duplicate Lite booking
REVIEW_POSSIBLE_EXISTING_FULL_BOOKING,2026-09-18,10:30:00-11:30:00,2026,4539,16255,,Mazhar Iqbal,This name already booked as FULL in the same session; avoid duplicate Lite booking
REVIEW_SESSION_FULL,2026-09-21,11:00:00-12:00:00,2026,4575,,,Nadifa Ahmed,New Lite identity not created because the session is full
REVIEW_POSSIBLE_EXISTING_FULL_BOOKING,2026-09-21,11:00:00-12:00:00,2026,4576,16287,,Manzoor Begum,This name already booked as FULL in the same session; avoid duplicate Lite booking
REVIEW_SESSION_FULL,2026-09-21,11:00:00-12:00:00,2026,4577,16287,,Razmeen Zafar Naseem,
REVIEW_POSSIBLE_EXISTING_FULL_BOOKING,2026-09-21,11:00:00-12:00:00,2026,4578,16287,,Nahedah Yunis,This name already booked as FULL in the same session; avoid duplicate Lite booking
REVIEW_POSSIBLE_EXISTING_FULL_BOOKING,2026-09-21,11:00:00-12:00:00,2026,4579,16287,,Khadija Muhammad,This name already booked as FULL in the same session; avoid duplicate Lite booking
REVIEW_POSSIBLE_EXISTING_FULL_BOOKING,2026-09-21,11:00:00-12:00:00,2026,4580,16287,,Saida Sharif,This name already booked as FULL in the same session; avoid duplicate Lite booking
REVIEW_SESSION_FULL,2026-09-21,11:00:00-12:00:00,2026,4581,16287,,Shakeela Bibi,
REVIEW_SESSION_FULL,2026-09-21,11:00:00-12:00:00,2026,4582,16287,,Abida Khalid,
REVIEW_POSSIBLE_EXISTING_FULL_BOOKING,2026-09-21,12:30:00-13:30:00,2026,4583,16302,,Nagina Ikram,This name already booked as FULL in the same session; avoid duplicate Lite booking
REVIEW_SESSION_FULL,2026-09-21,12:30:00-13:30:00,2026,4584,16302,,Sardar Begum,
REVIEW_SESSION_FULL,2026-09-21,12:30:00-13:30:00,2026,4585,16302,,Abida Khalid,
REVIEW_POSSIBLE_EXISTING_FULL_BOOKING,2026-09-21,12:30:00-13:30:00,2026,4586,16302,,Uzma Masroor,This name already booked as FULL in the same session; avoid duplicate Lite booking
REVIEW_POSSIBLE_EXISTING_FULL_BOOKING,2026-09-21,12:30:00-13:30:00,2026,4587,16302,,Yasmeen Khan,This name already booked as FULL in the same session; avoid duplicate Lite booking
REVIEW_POSSIBLE_EXISTING_FULL_BOOKING,2026-09-21,12:30:00-13:30:00,2026,4588,16302,,Nasreen Hussain,This name already booked as FULL in the same session; avoid duplicate Lite booking
REVIEW_POSSIBLE_EXISTING_FULL_BOOKING,2026-09-21,12:30:00-13:30:00,2026,4589,16302,,Rubina Nadeem,This name already booked as FULL in the same session; avoid duplicate Lite booking
REVIEW_POSSIBLE_EXISTING_FULL_BOOKING,2026-09-21,12:30:00-13:30:00,2026,4590,16302,,Nusrat Bibi,This name already booked as FULL in the same session; avoid duplicate Lite booking
REVIEW_POSSIBLE_EXISTING_FULL_BOOKING,2026-09-21,12:30:00-13:30:00,2026,4591,16302,,Zubaida Shaheen,This name already booked as FULL in the same session; avoid duplicate Lite booking
REVIEW_EXCEL_CAPACITY_BLOCK,2026-09-21,14:00:00-15:00:00,2026,4592,,,,
REVIEW_POSSIBLE_EXISTING_FULL_BOOKING,2026-09-22,09:30:00-10:30:00,2026,4610,4560,,Rashida Khatoon,This name already booked as FULL in the same session; avoid duplicate Lite booking
REVIEW_POSSIBLE_EXISTING_FULL_BOOKING,2026-09-22,09:30:00-10:30:00,2026,4611,4560,,Zaida Nawaz,This name already booked as FULL in the same session; avoid duplicate Lite booking
REVIEW_POSSIBLE_EXISTING_FULL_BOOKING,2026-09-22,09:30:00-10:30:00,2026,4612,4560,,Shafeen Akhtar,This name already booked as FULL in the same session; avoid duplicate Lite booking
REVIEW_POSSIBLE_EXISTING_FULL_BOOKING,2026-09-22,09:30:00-10:30:00,2026,4615,4560,,Maqsood Begum,This name already booked as FULL in the same session; avoid duplicate Lite booking
REVIEW_POSSIBLE_EXISTING_FULL_BOOKING,2026-09-22,09:30:00-10:30:00,2026,4616,4560,,Tahseen Fatima Hussain,This name already booked as FULL in the same session; avoid duplicate Lite booking
REVIEW_POSSIBLE_EXISTING_FULL_BOOKING,2026-09-22,09:30:00-10:30:00,2026,4617,4560,,Mahroof Bibi,This name already booked as FULL in the same session; avoid duplicate Lite booking
REVIEW_SESSION_FULL,2026-09-22,09:30:00-10:30:00,2026,4618,,,Uzma Ikhlaq,New Lite identity not created because the session is full
REVIEW_POSSIBLE_EXISTING_FULL_BOOKING,2026-09-22,12:00:00-13:00:00,2026,4619,4575,,Shazia Bibi,This name already booked as FULL in the same session; avoid duplicate Lite booking
REVIEW_POSSIBLE_EXISTING_FULL_BOOKING,2026-09-22,12:00:00-13:00:00,2026,4620,4575,,Shamsa Kanwal,This name already booked as FULL in the same session; avoid duplicate Lite booking
REVIEW_POSSIBLE_EXISTING_FULL_BOOKING,2026-09-22,12:00:00-13:00:00,2026,4621,4575,,Kalsoom Akhtar,This name already booked as FULL in the same session; avoid duplicate Lite booking
REVIEW_POSSIBLE_EXISTING_FULL_BOOKING,2026-09-22,12:00:00-13:00:00,2026,4622,4575,,Iqra Nur Hussain,This name already booked as FULL in the same session; avoid duplicate Lite booking
REVIEW_POSSIBLE_EXISTING_FULL_BOOKING,2026-09-22,12:00:00-13:00:00,2026,4625,4575,,Naseem Akhtar,This name already booked as FULL in the same session; avoid duplicate Lite booking
REVIEW_POSSIBLE_EXISTING_FULL_BOOKING,2026-09-22,12:00:00-13:00:00,2026,4626,4575,,Khalida Parveen,This name already booked as FULL in the same session; avoid duplicate Lite booking
REVIEW_POSSIBLE_EXISTING_FULL_BOOKING,2026-09-23,12:15:00-13:15:00,2026,4637,8836,,Angela Cross,This name already booked as FULL in the same session; avoid duplicate Lite booking
REVIEW_POSSIBLE_EXISTING_FULL_BOOKING,2026-09-23,12:15:00-13:15:00,2026,4638,8836,,Maqsood Begum,This name already booked as FULL in the same session; avoid duplicate Lite booking
REVIEW_POSSIBLE_EXISTING_FULL_BOOKING,2026-09-23,12:15:00-13:15:00,2026,4639,8836,,Hameeda Begum,This name already booked as FULL in the same session; avoid duplicate Lite booking
REVIEW_POSSIBLE_EXISTING_FULL_BOOKING,2026-09-23,12:15:00-13:15:00,2026,4640,8836,,Yasmin Mehmood,This name already booked as FULL in the same session; avoid duplicate Lite booking
REVIEW_POSSIBLE_EXISTING_FULL_BOOKING,2026-09-23,12:15:00-13:15:00,2026,4641,8836,,Rifat Bano,This name already booked as FULL in the same session; avoid duplicate Lite booking
REVIEW_POSSIBLE_EXISTING_FULL_BOOKING,2026-09-24,10:30:00-11:30:00,2026,4646,14670,,Sajida Mahmood,This name already booked as FULL in the same session; avoid duplicate Lite booking
REVIEW_POSSIBLE_EXISTING_FULL_BOOKING,2026-09-24,10:30:00-11:30:00,2026,4647,14670,,Janet Corlis,This name already booked as FULL in the same session; avoid duplicate Lite booking
REVIEW_POSSIBLE_EXISTING_FULL_BOOKING,2026-09-24,10:30:00-11:30:00,2026,4650,14670,,Kaneez Akhtar,This name already booked as FULL in the same session; avoid duplicate Lite booking
REVIEW_SESSION_FULL,2026-09-24,10:30:00-11:30:00,2026,4651,14670,,Akbar Jan,
REVIEW_POSSIBLE_EXISTING_FULL_BOOKING,2026-09-24,10:30:00-11:30:00,2026,4652,14670,,Najabat Bibi,This name already booked as FULL in the same session; avoid duplicate Lite booking
REVIEW_POSSIBLE_EXISTING_FULL_BOOKING,2026-09-24,10:30:00-11:30:00,2026,4653,14670,,Sughra Bibi,This name already booked as FULL in the same session; avoid duplicate Lite booking
REVIEW_SESSION_FULL,2026-09-24,10:30:00-11:30:00,2026,4654,14670,,Safeena Bibi,
REVIEW_POSSIBLE_EXISTING_FULL_BOOKING,2026-09-24,12:00:00-13:00:00,2026,4655,14684,,Razina Begum,This name already booked as FULL in the same session; avoid duplicate Lite booking
REVIEW_POSSIBLE_EXISTING_FULL_BOOKING,2026-09-24,12:00:00-13:00:00,2026,4656,14684,,Safeena Bibi,This name already booked as FULL in the same session; avoid duplicate Lite booking
REVIEW_POSSIBLE_EXISTING_FULL_BOOKING,2026-09-24,12:00:00-13:00:00,2026,4657,14684,,Nadia Ghias,This name already booked as FULL in the same session; avoid duplicate Lite booking
REVIEW_POSSIBLE_EXISTING_FULL_BOOKING,2026-09-24,12:00:00-13:00:00,2026,4658,14684,,Nuzhat Parveen,This name already booked as FULL in the same session; avoid duplicate Lite booking
REVIEW_POSSIBLE_EXISTING_FULL_BOOKING,2026-09-24,12:00:00-13:00:00,2026,4659,14684,,Janat Iqbal,This name already booked as FULL in the same session; avoid duplicate Lite booking
REVIEW_POSSIBLE_EXISTING_FULL_BOOKING,2026-09-24,12:00:00-13:00:00,2026,4660,14684,,Shafia begum,This name already booked as FULL in the same session; avoid duplicate Lite booking
REVIEW_SESSION_FULL,2026-09-24,12:00:00-13:00:00,2026,4661,14684,,Nasreen Amjad,
REVIEW_POSSIBLE_EXISTING_FULL_BOOKING,2026-09-24,12:00:00-13:00:00,2026,4662,14684,,Jamila Khatoon,This name already booked as FULL in the same session; avoid duplicate Lite booking
REVIEW_POSSIBLE_EXISTING_FULL_BOOKING,2026-09-24,12:00:00-13:00:00,2026,4663,14684,,Farzana Saleem,This name already booked as FULL in the same session; avoid duplicate Lite booking
REVIEW_POSSIBLE_EXISTING_FULL_BOOKING,2026-09-24,17:00:00-18:00:00,2026,4673,14698,,Shaheen Akhtar,This name already booked as FULL in the same session; avoid duplicate Lite booking
REVIEW_POSSIBLE_EXISTING_FULL_BOOKING,2026-09-24,17:00:00-18:00:00,2026,4674,14698,,Sultana Parveen,This name already booked as FULL in the same session; avoid duplicate Lite booking
REVIEW_POSSIBLE_EXISTING_FULL_BOOKING,2026-09-24,17:00:00-18:00:00,2026,4675,14698,,Sahira Parveen,This name already booked as FULL in the same session; avoid duplicate Lite booking
REVIEW_POSSIBLE_EXISTING_FULL_BOOKING,2026-09-25,10:30:00-11:30:00,2026,4691,16256,,Mazhar Iqbal,This name already booked as FULL in the same session; avoid duplicate Lite booking
REVIEW_POSSIBLE_EXISTING_FULL_BOOKING,2026-09-25,10:30:00-11:30:00,2026,4692,16256,,Patricia Lawrence,This name already booked as FULL in the same session; avoid duplicate Lite booking
REVIEW_POSSIBLE_EXISTING_FULL_BOOKING,2026-09-29,09:30:00-10:30:00,2026,4763,4561,,Rashida Khatoon,This name already booked as FULL in the same session; avoid duplicate Lite booking
REVIEW_POSSIBLE_EXISTING_FULL_BOOKING,2026-09-29,09:30:00-10:30:00,2026,4764,4561,,Shafeen Akhtar,This name already booked as FULL in the same session; avoid duplicate Lite booking
REVIEW_POSSIBLE_EXISTING_FULL_BOOKING,2026-09-29,09:30:00-10:30:00,2026,4765,4561,,Zaida Nawaz,This name already booked as FULL in the same session; avoid duplicate Lite booking
REVIEW_POSSIBLE_EXISTING_FULL_BOOKING,2026-09-29,09:30:00-10:30:00,2026,4766,4561,,Maqsood Begum,This name already booked as FULL in the same session; avoid duplicate Lite booking
REVIEW_POSSIBLE_EXISTING_FULL_BOOKING,2026-09-29,09:30:00-10:30:00,2026,4767,4561,,Tahseen Fatima Hussain,This name already booked as FULL in the same session; avoid duplicate Lite booking
REVIEW_POSSIBLE_EXISTING_FULL_BOOKING,2026-09-29,09:30:00-10:30:00,2026,4768,4561,,Uzma Ikhlaq,This name already booked as FULL in the same session; avoid duplicate Lite booking
REVIEW_POSSIBLE_EXISTING_FULL_BOOKING,2026-09-29,09:30:00-10:30:00,2026,4769,4561,,Balqees Akhtar,This name already booked as FULL in the same session; avoid duplicate Lite booking
REVIEW_POSSIBLE_EXISTING_FULL_BOOKING,2026-09-29,09:30:00-10:30:00,2026,4771,4561,,Kaneez Akhtar,This name already booked as FULL in the same session; avoid duplicate Lite booking
REVIEW_AMBIGUOUS_LITE,2026-09-29,12:00:00-13:00:00,2026,4778,,,Naseem Akhtar,
REVIEW_POSSIBLE_EXISTING_FULL_BOOKING,2026-10-01,10:30:00-11:30:00,2026,4799,14671,,Saeeda Begum,This name already booked as FULL in the same session; avoid duplicate Lite booking
REVIEW_POSSIBLE_EXISTING_FULL_BOOKING,2026-10-01,10:30:00-11:30:00,2026,4801,14671,,Sajida Mahmood,This name already booked as FULL in the same session; avoid duplicate Lite booking
REVIEW_POSSIBLE_EXISTING_FULL_BOOKING,2026-10-01,10:30:00-11:30:00,2026,4802,14671,,Najabat Bibi,This name already booked as FULL in the same session; avoid duplicate Lite booking
REVIEW_POSSIBLE_EXISTING_FULL_BOOKING,2026-10-01,10:30:00-11:30:00,2026,4804,14671,,Janet Corlis,This name already booked as FULL in the same session; avoid duplicate Lite booking
REVIEW_POSSIBLE_EXISTING_FULL_BOOKING,2026-10-01,10:30:00-11:30:00,2026,4805,14671,,Shakila Bi,This name already booked as FULL in the same session; avoid duplicate Lite booking
REVIEW_SESSION_FULL,2026-10-01,10:30:00-11:30:00,2026,4807,14671,,Azra Rehman,
REVIEW_POSSIBLE_EXISTING_FULL_BOOKING,2026-10-01,12:00:00-13:00:00,2026,4808,14685,,Samina Javed,This name already booked as FULL in the same session; avoid duplicate Lite booking
REVIEW_POSSIBLE_EXISTING_FULL_BOOKING,2026-10-01,12:00:00-13:00:00,2026,4809,14685,,Ghazala Bibi,This name already booked as FULL in the same session; avoid duplicate Lite booking
REVIEW_POSSIBLE_EXISTING_FULL_BOOKING,2026-10-01,12:00:00-13:00:00,2026,4811,14685,,Farzana Saleem,This name already booked as FULL in the same session; avoid duplicate Lite booking
REVIEW_POSSIBLE_EXISTING_FULL_BOOKING,2026-10-01,12:00:00-13:00:00,2026,4812,14685,,Nuzhat Parveen,This name already booked as FULL in the same session; avoid duplicate Lite booking
REVIEW_POSSIBLE_EXISTING_FULL_BOOKING,2026-10-01,12:00:00-13:00:00,2026,4813,14685,,Nadia Ghias,This name already booked as FULL in the same session; avoid duplicate Lite booking
REVIEW_POSSIBLE_EXISTING_FULL_BOOKING,2026-10-01,12:00:00-13:00:00,2026,4814,14685,,Razina Begum,This name already booked as FULL in the same session; avoid duplicate Lite booking
REVIEW_SESSION_FULL,2026-10-01,12:00:00-13:00:00,2026,4815,14685,,Janat Iqbal,
REVIEW_POSSIBLE_EXISTING_FULL_BOOKING,2026-10-01,12:00:00-13:00:00,2026,4816,14685,,Shafia begum,This name already booked as FULL in the same session; avoid duplicate Lite booking
REVIEW_DUPLICATE_CRM_SESSIONS,2026-10-02,09:30:00-10:30:00,2026,4835,,,,"Same Innerva date/time appears multiple times in CRM: 8628,16914"
REVIEW_POSSIBLE_EXISTING_FULL_BOOKING,2026-10-02,10:30:00-11:30:00,2026,4844,16257,,Janet Corlis,This name already booked as FULL in the same session; avoid duplicate Lite booking
REVIEW_POSSIBLE_EXISTING_FULL_BOOKING,2026-10-02,10:30:00-11:30:00,2026,4846,16257,,Mazhar Iqbal,This name already booked as FULL in the same session; avoid duplicate Lite booking
REVIEW_LITE_DOB_CONFLICT,2026-10-02,10:30:00-11:30:00,2026,4847,,,Kowsar Rukhsana,
REVIEW_DUPLICATE_CRM_SESSIONS,2026-10-02,15:00:00-16:00:00,2026,4853,,,,"Same Innerva date/time appears multiple times in CRM: 8643,16927"
REVIEW_POSSIBLE_EXISTING_FULL_BOOKING,2026-10-05,11:00:00-12:00:00,2026,4882,16289,,Mahroof Bibi,This name already booked as FULL in the same session; avoid duplicate Lite booking
REVIEW_POSSIBLE_EXISTING_FULL_BOOKING,2026-10-05,11:00:00-12:00:00,2026,4883,16289,,Shabeena Kausar,This name already booked as FULL in the same session; avoid duplicate Lite booking
REVIEW_POSSIBLE_EXISTING_FULL_BOOKING,2026-10-05,11:00:00-12:00:00,2026,4884,16289,,Shazia Bibi,This name already booked as FULL in the same session; avoid duplicate Lite booking
REVIEW_POSSIBLE_EXISTING_FULL_BOOKING,2026-10-05,11:00:00-12:00:00,2026,4885,16289,,Shakeela Bibi,This name already booked as FULL in the same session; avoid duplicate Lite booking
REVIEW_SESSION_FULL,2026-10-05,11:00:00-12:00:00,2026,4886,16289,,Nasreen Akhtar,
REVIEW_POSSIBLE_EXISTING_FULL_BOOKING,2026-10-05,11:00:00-12:00:00,2026,4887,16289,,Jamila Khatoon,This name already booked as FULL in the same session; avoid duplicate Lite booking
REVIEW_POSSIBLE_EXISTING_FULL_BOOKING,2026-10-05,11:00:00-12:00:00,2026,4888,16289,,Suk Lin (Monica) Mok,This name already booked as FULL in the same session; avoid duplicate Lite booking
REVIEW_POSSIBLE_EXISTING_FULL_BOOKING,2026-10-05,12:30:00-13:30:00,2026,4890,16304,,Rifat Sultana,This name already booked as FULL in the same session; avoid duplicate Lite booking
REVIEW_POSSIBLE_EXISTING_FULL_BOOKING,2026-10-05,12:30:00-13:30:00,2026,4891,16304,,Rubina Nadeem,This name already booked as FULL in the same session; avoid duplicate Lite booking
REVIEW_POSSIBLE_EXISTING_FULL_BOOKING,2026-10-05,12:30:00-13:30:00,2026,4892,16304,,Uzma Masroor,This name already booked as FULL in the same session; avoid duplicate Lite booking
REVIEW_POSSIBLE_EXISTING_FULL_BOOKING,2026-10-05,12:30:00-13:30:00,2026,4894,16304,,Nagina Ikram,This name already booked as FULL in the same session; avoid duplicate Lite booking
REVIEW_POSSIBLE_EXISTING_FULL_BOOKING,2026-10-05,12:30:00-13:30:00,2026,4895,16304,,Abida Khalid,This name already booked as FULL in the same session; avoid duplicate Lite booking
REVIEW_POSSIBLE_EXISTING_FULL_BOOKING,2026-10-05,12:30:00-13:30:00,2026,4896,16304,,Nasreen Hussain,This name already booked as FULL in the same session; avoid duplicate Lite booking
REVIEW_POSSIBLE_EXISTING_FULL_BOOKING,2026-10-05,12:30:00-13:30:00,2026,4897,16304,,Nusrat Bibi,This name already booked as FULL in the same session; avoid duplicate Lite booking
REVIEW_LITE_DOB_CONFLICT,2026-10-05,15:00:00-16:00:00,2026,4910,,,Arshad Mahmood,
REVIEW_POSSIBLE_EXISTING_FULL_BOOKING,2026-10-06,09:30:00-10:30:00,2026,4916,4562,,Rashida Khatoon,This name already booked as FULL in the same session; avoid duplicate Lite booking
REVIEW_POSSIBLE_EXISTING_FULL_BOOKING,2026-10-06,09:30:00-10:30:00,2026,4917,4562,,Shafeen Akhtar,This name already booked as FULL in the same session; avoid duplicate Lite booking
REVIEW_POSSIBLE_EXISTING_FULL_BOOKING,2026-10-06,09:30:00-10:30:00,2026,4918,4562,,Zaida Nawaz,This name already booked as FULL in the same session; avoid duplicate Lite booking
REVIEW_POSSIBLE_EXISTING_FULL_BOOKING,2026-10-06,09:30:00-10:30:00,2026,4919,4562,,Uzma Ikhlaq,This name already booked as FULL in the same session; avoid duplicate Lite booking
REVIEW_POSSIBLE_EXISTING_FULL_BOOKING,2026-10-06,09:30:00-10:30:00,2026,4920,4562,,Tahseen Fatima Hussain,This name already booked as FULL in the same session; avoid duplicate Lite booking
REVIEW_POSSIBLE_EXISTING_FULL_BOOKING,2026-10-06,09:30:00-10:30:00,2026,4921,4562,,Maqsood Begum,This name already booked as FULL in the same session; avoid duplicate Lite booking
REVIEW_POSSIBLE_EXISTING_FULL_BOOKING,2026-10-06,09:30:00-10:30:00,2026,4922,4562,,Balqees Akhtar,This name already booked as FULL in the same session; avoid duplicate Lite booking
REVIEW_POSSIBLE_EXISTING_FULL_BOOKING,2026-10-06,09:30:00-10:30:00,2026,4924,4562,,Shakila Bi,This name already booked as FULL in the same session; avoid duplicate Lite booking
REVIEW_POSSIBLE_EXISTING_FULL_BOOKING,2026-10-06,12:00:00-13:00:00,2026,4925,4577,,Ishrat Begum,This name already booked as FULL in the same session; avoid duplicate Lite booking
REVIEW_POSSIBLE_EXISTING_FULL_BOOKING,2026-10-06,12:00:00-13:00:00,2026,4926,4577,,Nahid Kausar,This name already booked as FULL in the same session; avoid duplicate Lite booking
REVIEW_POSSIBLE_EXISTING_FULL_BOOKING,2026-10-06,12:00:00-13:00:00,2026,4927,4577,,Manzoor Begum,This name already booked as FULL in the same session; avoid duplicate Lite booking
REVIEW_POSSIBLE_EXISTING_FULL_BOOKING,2026-10-06,12:00:00-13:00:00,2026,4928,4577,,Kalsoom Akhtar,This name already booked as FULL in the same session; avoid duplicate Lite booking
REVIEW_SESSION_FULL,2026-10-06,12:00:00-13:00:00,2026,4929,4577,,Sajeda Mulla,
REVIEW_POSSIBLE_EXISTING_FULL_BOOKING,2026-10-06,12:00:00-13:00:00,2026,4930,4577,,Shamsa Kanwal,This name already booked as FULL in the same session; avoid duplicate Lite booking
REVIEW_POSSIBLE_EXISTING_FULL_BOOKING,2026-10-06,12:00:00-13:00:00,2026,4931,4577,,Iqra Nur Hussain,This name already booked as FULL in the same session; avoid duplicate Lite booking
REVIEW_POSSIBLE_EXISTING_FULL_BOOKING,2026-10-06,12:00:00-13:00:00,2026,4932,4577,,Khalida Parveen,This name already booked as FULL in the same session; avoid duplicate Lite booking
REVIEW_POSSIBLE_EXISTING_FULL_BOOKING,2026-10-06,12:00:00-13:00:00,2026,4933,4577,,Salma Salim,This name already booked as FULL in the same session; avoid duplicate Lite booking
REVIEW_POSSIBLE_EXISTING_FULL_BOOKING,2026-10-08,10:30:00-11:30:00,2026,4952,14672,,Kaneez Akhtar,This name already booked as FULL in the same session; avoid duplicate Lite booking
REVIEW_SESSION_FULL,2026-10-08,10:30:00-11:30:00,2026,4954,14672,,Nadifa Ahmed,
REVIEW_POSSIBLE_EXISTING_FULL_BOOKING,2026-10-08,10:30:00-11:30:00,2026,4955,14672,,Saeeda Begum,This name already booked as FULL in the same session; avoid duplicate Lite booking
REVIEW_POSSIBLE_EXISTING_FULL_BOOKING,2026-10-08,10:30:00-11:30:00,2026,4956,14672,,Najabat Bibi,This name already booked as FULL in the same session; avoid duplicate Lite booking
REVIEW_POSSIBLE_EXISTING_FULL_BOOKING,2026-10-08,10:30:00-11:30:00,2026,4957,14672,,Sajida Mahmood,This name already booked as FULL in the same session; avoid duplicate Lite booking
REVIEW_SESSION_FULL,2026-10-08,10:30:00-11:30:00,2026,4958,14672,,Amtal Rehman,
REVIEW_POSSIBLE_EXISTING_FULL_BOOKING,2026-10-08,10:30:00-11:30:00,2026,4959,14672,,Janet Corlis,This name already booked as FULL in the same session; avoid duplicate Lite booking
REVIEW_POSSIBLE_EXISTING_FULL_BOOKING,2026-10-08,10:30:00-11:30:00,2026,4960,14672,,Sajida Hussain,This name already booked as FULL in the same session; avoid duplicate Lite booking
REVIEW_POSSIBLE_EXISTING_FULL_BOOKING,2026-10-08,12:00:00-13:00:00,2026,4964,14686,,Samina Javed,This name already booked as FULL in the same session; avoid duplicate Lite booking
REVIEW_POSSIBLE_EXISTING_FULL_BOOKING,2026-10-08,12:00:00-13:00:00,2026,4966,14686,,Farzana Saleem,This name already booked as FULL in the same session; avoid duplicate Lite booking
REVIEW_POSSIBLE_EXISTING_FULL_BOOKING,2026-10-08,12:00:00-13:00:00,2026,4967,14686,,Ghazala Bibi,This name already booked as FULL in the same session; avoid duplicate Lite booking
REVIEW_POSSIBLE_EXISTING_FULL_BOOKING,2026-10-08,12:00:00-13:00:00,2026,4968,14686,,Shafia begum,This name already booked as FULL in the same session; avoid duplicate Lite booking
REVIEW_SESSION_FULL,2026-10-08,12:00:00-13:00:00,2026,4969,14686,,Nuzhat Parveen,
REVIEW_LITE_DOB_CONFLICT,2026-10-08,17:00:00-18:00:00,2026,4983,,,Kowsar Rukhsana,
