Action,Date,Time,Sheet,ExcelRow,SessionId,SaheliCard,Name,Detail
SKIP_HELPER_SHEET,,,,,,,,Report: excluded from booking import
SKIP_HELPER_SHEET,,,,,,,,Test Analysis : excluded from booking import
REVIEW_ATTENDANCE_VALUE,2026-01-12,11:00:00-12:00:00,2026,20,,,,row 20: unknown attendance status 'Grand Total'
REVIEW_BAD_SLOT,,,2026,371,,,,2026 row 371: suspicious Innerva time range '1900-12-21 00:00:00'; needs manual correction
REVIEW_BAD_SLOT,,,2026,794,,,,2026 row 794: end time must be later than start time: 14:00-13:00
REVIEW_BAD_SLOT,,,2026,1208,,,,2026 row 1208: unrecognised time range '10:30:00'
REVIEW_BAD_SLOT,,,2026,2432,,,,2026 row 2432: suspicious Innerva time range '12:300-13:00'; needs manual correction
REVIEW_BAD_SLOT,,,2026,2486,,,,2026 row 2486: unrecognised time range ''
REVIEW_BAD_SLOT,,,2026,2585,,,,2026 row 2585: unrecognised time range '2'
REVIEW_BAD_SLOT,,,2026,2963,,,,2026 row 2963: missing year/month; use --current-year for a 'Current' sheet
REVIEW_BAD_SLOT,,,2026,3017,,,,"2026 row 3017: hour must be in 0..23, not 45"
REVIEW_BAD_SLOT,,,2026,3026,,,,2026 row 3026: missing year/month; use --current-year for a 'Current' sheet
REVIEW_BAD_SLOT,,,2026,3071,,,,"2026 row 3071: hour must be in 0..23, not 30"
REVIEW_BAD_SLOT,,,2026,3350,,,,2026 row 3350: missing year/month; use --current-year for a 'Current' sheet
REVIEW_BAD_SLOT,,,2026,3765,,,,2026 row 3765: missing year/month; use --current-year for a 'Current' sheet
REVIEW_BAD_SLOT,,,2026,3766,,,,2026 row 3766: missing year/month; use --current-year for a 'Current' sheet
REVIEW_BAD_SLOT,,,2026,3767,,,,2026 row 3767: missing year/month; use --current-year for a 'Current' sheet
REVIEW_BAD_SLOT,,,2026,3768,,,,2026 row 3768: missing year/month; use --current-year for a 'Current' sheet
REVIEW_BAD_SLOT,,,2026,3769,,,,2026 row 3769: missing year/month; use --current-year for a 'Current' sheet
REVIEW_BAD_SLOT,,,2026,3770,,,,2026 row 3770: missing year/month; use --current-year for a 'Current' sheet
REVIEW_BAD_SLOT,,,2026,3771,,,,2026 row 3771: missing year/month; use --current-year for a 'Current' sheet
REVIEW_BAD_SLOT,,,2026,3772,,,,2026 row 3772: missing year/month; use --current-year for a 'Current' sheet
REVIEW_BAD_SLOT,,,2026,3999,,,,2026 row 3999: missing year/month; use --current-year for a 'Current' sheet
REVIEW_BAD_SLOT,,,2026,4134,,,,2026 row 4134: suspicious Innerva time range '15;00-16:00'; needs manual correction
REVIEW_BAD_SLOT,,,2026,4152,,,,2026 row 4152: unrecognised time range '12:00_13:00'
REVIEW_BAD_SLOT,,,2026,4664,,,,2026 row 4664: unrecognised time range '14:30:15:30'
REVIEW_BAD_SLOT,,,2026,4826,,,,2026 row 4826: unrecognised time range '17:00:00'
REVIEW_BAD_SLOT,,,2026,5492,,,,2026 row 5492: missing year/month; use --current-year for a 'Current' sheet
REVIEW_BAD_SLOT,,,2026,5501,,,,2026 row 5501: missing year/month; use --current-year for a 'Current' sheet
REVIEW_BAD_SLOT,,,2026,5510,,,,2026 row 5510: missing year/month; use --current-year for a 'Current' sheet
REVIEW_BAD_SLOT,,,2026,5519,,,,2026 row 5519: missing year/month; use --current-year for a 'Current' sheet
REVIEW_BAD_SLOT,,,2026,5528,,,,2026 row 5528: missing year/month; use --current-year for a 'Current' sheet
REVIEW_BAD_SLOT,,,2026,5537,,,,2026 row 5537: missing year/month; use --current-year for a 'Current' sheet
REVIEW_BAD_SLOT,,,2026,5546,,,,2026 row 5546: missing year/month; use --current-year for a 'Current' sheet
SKIP_HELPER_SHEET,,,,,,,,Sheet4: excluded from booking import
SKIP_AMBIGUOUS_CURRENT_SHEET,,,,,,,,Current: excluded from booking import; use --current-year if this really is the active register
REVIEW_BAD_SLOT,,,July 25 ,470,,,,July 25  row 470: unrecognised time range '14:30:00'
REVIEW_BAD_SLOT,,,July 25 ,479,,,,July 25  row 479: unrecognised time range '14:30:00'
SKIP_HELPER_SHEET,,,,,,,,Table2: excluded from booking import
SKIP_HELPER_SHEET,,,,,,,,Breakdown: excluded from booking import
SKIP_HELPER_SHEET,,,,,,,,Sheet1: excluded from booking import
SKIP_HELPER_SHEET,,,,,,,,Sheet2: excluded from booking import
SKIP_HELPER_SHEET,,,,,,,,Sheet3: excluded from booking import
SKIP_DUPLICATE_EXCEL_BOOKING,2026-01-29,12:00:00-13:00:00,2026,305,,,Nusrat Bibi,
SKIP_DUPLICATE_EXCEL_BOOKING,2026-02-09,14:00:00-15:00:00,2026,477,,,Arshad Mahmood,
SKIP_DUPLICATE_EXCEL_BOOKING,2026-03-23,14:00:00-16:00:00,2026,1120,,,Mazhar Mahmood,
SKIP_DUPLICATE_EXCEL_BOOKING,2026-03-30,11:00:00-12:00:00,2026,1252,,,Nusrat Bibi,
SKIP_DUPLICATE_EXCEL_BOOKING,2026-04-15,11:00:00-12:00:00,2026,1594,,,Ghiyas-ul-Haq Ahmed,
SKIP_DUPLICATE_EXCEL_BOOKING,2026-05-16,11:00:00-12:00:00,2026,2266,,,Sabir Hussain,
SKIP_DUPLICATE_EXCEL_BOOKING,2026-06-15,15:00:00-16:00:00,2026,2915,,,Mohammed Akram,
SKIP_DUPLICATE_EXCEL_BOOKING,2026-06-18,17:00:00-18:00:00,2026,2988,,,Jaslyne Richards,
SKIP_DUPLICATE_EXCEL_BOOKING,2026-06-25,17:00:00-18:00:00,2026,3140,,,Shaheen Akhtar,
SKIP_DUPLICATE_EXCEL_BOOKING,2026-07-03,09:30:00-10:30:00,2026,3303,,,Mohammad Iqbal,
SKIP_DUPLICATE_EXCEL_BOOKING,2026-07-06,11:00:00-12:00:00,2026,3345,,,Nusrat Naseem,
SKIP_DUPLICATE_EXCEL_BOOKING,2026-07-06,15:00:00-16:00:00,2026,3376,,,Mohammed Alyas Hussain,
SKIP_DUPLICATE_EXCEL_BOOKING,2026-07-09,12:00:00-13:00:00,2026,3425,,,Ghazala Bibi,
SKIP_DUPLICATE_EXCEL_BOOKING,2026-07-25,09:45:00-10:45:00,2026,3789,,,Shaheen Akhtar,
SKIP_DUPLICATE_EXCEL_BOOKING,2026-08-01,11:00:00-12:00:00,2026,3953,,,Mohammed Akram,
SKIP_DUPLICATE_EXCEL_BOOKING,2026-08-08,09:45:00-10:45:00,2026,4094,,,Zenab Bi,
SKIP_DUPLICATE_EXCEL_BOOKING,2026-09-08,09:30:00-10:30:00,2026,4309,,,Shafeen Akhtar,
SKIP_DUPLICATE_EXCEL_BOOKING,2026-09-21,14:00:00-15:00:00,2026,4608,,,Mohammed Nazir,
REVIEW_EXCEL_CAPACITY,2026-09-21,14:00:00-15:00:00,2026,4592,,,,16 people in a nine-space booking slot
SKIP_DUPLICATE_EXCEL_BOOKING,2026-09-28,15:00:00-16:00:00,2026,4759,,,Mazhar Iqbal,
SKIP_DUPLICATE_EXCEL_BOOKING,2025-08-16,09:45:00-10:45:00,August 25  ,260,,1263,Ghazala Bi,
REVIEW_EXCEL_MEMBER_CONFLICT,2025-07-08,09:30:00-10:30:00,July 25 ,156,,249,Tazaira Mukhtar,Duplicate member in same slot with differing values
REVIEW_EXCEL_MEMBER_CONFLICT,2025-04-12,11:00:00-12:00:00,April 25,227,,190,Suleman Muhammad,Duplicate member in same slot with differing values
SKIP_DUPLICATE_EXCEL_BOOKING,2025-03-31,11:00:00-12:00:00,March 25,525,,DONOTBOOK,,
SKIP_DUPLICATE_EXCEL_BOOKING,2025-03-31,11:00:00-12:00:00,March 25,526,,DONOTBOOK,,
SKIP_DUPLICATE_EXCEL_BOOKING,2025-03-31,11:00:00-12:00:00,March 25,527,,DONOTBOOK,,
SKIP_DUPLICATE_EXCEL_BOOKING,2025-03-31,11:00:00-12:00:00,March 25,528,,DONOTBOOK,,
SKIP_DUPLICATE_EXCEL_BOOKING,2025-03-31,11:00:00-12:00:00,March 25,529,,DONOTBOOK,,
SKIP_DUPLICATE_EXCEL_BOOKING,2025-03-31,11:00:00-12:00:00,March 25,530,,DONOTBOOK,,
SKIP_DUPLICATE_EXCEL_BOOKING,2025-03-31,11:00:00-12:00:00,March 25,531,,DONOTBOOK,,
SKIP_DUPLICATE_EXCEL_BOOKING,2025-03-31,11:00:00-12:00:00,March 25,532,,DONOTBOOK,,
SKIP_DUPLICATE_EXCEL_BOOKING,2025-03-31,12:00:00-13:00:00,March 25,534,,DONOTBOOK,,
SKIP_DUPLICATE_EXCEL_BOOKING,2025-03-31,12:00:00-13:00:00,March 25,535,,DONOTBOOK,,
SKIP_DUPLICATE_EXCEL_BOOKING,2025-03-31,12:00:00-13:00:00,March 25,536,,DONOTBOOK,,
SKIP_DUPLICATE_EXCEL_BOOKING,2025-03-31,12:00:00-13:00:00,March 25,537,,DONOTBOOK,,
SKIP_DUPLICATE_EXCEL_BOOKING,2025-03-31,12:00:00-13:00:00,March 25,538,,DONOTBOOK,,
SKIP_DUPLICATE_EXCEL_BOOKING,2025-03-31,12:00:00-13:00:00,March 25,539,,DONOTBOOK,,
SKIP_DUPLICATE_EXCEL_BOOKING,2025-03-31,12:00:00-13:00:00,March 25,540,,DONOTBOOK,,
SKIP_DUPLICATE_EXCEL_BOOKING,2025-03-31,12:00:00-13:00:00,March 25,541,,DONOTBOOK,,
SKIP_DUPLICATE_EXCEL_BOOKING,2025-03-31,14:30:00-15:30:00,March 25,543,,DONOTBOOK,,
SKIP_DUPLICATE_EXCEL_BOOKING,2025-03-31,14:30:00-15:30:00,March 25,544,,DONOTBOOK,,
SKIP_DUPLICATE_EXCEL_BOOKING,2025-03-31,14:30:00-15:30:00,March 25,545,,DONOTBOOK,,
SKIP_DUPLICATE_EXCEL_BOOKING,2025-03-31,14:30:00-15:30:00,March 25,546,,DONOTBOOK,,
SKIP_DUPLICATE_EXCEL_BOOKING,2025-03-31,14:30:00-15:30:00,March 25,547,,DONOTBOOK,,
SKIP_DUPLICATE_EXCEL_BOOKING,2025-03-31,14:30:00-15:30:00,March 25,548,,DONOTBOOK,,
SKIP_DUPLICATE_EXCEL_BOOKING,2025-03-31,14:30:00-15:30:00,March 25,549,,DONOTBOOK,,
SKIP_DUPLICATE_EXCEL_BOOKING,2025-03-31,14:30:00-15:30:00,March 25,550,,DONOTBOOK,,
SKIP_DUPLICATE_EXCEL_BOOKING,2025-03-31,15:30:00-16:30:00,March 25,552,,DONOTBOOK,,
SKIP_DUPLICATE_EXCEL_BOOKING,2025-03-31,15:30:00-16:30:00,March 25,553,,DONOTBOOK,,
SKIP_DUPLICATE_EXCEL_BOOKING,2025-03-31,15:30:00-16:30:00,March 25,554,,DONOTBOOK,,
SKIP_DUPLICATE_EXCEL_BOOKING,2025-03-31,15:30:00-16:30:00,March 25,555,,DONOTBOOK,,
SKIP_DUPLICATE_EXCEL_BOOKING,2025-03-31,15:30:00-16:30:00,March 25,556,,DONOTBOOK,,
SKIP_DUPLICATE_EXCEL_BOOKING,2025-03-31,15:30:00-16:30:00,March 25,557,,DONOTBOOK,,
SKIP_DUPLICATE_EXCEL_BOOKING,2025-03-31,15:30:00-16:30:00,March 25,558,,DONOTBOOK,,
SKIP_DUPLICATE_EXCEL_BOOKING,2025-03-31,15:30:00-16:30:00,March 25,559,,DONOTBOOK,,
SKIP_DUPLICATE_EXCEL_BOOKING,2024-12-02,18:45:00-19:45:00,December 24,27,,1000,Sajjad Nawaz,
SKIP_DUPLICATE_EXCEL_BOOKING,2024-12-09,18:00:00-19:00:00,December 24,100,,1000,Sajjad Nawaz,
SKIP_DUPLICATE_EXCEL_BOOKING,2024-11-18,18:15:00-19:45:00,November 24,242,,303,david simmons,
SKIP_DUPLICATE_EXCEL_BOOKING,2024-07-11,10:00:00-11:00:00,July 24,84,,DNB,,
SKIP_DUPLICATE_EXCEL_BOOKING,2024-07-11,10:00:00-11:00:00,July 24,85,,DNB,,
SKIP_DUPLICATE_EXCEL_BOOKING,2024-07-11,10:00:00-11:00:00,July 24,86,,DNB,,
SKIP_DUPLICATE_EXCEL_BOOKING,2024-07-11,10:00:00-11:00:00,July 24,87,,DNB,,
SKIP_DUPLICATE_EXCEL_BOOKING,2024-07-11,10:00:00-11:00:00,July 24,88,,DNB,,
SKIP_DUPLICATE_EXCEL_BOOKING,2024-07-11,10:00:00-11:00:00,July 24,89,,DNB,,
SKIP_DUPLICATE_EXCEL_BOOKING,2024-07-11,10:00:00-11:00:00,July 24,90,,DNB,,
SKIP_DUPLICATE_EXCEL_BOOKING,2024-07-11,10:00:00-11:00:00,July 24,91,,DNB,,
SKIP_DUPLICATE_EXCEL_BOOKING,2024-07-13,10:30:00-11:30:00,July 24,102,,DNB,,
SKIP_DUPLICATE_EXCEL_BOOKING,2024-07-13,10:30:00-11:30:00,July 24,103,,DNB,,
SKIP_DUPLICATE_EXCEL_BOOKING,2024-07-13,10:30:00-11:30:00,July 24,104,,DNB,,
SKIP_DUPLICATE_EXCEL_BOOKING,2024-07-13,10:30:00-11:30:00,July 24,105,,DNB,,
SKIP_DUPLICATE_EXCEL_BOOKING,2024-07-13,10:30:00-11:30:00,July 24,106,,DNB,,
SKIP_DUPLICATE_EXCEL_BOOKING,2024-07-13,10:30:00-11:30:00,July 24,107,,DNB,,
SKIP_DUPLICATE_EXCEL_BOOKING,2024-07-13,10:30:00-11:30:00,July 24,108,,DNB,,
SKIP_DUPLICATE_EXCEL_BOOKING,2024-07-13,10:30:00-11:30:00,July 24,109,,DNB,,
SKIP_EXISTING_BOOKING,2024-07-01,10:30:00-11:30:00,July 24,2,13152,27,Sajida Mahmood,
SKIP_EXISTING_BOOKING,2024-07-01,10:30:00-11:30:00,July 24,3,13152,29,Yasmin Akhtar,
INSERT_BOOKING,2024-07-01,10:30:00-11:30:00,July 24,4,13152,84,Anser Begum,Attended=No
INSERT_BOOKING,2024-07-01,10:30:00-11:30:00,July 24,5,13152,134,Shukri Yusuf,Attended=No
SKIP_EXISTING_BOOKING,2024-07-01,10:30:00-11:30:00,July 24,6,13152,87,Ghazala Bibi,
SKIP_EXISTING_BOOKING,2024-07-01,12:00:00-13:00:00,July 24,11,13153,40,Fozia Hafiz,
INSERT_BOOKING,2024-07-02,12:00:00-13:00:00,July 24,20,13154,90,Farzana Saleem,Attended=No
SKIP_EXISTING_BOOKING,2024-07-02,12:00:00-13:00:00,July 24,21,13154,100,Kaniz Bibi,
INSERT_BOOKING,2024-07-02,12:00:00-13:00:00,July 24,22,13154,118,Saira Zulffkar,Attended=No
INSERT_BOOKING,2024-07-02,12:00:00-13:00:00,July 24,23,13154,123,Yasmin Begum,Attended=No
INSERT_BOOKING,2024-07-04,10:00:00-11:00:00,July 24,29,13155,84,Anser Begum,Attended=No
SKIP_EXISTING_BOOKING,2024-07-04,12:30:00-13:30:00,July 24,38,13156,13,Sughra Begum,
SKIP_EXISTING_BOOKING,2024-07-04,12:30:00-13:30:00,July 24,39,13156,7,Kowsar Rukhsana,
SKIP_EXISTING_BOOKING,2024-07-04,12:30:00-13:30:00,July 24,40,13156,90,Farzana Saleem,
SKIP_EXISTING_BOOKING,2024-07-04,12:30:00-13:30:00,July 24,41,13156,20,Azeem Fatima,
SKIP_EXISTING_BOOKING,2024-07-04,12:30:00-13:30:00,July 24,42,13156,124,Soria Mehmood,
SKIP_EXISTING_BOOKING,2024-07-08,10:30:00-11:30:00,July 24,56,13158,134,Shukri Yusuf,
INSERT_BOOKING,2024-07-08,10:30:00-11:30:00,July 24,57,13158,87,Ghazala Bibi,Attended=No
INSERT_BOOKING,2024-07-08,10:30:00-11:30:00,July 24,58,13158,27,Sajida Mahmood,Attended=No
INSERT_BOOKING,2024-07-08,10:30:00-11:30:00,July 24,59,13158,1,Parveen Akhtar,Attended=No
INSERT_BOOKING,2024-07-08,10:30:00-11:30:00,July 24,60,13158,8,Tahira Shamim,Attended=No
SKIP_EXISTING_BOOKING,2024-07-08,10:30:00-11:30:00,July 24,61,13158,138,Hafiza Saddique,
INSERT_BOOKING,2024-07-08,10:30:00-11:30:00,July 24,62,13158,84,Anser Begum,Attended=No
SKIP_EXISTING_BOOKING,2024-07-08,10:30:00-11:30:00,July 24,63,13158,2,Riffat Mughal,
INSERT_BOOKING,2024-07-08,10:30:00-11:30:00,July 24,64,13158,141,Adeela Saeed,Attended=No
SKIP_EXISTING_BOOKING,2024-07-08,12:00:00-13:00:00,July 24,65,13159,40,Fozia Hafiz,
SKIP_EXISTING_BOOKING,2024-07-08,12:00:00-13:00:00,July 24,66,13159,142,Azra Bibi,
SKIP_REVIEW_BLOCKED_SLOT,2024-07-09,12:00:00-13:00:00,July 24,74,,,,Excluded from partial import because the preview contains REVIEW actions
SKIP_REVIEW_BLOCKED_SLOT,2024-07-11,10:00:00-11:00:00,July 24,83,,,,Excluded from partial import because the preview contains REVIEW actions
INSERT_BOOKING,2024-07-11,12:30:00-13:30:00,July 24,92,13162,13,Sughra Begum,Attended=Blank
SKIP_EXISTING_BOOKING,2024-07-11,12:30:00-13:30:00,July 24,93,13162,20,Azeem Fatima,
SKIP_EXISTING_BOOKING,2024-07-11,12:30:00-13:30:00,July 24,94,13162,7,Kowsar Rukhsana,
INSERT_BOOKING,2024-07-11,12:30:00-13:30:00,July 24,95,13162,83,Larisa Dumitru,Attended=Blank
SKIP_EXISTING_BOOKING,2024-07-11,12:30:00-13:30:00,July 24,96,13162,31,Nazia Bi,
SKIP_EXISTING_BOOKING,2024-07-11,12:30:00-13:30:00,July 24,97,13162,145,Nighat Noreen,
SKIP_REVIEW_BLOCKED_SLOT,2024-07-13,10:30:00-11:30:00,July 24,101,,,,Excluded from partial import because the preview contains REVIEW actions
SKIP_REVIEW_BLOCKED_SLOT,2024-07-15,10:30:00-11:30:00,July 24,110,,,,Excluded from partial import because the preview contains REVIEW actions
INSERT_BOOKING,2024-07-15,12:30:00-13:30:00,July 24,119,13165,146,Rabeena Shaheen,Attended=No
SKIP_EXISTING_BOOKING,2024-07-15,12:30:00-13:30:00,July 24,120,13165,40,Fozia Hafiz,
SKIP_EXISTING_BOOKING,2024-07-15,12:30:00-13:30:00,July 24,121,13165,142,Azra Bibi,
INSERT_BOOKING,2024-07-15,18:45:00-19:45:00,July 24,128,13166,111,Ghiyas-ul-Haq Ahmed,Attended=No
SKIP_REVIEW_BLOCKED_SLOT,2024-07-16,12:00:00-13:00:00,July 24,137,,,,Excluded from partial import because the preview contains REVIEW actions
INSERT_BOOKING,2024-07-18,10:00:00-11:00:00,July 24,146,13168,91,Rubina Amar,Attended=No
INSERT_BOOKING,2024-07-18,10:00:00-11:00:00,July 24,147,13168,152,Jennifer Mason,Attended=No
SKIP_EXISTING_BOOKING,2024-07-18,10:00:00-11:00:00,July 24,148,13168,153,Valerie Joan Fitt,
SKIP_EXISTING_BOOKING,2024-07-18,10:00:00-11:00:00,July 24,149,13168,146,Rabeena Shaheen,
INSERT_BOOKING,2024-07-18,10:00:00-11:00:00,July 24,150,13168,83,Larisa Dumitru,Attended=No
SKIP_EXISTING_BOOKING,2024-07-18,10:00:00-11:00:00,July 24,151,13168,40,Fozia Hafiz,
SKIP_EXISTING_BOOKING,2024-07-18,12:30:00-13:30:00,July 24,155,13169,31,Nazia Bi,
SKIP_EXISTING_BOOKING,2024-07-18,12:30:00-13:30:00,July 24,156,13169,20,Azeem Fatima,
SKIP_EXISTING_BOOKING,2024-07-18,12:30:00-13:30:00,July 24,157,13169,7,Kowsar Rukhsana,
INSERT_BOOKING,2024-07-20,10:30:00-11:30:00,July 24,164,13170,161,Shamsa Saddique,Attended=No
SKIP_EXISTING_BOOKING,2024-07-20,10:30:00-11:30:00,July 24,165,13170,91,Rubina Amar,
SKIP_EXISTING_BOOKING,2024-07-20,10:30:00-11:30:00,July 24,166,13170,1,Parveen Akhtar,
SKIP_EXISTING_BOOKING,2024-07-20,10:30:00-11:30:00,July 24,167,13170,166,Manjit Ghataore,
INSERT_BOOKING,2024-07-20,10:30:00-11:30:00,July 24,168,13170,169,Maqsood Begum,Attended=No
SKIP_REVIEW_BLOCKED_SLOT,2024-07-22,10:30:00-11:30:00,July 24,173,,,,Excluded from partial import because the preview contains REVIEW actions
SKIP_REVIEW_BLOCKED_SLOT,2024-07-22,12:30:00-13:30:00,July 24,182,,,,Excluded from partial import because the preview contains REVIEW actions
INSERT_BOOKING,2024-07-22,18:45:00-19:45:00,July 24,191,13173,147,Arshad Mahmood,Attended=No
SKIP_EXISTING_BOOKING,2024-07-22,18:45:00-19:45:00,July 24,192,13173,176,Noel Mcmanamon,
SKIP_REVIEW_BLOCKED_SLOT,2024-07-23,09:30:00-10:30:00,July 24,200,,,,Excluded from partial import because the preview contains REVIEW actions
SKIP_REVIEW_BLOCKED_SLOT,2024-07-23,12:00:00-13:00:00,July 24,209,,,,Excluded from partial import because the preview contains REVIEW actions
SKIP_EXISTING_BOOKING,2024-07-25,10:00:00-11:00:00,July 24,218,13176,40,Fozia Hafiz,
INSERT_BOOKING,2024-07-25,10:00:00-11:00:00,July 24,219,13176,153,Valerie Joan Fitt,Attended=No
SKIP_EXISTING_BOOKING,2024-07-25,10:00:00-11:00:00,July 24,220,13176,13,Sughra Begum,
INSERT_BOOKING,2024-07-25,10:00:00-11:00:00,July 24,221,13176,91,Rubina Amar,Attended=No
INSERT_BOOKING,2024-07-25,10:00:00-11:00:00,July 24,222,13176,173,Janat Iqbal,Attended=No
SKIP_EXISTING_BOOKING,2024-07-25,10:00:00-11:00:00,July 24,223,13176,141,Adeela Saeed,
INSERT_BOOKING,2024-07-25,12:30:00-13:30:00,July 24,227,13177,31,Nazia Bi,Attended=No
SKIP_EXISTING_BOOKING,2024-07-25,12:30:00-13:30:00,July 24,228,13177,7,Kowsar Rukhsana,
SKIP_EXISTING_BOOKING,2024-07-25,12:30:00-13:30:00,July 24,229,13177,170,Sughra Bibi,
INSERT_BOOKING,2024-07-25,12:30:00-13:30:00,July 24,230,13177,93,Inaam Hasballa,Attended=No
SKIP_EXISTING_BOOKING,2024-07-26,14:30:00-15:30:00,July 24,236,13178,176,Noel Mcmanamon,
SKIP_EXISTING_BOOKING,2024-07-27,10:30:00-11:30:00,July 24,246,13179,166,Manjit Ghataore,
SKIP_EXISTING_BOOKING,2024-07-27,10:30:00-11:30:00,July 24,247,13179,159,Shabeena Kausar,
INSERT_BOOKING,2024-07-27,10:30:00-11:30:00,July 24,248,13179,178,Munir Akhtar Hussain,Attended=No
INSERT_BOOKING,2024-07-27,10:30:00-11:30:00,July 24,249,13179,13,Sughra Begum,Attended=No
SKIP_REVIEW_BLOCKED_SLOT,2024-07-29,10:30:00-11:30:00,July 24,254,,,,Excluded from partial import because the preview contains REVIEW actions
SKIP_REVIEW_BLOCKED_SLOT,2024-07-29,12:30:00-13:30:00,July 24,263,,,,Excluded from partial import because the preview contains REVIEW actions
INSERT_BOOKING,2024-07-29,18:45:00-19:45:00,July 24,272,13182,37,Malik Khan,Attended=No
SKIP_EXISTING_BOOKING,2024-07-29,18:45:00-19:45:00,July 24,273,13182,111,Ghiyas-ul-Haq Ahmed,
SKIP_EXISTING_BOOKING,2024-07-29,18:45:00-19:45:00,July 24,274,13182,139,Mohammed Ashraf,
SKIP_EXISTING_BOOKING,2024-07-29,18:45:00-19:45:00,July 24,275,13182,176,Noel Mcmanamon,
SKIP_REVIEW_BLOCKED_SLOT,2024-07-30,09:30:00-10:30:00,July 24,281,,,,Excluded from partial import because the preview contains REVIEW actions
SKIP_REVIEW_BLOCKED_SLOT,2024-07-30,12:00:00-13:00:00,July 24,290,,,,Excluded from partial import because the preview contains REVIEW actions
SKIP_EXISTING_BOOKING,2024-08-01,10:00:00-11:00:00,August 24,2,13185,40,Fozia Hafiz,
INSERT_BOOKING,2024-08-01,10:00:00-11:00:00,August 24,3,13185,65,Tasleem Akhtar,Attended=No
SKIP_EXISTING_BOOKING,2024-08-01,10:00:00-11:00:00,August 24,4,13185,182,Shakila Bibi,
SKIP_EXISTING_BOOKING,2024-08-01,10:00:00-11:00:00,August 24,5,13185,173,Janat Iqbal,
SKIP_EXISTING_BOOKING,2024-08-01,10:00:00-11:00:00,August 24,6,13185,138,Hafiza Saddique,
SKIP_REVIEW_BLOCKED_SLOT,2024-08-01,12:30:00-13:30:00,August 24,11,,,,Excluded from partial import because the preview contains REVIEW actions
INSERT_BOOKING,2024-08-02,14:30:00-15:30:00,August 24,20,13187,176,Noel Mcmanamon,Attended=Blank
SKIP_EXISTING_BOOKING,2024-08-03,10:30:00-11:30:00,August 24,29,13188,166,Manjit Ghataore,
INSERT_BOOKING,2024-08-03,10:30:00-11:30:00,August 24,30,13188,159,Shabeena Kausar,Attended=No
INSERT_BOOKING,2024-08-03,10:30:00-11:30:00,August 24,31,13188,187,Fathiya Mohamed,Attended=No
SKIP_EXISTING_BOOKING,2024-08-03,10:30:00-11:30:00,August 24,32,13188,189,Shabana Iqbal,
SKIP_EXISTING_BOOKING,2024-08-03,10:30:00-11:30:00,August 24,33,13188,177,Gulshan Begum,
SKIP_EXISTING_BOOKING,2024-08-03,10:30:00-11:30:00,August 24,34,13188,13,Sughra Begum,
SKIP_EXISTING_BOOKING,2024-08-03,10:30:00-11:30:00,August 24,35,13188,178,Munir Akhtar Hussain,
SKIP_EXISTING_BOOKING,2024-08-05,10:30:00-11:30:00,August 24,38,13189,141,Adeela Saeed,
SKIP_EXISTING_BOOKING,2024-08-05,10:30:00-11:30:00,August 24,41,13189,140,Rashida Khatoon,
SKIP_EXISTING_BOOKING,2024-08-05,10:30:00-11:30:00,August 24,42,13189,164,Phallan Bi,
SKIP_EXISTING_BOOKING,2024-08-05,10:30:00-11:30:00,August 24,43,13189,29,Yasmin Akhtar,
INSERT_BOOKING,2024-08-05,10:30:00-11:30:00,August 24,44,13189,185,Uzma Saeed,Attended=No
SKIP_EXISTING_BOOKING,2024-08-05,10:30:00-11:30:00,August 24,45,13189,138,Hafiza Saddique,
SKIP_EXISTING_BOOKING,2024-08-05,10:30:00-11:30:00,August 24,46,13189,173,Janat Iqbal,
SKIP_REVIEW_BLOCKED_SLOT,2024-08-05,12:30:00-13:30:00,August 24,47,,,,Excluded from partial import because the preview contains REVIEW actions
SKIP_REVIEW_BLOCKED_SLOT,2024-08-05,18:45:00-19:45:00,August 24,56,,,,Excluded from partial import because the preview contains REVIEW actions
SKIP_REVIEW_BLOCKED_SLOT,2024-08-06,09:30:00-10:30:00,August 24,65,,,,Excluded from partial import because the preview contains REVIEW actions
SKIP_REVIEW_BLOCKED_SLOT,2024-08-06,12:00:00-13:00:00,August 24,74,,,,Excluded from partial import because the preview contains REVIEW actions
SKIP_REVIEW_BLOCKED_SLOT,2024-08-08,10:00:00-11:00:00,August 24,83,,,,Excluded from partial import because the preview contains REVIEW actions
SKIP_EXISTING_BOOKING,2024-08-08,12:30:00-13:30:00,August 24,92,13195,169,Maqsood Begum,
SKIP_EXISTING_BOOKING,2024-08-08,12:30:00-13:30:00,August 24,93,13195,149,Razia Begum,
SKIP_EXISTING_BOOKING,2024-08-08,12:30:00-13:30:00,August 24,94,13195,183,Anisah Iqbal,
SKIP_EXISTING_BOOKING,2024-08-08,12:30:00-13:30:00,August 24,95,13195,180,Rifat Bano,
SKIP_EXISTING_BOOKING,2024-08-08,12:30:00-13:30:00,August 24,96,13195,40,Fozia Hafiz,
SKIP_EXISTING_BOOKING,2024-08-08,12:30:00-13:30:00,August 24,97,13195,7,Kowsar Rukhsana,
SKIP_REVIEW_BLOCKED_SLOT,2024-08-09,14:30:00-15:30:00,August 24,101,,,,Excluded from partial import because the preview contains REVIEW actions
SKIP_REVIEW_BLOCKED_SLOT,2024-08-10,10:30:00-11:30:00,August 24,110,,,,Excluded from partial import because the preview contains REVIEW actions
SKIP_EXISTING_BOOKING,2024-08-12,10:30:00-11:30:00,August 24,119,13198,164,Phallan Bi,
SKIP_EXISTING_BOOKING,2024-08-12,10:30:00-11:30:00,August 24,120,13198,173,Janat Iqbal,
SKIP_EXISTING_BOOKING,2024-08-12,10:30:00-11:30:00,August 24,121,13198,140,Rashida Khatoon,
SKIP_EXISTING_BOOKING,2024-08-12,10:30:00-11:30:00,August 24,122,13198,29,Yasmin Akhtar,
SKIP_EXISTING_BOOKING,2024-08-12,10:30:00-11:30:00,August 24,123,13198,141,Adeela Saeed,
INSERT_BOOKING,2024-08-12,10:30:00-11:30:00,August 24,124,13198,138,Hafiza Saddique,Attended=No
SKIP_EXISTING_BOOKING,2024-08-12,10:30:00-11:30:00,August 24,125,13198,197,Abida Bi,
INSERT_BOOKING,2024-08-12,10:30:00-11:30:00,August 24,127,13198,7,Kowsar Rukhsana,Attended=No
SKIP_REVIEW_BLOCKED_SLOT,2024-08-12,12:30:00-13:30:00,August 24,128,,,,Excluded from partial import because the preview contains REVIEW actions
SKIP_REVIEW_BLOCKED_SLOT,2024-08-12,18:45:00-19:45:00,August 24,137,,,,Excluded from partial import because the preview contains REVIEW actions
SKIP_REVIEW_BLOCKED_SLOT,2024-08-13,08:00:00-09:00:00,August 24,146,,,,Excluded from partial import because the preview contains REVIEW actions
SKIP_REVIEW_BLOCKED_SLOT,2024-08-13,12:00:00-13:00:00,August 24,155,,,,Excluded from partial import because the preview contains REVIEW actions
SKIP_REVIEW_BLOCKED_SLOT,2024-08-15,10:00:00-11:00:00,August 24,164,,,,Excluded from partial import because the preview contains REVIEW actions
SKIP_REVIEW_BLOCKED_SLOT,2024-08-15,12:30:00-13:30:00,August 24,173,,,,Excluded from partial import because the preview contains REVIEW actions
SKIP_EXISTING_BOOKING,2024-08-16,14:30:00-15:30:00,August 24,182,13205,176,Noel Mcmanamon,
SKIP_EXISTING_BOOKING,2024-08-16,14:30:00-15:30:00,August 24,183,13205,195,azhar iqbal,
SKIP_REVIEW_BLOCKED_SLOT,2024-08-17,10:30:00-11:30:00,August 24,191,,,,Excluded from partial import because the preview contains REVIEW actions
SKIP_REVIEW_BLOCKED_SLOT,2024-10-01,12:00:00-13:00:00,October 24,2,,,,Excluded from partial import because the preview contains REVIEW actions
SKIP_EXISTING_BOOKING,2024-10-02,09:45:00-10:45:00,October 24,11,13228,242,Karamat Hussain,
SKIP_EXISTING_BOOKING,2024-10-02,09:45:00-10:45:00,October 24,13,13228,111,Ghiyas-ul-Haq Ahmed,
SKIP_REVIEW_BLOCKED_SLOT,2024-10-03,10:00:00-11:00:00,October 24,20,,,,Excluded from partial import because the preview contains REVIEW actions
INSERT_BOOKING,2024-10-03,12:30:00-13:30:00,October 24,29,13230,232,Joanne Carey,Attended=No
SKIP_EXISTING_BOOKING,2024-10-03,12:30:00-13:30:00,October 24,30,13230,170,Sughra Bibi,
INSERT_BOOKING,2024-10-03,12:30:00-13:30:00,October 24,31,13230,238,Nasim Ali,Attended=No
SKIP_EXISTING_BOOKING,2024-10-03,12:30:00-13:30:00,October 24,32,13230,180,Rifat Bano,
SKIP_EXISTING_BOOKING,2024-10-03,12:30:00-13:30:00,October 24,33,13230,189,Shabana Iqbal,
SKIP_EXISTING_BOOKING,2024-10-03,12:30:00-13:30:00,October 24,34,13230,7,Kowsar Rukhsana,
SKIP_EXISTING_BOOKING,2024-10-03,12:30:00-13:30:00,October 24,35,13230,169,Maqsood Begum,
SKIP_EXISTING_BOOKING,2024-10-03,12:30:00-13:30:00,October 24,36,13230,216,Ishrat Bano,
SKIP_EXISTING_BOOKING,2024-10-04,14:30:00-15:30:00,October 24,38,13231,176,Noel Mcmanamon,
SKIP_EXISTING_BOOKING,2024-10-04,14:30:00-15:30:00,October 24,39,13231,BERNARD,,
SKIP_EXISTING_BOOKING,2024-10-04,14:30:00-15:30:00,October 24,40,13231,242,Karamat Hussain,
INSERT_BOOKING,2024-10-04,14:30:00-15:30:00,October 24,41,13231,147,Arshad Mahmood,Attended=Blank
SKIP_REVIEW_BLOCKED_SLOT,2024-10-05,10:30:00-11:30:00,October 24,47,,,,Excluded from partial import because the preview contains REVIEW actions
SKIP_CANCELLED_BOOKINGS,2024-10-07,10:30:00-11:30:00,October 24,56,13233,,,
SKIP_REVIEW_BLOCKED_SLOT,2024-10-07,12:30:00-13:30:00,October 24,65,,,,Excluded from partial import because the preview contains REVIEW actions
SKIP_EXISTING_BOOKING,2024-10-07,18:45:00-19:45:00,October 24,74,13235,176,Noel Mcmanamon,
SKIP_EXISTING_BOOKING,2024-10-07,18:45:00-19:45:00,October 24,75,13235,188,Baljinder Ghataore,
INSERT_BOOKING,2024-10-07,18:45:00-19:45:00,October 24,76,13235,242,Karamat Hussain,Attended=No
SKIP_EXISTING_BOOKING,2024-10-07,18:45:00-19:45:00,October 24,77,13235,147,Arshad Mahmood,
INSERT_BOOKING,2024-10-07,18:45:00-19:45:00,October 24,78,13235,195,azhar iqbal,Attended=Blank
SKIP_REVIEW_BLOCKED_SLOT,2024-10-08,09:30:00-10:30:00,October 24,92,,,,Excluded from partial import because the preview contains REVIEW actions
SKIP_REVIEW_BLOCKED_SLOT,2024-10-08,12:00:00-13:00:00,October 24,101,,,,Excluded from partial import because the preview contains REVIEW actions
SKIP_EXISTING_BOOKING,2024-10-09,09:45:00-10:45:00,October 24,111,13239,111,Ghiyas-ul-Haq Ahmed,
SKIP_EXISTING_BOOKING,2024-10-09,09:45:00-10:45:00,October 24,112,13239,139,Mohammed Ashraf,
INSERT_BOOKING,2024-10-09,09:45:00-10:45:00,October 24,113,13239,195,azhar iqbal,Attended=No
SKIP_REVIEW_BLOCKED_SLOT,2024-10-10,10:00:00-11:00:00,October 24,119,,,,Excluded from partial import because the preview contains REVIEW actions
SKIP_EXISTING_BOOKING,2024-10-10,12:30:00-13:30:00,October 24,128,13241,170,Sughra Bibi,
SKIP_EXISTING_BOOKING,2024-10-10,12:30:00-13:30:00,October 24,129,13241,180,Rifat Bano,
SKIP_EXISTING_BOOKING,2024-10-10,12:30:00-13:30:00,October 24,130,13241,189,Shabana Iqbal,
SKIP_EXISTING_BOOKING,2024-10-10,12:30:00-13:30:00,October 24,131,13241,7,Kowsar Rukhsana,
SKIP_EXISTING_BOOKING,2024-10-10,12:30:00-13:30:00,October 24,132,13241,216,Ishrat Bano,
SKIP_EXISTING_BOOKING,2024-10-10,12:30:00-13:30:00,October 24,133,13241,169,Maqsood Begum,
SKIP_EXISTING_BOOKING,2024-10-10,12:30:00-13:30:00,October 24,134,13241,142,Azra Bibi,
INSERT_BOOKING,2024-10-11,14:30:00-15:30:00,October 24,137,13242,242,Karamat Hussain,Attended=No
SKIP_EXISTING_BOOKING,2024-10-11,14:30:00-15:30:00,October 24,138,13242,195,azhar iqbal,
SKIP_EXISTING_BOOKING,2024-10-11,14:30:00-15:30:00,October 24,139,13242,176,Noel Mcmanamon,
SKIP_EXISTING_BOOKING,2024-10-11,14:30:00-15:30:00,October 24,140,13242,147,Arshad Mahmood,
SKIP_EXISTING_BOOKING,2024-10-11,14:30:00-15:30:00,October 24,141,13242,259,Abdul Majid,
SKIP_REVIEW_BLOCKED_SLOT,2024-10-12,10:30:00-11:30:00,October 24,146,,,,Excluded from partial import because the preview contains REVIEW actions
SKIP_EXISTING_BOOKING,2024-10-14,10:30:00-11:30:00,October 24,155,13244,140,Rashida Khatoon,
INSERT_BOOKING,2024-10-14,10:30:00-11:30:00,October 24,156,13244,232,Joanne Carey,Attended=No
INSERT_BOOKING,2024-10-14,10:30:00-11:30:00,October 24,157,13244,145,Nighat Noreen,Attended=No
SKIP_EXISTING_BOOKING,2024-10-14,10:30:00-11:30:00,October 24,158,13244,210,Abida Bi,
INSERT_BOOKING,2024-10-14,10:30:00-11:30:00,October 24,159,13244,250,Fareeda Bi,Attended=No
INSERT_BOOKING,2024-10-14,10:30:00-11:30:00,October 24,160,13244,251,Khalida Begum,Attended=No
INSERT_BOOKING,2024-10-14,10:30:00-11:30:00,October 24,161,13244,231,Aisha Siddiqa,Attended=No
INSERT_BOOKING,2024-10-14,10:30:00-11:30:00,October 24,162,13244,261,Yasmin Begum,Attended=No
SKIP_EXISTING_BOOKING,2024-10-14,10:30:00-11:30:00,October 24,163,13244,91,Rubina Amar,
SKIP_REVIEW_BLOCKED_SLOT,2024-10-14,12:30:00-13:30:00,October 24,164,,,,Excluded from partial import because the preview contains REVIEW actions
SKIP_REVIEW_BLOCKED_SLOT,2024-10-14,18:45:00-19:45:00,October 24,173,,,,Excluded from partial import because the preview contains REVIEW actions
SKIP_REVIEW_BLOCKED_SLOT,2024-10-15,09:30:00-10:30:00,October 24,191,,,,Excluded from partial import because the preview contains REVIEW actions
SKIP_REVIEW_BLOCKED_SLOT,2024-10-15,12:00:00-13:00:00,October 24,200,,,,Excluded from partial import because the preview contains REVIEW actions
INSERT_BOOKING,2024-10-16,09:45:00-10:45:00,October 24,209,13250,242,Karamat Hussain,Attended=No
SKIP_EXISTING_BOOKING,2024-10-16,09:45:00-10:45:00,October 24,210,13250,111,Ghiyas-ul-Haq Ahmed,
SKIP_EXISTING_BOOKING,2024-10-16,09:45:00-10:45:00,October 24,211,13250,139,Mohammed Ashraf,
INSERT_BOOKING,2024-10-16,09:45:00-10:45:00,October 24,212,13250,195,azhar iqbal,Attended=No
INSERT_BOOKING,2024-10-16,09:45:00-10:45:00,October 24,213,13250,259,Abdul Majid,Attended=No
SKIP_EXISTING_BOOKING,2024-10-16,09:45:00-10:45:00,October 24,214,13250,269,Abdul Wahid Ashraf,
SKIP_EXISTING_BOOKING,2024-10-17,10:00:00-11:00:00,October 24,218,13251,245,Fayaz Begum,
SKIP_EXISTING_BOOKING,2024-10-17,10:00:00-11:00:00,October 24,219,13251,266,Nadia Khan,
SKIP_EXISTING_BOOKING,2024-10-17,10:00:00-11:00:00,October 24,220,13251,40,Fozia Hafiz,
SKIP_EXISTING_BOOKING,2024-10-17,10:00:00-11:00:00,October 24,222,13251,231,Aisha Siddiqa,
INSERT_BOOKING,2024-10-17,12:30:00-13:30:00,October 24,227,13252,85,Naseem Hussain,Attended=No
SKIP_EXISTING_BOOKING,2024-10-17,12:30:00-13:30:00,October 24,228,13252,119,Shabnam Malik,
INSERT_BOOKING,2024-10-17,12:30:00-13:30:00,October 24,229,13252,170,Sughra Bibi,Attended=No
SKIP_EXISTING_BOOKING,2024-10-17,12:30:00-13:30:00,October 24,230,13252,180,Rifat Bano,
INSERT_BOOKING,2024-10-17,12:30:00-13:30:00,October 24,231,13252,189,Shabana Iqbal,Attended=No
SKIP_EXISTING_BOOKING,2024-10-17,12:30:00-13:30:00,October 24,232,13252,7,Kowsar Rukhsana,
SKIP_EXISTING_BOOKING,2024-10-17,12:30:00-13:30:00,October 24,233,13252,216,Ishrat Bano,
SKIP_EXISTING_BOOKING,2024-10-17,12:30:00-13:30:00,October 24,234,13252,169,Maqsood Begum,
SKIP_EXISTING_BOOKING,2024-10-17,12:30:00-13:30:00,October 24,235,13252,142,Azra Bibi,
INSERT_BOOKING,2024-10-18,14:30:00-15:30:00,October 24,236,13253,195,azhar iqbal,Attended=Blank
INSERT_BOOKING,2024-10-18,14:30:00-15:30:00,October 24,237,13253,147,Arshad Mahmood,Attended=Blank
INSERT_BOOKING,2024-10-18,14:30:00-15:30:00,October 24,238,13253,259,Abdul Majid,Attended=Blank
SKIP_EXISTING_BOOKING,2024-10-18,14:30:00-15:30:00,October 24,239,13253,176,Noel Mcmanamon,
SKIP_REVIEW_BLOCKED_SLOT,2024-10-19,10:30:00-11:30:00,October 24,245,,,,Excluded from partial import because the preview contains REVIEW actions
SKIP_REVIEW_BLOCKED_SLOT,2024-10-21,10:30:00-11:30:00,October 24,254,,,,Excluded from partial import because the preview contains REVIEW actions
SKIP_REVIEW_BLOCKED_SLOT,2024-10-21,12:30:00-13:30:00,October 24,263,,,,Excluded from partial import because the preview contains REVIEW actions
INSERT_BOOKING,2024-10-21,18:45:00-19:45:00,October 24,272,13257,147,Arshad Mahmood,Attended=No
SKIP_EXISTING_BOOKING,2024-10-21,18:45:00-19:45:00,October 24,273,13257,176,Noel Mcmanamon,
INSERT_BOOKING,2024-10-21,18:45:00-19:45:00,October 24,274,13257,188,Baljinder Ghataore,Attended=No
SKIP_EXISTING_BOOKING,2024-10-21,18:45:00-19:45:00,October 24,275,13257,195,azhar iqbal,
SKIP_EXISTING_BOOKING,2024-10-21,18:45:00-19:45:00,October 24,276,13257,272,Karamat Hussain,
SKIP_EXISTING_BOOKING,2024-10-21,18:45:00-19:45:00,October 24,277,13257,307,Mohammed Saghir,
SKIP_REVIEW_BLOCKED_SLOT,2024-10-22,09:30:00-10:30:00,October 24,290,,,,Excluded from partial import because the preview contains REVIEW actions
SKIP_REVIEW_BLOCKED_SLOT,2024-10-22,12:00:00-13:00:00,October 24,299,,,,Excluded from partial import because the preview contains REVIEW actions
SKIP_REVIEW_BLOCKED_SLOT,2024-10-23,09:45:00-10:45:00,October 24,308,,,,Excluded from partial import because the preview contains REVIEW actions
SKIP_EXISTING_BOOKING,2024-10-24,10:00:00-11:00:00,October 24,319,13262,231,Aisha Siddiqa,
SKIP_EXISTING_BOOKING,2024-10-24,10:00:00-11:00:00,October 24,320,13262,245,Fayaz Begum,
INSERT_BOOKING,2024-10-24,10:00:00-11:00:00,October 24,321,13262,266,Nadia Khan,Attended=No
SKIP_EXISTING_BOOKING,2024-10-24,10:00:00-11:00:00,October 24,322,13262,153,Valerie Joan Fitt,
SKIP_EXISTING_BOOKING,2024-10-24,12:30:00-13:30:00,October 24,326,13263,119,Shabnam Malik,
SKIP_EXISTING_BOOKING,2024-10-24,12:30:00-13:30:00,October 24,327,13263,180,Rifat Bano,
SKIP_EXISTING_BOOKING,2024-10-24,12:30:00-13:30:00,October 24,328,13263,7,Kowsar Rukhsana,
SKIP_EXISTING_BOOKING,2024-10-24,12:30:00-13:30:00,October 24,329,13263,216,Ishrat Bano,
SKIP_EXISTING_BOOKING,2024-10-24,12:30:00-13:30:00,October 24,330,13263,169,Maqsood Begum,
SKIP_EXISTING_BOOKING,2024-10-24,12:30:00-13:30:00,October 24,331,13263,142,Azra Bibi,
SKIP_EXISTING_BOOKING,2024-10-24,12:30:00-13:30:00,October 24,332,13263,237,Tamsila Hanif,
SKIP_EXISTING_BOOKING,2024-10-24,12:30:00-13:30:00,October 24,333,13263,189,Shabana Iqbal,
SKIP_EXISTING_BOOKING,2024-10-24,12:30:00-13:30:00,October 24,334,13263,31,Nazia Bi,
SKIP_EXISTING_BOOKING,2024-10-25,14:30:00-15:30:00,October 24,335,13264,176,Noel Mcmanamon,
INSERT_BOOKING,2024-10-25,14:30:00-15:30:00,October 24,336,13264,147,Arshad Mahmood,Attended=No
INSERT_BOOKING,2024-10-25,14:30:00-15:30:00,October 24,337,13264,195,azhar iqbal,Attended=No
INSERT_BOOKING,2024-10-25,14:30:00-15:30:00,October 24,338,13264,259,Abdul Majid,Attended=No
INSERT_BOOKING,2024-10-25,14:30:00-15:30:00,October 24,339,13264,242,Karamat Hussain,Attended=No
SKIP_REVIEW_BLOCKED_SLOT,2024-10-26,10:30:00-11:30:00,October 24,344,,,,Excluded from partial import because the preview contains REVIEW actions
SKIP_REVIEW_BLOCKED_SLOT,2024-10-28,10:30:00-11:30:00,October 24,353,,,,Excluded from partial import because the preview contains REVIEW actions
SKIP_REVIEW_BLOCKED_SLOT,2024-10-28,12:30:00-13:30:00,October 24,362,,,,Excluded from partial import because the preview contains REVIEW actions
SKIP_REVIEW_BLOCKED_SLOT,2024-10-28,18:45:00-19:45:00,October 24,371,,,,Excluded from partial import because the preview contains REVIEW actions
SKIP_EXISTING_BOOKING,2024-10-29,08:00:00-09:00:00,October 24,380,13269,277,Zubair Khan,
SKIP_EXISTING_BOOKING,2024-10-29,08:00:00-09:00:00,October 24,381,13269,190,Suleman Muhammad,
SKIP_EXISTING_BOOKING,2024-10-29,08:00:00-09:00:00,October 24,382,13269,160,Mark Reid,
SKIP_REVIEW_BLOCKED_SLOT,2024-10-29,09:30:00-10:30:00,October 24,389,,,,Excluded from partial import because the preview contains REVIEW actions
SKIP_REVIEW_BLOCKED_SLOT,2024-10-29,12:00:00-13:00:00,October 24,398,,,,Excluded from partial import because the preview contains REVIEW actions
SKIP_REVIEW_BLOCKED_SLOT,2024-10-30,09:45:00-10:45:00,October 24,407,,,,Excluded from partial import because the preview contains REVIEW actions
INSERT_BOOKING,2024-10-31,10:00:00-11:00:00,October 24,416,13273,232,Joanne Carey,Attended=No
SKIP_EXISTING_BOOKING,2024-10-31,10:00:00-11:00:00,October 24,417,13273,245,Fayaz Begum,
SKIP_EXISTING_BOOKING,2024-10-31,10:00:00-11:00:00,October 24,418,13273,153,Valerie Joan Fitt,
INSERT_BOOKING,2024-10-31,10:00:00-11:00:00,October 24,419,13273,237,Tamsila Hanif,Attended=No
SKIP_EXISTING_BOOKING,2024-10-31,10:00:00-11:00:00,October 24,420,13273,353,Nadeema Rana,
INSERT_BOOKING,2024-10-31,12:30:00-13:30:00,October 24,425,13274,65,Tasleem Akhtar,Attended=No
INSERT_BOOKING,2024-10-31,12:30:00-13:30:00,October 24,426,13274,31,Nazia Bi,Attended=No
SKIP_EXISTING_BOOKING,2024-10-31,12:30:00-13:30:00,October 24,427,13274,170,Sughra Bibi,
SKIP_EXISTING_BOOKING,2024-10-31,12:30:00-13:30:00,October 24,428,13274,7,Kowsar Rukhsana,
SKIP_EXISTING_BOOKING,2024-10-31,12:30:00-13:30:00,October 24,429,13274,142,Azra Bibi,
SKIP_EXISTING_BOOKING,2024-11-01,14:30:00-15:30:00,November 24,2,13275,267,Amjid Hussain,
SKIP_EXISTING_BOOKING,2024-11-01,14:30:00-15:30:00,November 24,3,13275,195,azhar iqbal,
SKIP_EXISTING_BOOKING,2024-11-01,14:30:00-15:30:00,November 24,4,13275,176,Noel Mcmanamon,
SKIP_EXISTING_BOOKING,2024-11-01,14:30:00-15:30:00,November 24,5,13275,147,Arshad Mahmood,
SKIP_REVIEW_BLOCKED_SLOT,2024-11-02,10:30:00-11:30:00,November 24,11,,,,Excluded from partial import because the preview contains REVIEW actions
SKIP_EXISTING_BOOKING,2024-11-04,10:30:00-11:30:00,November 24,20,13277,210,Abida Bi,
INSERT_BOOKING,2024-11-04,10:30:00-11:30:00,November 24,21,13277,204,Tyra Rehman,Attended=No
SKIP_EXISTING_BOOKING,2024-11-04,10:30:00-11:30:00,November 24,22,13277,140,Rashida Khatoon,
INSERT_BOOKING,2024-11-04,10:30:00-11:30:00,November 24,23,13277,1,Parveen Akhtar,Attended=No
SKIP_EXISTING_BOOKING,2024-11-04,10:30:00-11:30:00,November 24,24,13277,262,Mushahida Sheikh,
SKIP_EXISTING_BOOKING,2024-11-04,10:30:00-11:30:00,November 24,26,13277,297,Aisha Majeed,
INSERT_BOOKING,2024-11-04,10:30:00-11:30:00,November 24,27,13277,245,Fayaz Begum,Attended=No
SKIP_EXISTING_BOOKING,2024-11-04,10:30:00-11:30:00,November 24,28,13277,29,Yasmin Akhtar,
SKIP_REVIEW_BLOCKED_SLOT,2024-11-04,12:30:00-13:30:00,November 24,29,,,,Excluded from partial import because the preview contains REVIEW actions
SKIP_EXISTING_BOOKING,2024-11-04,18:45:00-19:45:00,November 24,38,13279,188,Baljinder Ghataore,
SKIP_EXISTING_BOOKING,2024-11-04,18:45:00-19:45:00,November 24,39,13279,195,azhar iqbal,
INSERT_BOOKING,2024-11-04,18:45:00-19:45:00,November 24,40,13279,176,Noel Mcmanamon,Attended=No
INSERT_BOOKING,2024-11-04,18:45:00-19:45:00,November 24,41,13279,288,Mansoor Malik,Attended=No
SKIP_EXISTING_BOOKING,2024-11-04,18:45:00-19:45:00,November 24,42,13279,147,Arshad Mahmood,
SKIP_EXISTING_BOOKING,2024-11-04,18:45:00-19:45:00,November 24,43,13279,277,Zubair Khan,
INSERT_BOOKING,2024-11-05,08:00:00-09:00:00,November 24,47,13280,190,Suleman Muhammad,Attended=No
SKIP_REVIEW_BLOCKED_SLOT,2024-11-05,09:30:00-10:30:00,November 24,56,,,,Excluded from partial import because the preview contains REVIEW actions
SKIP_REVIEW_BLOCKED_SLOT,2024-11-05,12:00:00-13:00:00,November 24,65,,,,Excluded from partial import because the preview contains REVIEW actions
SKIP_REVIEW_BLOCKED_SLOT,2024-11-06,09:45:00-10:45:00,November 24,74,,,,Excluded from partial import because the preview contains REVIEW actions
INSERT_BOOKING,2024-11-07,10:00:00-11:00:00,November 24,83,13284,355,Safraz Bibi,Attended=No
INSERT_BOOKING,2024-11-07,10:00:00-11:00:00,November 24,84,13284,356,Ishrat parveen,Attended=No
SKIP_EXISTING_BOOKING,2024-11-07,10:00:00-11:00:00,November 24,85,13284,353,Nadeema Rana,
INSERT_BOOKING,2024-11-07,10:00:00-11:00:00,November 24,86,13284,153,Valerie Joan Fitt,Attended=No
SKIP_EXISTING_BOOKING,2024-11-07,10:00:00-11:00:00,November 24,87,13284,245,Fayaz Begum,
SKIP_EXISTING_BOOKING,2024-11-07,10:00:00-11:00:00,November 24,88,13284,302,Asifa Ansari,
SKIP_EXISTING_BOOKING,2024-11-07,10:00:00-11:00:00,November 24,89,13284,306,Sandra Coleman,
SKIP_EXISTING_BOOKING,2024-11-07,10:00:00-11:00:00,November 24,90,13284,284,Nahedah Yunis,
SKIP_EXISTING_BOOKING,2024-11-07,12:30:00-13:30:00,November 24,92,13285,180,Rifat Bano,
SKIP_EXISTING_BOOKING,2024-11-07,12:30:00-13:30:00,November 24,93,13285,216,Ishrat Bano,
SKIP_EXISTING_BOOKING,2024-11-07,12:30:00-13:30:00,November 24,94,13285,169,Maqsood Begum,
SKIP_EXISTING_BOOKING,2024-11-07,12:30:00-13:30:00,November 24,95,13285,6,Mahroof Bibi,
SKIP_EXISTING_BOOKING,2024-11-07,12:30:00-13:30:00,November 24,96,13285,7,Kowsar Rukhsana,
SKIP_EXISTING_BOOKING,2024-11-07,12:30:00-13:30:00,November 24,97,13285,142,Azra Bibi,
SKIP_EXISTING_BOOKING,2024-11-07,12:30:00-13:30:00,November 24,98,13285,123,Yasmin Begum,
INSERT_BOOKING,2024-11-07,12:30:00-13:30:00,November 24,99,13285,145,Nighat Noreen,Attended=No
SKIP_EXISTING_BOOKING,2024-11-07,12:30:00-13:30:00,November 24,100,13285,27,Sajida Mahmood,
SKIP_REVIEW_BLOCKED_SLOT,2024-11-08,14:30:00-15:30:00,November 24,101,,,,Excluded from partial import because the preview contains REVIEW actions
SKIP_REVIEW_BLOCKED_SLOT,2024-11-09,10:30:00-11:30:00,November 24,110,,,,Excluded from partial import because the preview contains REVIEW actions
SKIP_EXISTING_BOOKING,2024-11-11,10:30:00-11:30:00,November 24,119,13288,29,Yasmin Akhtar,
SKIP_EXISTING_BOOKING,2024-11-11,10:30:00-11:30:00,November 24,120,13288,297,Aisha Majeed,
SKIP_EXISTING_BOOKING,2024-11-11,10:30:00-11:30:00,November 24,121,13288,262,Mushahida Sheikh,
SKIP_EXISTING_BOOKING,2024-11-11,10:30:00-11:30:00,November 24,122,13288,191,Saba Bibi,
INSERT_BOOKING,2024-11-11,10:30:00-11:30:00,November 24,123,13288,465,Noreen Kauser,Attended=No
SKIP_EXISTING_BOOKING,2024-11-11,10:30:00-11:30:00,November 24,124,13288,210,Abida Bi,
SKIP_EXISTING_BOOKING,2024-11-11,10:30:00-11:30:00,November 24,125,13288,6,Mahroof Bibi,
INSERT_BOOKING,2024-11-11,10:30:00-11:30:00,November 24,126,13288,2,Riffat Mughal,Attended=No
SKIP_EXISTING_BOOKING,2024-11-11,10:30:00-11:30:00,November 24,127,13288,204,Tyra Rehman,
SKIP_REVIEW_BLOCKED_SLOT,2024-11-11,12:30:00-13:30:00,November 24,128,,,,Excluded from partial import because the preview contains REVIEW actions
INSERT_BOOKING,2024-11-12,08:00:00-09:00:00,November 24,146,13290,277,Zubair Khan,Attended=No
INSERT_BOOKING,2024-11-12,08:00:00-09:00:00,November 24,147,13290,147,Arshad Mahmood,Attended=No
SKIP_EXISTING_BOOKING,2024-11-12,08:00:00-09:00:00,November 24,148,13290,311,Zed Khan,
SKIP_EXISTING_BOOKING,2024-11-12,08:00:00-09:00:00,November 24,149,13290,309,Bernard McLaughlin,
SKIP_REVIEW_BLOCKED_SLOT,2024-11-13,09:45:00-10:45:00,November 24,173,,,,Excluded from partial import because the preview contains REVIEW actions
SKIP_EXISTING_BOOKING,2024-11-14,10:00:00-11:00:00,November 24,182,13292,355,Safraz Bibi,
SKIP_EXISTING_BOOKING,2024-11-14,10:00:00-11:00:00,November 24,183,13292,356,Ishrat parveen,
SKIP_EXISTING_BOOKING,2024-11-14,10:00:00-11:00:00,November 24,184,13292,245,Fayaz Begum,
INSERT_BOOKING,2024-11-14,10:00:00-11:00:00,November 24,185,13292,353,Nadeema Rana,Attended=No
SKIP_EXISTING_BOOKING,2024-11-14,10:00:00-11:00:00,November 24,188,13292,284,Nahedah Yunis,
SKIP_EXISTING_BOOKING,2024-11-14,10:00:00-11:00:00,November 24,189,13292,362,Nusrat Bibi,
SKIP_EXISTING_BOOKING,2024-11-14,10:00:00-11:00:00,November 24,190,13292,312,Sultana Parveen,
SKIP_REVIEW_BLOCKED_SLOT,2024-11-14,12:30:00-13:30:00,November 24,191,,,,Excluded from partial import because the preview contains REVIEW actions
SKIP_REVIEW_BLOCKED_SLOT,2024-11-16,10:30:00-11:30:00,November 24,209,,,,Excluded from partial import because the preview contains REVIEW actions
SKIP_EXISTING_BOOKING,2024-11-18,10:30:00-11:30:00,November 24,219,13295,315,Fatima Bibi,
SKIP_EXISTING_BOOKING,2024-11-18,10:30:00-11:30:00,November 24,220,13295,29,Yasmin Akhtar,
SKIP_EXISTING_BOOKING,2024-11-18,10:30:00-11:30:00,November 24,221,13295,301,Insa Shaheen,
SKIP_EXISTING_BOOKING,2024-11-18,10:30:00-11:30:00,November 24,222,13295,159,Shabeena Kausar,
SKIP_EXISTING_BOOKING,2024-11-18,10:30:00-11:30:00,November 24,223,13295,297,Aisha Majeed,
INSERT_BOOKING,2024-11-18,10:30:00-11:30:00,November 24,224,13295,204,Tyra Rehman,Attended=No
SKIP_EXISTING_BOOKING,2024-11-18,10:30:00-11:30:00,November 24,225,13295,312,Sultana Parveen,
INSERT_BOOKING,2024-11-18,10:30:00-11:30:00,November 24,226,13295,191,Saba Bibi,Attended=No
SKIP_REVIEW_BLOCKED_SLOT,2024-11-18,12:30:00-13:30:00,November 24,227,,,,Excluded from partial import because the preview contains REVIEW actions
SKIP_REVIEW_BLOCKED_SLOT,2024-11-18,18:15:00-19:45:00,November 24,236,,,,Excluded from partial import because the preview contains REVIEW actions
INSERT_BOOKING,2024-11-19,08:00:00-09:00:00,November 24,245,13298,311,Zed Khan,Attended=No
SKIP_EXISTING_BOOKING,2024-11-19,08:00:00-09:00:00,November 24,246,13298,309,Bernard McLaughlin,
SKIP_REVIEW_BLOCKED_SLOT,2024-11-19,09:30:00-10:30:00,November 24,254,,,,Excluded from partial import because the preview contains REVIEW actions
INSERT_BOOKING,2024-11-19,12:00:00-13:00:00,November 24,263,13300,268,Yasmin Nisar,Attended=No
SKIP_EXISTING_BOOKING,2024-11-19,12:00:00-13:00:00,November 24,264,13300,41,Badra Khatoon,
INSERT_BOOKING,2024-11-19,12:00:00-13:00:00,November 24,265,13300,318,Asia Begum,Attended=No
INSERT_BOOKING,2024-11-19,12:00:00-13:00:00,November 24,266,13300,85,Naseem Hussain,Attended=No
INSERT_BOOKING,2024-11-19,12:00:00-13:00:00,November 24,267,13300,320,Nasreen Akhtar,Attended=No
SKIP_EXISTING_BOOKING,2024-11-19,12:00:00-13:00:00,November 24,268,13300,145,Nighat Noreen,
SKIP_EXISTING_BOOKING,2024-11-19,12:00:00-13:00:00,November 24,269,13300,322,Donnette Jolly,
SKIP_REVIEW_BLOCKED_SLOT,2024-11-20,09:45:00-10:45:00,November 24,272,,,,Excluded from partial import because the preview contains REVIEW actions
SKIP_EXISTING_BOOKING,2024-11-21,10:00:00-11:00:00,November 24,281,13302,210,Abida Bi,
SKIP_EXISTING_BOOKING,2024-11-21,10:00:00-11:00:00,November 24,282,13302,27,Sajida Mahmood,
SKIP_EXISTING_BOOKING,2024-11-21,10:00:00-11:00:00,November 24,283,13302,355,Safraz Bibi,
SKIP_EXISTING_BOOKING,2024-11-21,10:00:00-11:00:00,November 24,284,13302,356,Ishrat parveen,
SKIP_EXISTING_BOOKING,2024-11-21,10:00:00-11:00:00,November 24,285,13302,245,Fayaz Begum,
SKIP_EXISTING_BOOKING,2024-11-21,10:00:00-11:00:00,November 24,286,13302,353,Nadeema Rana,
SKIP_EXISTING_BOOKING,2024-11-21,10:00:00-11:00:00,November 24,287,13302,284,Nahedah Yunis,
INSERT_BOOKING,2024-11-21,10:00:00-11:00:00,November 24,288,13302,142,Azra Bibi,Attended=No
SKIP_EXISTING_BOOKING,2024-11-21,12:30:00-13:30:00,November 24,290,13303,289,Rukhsana Shahin,
INSERT_BOOKING,2024-11-21,12:30:00-13:30:00,November 24,291,13303,189,Shabana Iqbal,Attended=Blank
SKIP_EXISTING_BOOKING,2024-11-21,12:30:00-13:30:00,November 24,292,13303,169,Maqsood Begum,
SKIP_EXISTING_BOOKING,2024-11-21,12:30:00-13:30:00,November 24,293,13303,216,Ishrat Bano,
SKIP_EXISTING_BOOKING,2024-11-21,12:30:00-13:30:00,November 24,294,13303,180,Rifat Bano,
INSERT_BOOKING,2024-11-21,12:30:00-13:30:00,November 24,295,13303,7,Kowsar Rukhsana,Attended=Blank
INSERT_BOOKING,2024-11-21,12:30:00-13:30:00,November 24,296,13303,321,Zareena Yasmin,Attended=Blank
SKIP_REVIEW_BLOCKED_SLOT,2024-11-22,14:30:00-15:30:00,November 24,299,,,,Excluded from partial import because the preview contains REVIEW actions
SKIP_REVIEW_BLOCKED_SLOT,2024-11-23,10:30:00-11:30:00,November 24,308,,,,Excluded from partial import because the preview contains REVIEW actions
SKIP_EXISTING_BOOKING,2024-11-25,10:30:00-11:30:00,November 24,317,13306,107,Anne Mann,
SKIP_EXISTING_BOOKING,2024-11-25,10:30:00-11:30:00,November 24,318,13306,159,Shabeena Kausar,
INSERT_BOOKING,2024-11-25,10:30:00-11:30:00,November 24,319,13306,1014,Farhat Nisa,Attended=Blank
SKIP_EXISTING_BOOKING,2024-11-25,10:30:00-11:30:00,November 24,320,13306,315,Fatima Bibi,
SKIP_EXISTING_BOOKING,2024-11-25,10:30:00-11:30:00,November 24,321,13306,29,Yasmin Akhtar,
SKIP_EXISTING_BOOKING,2024-11-25,10:30:00-11:30:00,November 24,322,13306,301,Insa Shaheen,
SKIP_EXISTING_BOOKING,2024-11-25,10:30:00-11:30:00,November 24,323,13306,312,Sultana Parveen,
SKIP_EXISTING_BOOKING,2024-11-25,10:30:00-11:30:00,November 24,324,13306,297,Aisha Majeed,
SKIP_REVIEW_BLOCKED_SLOT,2024-11-25,12:30:00-13:30:00,November 24,326,,,,Excluded from partial import because the preview contains REVIEW actions
SKIP_REVIEW_BLOCKED_SLOT,2024-11-25,18:15:00-19:45:00,November 24,335,,,,Excluded from partial import because the preview contains REVIEW actions
INSERT_BOOKING,2024-11-26,09:30:00-10:30:00,November 24,353,13310,328,Husnain Ali,Attended=Blank
INSERT_BOOKING,2024-11-26,09:30:00-10:30:00,November 24,354,13310,172,Mazhar Iqbal,Attended=Blank
INSERT_BOOKING,2024-11-26,09:30:00-10:30:00,November 24,355,13310,160,Mark Reid,Attended=Blank
INSERT_BOOKING,2024-11-26,09:30:00-10:30:00,November 24,356,13310,176,Noel Mcmanamon,Attended=Blank
INSERT_BOOKING,2024-11-26,09:30:00-10:30:00,November 24,357,13310,309,Bernard McLaughlin,Attended=Blank
INSERT_BOOKING,2024-11-26,09:30:00-10:30:00,November 24,358,13310,111,Ghiyas-ul-Haq Ahmed,Attended=Blank
SKIP_REVIEW_BLOCKED_SLOT,2024-11-26,12:00:00-13:00:00,November 24,362,,,,Excluded from partial import because the preview contains REVIEW actions
INSERT_BOOKING,2024-11-27,09:45:00-10:45:00,November 24,371,13312,328,Husnain Ali,Attended=Blank
INSERT_BOOKING,2024-11-27,09:45:00-10:45:00,November 24,372,13312,304,benny chan,Attended=Blank
INSERT_BOOKING,2024-11-27,09:45:00-10:45:00,November 24,373,13312,,Mohammed Saleem,Attended=Blank
INSERT_BOOKING,2024-11-27,09:45:00-10:45:00,November 24,374,13312,111,Ghiyas-ul-Haq Ahmed,Attended=Blank
INSERT_BOOKING,2024-11-27,09:45:00-10:45:00,November 24,375,13312,139,Mohammed Ashraf,Attended=Blank
INSERT_BOOKING,2024-11-27,09:45:00-10:45:00,November 24,376,13312,269,Abdul Wahid Ashraf,Attended=Blank
SKIP_EXISTING_BOOKING,2024-11-28,10:00:00-11:00:00,November 24,380,13313,210,Abida Bi,
SKIP_EXISTING_BOOKING,2024-11-28,10:00:00-11:00:00,November 24,381,13313,27,Sajida Mahmood,
SKIP_EXISTING_BOOKING,2024-11-28,10:00:00-11:00:00,November 24,382,13313,245,Fayaz Begum,
SKIP_EXISTING_BOOKING,2024-11-28,10:00:00-11:00:00,November 24,383,13313,355,Safraz Bibi,
INSERT_BOOKING,2024-11-28,10:00:00-11:00:00,November 24,386,13313,353,Nadeema Rana,Attended=No
SKIP_EXISTING_BOOKING,2024-11-28,10:00:00-11:00:00,November 24,387,13313,140,Rashida Khatoon,
SKIP_EXISTING_BOOKING,2024-11-28,10:00:00-11:00:00,November 24,388,13313,296,Shafeen Akhtar,
SKIP_EXISTING_BOOKING,2024-11-28,12:30:00-13:30:00,November 24,389,13314,402,Gwenneth Jones,
SKIP_EXISTING_BOOKING,2024-11-28,12:30:00-13:30:00,November 24,390,13314,322,Donnette Jolly,
SKIP_EXISTING_BOOKING,2024-11-28,12:30:00-13:30:00,November 24,391,13314,289,Rukhsana Shahin,
INSERT_BOOKING,2024-11-28,12:30:00-13:30:00,November 24,392,13314,189,Shabana Iqbal,Attended=No
SKIP_EXISTING_BOOKING,2024-11-28,12:30:00-13:30:00,November 24,393,13314,169,Maqsood Begum,
SKIP_EXISTING_BOOKING,2024-11-28,12:30:00-13:30:00,November 24,394,13314,216,Ishrat Bano,
SKIP_EXISTING_BOOKING,2024-11-28,12:30:00-13:30:00,November 24,395,13314,180,Rifat Bano,
SKIP_EXISTING_BOOKING,2024-11-28,12:30:00-13:30:00,November 24,396,13314,7,Kowsar Rukhsana,
SKIP_EXISTING_BOOKING,2024-11-28,12:30:00-13:30:00,November 24,397,13314,321,Zareena Yasmin,
SKIP_REVIEW_BLOCKED_SLOT,2024-11-30,10:30:00-11:30:00,November 24,407,,,,Excluded from partial import because the preview contains REVIEW actions
SKIP_EXISTING_BOOKING,2024-12-02,10:30:00-11:30:00,December 24,2,13316,159,Shabeena Kausar,
SKIP_EXISTING_BOOKING,2024-12-02,10:30:00-11:30:00,December 24,3,13316,1014,Farhat Nisa,
INSERT_BOOKING,2024-12-02,10:30:00-11:30:00,December 24,4,13316,315,Fatima Bibi,Attended=No
SKIP_EXISTING_BOOKING,2024-12-02,10:30:00-11:30:00,December 24,5,13316,29,Yasmin Akhtar,
SKIP_EXISTING_BOOKING,2024-12-02,10:30:00-11:30:00,December 24,6,13316,301,Insa Shaheen,
SKIP_EXISTING_BOOKING,2024-12-02,10:30:00-11:30:00,December 24,7,13316,312,Sultana Parveen,
SKIP_EXISTING_BOOKING,2024-12-02,10:30:00-11:30:00,December 24,8,13316,297,Aisha Majeed,
SKIP_EXISTING_BOOKING,2024-12-02,10:30:00-11:30:00,December 24,9,13316,362,Nusrat Bibi,
SKIP_REVIEW_BLOCKED_SLOT,2024-12-02,12:30:00-13:30:00,December 24,11,,,,Excluded from partial import because the preview contains REVIEW actions
SKIP_REVIEW_BLOCKED_SLOT,2024-12-02,18:45:00-19:45:00,December 24,20,,,,Excluded from partial import because the preview contains REVIEW actions
SKIP_REVIEW_BLOCKED_SLOT,2024-12-03,12:00:00-13:00:00,December 24,38,,,,Excluded from partial import because the preview contains REVIEW actions
SKIP_REVIEW_BLOCKED_SLOT,2024-12-04,09:45:00-10:45:00,December 24,47,,,,Excluded from partial import because the preview contains REVIEW actions
SKIP_REVIEW_BLOCKED_SLOT,2024-12-05,10:00:00-11:00:00,December 24,56,,,,Excluded from partial import because the preview contains REVIEW actions
SKIP_EXISTING_BOOKING,2024-12-05,12:30:00-13:30:00,December 24,65,13323,245,Fayaz Begum,
INSERT_BOOKING,2024-12-05,12:30:00-13:30:00,December 24,66,13323,40,Fozia Hafiz,Attended=No
SKIP_EXISTING_BOOKING,2024-12-05,12:30:00-13:30:00,December 24,67,13323,189,Shabana Iqbal,
SKIP_EXISTING_BOOKING,2024-12-05,12:30:00-13:30:00,December 24,68,13323,231,Aisha Siddiqa,
SKIP_EXISTING_BOOKING,2024-12-05,12:30:00-13:30:00,December 24,69,13323,169,Maqsood Begum,
SKIP_EXISTING_BOOKING,2024-12-05,12:30:00-13:30:00,December 24,70,13323,216,Ishrat Bano,
SKIP_EXISTING_BOOKING,2024-12-05,12:30:00-13:30:00,December 24,71,13323,180,Rifat Bano,
SKIP_EXISTING_BOOKING,2024-12-05,12:30:00-13:30:00,December 24,72,13323,321,Zareena Yasmin,
INSERT_BOOKING,2024-12-05,12:30:00-13:30:00,December 24,73,13323,1,Parveen Akhtar,Attended=Blank
SKIP_REVIEW_BLOCKED_SLOT,2024-12-06,14:30:00-15:30:00,December 24,74,,,,Excluded from partial import because the preview contains REVIEW actions
SKIP_REVIEW_BLOCKED_SLOT,2024-12-07,10:30:00-11:30:00,December 24,83,,,,Excluded from partial import because the preview contains REVIEW actions
SKIP_REVIEW_BLOCKED_SLOT,2024-12-09,18:00:00-19:00:00,December 24,92,,,,Excluded from partial import because the preview contains REVIEW actions
INSERT_BOOKING,2024-12-09,19:00:00-20:00:00,December 24,101,13327,195,azhar iqbal,Attended=No
SKIP_EXISTING_BOOKING,2024-12-09,19:00:00-20:00:00,December 24,102,13327,188,Baljinder Ghataore,
SKIP_EXISTING_BOOKING,2024-12-09,19:00:00-20:00:00,December 24,103,13327,288,Mansoor Malik,
SKIP_REVIEW_BLOCKED_SLOT,2024-12-10,12:00:00-13:00:00,December 24,119,,,,Excluded from partial import because the preview contains REVIEW actions
SKIP_REVIEW_BLOCKED_SLOT,2024-12-11,09:45:00-10:45:00,December 24,128,,,,Excluded from partial import because the preview contains REVIEW actions
SKIP_REVIEW_BLOCKED_SLOT,2024-12-12,10:00:00-11:00:00,December 24,137,,,,Excluded from partial import because the preview contains REVIEW actions
SKIP_REVIEW_BLOCKED_SLOT,2024-12-12,12:30:00-13:30:00,December 24,146,,,,Excluded from partial import because the preview contains REVIEW actions
SKIP_REVIEW_BLOCKED_SLOT,2024-12-13,14:30:00-15:30:00,December 24,155,,,,Excluded from partial import because the preview contains REVIEW actions
INSERT_BOOKING,2024-12-14,10:30:00-11:30:00,December 24,164,13334,174,Sajida Syed,Attended=No
SKIP_EXISTING_BOOKING,2024-12-14,10:30:00-11:30:00,December 24,165,13334,320,Nasreen Akhtar,
INSERT_BOOKING,2024-12-14,10:30:00-11:30:00,December 24,166,13334,314,Najabat Bibi,Attended=Blank
SKIP_EXISTING_BOOKING,2024-12-14,10:30:00-11:30:00,December 24,168,13334,300,Uzma Javid,
SKIP_EXISTING_BOOKING,2024-12-14,10:30:00-11:30:00,December 24,170,13334,274,Samina Javed,
SKIP_EXISTING_BOOKING,2024-12-14,10:30:00-11:30:00,December 24,171,13334,13,Sughra Begum,
SKIP_EXISTING_BOOKING,2024-12-14,10:30:00-11:30:00,December 24,172,13334,178,Munir Akhtar Hussain,
INSERT_BOOKING,2024-12-16,10:30:00-11:30:00,December 24,173,13335,87,Ghazala Bibi,Attended=No
SKIP_EXISTING_BOOKING,2024-12-16,10:30:00-11:30:00,December 24,174,13335,245,Fayaz Begum,
INSERT_BOOKING,2024-12-16,10:30:00-11:30:00,December 24,175,13335,189,Shabana Iqbal,Attended=No
SKIP_EXISTING_BOOKING,2024-12-16,10:30:00-11:30:00,December 24,176,13335,140,Rashida Khatoon,
SKIP_EXISTING_BOOKING,2024-12-16,10:30:00-11:30:00,December 24,177,13335,210,Abida Bi,
SKIP_EXISTING_BOOKING,2024-12-16,10:30:00-11:30:00,December 24,178,13335,296,Shafeen Akhtar,
INSERT_BOOKING,2024-12-16,10:30:00-11:30:00,December 24,179,13335,1014,Farhat Nisa,Attended=No
INSERT_BOOKING,2024-12-16,10:30:00-11:30:00,December 24,180,13335,315,Fatima Bibi,Attended=No
SKIP_EXISTING_BOOKING,2024-12-16,10:30:00-11:30:00,December 24,181,13335,297,Aisha Majeed,
SKIP_REVIEW_BLOCKED_SLOT,2024-12-16,12:30:00-13:30:00,December 24,182,,,,Excluded from partial import because the preview contains REVIEW actions
SKIP_EXISTING_BOOKING,2025-01-13,10:00:00-11:00:00,January 25,5,13337,1051,Shazia Tasleem,
SKIP_EXISTING_BOOKING,2025-01-13,10:00:00-11:00:00,January 25,6,13337,315,Fatima Bibi,
SKIP_EXISTING_BOOKING,2025-01-13,10:00:00-11:00:00,January 25,7,13337,1014,Farhat Nisa,
SKIP_EXISTING_BOOKING,2025-01-13,10:00:00-11:00:00,January 25,8,13337,84,Anser Begum,
SKIP_EXISTING_BOOKING,2025-01-13,10:00:00-11:00:00,January 25,9,13337,104,Nazia Ahmed,
SKIP_EXISTING_BOOKING,2025-01-13,10:00:00-11:00:00,January 25,10,13337,1,Parveen Akhtar,
SKIP_EXISTING_BOOKING,2025-01-13,11:30:00-12:30:00,January 25,11,13338,312,Sultana Parveen,
SKIP_EXISTING_BOOKING,2025-01-13,11:30:00-12:30:00,January 25,12,13338,1077,Sahira Parveen,
SKIP_EXISTING_BOOKING,2025-01-13,11:30:00-12:30:00,January 25,13,13338,27,Sajida Mahmood,
SKIP_EXISTING_BOOKING,2025-01-13,11:30:00-12:30:00,January 25,14,13338,159,Shabeena Kausar,
SKIP_REVIEW_BLOCKED_SLOT,2025-01-13,18:00:00-19:00:00,January 25,20,,,,Excluded from partial import because the preview contains REVIEW actions
SKIP_EXISTING_BOOKING,2025-01-13,19:00:00-20:00:00,January 25,29,13340,259,Abdul Majid,
SKIP_EXISTING_BOOKING,2025-01-13,19:00:00-20:00:00,January 25,30,13340,172,Mazhar Iqbal,
SKIP_EXISTING_BOOKING,2025-01-13,19:00:00-20:00:00,January 25,31,13340,267,Amjid Hussain,
SKIP_EXISTING_BOOKING,2025-01-14,08:00:00-09:00:00,January 25,38,13341,190,Suleman Muhammad,
SKIP_EXISTING_BOOKING,2025-01-14,08:00:00-09:00:00,January 25,39,13341,311,Zed Khan,
SKIP_REVIEW_BLOCKED_SLOT,2025-01-14,12:00:00-13:00:00,January 25,56,,,,Excluded from partial import because the preview contains REVIEW actions
SKIP_REVIEW_BLOCKED_SLOT,2025-01-15,09:30:00-10:30:00,January 25,65,,,,Excluded from partial import because the preview contains REVIEW actions
SKIP_EXISTING_BOOKING,2025-01-16,09:30:00-10:30:00,January 25,74,13349,107,Anne Mann,
SKIP_EXISTING_BOOKING,2025-01-16,09:30:00-10:30:00,January 25,75,13349,146,Rabeena Shaheen,
SKIP_EXISTING_BOOKING,2025-01-16,09:30:00-10:30:00,January 25,76,13349,355,Safraz Bibi,
SKIP_EXISTING_BOOKING,2025-01-16,09:30:00-10:30:00,January 25,77,13349,356,Ishrat parveen,
INSERT_BOOKING,2025-01-16,09:30:00-10:30:00,January 25,78,13349,170,Sughra Bibi,Attended=No
SKIP_EXISTING_BOOKING,2025-01-16,09:30:00-10:30:00,January 25,79,13349,223,Shahida Begum,
SKIP_EXISTING_BOOKING,2025-01-16,09:30:00-10:30:00,January 25,80,13349,1080,Asma Bibi,
SKIP_EXISTING_BOOKING,2025-01-16,11:00:00-12:00:00,January 25,83,13351,7,Kowsar Rukhsana,
SKIP_EXISTING_BOOKING,2025-01-16,11:00:00-12:00:00,January 25,84,13351,40,Fozia Hafiz,
SKIP_EXISTING_BOOKING,2025-01-16,11:00:00-12:00:00,January 25,85,13351,1075,Edna Gilika,
SKIP_EXISTING_BOOKING,2025-01-16,11:00:00-12:00:00,January 25,86,13351,180,Rifat Bano,
SKIP_EXISTING_BOOKING,2025-01-16,11:00:00-12:00:00,January 25,87,13351,169,Maqsood Begum,
SKIP_EXISTING_BOOKING,2025-01-16,11:00:00-12:00:00,January 25,88,13351,216,Ishrat Bano,
INSERT_BOOKING,2025-01-16,11:00:00-12:00:00,January 25,89,13351,232,Joanne Carey,Attended=No
INSERT_BOOKING,2025-01-16,11:00:00-12:00:00,January 25,90,13351,142,Azra Bibi,Attended=No
SKIP_EXISTING_BOOKING,2025-01-16,11:00:00-12:00:00,January 25,91,13351,168,Janet Corlis,
SKIP_EXISTING_BOOKING,2025-01-17,10:00:00-11:00:00,January 25,92,13353,1078,Angela Cross,
SKIP_REVIEW_BLOCKED_SLOT,2025-01-17,14:00:00-15:00:00,January 25,101,,,,Excluded from partial import because the preview contains REVIEW actions
SKIP_REVIEW_BLOCKED_SLOT,2025-01-18,09:45:00-10:45:00,January 25,110,,,,Excluded from partial import because the preview contains REVIEW actions
SKIP_EXISTING_BOOKING,2025-01-18,11:00:00-12:00:00,January 25,119,13356,190,Suleman Muhammad,
SKIP_EXISTING_BOOKING,2025-01-18,11:00:00-12:00:00,January 25,120,13356,172,Mazhar Iqbal,
SKIP_EXISTING_BOOKING,2025-01-18,11:00:00-12:00:00,January 25,121,13356,1076,Latif Akhtar,
SKIP_EXISTING_BOOKING,2025-01-18,11:00:00-12:00:00,January 25,122,13356,1049,Mohammed Hanif Moosa,
SKIP_EXISTING_BOOKING,2025-01-20,10:00:00-11:00:00,January 25,128,13357,104,Nazia Ahmed,
INSERT_BOOKING,2025-01-20,10:00:00-11:00:00,January 25,129,13357,84,Anser Begum,Attended=No
SKIP_EXISTING_BOOKING,2025-01-20,10:00:00-11:00:00,January 25,130,13357,315,Fatima Bibi,
SKIP_EXISTING_BOOKING,2025-01-20,10:00:00-11:00:00,January 25,131,13357,1014,Farhat Nisa,
SKIP_EXISTING_BOOKING,2025-01-20,10:00:00-11:00:00,January 25,132,13357,1,Parveen Akhtar,
INSERT_BOOKING,2025-01-20,10:00:00-11:00:00,January 25,133,13357,159,Shabeena Kausar,Attended=No
SKIP_EXISTING_BOOKING,2025-01-20,10:00:00-11:00:00,January 25,134,13357,140,Rashida Khatoon,
SKIP_EXISTING_BOOKING,2025-01-20,10:00:00-11:00:00,January 25,135,13357,296,Shafeen Akhtar,
SKIP_EXISTING_BOOKING,2025-01-20,10:00:00-11:00:00,January 25,136,13357,210,Abida Bi,
SKIP_REVIEW_BLOCKED_SLOT,2025-01-20,11:30:00-12:30:00,January 25,137,,,,Excluded from partial import because the preview contains REVIEW actions
SKIP_REVIEW_BLOCKED_SLOT,2025-01-20,18:00:00-19:00:00,January 25,146,,,,Excluded from partial import because the preview contains REVIEW actions
SKIP_EXISTING_BOOKING,2025-01-20,19:00:00-20:00:00,January 25,155,13360,288,Mansoor Malik,
SKIP_EXISTING_BOOKING,2025-01-20,19:00:00-20:00:00,January 25,156,13360,195,azhar iqbal,
SKIP_EXISTING_BOOKING,2025-01-20,19:00:00-20:00:00,January 25,157,13360,147,Arshad Mahmood,
INSERT_BOOKING,2025-01-21,08:00:00-09:00:00,January 25,164,13361,311,Zed Khan,Attended=No
SKIP_EXISTING_BOOKING,2025-01-21,08:00:00-09:00:00,January 25,165,13361,190,Suleman Muhammad,
INSERT_BOOKING,2025-01-21,08:00:00-09:00:00,January 25,166,13361,172,Mazhar Iqbal,Attended=No
SKIP_EXISTING_BOOKING,2025-01-21,08:00:00-09:00:00,January 25,167,13361,267,Amjid Hussain,
INSERT_BOOKING,2025-01-21,09:30:00-10:30:00,January 25,174,13362,1075,Edna Gilika,Attended=No
SKIP_EXISTING_BOOKING,2025-01-21,09:30:00-10:30:00,January 25,175,13362,284,Nahedah Yunis,
SKIP_REVIEW_BLOCKED_SLOT,2025-01-21,12:00:00-13:00:00,January 25,182,,,,Excluded from partial import because the preview contains REVIEW actions
SKIP_REVIEW_BLOCKED_SLOT,2025-01-22,09:30:00-10:30:00,January 25,191,,,,Excluded from partial import because the preview contains REVIEW actions
SKIP_EXISTING_BOOKING,2025-01-23,09:30:00-10:30:00,January 25,200,13369,223,Shahida Begum,
INSERT_BOOKING,2025-01-23,09:30:00-10:30:00,January 25,201,13369,146,Rabeena Shaheen,Attended=No
SKIP_EXISTING_BOOKING,2025-01-23,09:30:00-10:30:00,January 25,203,13369,1082,Fleur Bano Maqsood,
SKIP_EXISTING_BOOKING,2025-01-23,09:30:00-10:30:00,January 25,205,13369,245,Fayaz Begum,
SKIP_EXISTING_BOOKING,2025-01-23,09:30:00-10:30:00,January 25,206,13369,1062,Juhena Begum,
SKIP_EXISTING_BOOKING,2025-01-23,11:00:00-12:00:00,January 25,209,13371,152,Jennifer Mason,
INSERT_BOOKING,2025-01-23,11:00:00-12:00:00,January 25,210,13371,1080,Asma Bibi,Attended=No
SKIP_EXISTING_BOOKING,2025-01-23,11:00:00-12:00:00,January 25,211,13371,153,Valerie Joan Fitt,
INSERT_BOOKING,2025-01-23,11:00:00-12:00:00,January 25,212,13371,270,Brooke Kelly,Attended=No
SKIP_EXISTING_BOOKING,2025-01-23,11:00:00-12:00:00,January 25,213,13371,216,Ishrat Bano,
SKIP_EXISTING_BOOKING,2025-01-23,11:00:00-12:00:00,January 25,215,13371,169,Maqsood Begum,
SKIP_EXISTING_BOOKING,2025-01-23,11:00:00-12:00:00,January 25,216,13371,180,Rifat Bano,
INSERT_BOOKING,2025-01-24,10:00:00-11:00:00,January 25,218,13373,1079,Jugraj Singh,Attended=No
SKIP_EXISTING_BOOKING,2025-01-24,10:00:00-11:00:00,January 25,219,13373,1078,Angela Cross,
SKIP_EXISTING_BOOKING,2025-01-24,10:00:00-11:00:00,January 25,220,13373,1049,Mohammed Hanif Moosa,
SKIP_EXISTING_BOOKING,2025-01-24,10:00:00-11:00:00,January 25,221,13373,1044,Zainab Moosa,
INSERT_BOOKING,2025-01-24,10:00:00-11:00:00,January 25,222,13373,142,Azra Bibi,Attended=Blank
SKIP_EXISTING_BOOKING,2025-01-24,10:00:00-11:00:00,January 25,223,13373,172,Mazhar Iqbal,
SKIP_EXISTING_BOOKING,2025-01-24,10:00:00-11:00:00,January 25,224,13373,190,Suleman Muhammad,
INSERT_BOOKING,2025-01-24,10:00:00-11:00:00,January 25,225,13373,7,Kowsar Rukhsana,Attended=No
SKIP_REVIEW_BLOCKED_SLOT,2025-01-24,14:00:00-15:00:00,January 25,227,,,,Excluded from partial import because the preview contains REVIEW actions
SKIP_REVIEW_BLOCKED_SLOT,2025-01-25,09:45:00-10:45:00,January 25,236,,,,Excluded from partial import because the preview contains REVIEW actions
SKIP_EXISTING_BOOKING,2025-01-25,11:00:00-12:00:00,January 25,245,13376,190,Suleman Muhammad,
SKIP_EXISTING_BOOKING,2025-01-25,11:00:00-12:00:00,January 25,246,13376,172,Mazhar Iqbal,
SKIP_EXISTING_BOOKING,2025-01-25,11:00:00-12:00:00,January 25,247,13376,1076,Latif Akhtar,
SKIP_EXISTING_BOOKING,2025-01-25,11:00:00-12:00:00,January 25,248,13376,277,Zubair Khan,
INSERT_BOOKING,2025-01-25,11:00:00-12:00:00,January 25,249,13376,1049,Mohammed Hanif Moosa,Attended=No
INSERT_BOOKING,2025-01-27,10:00:00-11:00:00,January 25,254,13377,320,Nasreen Akhtar,Attended=No
SKIP_EXISTING_BOOKING,2025-01-27,10:00:00-11:00:00,January 25,255,13377,104,Nazia Ahmed,
SKIP_EXISTING_BOOKING,2025-01-27,10:00:00-11:00:00,January 25,256,13377,1038,Saima Ghani,
SKIP_EXISTING_BOOKING,2025-01-27,10:00:00-11:00:00,January 25,258,13377,315,Fatima Bibi,
SKIP_EXISTING_BOOKING,2025-01-27,10:00:00-11:00:00,January 25,259,13377,1014,Farhat Nisa,
SKIP_EXISTING_BOOKING,2025-01-27,10:00:00-11:00:00,January 25,262,13377,159,Shabeena Kausar,
SKIP_REVIEW_BLOCKED_SLOT,2025-01-27,11:30:00-12:30:00,January 25,263,,,,Excluded from partial import because the preview contains REVIEW actions
SKIP_REVIEW_BLOCKED_SLOT,2025-01-27,18:00:00-19:00:00,January 25,272,,,,Excluded from partial import because the preview contains REVIEW actions
SKIP_REVIEW_BLOCKED_SLOT,2025-01-27,19:00:00-20:00:00,January 25,281,,,,Excluded from partial import because the preview contains REVIEW actions
INSERT_BOOKING,2025-01-28,08:00:00-09:00:00,January 25,290,13381,190,Suleman Muhammad,Attended=No
SKIP_EXISTING_BOOKING,2025-01-28,08:00:00-09:00:00,January 25,291,13381,172,Mazhar Iqbal,
INSERT_BOOKING,2025-01-28,09:30:00-10:30:00,January 25,299,13382,40,Fozia Hafiz,Attended=No
SKIP_EXISTING_BOOKING,2025-01-28,09:30:00-10:30:00,January 25,300,13382,284,Nahedah Yunis,
INSERT_BOOKING,2025-01-28,09:30:00-10:30:00,January 25,301,13382,1051,Shazia Tasleem,Attended=No
INSERT_BOOKING,2025-01-28,09:30:00-10:30:00,January 25,302,13382,231,Aisha Siddiqa,Attended=No
SKIP_EXISTING_BOOKING,2025-01-28,09:30:00-10:30:00,January 25,303,13382,145,Nighat Noreen,
INSERT_BOOKING,2025-01-28,09:30:00-10:30:00,January 25,304,13382,1077,Sahira Parveen,Attended=No
SKIP_EXISTING_BOOKING,2025-01-28,09:30:00-10:30:00,January 25,305,13382,245,Fayaz Begum,
INSERT_BOOKING,2025-01-28,09:30:00-10:30:00,January 25,306,13382,270,Brooke Kelly,Attended=No
SKIP_REVIEW_BLOCKED_SLOT,2025-01-28,12:00:00-13:00:00,January 25,308,,,,Excluded from partial import because the preview contains REVIEW actions
SKIP_REVIEW_BLOCKED_SLOT,2025-01-29,09:30:00-10:30:00,January 25,317,,,,Excluded from partial import because the preview contains REVIEW actions
INSERT_BOOKING,2025-01-30,09:30:00-10:30:00,January 25,326,13389,223,Shahida Begum,Attended=No
SKIP_EXISTING_BOOKING,2025-01-30,09:30:00-10:30:00,January 25,327,13389,107,Anne Mann,
INSERT_BOOKING,2025-01-30,09:30:00-10:30:00,January 25,328,13389,320,Nasreen Akhtar,Attended=No
SKIP_EXISTING_BOOKING,2025-01-30,09:30:00-10:30:00,January 25,329,13389,177,Gulshan Begum,
SKIP_EXISTING_BOOKING,2025-01-30,09:30:00-10:30:00,January 25,330,13389,189,Shabana Iqbal,
SKIP_EXISTING_BOOKING,2025-01-30,09:30:00-10:30:00,January 25,331,13389,168,Janet Corlis,
INSERT_BOOKING,2025-01-30,11:00:00-12:00:00,January 25,335,13391,1091,Noreen Nazlee,Attended=No
SKIP_EXISTING_BOOKING,2025-01-30,11:00:00-12:00:00,January 25,336,13391,216,Ishrat Bano,
SKIP_EXISTING_BOOKING,2025-01-30,11:00:00-12:00:00,January 25,337,13391,169,Maqsood Begum,
SKIP_EXISTING_BOOKING,2025-01-30,11:00:00-12:00:00,January 25,338,13391,1082,Fleur Bano Maqsood,
INSERT_BOOKING,2025-01-30,11:00:00-12:00:00,January 25,339,13391,1062,Juhena Begum,Attended=No
INSERT_BOOKING,2025-01-30,11:00:00-12:00:00,January 25,340,13391,153,Valerie Joan Fitt,Attended=No
SKIP_EXISTING_BOOKING,2025-01-30,11:00:00-12:00:00,January 25,341,13391,152,Jennifer Mason,
INSERT_BOOKING,2025-01-30,11:00:00-12:00:00,January 25,342,13391,1078,Angela Cross,Attended=No
INSERT_BOOKING,2025-01-31,10:00:00-11:00:00,January 25,344,13393,153,Valerie Joan Fitt,Attended=No
SKIP_EXISTING_BOOKING,2025-01-31,10:00:00-11:00:00,January 25,345,13393,1078,Angela Cross,
SKIP_EXISTING_BOOKING,2025-01-31,10:00:00-11:00:00,January 25,346,13393,1049,Mohammed Hanif Moosa,
INSERT_BOOKING,2025-01-31,10:00:00-11:00:00,January 25,347,13393,1044,Zainab Moosa,Attended=No
SKIP_EXISTING_BOOKING,2025-01-31,10:00:00-11:00:00,January 25,348,13393,142,Azra Bibi,
SKIP_EXISTING_BOOKING,2025-01-31,10:00:00-11:00:00,January 25,349,13393,172,Mazhar Iqbal,
INSERT_BOOKING,2025-01-31,10:00:00-11:00:00,January 25,350,13393,1091,Noreen Nazlee,Attended=No
SKIP_EXISTING_BOOKING,2025-01-31,10:00:00-11:00:00,January 25,351,13393,7,Kowsar Rukhsana,
SKIP_REVIEW_BLOCKED_SLOT,2025-01-31,14:00:00-15:00:00,January 25,353,,,,Excluded from partial import because the preview contains REVIEW actions
SKIP_REVIEW_BLOCKED_SLOT,2025-02-01,09:45:00-10:45:00,February 25,2,,,,Excluded from partial import because the preview contains REVIEW actions
SKIP_EXISTING_BOOKING,2025-02-01,11:00:00-12:00:00,February 25,11,13396,190,Suleman Muhammad,
SKIP_EXISTING_BOOKING,2025-02-01,11:00:00-12:00:00,February 25,12,13396,277,Zubair Khan,
SKIP_EXISTING_BOOKING,2025-02-01,11:00:00-12:00:00,February 25,13,13396,172,Mazhar Iqbal,
SKIP_EXISTING_BOOKING,2025-02-01,11:00:00-12:00:00,February 25,14,13396,1076,Latif Akhtar,
SKIP_EXISTING_BOOKING,2025-02-01,11:00:00-12:00:00,February 25,15,13396,1049,Mohammed Hanif Moosa,
SKIP_EXISTING_BOOKING,2025-02-03,10:00:00-11:00:00,February 25,20,13397,104,Nazia Ahmed,
SKIP_EXISTING_BOOKING,2025-02-03,10:00:00-11:00:00,February 25,21,13397,1014,Farhat Nisa,
SKIP_EXISTING_BOOKING,2025-02-03,10:00:00-11:00:00,February 25,22,13397,1,Parveen Akhtar,
SKIP_EXISTING_BOOKING,2025-02-03,10:00:00-11:00:00,February 25,23,13397,223,Shahida Begum,
SKIP_EXISTING_BOOKING,2025-02-03,10:00:00-11:00:00,February 25,24,13397,140,Rashida Khatoon,
SKIP_EXISTING_BOOKING,2025-02-03,10:00:00-11:00:00,February 25,25,13397,210,Abida Bi,
SKIP_EXISTING_BOOKING,2025-02-03,10:00:00-11:00:00,February 25,26,13397,296,Shafeen Akhtar,
SKIP_EXISTING_BOOKING,2025-02-03,10:00:00-11:00:00,February 25,27,13397,107,Anne Mann,
SKIP_REVIEW_BLOCKED_SLOT,2025-02-03,11:30:00-12:30:00,February 25,29,,,,Excluded from partial import because the preview contains REVIEW actions
SKIP_REVIEW_BLOCKED_SLOT,2025-02-03,18:00:00-19:00:00,February 25,38,,,,Excluded from partial import because the preview contains REVIEW actions
SKIP_EXISTING_BOOKING,2025-02-03,19:00:00-20:00:00,February 25,47,13400,277,Zubair Khan,
SKIP_EXISTING_BOOKING,2025-02-03,19:00:00-20:00:00,February 25,48,13400,172,Mazhar Iqbal,
SKIP_EXISTING_BOOKING,2025-02-03,19:00:00-20:00:00,February 25,49,13400,195,azhar iqbal,
SKIP_EXISTING_BOOKING,2025-02-03,19:00:00-20:00:00,February 25,50,13400,265,Kamran Khan,
SKIP_EXISTING_BOOKING,2025-02-04,08:00:00-09:00:00,February 25,56,13401,190,Suleman Muhammad,
SKIP_EXISTING_BOOKING,2025-02-04,08:00:00-09:00:00,February 25,57,13401,172,Mazhar Iqbal,
SKIP_EXISTING_BOOKING,2025-02-04,08:00:00-09:00:00,February 25,58,13401,277,Zubair Khan,
SKIP_EXISTING_BOOKING,2025-02-04,09:30:00-10:30:00,February 25,65,13402,284,Nahedah Yunis,
INSERT_BOOKING,2025-02-04,09:30:00-10:30:00,February 25,66,13402,145,Nighat Noreen,Attended=No
INSERT_BOOKING,2025-02-04,09:30:00-10:30:00,February 25,67,13402,1093,Abida Bi,Attended=No
SKIP_EXISTING_BOOKING,2025-02-04,09:30:00-10:30:00,February 25,68,13402,314,Najabat Bibi,
SKIP_EXISTING_BOOKING,2025-02-04,09:30:00-10:30:00,February 25,69,13402,189,Shabana Iqbal,
SKIP_EXISTING_BOOKING,2025-02-04,09:30:00-10:30:00,February 25,70,13402,146,Rabeena Shaheen,
SKIP_REVIEW_BLOCKED_SLOT,2025-02-04,12:00:00-13:00:00,February 25,74,,,,Excluded from partial import because the preview contains REVIEW actions
SKIP_REVIEW_BLOCKED_SLOT,2025-02-05,09:30:00-10:30:00,February 25,83,,,,Excluded from partial import because the preview contains REVIEW actions
SKIP_EXISTING_BOOKING,2025-02-06,09:30:00-10:30:00,February 25,92,13409,355,Safraz Bibi,
SKIP_EXISTING_BOOKING,2025-02-06,09:30:00-10:30:00,February 25,93,13409,356,Ishrat parveen,
INSERT_BOOKING,2025-02-06,09:30:00-10:30:00,February 25,94,13409,1092,Hinda Ibrahim,Attended=No
INSERT_BOOKING,2025-02-06,09:30:00-10:30:00,February 25,95,13409,1009,Rayna Begum,Attended=No
SKIP_EXISTING_BOOKING,2025-02-06,11:00:00-12:00:00,February 25,101,13411,156,Sana Hanif,
SKIP_EXISTING_BOOKING,2025-02-06,11:00:00-12:00:00,February 25,102,13411,306,Sandra Coleman,
SKIP_EXISTING_BOOKING,2025-02-06,11:00:00-12:00:00,February 25,103,13411,168,Janet Corlis,
SKIP_EXISTING_BOOKING,2025-02-06,11:00:00-12:00:00,February 25,104,13411,216,Ishrat Bano,
SKIP_EXISTING_BOOKING,2025-02-06,11:00:00-12:00:00,February 25,105,13411,169,Maqsood Begum,
SKIP_EXISTING_BOOKING,2025-02-06,11:00:00-12:00:00,February 25,106,13411,180,Rifat Bano,
INSERT_BOOKING,2025-02-06,11:00:00-12:00:00,February 25,107,13411,1078,Angela Cross,Attended=Blank
SKIP_EXISTING_BOOKING,2025-02-06,11:00:00-12:00:00,February 25,108,13411,177,Gulshan Begum,
SKIP_EXISTING_BOOKING,2025-02-07,10:00:00-11:00:00,February 25,110,13413,1049,Mohammed Hanif Moosa,
SKIP_EXISTING_BOOKING,2025-02-07,10:00:00-11:00:00,February 25,111,13413,7,Kowsar Rukhsana,
SKIP_EXISTING_BOOKING,2025-02-07,10:00:00-11:00:00,February 25,112,13413,1078,Angela Cross,
INSERT_BOOKING,2025-02-07,10:00:00-11:00:00,February 25,113,13413,142,Azra Bibi,Attended=No
SKIP_EXISTING_BOOKING,2025-02-07,10:00:00-11:00:00,February 25,114,13413,172,Mazhar Iqbal,
SKIP_EXISTING_BOOKING,2025-02-07,10:00:00-11:00:00,February 25,115,13413,1044,Zainab Moosa,
SKIP_EXISTING_BOOKING,2025-02-07,10:00:00-11:00:00,February 25,116,13413,1076,Latif Akhtar,
SKIP_REVIEW_BLOCKED_SLOT,2025-02-07,14:00:00-15:00:00,February 25,119,,,,Excluded from partial import because the preview contains REVIEW actions
SKIP_REVIEW_BLOCKED_SLOT,2025-02-08,09:45:00-10:45:00,February 25,128,,,,Excluded from partial import because the preview contains REVIEW actions
SKIP_EXISTING_BOOKING,2025-02-08,11:00:00-12:00:00,February 25,137,13416,1049,Mohammed Hanif Moosa,
SKIP_EXISTING_BOOKING,2025-02-08,11:00:00-12:00:00,February 25,138,13416,172,Mazhar Iqbal,
SKIP_EXISTING_BOOKING,2025-02-08,11:00:00-12:00:00,February 25,139,13416,190,Suleman Muhammad,
SKIP_EXISTING_BOOKING,2025-02-08,11:00:00-12:00:00,February 25,140,13416,1076,Latif Akhtar,
SKIP_EXISTING_BOOKING,2025-02-08,11:00:00-12:00:00,February 25,141,13416,310,Mohammed Farooq,
INSERT_BOOKING,2025-02-08,11:00:00-12:00:00,February 25,142,13416,195,azhar iqbal,Attended=Blank
SKIP_EXISTING_BOOKING,2025-02-10,10:00:00-11:00:00,February 25,146,13417,245,Fayaz Begum,
SKIP_EXISTING_BOOKING,2025-02-10,10:00:00-11:00:00,February 25,147,13417,170,Sughra Bibi,
INSERT_BOOKING,2025-02-10,10:00:00-11:00:00,February 25,148,13417,1095,Sadaf Baloch,Attended=No
SKIP_EXISTING_BOOKING,2025-02-10,10:00:00-11:00:00,February 25,149,13417,1038,Saima Ghani,
SKIP_EXISTING_BOOKING,2025-02-10,10:00:00-11:00:00,February 25,150,13417,104,Nazia Ahmed,
SKIP_EXISTING_BOOKING,2025-02-10,10:00:00-11:00:00,February 25,151,13417,1,Parveen Akhtar,
SKIP_EXISTING_BOOKING,2025-02-10,10:00:00-11:00:00,February 25,152,13417,210,Abida Bi,
SKIP_EXISTING_BOOKING,2025-02-10,10:00:00-11:00:00,February 25,153,13417,296,Shafeen Akhtar,
SKIP_REVIEW_BLOCKED_SLOT,2025-02-10,11:30:00-12:30:00,February 25,155,,,,Excluded from partial import because the preview contains REVIEW actions
SKIP_REVIEW_BLOCKED_SLOT,2025-02-10,18:00:00-19:00:00,February 25,164,,,,Excluded from partial import because the preview contains REVIEW actions
INSERT_BOOKING,2025-02-10,19:00:00-20:00:00,February 25,173,13420,195,azhar iqbal,Attended=No
SKIP_EXISTING_BOOKING,2025-02-10,19:00:00-20:00:00,February 25,174,13420,242,Karamat Hussain,
SKIP_EXISTING_BOOKING,2025-02-10,19:00:00-20:00:00,February 25,175,13420,265,Kamran Khan,
INSERT_BOOKING,2025-02-11,08:00:00-09:00:00,February 25,182,13421,190,Suleman Muhammad,Attended=No
INSERT_BOOKING,2025-02-11,09:30:00-10:30:00,February 25,191,13422,189,Shabana Iqbal,Attended=No
SKIP_EXISTING_BOOKING,2025-02-11,09:30:00-10:30:00,February 25,192,13422,314,Najabat Bibi,
SKIP_EXISTING_BOOKING,2025-02-11,09:30:00-10:30:00,February 25,193,13422,146,Rabeena Shaheen,
INSERT_BOOKING,2025-02-11,09:30:00-10:30:00,February 25,195,13422,100,Kaniz Bibi,Attended=No
INSERT_BOOKING,2025-02-11,09:30:00-10:30:00,February 25,196,13422,1099,Sayda Khan,Attended=No
SKIP_EXISTING_BOOKING,2025-02-11,09:30:00-10:30:00,February 25,197,13422,1098,Shahin Hussain,
INSERT_BOOKING,2025-02-11,09:30:00-10:30:00,February 25,198,13422,224,Saida Sharif,Attended=No
SKIP_REVIEW_BLOCKED_SLOT,2025-02-11,12:00:00-13:00:00,February 25,200,,,,Excluded from partial import because the preview contains REVIEW actions
SKIP_EXISTING_BOOKING,2025-02-12,09:30:00-10:30:00,February 25,209,13427,304,benny chan,
SKIP_EXISTING_BOOKING,2025-02-12,09:30:00-10:30:00,February 25,210,13427,139,Mohammed Ashraf,
SKIP_EXISTING_BOOKING,2025-02-12,09:30:00-10:30:00,February 25,211,13427,269,Abdul Wahid Ashraf,
SKIP_EXISTING_BOOKING,2025-02-12,09:30:00-10:30:00,February 25,212,13427,242,Karamat Hussain,
SKIP_EXISTING_BOOKING,2025-02-12,09:30:00-10:30:00,February 25,213,13427,259,Abdul Majid,
INSERT_BOOKING,2025-02-13,09:30:00-10:30:00,February 25,218,13429,223,Shahida Begum,Attended=No
SKIP_EXISTING_BOOKING,2025-02-13,09:30:00-10:30:00,February 25,219,13429,355,Safraz Bibi,
SKIP_EXISTING_BOOKING,2025-02-13,09:30:00-10:30:00,February 25,220,13429,356,Ishrat parveen,
SKIP_EXISTING_BOOKING,2025-02-13,09:30:00-10:30:00,February 25,221,13429,177,Gulshan Begum,
SKIP_EXISTING_BOOKING,2025-02-13,09:30:00-10:30:00,February 25,222,13429,168,Janet Corlis,
SKIP_EXISTING_BOOKING,2025-02-13,09:30:00-10:30:00,February 25,223,13429,306,Sandra Coleman,
SKIP_EXISTING_BOOKING,2025-02-13,09:30:00-10:30:00,February 25,224,13429,224,Saida Sharif,
SKIP_EXISTING_BOOKING,2025-02-13,09:30:00-10:30:00,February 25,225,13429,157,Zahreen Khalil,
SKIP_REVIEW_BLOCKED_SLOT,2025-02-13,11:00:00-12:00:00,February 25,227,,,,Excluded from partial import because the preview contains REVIEW actions
SKIP_EXISTING_BOOKING,2025-02-14,10:00:00-11:00:00,February 25,237,13433,1078,Angela Cross,
INSERT_BOOKING,2025-02-14,10:00:00-11:00:00,February 25,238,13433,1077,Sahira Parveen,Attended=No
SKIP_EXISTING_BOOKING,2025-02-14,10:00:00-11:00:00,February 25,240,13433,142,Azra Bibi,
SKIP_EXISTING_BOOKING,2025-02-14,10:00:00-11:00:00,February 25,241,13433,190,Suleman Muhammad,
SKIP_EXISTING_BOOKING,2025-02-14,10:00:00-11:00:00,February 25,242,13433,1076,Latif Akhtar,
SKIP_EXISTING_BOOKING,2025-02-14,10:00:00-11:00:00,February 25,243,13433,1049,Mohammed Hanif Moosa,
SKIP_CANCELLED_BOOKINGS,2025-02-14,14:00:00-15:00:00,February 25,245,13434,,,
SKIP_REVIEW_BLOCKED_SLOT,2025-02-15,09:45:00-10:45:00,February 25,254,,,,Excluded from partial import because the preview contains REVIEW actions
SKIP_EXISTING_BOOKING,2025-02-15,11:00:00-12:00:00,February 25,263,13436,277,Zubair Khan,
SKIP_EXISTING_BOOKING,2025-02-15,11:00:00-12:00:00,February 25,264,13436,310,Mohammed Farooq,
SKIP_EXISTING_BOOKING,2025-02-15,11:00:00-12:00:00,February 25,265,13436,190,Suleman Muhammad,
SKIP_EXISTING_BOOKING,2025-02-15,11:00:00-12:00:00,February 25,266,13436,1049,Mohammed Hanif Moosa,
INSERT_BOOKING,2025-02-15,11:00:00-12:00:00,February 25,267,13436,1076,Latif Akhtar,Attended=No
INSERT_BOOKING,2025-02-15,11:00:00-12:00:00,February 25,268,13436,172,Mazhar Iqbal,Attended=No
SKIP_EXISTING_BOOKING,2025-02-17,10:00:00-11:00:00,February 25,272,13437,301,Insa Shaheen,
SKIP_EXISTING_BOOKING,2025-02-17,10:00:00-11:00:00,February 25,274,13437,210,Abida Bi,
INSERT_BOOKING,2025-02-17,10:00:00-11:00:00,February 25,275,13437,104,Nazia Ahmed,Attended=No
SKIP_EXISTING_BOOKING,2025-02-17,10:00:00-11:00:00,February 25,276,13437,296,Shafeen Akhtar,
SKIP_EXISTING_BOOKING,2025-02-17,10:00:00-11:00:00,February 25,277,13437,140,Rashida Khatoon,
SKIP_EXISTING_BOOKING,2025-02-17,10:00:00-11:00:00,February 25,278,13437,1,Parveen Akhtar,
SKIP_EXISTING_BOOKING,2025-02-17,10:00:00-11:00:00,February 25,279,13437,245,Fayaz Begum,
INSERT_BOOKING,2025-02-17,11:30:00-12:30:00,February 25,281,13438,292,Rukhsana Saeed,Attended=No
INSERT_BOOKING,2025-02-17,11:30:00-12:30:00,February 25,282,13438,1038,Saima Ghani,Attended=No
SKIP_EXISTING_BOOKING,2025-02-17,11:30:00-12:30:00,February 25,283,13438,1096,Rehana Qureshi,
INSERT_BOOKING,2025-02-17,11:30:00-12:30:00,February 25,285,13438,7,Kowsar Rukhsana,Attended=No
SKIP_EXISTING_BOOKING,2025-02-17,11:30:00-12:30:00,February 25,286,13438,1077,Sahira Parveen,
SKIP_EXISTING_BOOKING,2025-02-17,11:30:00-12:30:00,February 25,287,13438,312,Sultana Parveen,
SKIP_EXISTING_BOOKING,2025-02-17,11:30:00-12:30:00,February 25,288,13438,142,Azra Bibi,
SKIP_REVIEW_BLOCKED_SLOT,2025-02-17,18:00:00-19:00:00,February 25,290,,,,Excluded from partial import because the preview contains REVIEW actions
INSERT_BOOKING,2025-02-17,19:00:00-20:00:00,February 25,299,13440,277,Zubair Khan,Attended=Blank
INSERT_BOOKING,2025-02-17,19:00:00-20:00:00,February 25,300,13440,195,azhar iqbal,Attended=Blank
INSERT_BOOKING,2025-02-18,08:00:00-09:00:00,February 25,308,13441,1107,Mohammed Sajjad,Attended=No
SKIP_EXISTING_BOOKING,2025-02-18,08:00:00-09:00:00,February 25,309,13441,190,Suleman Muhammad,
SKIP_EXISTING_BOOKING,2025-02-18,08:00:00-09:00:00,February 25,310,13441,1108,Arfan Ali,
SKIP_EXISTING_BOOKING,2025-02-18,08:00:00-09:00:00,February 25,311,13441,160,Mark Reid,
SKIP_EXISTING_BOOKING,2025-02-18,08:00:00-09:00:00,February 25,312,13441,277,Zubair Khan,
SKIP_EXISTING_BOOKING,2025-02-18,09:30:00-10:30:00,February 25,318,13442,314,Najabat Bibi,
INSERT_BOOKING,2025-02-18,09:30:00-10:30:00,February 25,319,13442,146,Rabeena Shaheen,Attended=No
SKIP_EXISTING_BOOKING,2025-02-18,09:30:00-10:30:00,February 25,320,13442,318,Asia Begum,
SKIP_EXISTING_BOOKING,2025-02-18,09:30:00-10:30:00,February 25,322,13442,1009,Rayna Begum,
SKIP_EXISTING_BOOKING,2025-02-18,09:30:00-10:30:00,February 25,323,13442,1099,Sayda Khan,
SKIP_REVIEW_BLOCKED_SLOT,2025-02-18,12:00:00-13:00:00,February 25,326,,,,Excluded from partial import because the preview contains REVIEW actions
SKIP_REVIEW_BLOCKED_SLOT,2025-02-19,09:30:00-10:30:00,February 25,335,,,,Excluded from partial import because the preview contains REVIEW actions
SKIP_REVIEW_BLOCKED_SLOT,2025-02-20,09:30:00-10:30:00,February 25,344,,,,Excluded from partial import because the preview contains REVIEW actions
INSERT_BOOKING,2025-02-20,11:00:00-12:00:00,February 25,353,13450,1082,Fleur Bano Maqsood,Attended=No
INSERT_BOOKING,2025-02-20,11:00:00-12:00:00,February 25,354,13450,169,Maqsood Begum,Attended=No
SKIP_EXISTING_BOOKING,2025-02-20,11:00:00-12:00:00,February 25,355,13450,170,Sughra Bibi,
INSERT_BOOKING,2025-02-20,11:00:00-12:00:00,February 25,356,13450,320,Nasreen Akhtar,Attended=No
INSERT_BOOKING,2025-02-20,11:00:00-12:00:00,February 25,357,13450,189,Shabana Iqbal,Attended=No
INSERT_BOOKING,2025-02-20,11:00:00-12:00:00,February 25,358,13450,168,Janet Corlis,Attended=No
SKIP_EXISTING_BOOKING,2025-02-20,11:00:00-12:00:00,February 25,359,13450,156,Sana Hanif,
SKIP_EXISTING_BOOKING,2025-02-20,11:00:00-12:00:00,February 25,360,13450,1078,Angela Cross,
SKIP_EXISTING_BOOKING,2025-02-20,11:00:00-12:00:00,February 25,361,13450,152,Jennifer Mason,
SKIP_EXISTING_BOOKING,2025-02-21,10:00:00-11:00:00,February 25,362,13451,190,Suleman Muhammad,
INSERT_BOOKING,2025-02-21,10:00:00-11:00:00,February 25,363,13451,142,Azra Bibi,Attended=No
SKIP_EXISTING_BOOKING,2025-02-21,10:00:00-11:00:00,February 25,364,13451,1078,Angela Cross,
SKIP_EXISTING_BOOKING,2025-02-21,10:00:00-11:00:00,February 25,365,13451,1049,Mohammed Hanif Moosa,
SKIP_EXISTING_BOOKING,2025-02-21,10:00:00-11:00:00,February 25,366,13451,1044,Zainab Moosa,
INSERT_BOOKING,2025-02-21,10:00:00-11:00:00,February 25,367,13451,1076,Latif Akhtar,Attended=No
SKIP_EXISTING_BOOKING,2025-02-21,10:00:00-11:00:00,February 25,368,13451,1108,Arfan Ali,
INSERT_BOOKING,2025-02-21,14:00:00-15:00:00,February 25,372,13452,242,Karamat Hussain,Attended=No
INSERT_BOOKING,2025-02-21,14:00:00-15:00:00,February 25,373,13452,259,Abdul Majid,Attended=No
SKIP_EXISTING_BOOKING,2025-02-21,14:00:00-15:00:00,February 25,374,13452,176,Noel Mcmanamon,
SKIP_EXISTING_BOOKING,2025-02-21,14:00:00-15:00:00,February 25,375,13452,147,Arshad Mahmood,
INSERT_BOOKING,2025-02-21,14:00:00-15:00:00,February 25,376,13452,195,azhar iqbal,Attended=No
SKIP_EXISTING_BOOKING,2025-02-21,14:00:00-15:00:00,February 25,377,13452,288,Mansoor Malik,
INSERT_BOOKING,2025-02-21,14:00:00-15:00:00,February 25,378,13452,172,Mazhar Iqbal,Attended=No
SKIP_EXISTING_BOOKING,2025-02-22,09:45:00-10:45:00,February 25,380,13453,224,Saida Sharif,
SKIP_EXISTING_BOOKING,2025-02-22,09:45:00-10:45:00,February 25,381,13453,306,Sandra Coleman,
INSERT_BOOKING,2025-02-22,09:45:00-10:45:00,February 25,382,13453,1078,Angela Cross,Attended=No
SKIP_EXISTING_BOOKING,2025-02-22,09:45:00-10:45:00,February 25,383,13453,182,Shakila Bibi,
SKIP_EXISTING_BOOKING,2025-02-22,09:45:00-10:45:00,February 25,384,13453,192,Fozia Ali,
SKIP_EXISTING_BOOKING,2025-02-22,09:45:00-10:45:00,February 25,385,13453,300,Uzma Javid,
INSERT_BOOKING,2025-02-22,09:45:00-10:45:00,February 25,386,13453,231,Aisha Siddiqa,Attended=No
SKIP_EXISTING_BOOKING,2025-02-22,09:45:00-10:45:00,February 25,387,13453,287,Saeeda Begum,
SKIP_REVIEW_BLOCKED_SLOT,2025-02-22,11:00:00-12:00:00,February 25,389,,,,Excluded from partial import because the preview contains REVIEW actions
SKIP_REVIEW_BLOCKED_SLOT,2025-02-24,10:00:00-11:00:00,February 25,398,,,,Excluded from partial import because the preview contains REVIEW actions
SKIP_EXISTING_BOOKING,2025-02-24,11:30:00-12:30:00,February 25,407,13456,142,Azra Bibi,
SKIP_EXISTING_BOOKING,2025-02-24,11:30:00-12:30:00,February 25,408,13456,7,Kowsar Rukhsana,
SKIP_EXISTING_BOOKING,2025-02-24,11:30:00-12:30:00,February 25,409,13456,1044,Zainab Moosa,
SKIP_EXISTING_BOOKING,2025-02-24,11:30:00-12:30:00,February 25,410,13456,69,Ghulab Zara,
SKIP_EXISTING_BOOKING,2025-02-24,11:30:00-12:30:00,February 25,411,13456,174,Sajida Syed,
SKIP_EXISTING_BOOKING,2025-02-24,11:30:00-12:30:00,February 25,412,13456,138,Hafiza Saddique,
SKIP_REVIEW_BLOCKED_SLOT,2025-02-24,18:00:00-19:00:00,February 25,416,,,,Excluded from partial import because the preview contains REVIEW actions
SKIP_EXISTING_BOOKING,2025-02-24,19:00:00-20:00:00,February 25,425,13458,277,Zubair Khan,
INSERT_BOOKING,2025-02-24,19:00:00-20:00:00,February 25,426,13458,1108,Arfan Ali,Attended=No
SKIP_EXISTING_BOOKING,2025-02-24,19:00:00-20:00:00,February 25,427,13458,242,Karamat Hussain,
SKIP_EXISTING_BOOKING,2025-02-24,19:00:00-20:00:00,February 25,428,13458,195,azhar iqbal,
SKIP_EXISTING_BOOKING,2025-02-24,19:00:00-20:00:00,February 25,429,13458,265,Kamran Khan,
SKIP_EXISTING_BOOKING,2025-02-25,08:00:00-09:00:00,February 25,434,13459,277,Zubair Khan,
SKIP_EXISTING_BOOKING,2025-02-25,08:00:00-09:00:00,February 25,435,13459,190,Suleman Muhammad,
SKIP_EXISTING_BOOKING,2025-02-25,08:00:00-09:00:00,February 25,436,13459,1108,Arfan Ali,
SKIP_EXISTING_BOOKING,2025-02-25,08:00:00-09:00:00,February 25,437,13459,160,Mark Reid,
SKIP_EXISTING_BOOKING,2025-02-25,09:30:00-10:30:00,February 25,443,13460,314,Najabat Bibi,
SKIP_EXISTING_BOOKING,2025-02-25,09:30:00-10:30:00,February 25,444,13460,189,Shabana Iqbal,
SKIP_EXISTING_BOOKING,2025-02-25,09:30:00-10:30:00,February 25,445,13460,289,Rukhsana Shahin,
SKIP_REVIEW_BLOCKED_SLOT,2025-02-25,12:00:00-13:00:00,February 25,452,,,,Excluded from partial import because the preview contains REVIEW actions
SKIP_REVIEW_BLOCKED_SLOT,2025-02-26,09:30:00-10:30:00,February 25,461,,,,Excluded from partial import because the preview contains REVIEW actions
SKIP_EXISTING_BOOKING,2025-02-27,09:30:00-10:30:00,February 25,470,13467,107,Anne Mann,
SKIP_EXISTING_BOOKING,2025-02-27,09:30:00-10:30:00,February 25,471,13467,355,Safraz Bibi,
SKIP_EXISTING_BOOKING,2025-02-27,09:30:00-10:30:00,February 25,472,13467,356,Ishrat parveen,
SKIP_EXISTING_BOOKING,2025-02-27,09:30:00-10:30:00,February 25,473,13467,177,Gulshan Begum,
SKIP_EXISTING_BOOKING,2025-02-27,09:30:00-10:30:00,February 25,474,13467,157,Zahreen Khalil,
SKIP_EXISTING_BOOKING,2025-02-27,11:00:00-12:00:00,February 25,479,13469,180,Rifat Bano,
SKIP_EXISTING_BOOKING,2025-02-27,11:00:00-12:00:00,February 25,480,13469,216,Ishrat Bano,
SKIP_EXISTING_BOOKING,2025-02-27,11:00:00-12:00:00,February 25,481,13469,169,Maqsood Begum,
SKIP_EXISTING_BOOKING,2025-02-27,11:00:00-12:00:00,February 25,482,13469,156,Sana Hanif,
SKIP_EXISTING_BOOKING,2025-02-27,11:00:00-12:00:00,February 25,483,13469,1078,Angela Cross,
SKIP_EXISTING_BOOKING,2025-02-27,11:00:00-12:00:00,February 25,484,13469,40,Fozia Hafiz,
SKIP_EXISTING_BOOKING,2025-02-27,11:00:00-12:00:00,February 25,485,13469,152,Jennifer Mason,
SKIP_EXISTING_BOOKING,2025-02-27,11:00:00-12:00:00,February 25,486,13469,287,Saeeda Begum,
SKIP_EXISTING_BOOKING,2025-02-28,10:00:00-11:00:00,February 25,488,13471,190,Suleman Muhammad,
SKIP_EXISTING_BOOKING,2025-02-28,10:00:00-11:00:00,February 25,489,13471,1078,Angela Cross,
SKIP_EXISTING_BOOKING,2025-02-28,10:00:00-11:00:00,February 25,492,13471,1108,Arfan Ali,
INSERT_BOOKING,2025-02-28,10:00:00-11:00:00,February 25,493,13471,306,Sandra Coleman,Attended=Blank
SKIP_EXISTING_BOOKING,2025-02-28,10:00:00-11:00:00,February 25,494,13471,7,Kowsar Rukhsana,
SKIP_EXISTING_BOOKING,2025-02-28,10:00:00-11:00:00,February 25,495,13471,1075,Edna Gilika,
SKIP_REVIEW_BLOCKED_SLOT,2025-02-28,14:00:00-15:00:00,February 25,497,,,,Excluded from partial import because the preview contains REVIEW actions
SKIP_REVIEW_BLOCKED_SLOT,2025-03-01,09:45:00-10:45:00,March 25,2,,,,Excluded from partial import because the preview contains REVIEW actions
SKIP_EXISTING_BOOKING,2025-03-01,11:00:00-12:00:00,March 25,11,13474,190,Suleman Muhammad,
SKIP_EXISTING_BOOKING,2025-03-01,11:00:00-12:00:00,March 25,12,13474,243,Zafar iqbal,
INSERT_BOOKING,2025-03-01,11:00:00-12:00:00,March 25,13,13474,1108,Arfan Ali,Attended=No
SKIP_EXISTING_BOOKING,2025-03-01,11:00:00-12:00:00,March 25,14,13474,277,Zubair Khan,
SKIP_REVIEW_BLOCKED_SLOT,2025-03-03,11:00:00-12:00:00,March 25,20,,,,Excluded from partial import because the preview contains REVIEW actions
SKIP_EXISTING_BOOKING,2025-03-03,12:00:00-13:00:00,March 25,29,13476,312,Sultana Parveen,
SKIP_EXISTING_BOOKING,2025-03-03,12:00:00-13:00:00,March 25,30,13476,1077,Sahira Parveen,
INSERT_BOOKING,2025-03-03,12:00:00-13:00:00,March 25,31,13476,1,Parveen Akhtar,Attended=No
INSERT_BOOKING,2025-03-03,12:00:00-13:00:00,March 25,32,13476,7,Kowsar Rukhsana,Attended=No
INSERT_BOOKING,2025-03-03,12:00:00-13:00:00,March 25,33,13476,174,Sajida Syed,Attended=No
INSERT_BOOKING,2025-03-03,12:00:00-13:00:00,March 25,34,13476,138,Hafiza Saddique,Attended=No
SKIP_EXISTING_BOOKING,2025-03-03,12:00:00-13:00:00,March 25,36,13476,69,Ghulab Zara,
SKIP_REVIEW_BLOCKED_SLOT,2025-03-03,14:30:00-15:30:00,March 25,38,,,,Excluded from partial import because the preview contains REVIEW actions
SKIP_EXISTING_BOOKING,2025-03-03,15:30:00-16:30:00,March 25,47,13478,243,Zafar iqbal,
SKIP_EXISTING_BOOKING,2025-03-03,15:30:00-16:30:00,March 25,48,13478,176,Noel Mcmanamon,
SKIP_EXISTING_BOOKING,2025-03-04,07:15:00-08:00:00,March 25,56,13479,190,Suleman Muhammad,
INSERT_BOOKING,2025-03-04,07:15:00-08:00:00,March 25,57,13479,1108,Arfan Ali,Attended=Blank
SKIP_EXISTING_BOOKING,2025-03-04,07:15:00-08:00:00,March 25,58,13479,277,Zubair Khan,
SKIP_REVIEW_BLOCKED_SLOT,2025-03-04,11:00:00-12:00:00,March 25,65,,,,Excluded from partial import because the preview contains REVIEW actions
SKIP_REVIEW_BLOCKED_SLOT,2025-03-04,12:00:00-13:00:00,March 25,74,,,,Excluded from partial import because the preview contains REVIEW actions
SKIP_REVIEW_BLOCKED_SLOT,2025-03-05,09:00:00-10:00:00,March 25,83,,,,Excluded from partial import because the preview contains REVIEW actions
SKIP_EXISTING_BOOKING,2025-03-06,11:00:00-12:00:00,March 25,92,13484,168,Janet Corlis,
SKIP_EXISTING_BOOKING,2025-03-06,11:00:00-12:00:00,March 25,93,13484,107,Anne Mann,
SKIP_EXISTING_BOOKING,2025-03-06,11:00:00-12:00:00,March 25,94,13484,356,Ishrat parveen,
SKIP_EXISTING_BOOKING,2025-03-06,11:00:00-12:00:00,March 25,95,13484,355,Safraz Bibi,
INSERT_BOOKING,2025-03-06,11:00:00-12:00:00,March 25,96,13484,156,Sana Hanif,Attended=No
INSERT_BOOKING,2025-03-06,11:00:00-12:00:00,March 25,97,13484,40,Fozia Hafiz,Attended=No
SKIP_EXISTING_BOOKING,2025-03-06,11:00:00-12:00:00,March 25,98,13484,1078,Angela Cross,
SKIP_EXISTING_BOOKING,2025-03-06,11:00:00-12:00:00,March 25,99,13484,152,Jennifer Mason,
SKIP_REVIEW_BLOCKED_SLOT,2025-03-06,12:00:00-13:00:00,March 25,101,,,,Excluded from partial import because the preview contains REVIEW actions
SKIP_EXISTING_BOOKING,2025-03-07,10:00:00-11:00:00,March 25,110,13487,1078,Angela Cross,
SKIP_EXISTING_BOOKING,2025-03-07,10:00:00-11:00:00,March 25,111,13487,7,Kowsar Rukhsana,
SKIP_EXISTING_BOOKING,2025-03-07,10:00:00-11:00:00,March 25,112,13487,190,Suleman Muhammad,
SKIP_EXISTING_BOOKING,2025-03-07,10:00:00-11:00:00,March 25,113,13487,1108,Arfan Ali,
SKIP_EXISTING_BOOKING,2025-03-07,10:00:00-11:00:00,March 25,114,13487,243,Zafar iqbal,
SKIP_EXISTING_BOOKING,2025-03-07,10:00:00-11:00:00,March 25,115,13487,168,Janet Corlis,
SKIP_REVIEW_BLOCKED_SLOT,2025-03-07,14:00:00-15:00:00,March 25,119,,,,Excluded from partial import because the preview contains REVIEW actions
SKIP_REVIEW_BLOCKED_SLOT,2025-03-08,09:45:00-10:45:00,March 25,128,,,,Excluded from partial import because the preview contains REVIEW actions
SKIP_EXISTING_BOOKING,2025-03-08,11:00:00-12:00:00,March 25,137,13490,190,Suleman Muhammad,
SKIP_EXISTING_BOOKING,2025-03-08,11:00:00-12:00:00,March 25,138,13490,1108,Arfan Ali,
SKIP_EXISTING_BOOKING,2025-03-08,11:00:00-12:00:00,March 25,139,13490,277,Zubair Khan,
SKIP_EXISTING_BOOKING,2025-03-08,11:00:00-12:00:00,March 25,140,13490,243,Zafar iqbal,
SKIP_EXISTING_BOOKING,2025-03-10,11:00:00-12:00:00,March 25,146,13491,301,Insa Shaheen,
SKIP_EXISTING_BOOKING,2025-03-10,11:00:00-12:00:00,March 25,147,13491,1014,Farhat Nisa,
INSERT_BOOKING,2025-03-10,11:00:00-12:00:00,March 25,148,13491,315,Fatima Bibi,Attended=No
SKIP_EXISTING_BOOKING,2025-03-10,11:00:00-12:00:00,March 25,149,13491,69,Ghulab Zara,
SKIP_EXISTING_BOOKING,2025-03-10,11:00:00-12:00:00,March 25,150,13491,1110,Nhazmin Mahmood,
SKIP_REVIEW_BLOCKED_SLOT,2025-03-10,12:00:00-13:00:00,March 25,155,,,,Excluded from partial import because the preview contains REVIEW actions
SKIP_REVIEW_BLOCKED_SLOT,2025-03-10,14:30:00-15:30:00,March 25,164,,,,Excluded from partial import because the preview contains REVIEW actions
INSERT_BOOKING,2025-03-11,07:15:00-08:00:00,March 25,182,13495,190,Suleman Muhammad,Attended=Blank
INSERT_BOOKING,2025-03-11,07:15:00-08:00:00,March 25,183,13495,277,Zubair Khan,Attended=Blank
INSERT_BOOKING,2025-03-11,11:00:00-12:00:00,March 25,191,13497,141,Adeela Saeed,Attended=No
SKIP_EXISTING_BOOKING,2025-03-11,11:00:00-12:00:00,March 25,192,13497,177,Gulshan Begum,
SKIP_EXISTING_BOOKING,2025-03-11,11:00:00-12:00:00,March 25,193,13497,189,Shabana Iqbal,
SKIP_EXISTING_BOOKING,2025-03-11,11:00:00-12:00:00,March 25,195,13497,156,Sana Hanif,
SKIP_EXISTING_BOOKING,2025-03-11,11:00:00-12:00:00,March 25,196,13497,1063,Iqbal Begum,
INSERT_BOOKING,2025-03-11,11:00:00-12:00:00,March 25,197,13497,1046,Farzana Khattak,Attended=No
SKIP_EXISTING_BOOKING,2025-03-11,11:00:00-12:00:00,March 25,199,13497,7,Kowsar Rukhsana,
SKIP_REVIEW_BLOCKED_SLOT,2025-03-11,12:00:00-13:00:00,March 25,200,,,,Excluded from partial import because the preview contains REVIEW actions
SKIP_REVIEW_BLOCKED_SLOT,2025-03-12,09:00:00-10:00:00,March 25,209,,,,Excluded from partial import because the preview contains REVIEW actions
SKIP_EXISTING_BOOKING,2025-03-13,11:00:00-12:00:00,March 25,218,13501,355,Safraz Bibi,
SKIP_EXISTING_BOOKING,2025-03-13,11:00:00-12:00:00,March 25,219,13501,356,Ishrat parveen,
SKIP_EXISTING_BOOKING,2025-03-13,11:00:00-12:00:00,March 25,220,13501,1078,Angela Cross,
SKIP_EXISTING_BOOKING,2025-03-13,11:00:00-12:00:00,March 25,221,13501,152,Jennifer Mason,
SKIP_EXISTING_BOOKING,2025-03-13,11:00:00-12:00:00,March 25,222,13501,168,Janet Corlis,
INSERT_BOOKING,2025-03-13,11:00:00-12:00:00,March 25,223,13501,177,Gulshan Begum,Attended=No
SKIP_EXISTING_BOOKING,2025-03-13,11:00:00-12:00:00,March 25,224,13501,1075,Edna Gilika,
INSERT_BOOKING,2025-03-13,11:00:00-12:00:00,March 25,226,13501,1009,Rayna Begum,Attended=No
SKIP_EXISTING_BOOKING,2025-03-13,12:00:00-13:00:00,March 25,227,13502,180,Rifat Bano,
SKIP_EXISTING_BOOKING,2025-03-13,12:00:00-13:00:00,March 25,228,13502,169,Maqsood Begum,
SKIP_EXISTING_BOOKING,2025-03-13,12:00:00-13:00:00,March 25,229,13502,216,Ishrat Bano,
SKIP_EXISTING_BOOKING,2025-03-13,12:00:00-13:00:00,March 25,230,13502,170,Sughra Bibi,
SKIP_EXISTING_BOOKING,2025-03-13,12:00:00-13:00:00,March 25,231,13502,287,Saeeda Begum,
INSERT_BOOKING,2025-03-13,12:00:00-13:00:00,March 25,232,13502,157,Zahreen Khalil,Attended=No
SKIP_EXISTING_BOOKING,2025-03-13,12:00:00-13:00:00,March 25,233,13502,27,Sajida Mahmood,
SKIP_EXISTING_BOOKING,2025-03-14,10:00:00-11:00:00,March 25,236,13504,168,Janet Corlis,
INSERT_BOOKING,2025-03-14,10:00:00-11:00:00,March 25,237,13504,190,Suleman Muhammad,Attended=No
SKIP_EXISTING_BOOKING,2025-03-14,10:00:00-11:00:00,March 25,238,13504,1108,Arfan Ali,
SKIP_EXISTING_BOOKING,2025-03-14,10:00:00-11:00:00,March 25,239,13504,1078,Angela Cross,
SKIP_EXISTING_BOOKING,2025-03-14,10:00:00-11:00:00,March 25,240,13504,189,Shabana Iqbal,
SKIP_EXISTING_BOOKING,2025-03-14,10:00:00-11:00:00,March 25,241,13504,243,Zafar iqbal,
SKIP_EXISTING_BOOKING,2025-03-14,10:00:00-11:00:00,March 25,242,13504,177,Gulshan Begum,
SKIP_REVIEW_BLOCKED_SLOT,2025-03-14,14:00:00-15:00:00,March 25,245,,,,Excluded from partial import because the preview contains REVIEW actions
SKIP_REVIEW_BLOCKED_SLOT,2025-03-15,09:45:00-10:45:00,March 25,254,,,,Excluded from partial import because the preview contains REVIEW actions
SKIP_EXISTING_BOOKING,2025-03-15,11:00:00-12:00:00,March 25,263,13507,190,Suleman Muhammad,
SKIP_EXISTING_BOOKING,2025-03-15,11:00:00-12:00:00,March 25,264,13507,1108,Arfan Ali,
SKIP_EXISTING_BOOKING,2025-03-15,11:00:00-12:00:00,March 25,265,13507,243,Zafar iqbal,
SKIP_EXISTING_BOOKING,2025-03-15,11:00:00-12:00:00,March 25,266,13507,277,Zubair Khan,
SKIP_REVIEW_BLOCKED_SLOT,2025-03-17,11:00:00-12:00:00,March 25,272,,,,Excluded from partial import because the preview contains REVIEW actions
INSERT_BOOKING,2025-03-17,12:00:00-13:00:00,March 25,282,13509,1095,Sadaf Baloch,Attended=No
SKIP_EXISTING_BOOKING,2025-03-17,12:00:00-13:00:00,March 25,283,13509,1137,Sylvia Samuda,
INSERT_BOOKING,2025-03-17,12:00:00-13:00:00,March 25,284,13509,306,Sandra Coleman,Attended=No
SKIP_EXISTING_BOOKING,2025-03-17,12:00:00-13:00:00,March 25,285,13509,1075,Edna Gilika,
SKIP_REVIEW_BLOCKED_SLOT,2025-03-17,14:30:00-15:30:00,March 25,290,,,,Excluded from partial import because the preview contains REVIEW actions
INSERT_BOOKING,2025-03-18,07:15:00-08:00:00,March 25,308,13513,190,Suleman Muhammad,Attended=No
SKIP_EXISTING_BOOKING,2025-03-18,07:15:00-08:00:00,March 25,309,13513,277,Zubair Khan,
INSERT_BOOKING,2025-03-18,07:15:00-08:00:00,March 25,310,13513,259,Abdul Majid,Attended=No
SKIP_EXISTING_BOOKING,2025-03-18,11:00:00-12:00:00,March 25,317,13516,1046,Farzana Khattak,
SKIP_EXISTING_BOOKING,2025-03-18,11:00:00-12:00:00,March 25,318,13516,1063,Iqbal Begum,
SKIP_EXISTING_BOOKING,2025-03-18,11:00:00-12:00:00,March 25,319,13516,1135,Yasmeen Akhtar,
SKIP_EXISTING_BOOKING,2025-03-18,11:00:00-12:00:00,March 25,320,13516,100,Kaniz Bibi,
INSERT_BOOKING,2025-03-18,11:00:00-12:00:00,March 25,321,13516,177,Gulshan Begum,Attended=No
SKIP_EXISTING_BOOKING,2025-03-18,11:00:00-12:00:00,March 25,322,13516,320,Nasreen Akhtar,
SKIP_REVIEW_BLOCKED_SLOT,2025-03-18,12:00:00-13:00:00,March 25,326,,,,Excluded from partial import because the preview contains REVIEW actions
SKIP_REVIEW_BLOCKED_SLOT,2025-03-19,09:00:00-10:00:00,March 25,335,,,,Excluded from partial import because the preview contains REVIEW actions
SKIP_EXISTING_BOOKING,2025-03-20,11:00:00-12:00:00,March 25,347,13520,168,Janet Corlis,
SKIP_EXISTING_BOOKING,2025-03-20,11:00:00-12:00:00,March 25,349,13520,1075,Edna Gilika,
SKIP_EXISTING_BOOKING,2025-03-20,11:00:00-12:00:00,March 25,350,13520,206,Jaslyne Richards,
SKIP_EXISTING_BOOKING,2025-03-20,11:00:00-12:00:00,March 25,351,13520,270,Brooke Kelly,
SKIP_EXISTING_BOOKING,2025-03-20,11:00:00-12:00:00,March 25,352,13520,1095,Sadaf Baloch,
SKIP_EXISTING_BOOKING,2025-03-20,12:00:00-13:00:00,March 25,353,13521,169,Maqsood Begum,
SKIP_EXISTING_BOOKING,2025-03-20,12:00:00-13:00:00,March 25,354,13521,170,Sughra Bibi,
SKIP_EXISTING_BOOKING,2025-03-20,12:00:00-13:00:00,March 25,355,13521,180,Rifat Bano,
SKIP_EXISTING_BOOKING,2025-03-20,12:00:00-13:00:00,March 25,356,13521,287,Saeeda Begum,
INSERT_BOOKING,2025-03-20,12:00:00-13:00:00,March 25,357,13521,1009,Rayna Begum,Attended=No
SKIP_EXISTING_BOOKING,2025-03-20,12:00:00-13:00:00,March 25,358,13521,1066,Noor Begum,
SKIP_EXISTING_BOOKING,2025-03-21,10:30:00-11:30:00,March 25,362,13522,7,Kowsar Rukhsana,
SKIP_EXISTING_BOOKING,2025-03-21,10:30:00-11:30:00,March 25,363,13522,1010,Ozma Shazia,
SKIP_EXISTING_BOOKING,2025-03-21,10:30:00-11:30:00,March 25,364,13522,1108,Arfan Ali,
SKIP_EXISTING_BOOKING,2025-03-21,10:30:00-11:30:00,March 25,365,13522,243,Zafar iqbal,
SKIP_EXISTING_BOOKING,2025-03-21,10:30:00-11:30:00,March 25,366,13522,190,Suleman Muhammad,
INSERT_BOOKING,2025-03-21,10:30:00-11:30:00,March 25,367,13522,305,Fatima Tariq,Attended=No
INSERT_BOOKING,2025-03-21,10:30:00-11:30:00,March 25,368,13522,177,Gulshan Begum,Attended=No
SKIP_REVIEW_BLOCKED_SLOT,2025-03-21,14:00:00-15:00:00,March 25,371,,,,Excluded from partial import because the preview contains REVIEW actions
SKIP_REVIEW_BLOCKED_SLOT,2025-03-22,09:45:00-10:45:00,March 25,380,,,,Excluded from partial import because the preview contains REVIEW actions
SKIP_REVIEW_BLOCKED_SLOT,2025-03-22,11:00:00-12:00:00,March 25,389,,,,Excluded from partial import because the preview contains REVIEW actions
SKIP_EXISTING_BOOKING,2025-03-24,11:00:00-12:00:00,March 25,398,13526,1151,Nagina Naveed,
SKIP_EXISTING_BOOKING,2025-03-24,11:00:00-12:00:00,March 25,399,13526,27,Sajida Mahmood,
SKIP_EXISTING_BOOKING,2025-03-24,11:00:00-12:00:00,March 25,400,13526,7,Kowsar Rukhsana,
SKIP_EXISTING_BOOKING,2025-03-24,11:00:00-12:00:00,March 25,401,13526,69,Ghulab Zara,
SKIP_EXISTING_BOOKING,2025-03-24,11:00:00-12:00:00,March 25,402,13526,189,Shabana Iqbal,
SKIP_EXISTING_BOOKING,2025-03-24,12:00:00-13:00:00,March 25,407,13527,301,Insa Shaheen,
SKIP_EXISTING_BOOKING,2025-03-24,12:00:00-13:00:00,March 25,408,13527,1010,Ozma Shazia,
INSERT_BOOKING,2025-03-24,12:00:00-13:00:00,March 25,409,13527,1044,Zainab Moosa,Attended=No
SKIP_EXISTING_BOOKING,2025-03-24,12:00:00-13:00:00,March 25,410,13527,182,Shakila Bibi,
SKIP_EXISTING_BOOKING,2025-03-24,12:00:00-13:00:00,March 25,411,13527,192,Fozia Ali,
SKIP_EXISTING_BOOKING,2025-03-24,12:00:00-13:00:00,March 25,412,13527,287,Saeeda Begum,
SKIP_REVIEW_BLOCKED_SLOT,2025-03-24,14:30:00-15:30:00,March 25,416,,,,Excluded from partial import because the preview contains REVIEW actions
SKIP_REVIEW_BLOCKED_SLOT,2025-03-24,15:30:00-16:30:00,March 25,425,,,,Excluded from partial import because the preview contains REVIEW actions
SKIP_EXISTING_BOOKING,2025-03-25,07:15:00-08:00:00,March 25,434,13530,277,Zubair Khan,
INSERT_BOOKING,2025-03-25,07:15:00-08:00:00,March 25,435,13530,190,Suleman Muhammad,Attended=No
INSERT_BOOKING,2025-03-25,11:00:00-12:00:00,March 25,443,13532,245,Fayaz Begum,Attended=No
SKIP_EXISTING_BOOKING,2025-03-25,11:00:00-12:00:00,March 25,444,13532,1112,Shaheen Jan,
SKIP_EXISTING_BOOKING,2025-03-25,11:00:00-12:00:00,March 25,445,13532,320,Nasreen Akhtar,
SKIP_EXISTING_BOOKING,2025-03-25,11:00:00-12:00:00,March 25,446,13532,1063,Iqbal Begum,
INSERT_BOOKING,2025-03-25,11:00:00-12:00:00,March 25,447,13532,1046,Farzana Khattak,Attended=No
INSERT_BOOKING,2025-03-25,11:00:00-12:00:00,March 25,448,13532,1141,Kausar Bibi,Attended=No
SKIP_EXISTING_BOOKING,2025-03-25,11:00:00-12:00:00,March 25,449,13532,69,Ghulab Zara,
SKIP_REVIEW_BLOCKED_SLOT,2025-03-25,12:00:00-13:00:00,March 25,452,,,,Excluded from partial import because the preview contains REVIEW actions
SKIP_REVIEW_BLOCKED_SLOT,2025-03-26,09:00:00-10:00:00,March 25,461,,,,Excluded from partial import because the preview contains REVIEW actions
SKIP_EXISTING_BOOKING,2025-03-27,11:00:00-12:00:00,March 25,471,13535,107,Anne Mann,
INSERT_BOOKING,2025-03-27,11:00:00-12:00:00,March 25,472,13535,152,Jennifer Mason,Attended=No
INSERT_BOOKING,2025-03-27,11:00:00-12:00:00,March 25,473,13535,355,Safraz Bibi,Attended=No
INSERT_BOOKING,2025-03-27,11:00:00-12:00:00,March 25,474,13535,356,Ishrat parveen,Attended=No
INSERT_BOOKING,2025-03-27,11:00:00-12:00:00,March 25,475,13535,1095,Sadaf Baloch,Attended=No
INSERT_BOOKING,2025-03-27,11:00:00-12:00:00,March 25,476,13535,270,Brooke Kelly,Attended=No
INSERT_BOOKING,2025-03-27,11:00:00-12:00:00,March 25,477,13535,206,Jaslyne Richards,Attended=No
SKIP_EXISTING_BOOKING,2025-03-27,11:00:00-12:00:00,March 25,478,13535,1075,Edna Gilika,
SKIP_EXISTING_BOOKING,2025-03-27,12:00:00-13:00:00,March 25,479,13536,168,Janet Corlis,
SKIP_EXISTING_BOOKING,2025-03-27,12:00:00-13:00:00,March 25,480,13536,287,Saeeda Begum,
SKIP_EXISTING_BOOKING,2025-03-27,12:00:00-13:00:00,March 25,481,13536,1066,Noor Begum,
SKIP_EXISTING_BOOKING,2025-03-27,12:00:00-13:00:00,March 25,482,13536,169,Maqsood Begum,
SKIP_EXISTING_BOOKING,2025-03-27,12:00:00-13:00:00,March 25,483,13536,180,Rifat Bano,
SKIP_EXISTING_BOOKING,2025-03-27,12:00:00-13:00:00,March 25,484,13536,216,Ishrat Bano,
SKIP_EXISTING_BOOKING,2025-03-27,12:00:00-13:00:00,March 25,485,13536,224,Saida Sharif,
INSERT_BOOKING,2025-03-27,12:00:00-13:00:00,March 25,486,13536,40,Fozia Hafiz,Attended=No
INSERT_BOOKING,2025-03-27,12:00:00-13:00:00,March 25,487,13536,1009,Rayna Begum,Attended=No
SKIP_REVIEW_BLOCKED_SLOT,2025-03-28,10:30:00-11:30:00,March 25,488,,,,Excluded from partial import because the preview contains REVIEW actions
SKIP_REVIEW_BLOCKED_SLOT,2025-03-28,14:00:00-15:00:00,March 25,497,,,,Excluded from partial import because the preview contains REVIEW actions
SKIP_REVIEW_BLOCKED_SLOT,2025-03-29,09:45:00-10:45:00,March 25,506,,,,Excluded from partial import because the preview contains REVIEW actions
SKIP_EXISTING_BOOKING,2025-03-29,11:00:00-12:00:00,March 25,515,13540,190,Suleman Muhammad,
INSERT_BOOKING,2025-03-29,11:00:00-12:00:00,March 25,516,13540,1108,Arfan Ali,Attended=No
SKIP_EXISTING_BOOKING,2025-03-29,11:00:00-12:00:00,March 25,517,13540,243,Zafar iqbal,
SKIP_EXISTING_BOOKING,2025-03-29,11:00:00-12:00:00,March 25,519,13540,277,Zubair Khan,
SKIP_EXISTING_BOOKING,2025-03-29,11:00:00-12:00:00,March 25,520,13540,1146,Mohammed Nawaz,
INSERT_BOOKING,2025-03-29,11:00:00-12:00:00,March 25,521,13540,1139,Warren Browne,Attended=No
SKIP_REVIEW_BLOCKED_SLOT,2025-03-31,11:00:00-12:00:00,March 25,524,,,,Excluded from partial import because the preview contains REVIEW actions
SKIP_REVIEW_BLOCKED_SLOT,2025-03-31,12:00:00-13:00:00,March 25,533,,,,Excluded from partial import because the preview contains REVIEW actions
SKIP_REVIEW_BLOCKED_SLOT,2025-03-31,14:30:00-15:30:00,March 25,542,,,,Excluded from partial import because the preview contains REVIEW actions
SKIP_REVIEW_BLOCKED_SLOT,2025-03-31,15:30:00-16:30:00,March 25,551,,,,Excluded from partial import because the preview contains REVIEW actions
SKIP_EXISTING_BOOKING,2025-04-01,11:00:00-12:00:00,April 25,2,13545,7,Kowsar Rukhsana,
SKIP_EXISTING_BOOKING,2025-04-01,11:00:00-12:00:00,April 25,3,13545,69,Ghulab Zara,
INSERT_BOOKING,2025-04-01,11:00:00-12:00:00,April 25,4,13545,189,Shabana Iqbal,Attended=No
INSERT_BOOKING,2025-04-01,11:00:00-12:00:00,April 25,5,13545,1151,Nagina Naveed,Attended=No
SKIP_EXISTING_BOOKING,2025-04-01,11:00:00-12:00:00,April 25,6,13545,1066,Noor Begum,
SKIP_EXISTING_BOOKING,2025-04-01,11:00:00-12:00:00,April 25,7,13545,1161,Zarqa Shah,
SKIP_EXISTING_BOOKING,2025-04-01,11:00:00-12:00:00,April 25,8,13545,1163,Mary Marimba,
SKIP_REVIEW_BLOCKED_SLOT,2025-04-01,12:00:00-13:00:00,April 25,11,,,,Excluded from partial import because the preview contains REVIEW actions
SKIP_REVIEW_BLOCKED_SLOT,2025-04-02,09:00:00-10:00:00,April 25,20,,,,Excluded from partial import because the preview contains REVIEW actions
SKIP_REVIEW_BLOCKED_SLOT,2025-04-03,11:00:00-12:00:00,April 25,29,,,,Excluded from partial import because the preview contains REVIEW actions
SKIP_EXISTING_BOOKING,2025-04-03,12:00:00-13:00:00,April 25,38,13549,1044,Zainab Moosa,
INSERT_BOOKING,2025-04-03,12:00:00-13:00:00,April 25,39,13549,320,Nasreen Akhtar,Attended=No
SKIP_EXISTING_BOOKING,2025-04-03,12:00:00-13:00:00,April 25,40,13549,100,Kaniz Bibi,
SKIP_EXISTING_BOOKING,2025-04-03,12:00:00-13:00:00,April 25,41,13549,1135,Yasmeen Akhtar,
INSERT_BOOKING,2025-04-03,12:00:00-13:00:00,April 25,42,13549,237,Tamsila Hanif,Attended=No
SKIP_EXISTING_BOOKING,2025-04-03,12:00:00-13:00:00,April 25,43,13549,107,Anne Mann,
SKIP_EXISTING_BOOKING,2025-04-03,12:00:00-13:00:00,April 25,44,13549,169,Maqsood Begum,
SKIP_EXISTING_BOOKING,2025-04-03,12:00:00-13:00:00,April 25,45,13549,180,Rifat Bano,
SKIP_EXISTING_BOOKING,2025-04-03,12:00:00-13:00:00,April 25,46,13549,216,Ishrat Bano,
SKIP_REVIEW_BLOCKED_SLOT,2025-04-04,10:30:00-11:30:00,April 25,47,,,,Excluded from partial import because the preview contains REVIEW actions
SKIP_REVIEW_BLOCKED_SLOT,2025-04-04,14:00:00-15:00:00,April 25,56,,,,Excluded from partial import because the preview contains REVIEW actions
INSERT_BOOKING,2025-04-04,15:00:00-16:00:00,April 25,65,13552,1140,Mohnir Akhtar,Attended=No
SKIP_EXISTING_BOOKING,2025-04-04,15:00:00-16:00:00,April 25,66,13552,1146,Mohammed Nawaz,
SKIP_EXISTING_BOOKING,2025-04-04,15:00:00-16:00:00,April 25,67,13552,259,Abdul Majid,
SKIP_EXISTING_BOOKING,2025-04-04,15:00:00-16:00:00,April 25,68,13552,288,Mansoor Malik,
INSERT_BOOKING,2025-04-04,15:00:00-16:00:00,April 25,69,13552,1111,Basharat Hussain,Attended=No
SKIP_EXISTING_BOOKING,2025-04-04,15:00:00-16:00:00,April 25,70,13552,195,azhar iqbal,
SKIP_EXISTING_BOOKING,2025-04-07,11:00:00-12:00:00,April 25,74,13553,301,Insa Shaheen,
SKIP_EXISTING_BOOKING,2025-04-07,11:00:00-12:00:00,April 25,75,13553,69,Ghulab Zara,
SKIP_EXISTING_BOOKING,2025-04-07,11:00:00-12:00:00,April 25,76,13553,7,Kowsar Rukhsana,
SKIP_EXISTING_BOOKING,2025-04-07,11:00:00-12:00:00,April 25,77,13553,1075,Edna Gilika,
INSERT_BOOKING,2025-04-07,11:00:00-12:00:00,April 25,78,13553,100,Kaniz Bibi,Attended=No
INSERT_BOOKING,2025-04-07,11:00:00-12:00:00,April 25,79,13553,1135,Yasmeen Akhtar,Attended=No
SKIP_EXISTING_BOOKING,2025-04-07,11:00:00-12:00:00,April 25,80,13553,180,Rifat Bano,
SKIP_EXISTING_BOOKING,2025-04-07,11:00:00-12:00:00,April 25,81,13553,169,Maqsood Begum,
SKIP_EXISTING_BOOKING,2025-04-07,11:00:00-12:00:00,April 25,82,13553,216,Ishrat Bano,
SKIP_REVIEW_BLOCKED_SLOT,2025-04-07,12:30:00-13:30:00,April 25,83,,,,Excluded from partial import because the preview contains REVIEW actions
SKIP_REVIEW_BLOCKED_SLOT,2025-04-07,14:30:00-15:30:00,April 25,92,,,,Excluded from partial import because the preview contains REVIEW actions
SKIP_REVIEW_BLOCKED_SLOT,2025-04-07,15:30:00-16:30:00,April 25,101,,,,Excluded from partial import because the preview contains REVIEW actions
SKIP_EXISTING_BOOKING,2025-04-07,17:45:00-18:45:00,April 25,110,13557,182,Shakila Bibi,
SKIP_EXISTING_BOOKING,2025-04-07,17:45:00-18:45:00,April 25,111,13557,192,Fozia Ali,
INSERT_BOOKING,2025-04-07,17:45:00-18:45:00,April 25,112,13557,237,Tamsila Hanif,Attended=Blank
INSERT_BOOKING,2025-04-07,17:45:00-18:45:00,April 25,113,13557,1163,Mary Marimba,Attended=Blank
SKIP_EXISTING_BOOKING,2025-04-07,17:45:00-18:45:00,April 25,114,13557,1168,Yasmin Aslam,
INSERT_BOOKING,2025-04-08,07:15:00-08:00:00,April 25,119,13558,277,Zubair Khan,Attended=No
INSERT_BOOKING,2025-04-08,07:15:00-08:00:00,April 25,120,13558,1066,Noor Begum,Attended=No
SKIP_EXISTING_BOOKING,2025-04-08,07:15:00-08:00:00,April 25,121,13558,190,Suleman Muhammad,
SKIP_EXISTING_BOOKING,2025-04-08,07:15:00-08:00:00,April 25,122,13558,172,Mazhar Iqbal,
SKIP_REVIEW_BLOCKED_SLOT,2025-04-08,09:30:00-10:30:00,April 25,128,,,,Excluded from partial import because the preview contains REVIEW actions
SKIP_REVIEW_BLOCKED_SLOT,2025-04-08,12:00:00-13:00:00,April 25,137,,,,Excluded from partial import because the preview contains REVIEW actions
SKIP_REVIEW_BLOCKED_SLOT,2025-04-09,09:00:00-10:00:00,April 25,146,,,,Excluded from partial import because the preview contains REVIEW actions
SKIP_REVIEW_BLOCKED_SLOT,2025-04-09,10:00:00-11:00:00,April 25,155,,,,Excluded from partial import because the preview contains REVIEW actions
SKIP_REVIEW_BLOCKED_SLOT,2025-04-09,10:45:00-11:45:00,April 25,164,,,,Excluded from partial import because the preview contains REVIEW actions
SKIP_REVIEW_BLOCKED_SLOT,2025-04-10,10:30:00-11:30:00,April 25,173,,,,Excluded from partial import because the preview contains REVIEW actions
SKIP_EXISTING_BOOKING,2025-04-10,12:00:00-13:00:00,April 25,182,13566,152,Jennifer Mason,
SKIP_EXISTING_BOOKING,2025-04-10,12:00:00-13:00:00,April 25,183,13566,1152,Fatima Ntin,
SKIP_EXISTING_BOOKING,2025-04-10,12:00:00-13:00:00,April 25,184,13566,1148,Nooshan Ara,
SKIP_EXISTING_BOOKING,2025-04-10,12:00:00-13:00:00,April 25,185,13566,27,Sajida Mahmood,
SKIP_EXISTING_BOOKING,2025-04-10,12:00:00-13:00:00,April 25,186,13566,1071,Zahida Akhtar,
SKIP_EXISTING_BOOKING,2025-04-10,12:00:00-13:00:00,April 25,187,13566,227,Shamim Akhtar,
SKIP_EXISTING_BOOKING,2025-04-10,12:00:00-13:00:00,April 25,188,13566,1035,Barkat Begum,
SKIP_REVIEW_BLOCKED_SLOT,2025-04-11,10:30:00-11:30:00,April 25,191,,,,Excluded from partial import because the preview contains REVIEW actions
SKIP_REVIEW_BLOCKED_SLOT,2025-04-11,14:00:00-15:00:00,April 25,200,,,,Excluded from partial import because the preview contains REVIEW actions
INSERT_BOOKING,2025-04-11,15:00:00-16:00:00,April 25,209,13569,1140,Mohnir Akhtar,Attended=No
SKIP_EXISTING_BOOKING,2025-04-11,15:00:00-16:00:00,April 25,210,13569,1146,Mohammed Nawaz,
SKIP_EXISTING_BOOKING,2025-04-11,15:00:00-16:00:00,April 25,211,13569,259,Abdul Majid,
SKIP_EXISTING_BOOKING,2025-04-11,15:00:00-16:00:00,April 25,212,13569,288,Mansoor Malik,
SKIP_EXISTING_BOOKING,2025-04-11,15:00:00-16:00:00,April 25,213,13569,243,Zafar iqbal,
SKIP_EXISTING_BOOKING,2025-04-11,15:00:00-16:00:00,April 25,214,13569,195,azhar iqbal,
SKIP_REVIEW_BLOCKED_SLOT,2025-04-12,09:45:00-10:45:00,April 25,218,,,,Excluded from partial import because the preview contains REVIEW actions
SKIP_REVIEW_BLOCKED_SLOT,2025-04-12,11:00:00-12:00:00,April 25,227,,,,Excluded from partial import because the preview contains REVIEW actions
SKIP_EXISTING_BOOKING,2025-04-14,11:00:00-12:00:00,April 25,236,13573,237,Tamsila Hanif,
INSERT_BOOKING,2025-04-14,11:00:00-12:00:00,April 25,237,13573,1066,Noor Begum,Attended=No
SKIP_EXISTING_BOOKING,2025-04-14,11:00:00-12:00:00,April 25,238,13573,7,Kowsar Rukhsana,
SKIP_EXISTING_BOOKING,2025-04-14,11:00:00-12:00:00,April 25,239,13573,301,Insa Shaheen,
SKIP_EXISTING_BOOKING,2025-04-14,11:00:00-12:00:00,April 25,240,13573,69,Ghulab Zara,
SKIP_EXISTING_BOOKING,2025-04-14,11:00:00-12:00:00,April 25,241,13573,312,Sultana Parveen,
SKIP_EXISTING_BOOKING,2025-04-14,11:00:00-12:00:00,April 25,242,13573,1077,Sahira Parveen,
SKIP_EXISTING_BOOKING,2025-04-14,12:30:00-13:30:00,April 25,245,13574,169,Maqsood Begum,
SKIP_EXISTING_BOOKING,2025-04-14,12:30:00-13:30:00,April 25,246,13574,216,Ishrat Bano,
SKIP_EXISTING_BOOKING,2025-04-14,12:30:00-13:30:00,April 25,247,13574,180,Rifat Bano,
SKIP_EXISTING_BOOKING,2025-04-14,12:30:00-13:30:00,April 25,248,13574,1161,Zarqa Shah,
SKIP_EXISTING_BOOKING,2025-04-14,12:30:00-13:30:00,April 25,249,13574,100,Kaniz Bibi,
SKIP_EXISTING_BOOKING,2025-04-14,12:30:00-13:30:00,April 25,250,13574,1135,Yasmeen Akhtar,
SKIP_EXISTING_BOOKING,2025-04-14,12:30:00-13:30:00,April 25,251,13574,292,Rukhsana Saeed,
SKIP_EXISTING_BOOKING,2025-04-14,12:30:00-13:30:00,April 25,252,13574,6,Mahroof Bibi,
SKIP_EXISTING_BOOKING,2025-04-14,12:30:00-13:30:00,April 25,253,13574,1,Parveen Akhtar,
SKIP_REVIEW_BLOCKED_SLOT,2025-04-14,14:30:00-15:30:00,April 25,254,,,,Excluded from partial import because the preview contains REVIEW actions
SKIP_REVIEW_BLOCKED_SLOT,2025-04-14,15:30:00-16:30:00,April 25,263,,,,Excluded from partial import because the preview contains REVIEW actions
SKIP_EXISTING_BOOKING,2025-04-14,17:45:00-18:45:00,April 25,272,13577,192,Fozia Ali,
SKIP_EXISTING_BOOKING,2025-04-14,17:45:00-18:45:00,April 25,273,13577,1168,Yasmin Aslam,
SKIP_EXISTING_BOOKING,2025-04-14,17:45:00-18:45:00,April 25,274,13577,182,Shakila Bibi,
SKIP_EXISTING_BOOKING,2025-04-14,17:45:00-18:45:00,April 25,275,13577,1118,Nazia Riaz,
SKIP_EXISTING_BOOKING,2025-04-14,17:45:00-18:45:00,April 25,276,13577,1171,Fatima Mohammed,
SKIP_EXISTING_BOOKING,2025-04-15,07:15:00-08:00:00,April 25,281,13578,190,Suleman Muhammad,
SKIP_EXISTING_BOOKING,2025-04-15,07:15:00-08:00:00,April 25,282,13578,172,Mazhar Iqbal,
SKIP_REVIEW_BLOCKED_SLOT,2025-04-15,09:30:00-10:30:00,April 25,290,,,,Excluded from partial import because the preview contains REVIEW actions
SKIP_REVIEW_BLOCKED_SLOT,2025-04-15,12:00:00-13:00:00,April 25,299,,,,Excluded from partial import because the preview contains REVIEW actions
SKIP_REVIEW_BLOCKED_SLOT,2025-04-16,09:00:00-10:00:00,April 25,308,,,,Excluded from partial import because the preview contains REVIEW actions
SKIP_EXISTING_BOOKING,2025-04-16,10:00:00-11:00:00,April 25,317,13583,225,Mohammed Khalil,
INSERT_BOOKING,2025-04-16,10:00:00-11:00:00,April 25,318,13583,288,Mansoor Malik,Attended=No
SKIP_EXISTING_BOOKING,2025-04-16,10:00:00-11:00:00,April 25,319,13583,243,Zafar iqbal,
SKIP_EXISTING_BOOKING,2025-04-16,10:00:00-11:00:00,April 25,320,13583,259,Abdul Majid,
SKIP_EXISTING_BOOKING,2025-04-16,10:00:00-11:00:00,April 25,321,13583,172,Mazhar Iqbal,
SKIP_EXISTING_BOOKING,2025-04-16,10:00:00-11:00:00,April 25,322,13583,1142,Mohammed Mumtaz,
SKIP_EXISTING_BOOKING,2025-04-16,10:00:00-11:00:00,April 25,323,13583,1144,Gul Ahmed,
SKIP_EXISTING_BOOKING,2025-04-16,10:00:00-11:00:00,April 25,324,13583,1140,Mohnir Akhtar,
SKIP_REVIEW_BLOCKED_SLOT,2025-04-16,11:00:00-12:00:00,April 25,326,,,,Excluded from partial import because the preview contains REVIEW actions
SKIP_REVIEW_BLOCKED_SLOT,2025-04-17,10:30:00-11:30:00,April 25,335,,,,Excluded from partial import because the preview contains REVIEW actions
SKIP_EXISTING_BOOKING,2025-04-17,12:00:00-13:00:00,April 25,344,13586,1169,Nasim Akhtar,
INSERT_BOOKING,2025-04-17,12:00:00-13:00:00,April 25,345,13586,1148,Nooshan Ara,Attended=No
SKIP_EXISTING_BOOKING,2025-04-17,12:00:00-13:00:00,April 25,346,13586,1035,Barkat Begum,
SKIP_EXISTING_BOOKING,2025-04-17,12:00:00-13:00:00,April 25,347,13586,1071,Zahida Akhtar,
SKIP_EXISTING_BOOKING,2025-04-17,12:00:00-13:00:00,April 25,348,13586,152,Jennifer Mason,
SKIP_EXISTING_BOOKING,2025-04-17,12:00:00-13:00:00,April 25,349,13586,1152,Fatima Ntin,
SKIP_EXISTING_BOOKING,2025-04-17,12:00:00-13:00:00,April 25,350,13586,41,Badra Khatoon,
INSERT_BOOKING,2025-04-17,12:00:00-13:00:00,April 25,351,13586,1082,Fleur Bano Maqsood,Attended=No
SKIP_EXISTING_BOOKING,2025-04-17,12:00:00-13:00:00,April 25,352,13586,227,Shamim Akhtar,
SKIP_REVIEW_BLOCKED_SLOT,2025-04-19,09:45:00-10:45:00,April 25,353,,,,Excluded from partial import because the preview contains REVIEW actions
SKIP_EXISTING_BOOKING,2025-04-19,11:00:00-12:00:00,April 25,362,13588,1159,Jaseem Khan,
SKIP_EXISTING_BOOKING,2025-04-19,11:00:00-12:00:00,April 25,363,13588,243,Zafar iqbal,
SKIP_EXISTING_BOOKING,2025-04-19,11:00:00-12:00:00,April 25,364,13588,190,Suleman Muhammad,
SKIP_EXISTING_BOOKING,2025-04-19,11:00:00-12:00:00,April 25,365,13588,1142,Mohammed Mumtaz,
SKIP_EXISTING_BOOKING,2025-04-19,11:00:00-12:00:00,April 25,366,13588,1139,Warren Browne,
SKIP_EXISTING_BOOKING,2025-04-19,11:00:00-12:00:00,April 25,367,13588,277,Zubair Khan,
INSERT_BOOKING,2025-04-19,11:00:00-12:00:00,April 25,368,13588,172,Mazhar Iqbal,Attended=No
SKIP_EXISTING_BOOKING,2025-04-19,11:00:00-12:00:00,April 25,369,13588,225,Mohammed Khalil,
SKIP_EXISTING_BOOKING,2025-04-19,11:00:00-12:00:00,April 25,370,13588,176,Noel Mcmanamon,
SKIP_EXISTING_BOOKING,2025-04-22,07:15:00-08:00:00,April 25,371,13589,190,Suleman Muhammad,
SKIP_EXISTING_BOOKING,2025-04-22,07:15:00-08:00:00,April 25,372,13589,172,Mazhar Iqbal,
SKIP_EXISTING_BOOKING,2025-04-22,07:15:00-08:00:00,April 25,373,13589,277,Zubair Khan,
SKIP_EXISTING_BOOKING,2025-04-22,07:15:00-08:00:00,April 25,374,13589,259,Abdul Majid,
SKIP_REVIEW_BLOCKED_SLOT,2025-04-22,09:30:00-10:30:00,April 25,380,,,,Excluded from partial import because the preview contains REVIEW actions
INSERT_BOOKING,2025-04-22,12:00:00-13:00:00,April 25,389,13592,227,Shamim Akhtar,Attended=No
SKIP_EXISTING_BOOKING,2025-04-22,12:00:00-13:00:00,April 25,390,13592,1077,Sahira Parveen,
SKIP_EXISTING_BOOKING,2025-04-22,12:00:00-13:00:00,April 25,391,13592,312,Sultana Parveen,
INSERT_BOOKING,2025-04-22,12:00:00-13:00:00,April 25,392,13592,300,Uzma Javid,Attended=No
SKIP_EXISTING_BOOKING,2025-04-22,12:00:00-13:00:00,April 25,393,13592,69,Ghulab Zara,
SKIP_EXISTING_BOOKING,2025-04-22,12:00:00-13:00:00,April 25,394,13592,7,Kowsar Rukhsana,
SKIP_EXISTING_BOOKING,2025-04-22,12:00:00-13:00:00,April 25,395,13592,301,Insa Shaheen,
INSERT_BOOKING,2025-04-22,12:00:00-13:00:00,April 25,396,13592,237,Tamsila Hanif,Attended=No
SKIP_EXISTING_BOOKING,2025-04-22,12:00:00-13:00:00,April 25,397,13592,1161,Zarqa Shah,
SKIP_REVIEW_BLOCKED_SLOT,2025-04-23,09:00:00-10:00:00,April 25,398,,,,Excluded from partial import because the preview contains REVIEW actions
INSERT_BOOKING,2025-04-23,10:00:00-11:00:00,April 25,407,13594,225,Mohammed Khalil,Attended=No
INSERT_BOOKING,2025-04-23,10:00:00-11:00:00,April 25,408,13594,288,Mansoor Malik,Attended=No
SKIP_EXISTING_BOOKING,2025-04-23,10:00:00-11:00:00,April 25,409,13594,1140,Mohnir Akhtar,
INSERT_BOOKING,2025-04-23,10:00:00-11:00:00,April 25,410,13594,259,Abdul Majid,Attended=No
SKIP_EXISTING_BOOKING,2025-04-23,10:00:00-11:00:00,April 25,411,13594,172,Mazhar Iqbal,
SKIP_EXISTING_BOOKING,2025-04-23,10:00:00-11:00:00,April 25,412,13594,1142,Mohammed Mumtaz,
SKIP_EXISTING_BOOKING,2025-04-23,11:00:00-12:00:00,April 25,416,13595,192,Fozia Ali,
SKIP_EXISTING_BOOKING,2025-04-23,11:00:00-12:00:00,April 25,417,13595,182,Shakila Bibi,
SKIP_EXISTING_BOOKING,2025-04-23,11:00:00-12:00:00,April 25,418,13595,1168,Yasmin Aslam,
SKIP_EXISTING_BOOKING,2025-04-23,11:00:00-12:00:00,April 25,419,13595,172,Mazhar Iqbal,
SKIP_REVIEW_BLOCKED_SLOT,2025-04-24,10:30:00-11:30:00,April 25,425,,,,Excluded from partial import because the preview contains REVIEW actions
SKIP_EXISTING_BOOKING,2025-04-24,12:00:00-13:00:00,April 25,434,13597,180,Rifat Bano,
SKIP_EXISTING_BOOKING,2025-04-24,12:00:00-13:00:00,April 25,435,13597,216,Ishrat Bano,
SKIP_EXISTING_BOOKING,2025-04-24,12:00:00-13:00:00,April 25,436,13597,169,Maqsood Begum,
INSERT_BOOKING,2025-04-24,12:00:00-13:00:00,April 25,437,13597,1170,Sameena Kauser,Attended=No
SKIP_EXISTING_BOOKING,2025-04-24,12:00:00-13:00:00,April 25,438,13597,6,Mahroof Bibi,
SKIP_EXISTING_BOOKING,2025-04-24,12:00:00-13:00:00,April 25,439,13597,287,Saeeda Begum,
INSERT_BOOKING,2025-04-24,12:00:00-13:00:00,April 25,440,13597,318,Asia Begum,Attended=No
INSERT_BOOKING,2025-04-24,12:00:00-13:00:00,April 25,441,13597,145,Nighat Noreen,Attended=No
INSERT_BOOKING,2025-04-24,12:00:00-13:00:00,April 25,442,13597,320,Nasreen Akhtar,Attended=No
SKIP_REVIEW_BLOCKED_SLOT,2025-04-25,10:30:00-11:30:00,April 25,443,,,,Excluded from partial import because the preview contains REVIEW actions
SKIP_REVIEW_BLOCKED_SLOT,2025-04-25,14:00:00-15:00:00,April 25,452,,,,Excluded from partial import because the preview contains REVIEW actions
INSERT_BOOKING,2025-04-25,15:00:00-16:00:00,April 25,461,13600,1140,Mohnir Akhtar,Attended=No
INSERT_BOOKING,2025-04-25,15:00:00-16:00:00,April 25,462,13600,259,Abdul Majid,Attended=No
INSERT_BOOKING,2025-04-25,15:00:00-16:00:00,April 25,463,13600,288,Mansoor Malik,Attended=No
INSERT_BOOKING,2025-04-25,15:00:00-16:00:00,April 25,464,13600,195,azhar iqbal,Attended=No
INSERT_BOOKING,2025-04-25,15:00:00-16:00:00,April 25,465,13600,1012,Abdul Rehman,Attended=Blank
SKIP_REVIEW_BLOCKED_SLOT,2025-04-26,09:45:00-10:45:00,April 25,470,,,,Excluded from partial import because the preview contains REVIEW actions
SKIP_EXISTING_BOOKING,2025-04-26,11:00:00-12:00:00,April 25,480,13602,225,Mohammed Khalil,
SKIP_EXISTING_BOOKING,2025-04-26,11:00:00-12:00:00,April 25,481,13602,1159,Jaseem Khan,
SKIP_EXISTING_BOOKING,2025-04-26,11:00:00-12:00:00,April 25,482,13602,190,Suleman Muhammad,
SKIP_EXISTING_BOOKING,2025-04-26,11:00:00-12:00:00,April 25,483,13602,243,Zafar iqbal,
INSERT_BOOKING,2025-04-26,11:00:00-12:00:00,April 25,484,13602,1142,Mohammed Mumtaz,Attended=No
SKIP_EXISTING_BOOKING,2025-04-26,11:00:00-12:00:00,April 25,485,13602,1146,Mohammed Nawaz,
INSERT_BOOKING,2025-04-28,11:00:00-12:00:00,April 25,488,13603,1174,Azra Rehman,Attended=No
INSERT_BOOKING,2025-04-28,11:00:00-12:00:00,April 25,490,13603,1083,Khursheed Anjum,Attended=No
SKIP_EXISTING_BOOKING,2025-04-28,11:00:00-12:00:00,April 25,491,13603,1077,Sahira Parveen,
SKIP_EXISTING_BOOKING,2025-04-28,11:00:00-12:00:00,April 25,492,13603,312,Sultana Parveen,
SKIP_EXISTING_BOOKING,2025-04-28,11:00:00-12:00:00,April 25,493,13603,69,Ghulab Zara,
SKIP_EXISTING_BOOKING,2025-04-28,11:00:00-12:00:00,April 25,494,13603,301,Insa Shaheen,
INSERT_BOOKING,2025-04-28,11:00:00-12:00:00,April 25,495,13603,170,Sughra Bibi,Attended=No
INSERT_BOOKING,2025-04-28,11:00:00-12:00:00,April 25,496,13603,31,Nazia Bi,Attended=No
INSERT_BOOKING,2025-04-28,12:30:00-13:30:00,April 25,497,13604,1171,Fatima Mohammed,Attended=Blank
INSERT_BOOKING,2025-04-28,12:30:00-13:30:00,April 25,498,13604,1071,Zahida Akhtar,Attended=Blank
INSERT_BOOKING,2025-04-28,12:30:00-13:30:00,April 25,499,13604,1035,Barkat Begum,Attended=Blank
INSERT_BOOKING,2025-04-28,12:30:00-13:30:00,April 25,500,13604,1152,Fatima Ntin,Attended=Blank
SKIP_EXISTING_BOOKING,2025-04-28,12:30:00-13:30:00,April 25,501,13604,1161,Zarqa Shah,
SKIP_EXISTING_BOOKING,2025-04-28,12:30:00-13:30:00,April 25,502,13604,1176,Tasmin Begum,
INSERT_BOOKING,2025-04-28,12:30:00-13:30:00,April 25,503,13604,6,Mahroof Bibi,Attended=Blank
SKIP_EXISTING_BOOKING,2025-04-28,12:30:00-13:30:00,April 25,504,13604,262,Mushahida Sheikh,
SKIP_EXISTING_BOOKING,2025-04-28,12:30:00-13:30:00,April 25,505,13604,297,Aisha Majeed,
SKIP_CANCELLED_BOOKINGS,2025-04-28,14:30:00-15:30:00,April 25,506,13605,,,
SKIP_REVIEW_BLOCKED_SLOT,2025-04-28,15:30:00-16:30:00,April 25,515,,,,Excluded from partial import because the preview contains REVIEW actions
SKIP_EXISTING_BOOKING,2025-04-28,17:45:00-18:45:00,April 25,524,13607,182,Shakila Bibi,
SKIP_EXISTING_BOOKING,2025-04-28,17:45:00-18:45:00,April 25,525,13607,192,Fozia Ali,
SKIP_EXISTING_BOOKING,2025-04-28,17:45:00-18:45:00,April 25,526,13607,1168,Yasmin Aslam,
SKIP_EXISTING_BOOKING,2025-04-28,17:45:00-18:45:00,April 25,527,13607,237,Tamsila Hanif,
SKIP_REVIEW_BLOCKED_SLOT,2025-04-29,09:30:00-10:30:00,April 25,533,,,,Excluded from partial import because the preview contains REVIEW actions
SKIP_REVIEW_BLOCKED_SLOT,2025-04-29,12:00:00-13:00:00,April 25,542,,,,Excluded from partial import because the preview contains REVIEW actions
SKIP_EXISTING_BOOKING,2025-04-30,11:00:00-12:00:00,April 25,551,13610,7,Kowsar Rukhsana,
SKIP_EXISTING_BOOKING,2025-04-30,11:00:00-12:00:00,April 25,552,13610,168,Janet Corlis,
SKIP_EXISTING_BOOKING,2025-04-30,11:00:00-12:00:00,April 25,553,13610,243,Zafar iqbal,
SKIP_EXISTING_BOOKING,2025-04-30,11:00:00-12:00:00,April 25,554,13610,1146,Mohammed Nawaz,
SKIP_EXISTING_BOOKING,2025-04-30,11:00:00-12:00:00,April 25,555,13610,172,Mazhar Iqbal,
INSERT_BOOKING,2025-04-30,11:00:00-12:00:00,April 25,556,13610,192,Fozia Ali,Attended=No
INSERT_BOOKING,2025-04-30,11:00:00-12:00:00,April 25,557,13610,182,Shakila Bibi,Attended=No
INSERT_BOOKING,2025-04-30,11:00:00-12:00:00,April 25,558,13610,1148,Nooshan Ara,Attended=No
INSERT_BOOKING,2025-05-01,10:30:00-11:30:00,May 25,2,13611,1169,Nasim Akhtar,Attended=No
SKIP_EXISTING_BOOKING,2025-05-01,10:30:00-11:30:00,May 25,3,13611,1163,Mary Marimba,
SKIP_EXISTING_BOOKING,2025-05-01,10:30:00-11:30:00,May 25,4,13611,206,Jaslyne Richards,
SKIP_EXISTING_BOOKING,2025-05-01,10:30:00-11:30:00,May 25,5,13611,168,Janet Corlis,
SKIP_EXISTING_BOOKING,2025-05-01,10:30:00-11:30:00,May 25,6,13611,1078,Angela Cross,
INSERT_BOOKING,2025-05-01,10:30:00-11:30:00,May 25,7,13611,1009,Rayna Begum,Attended=No
SKIP_EXISTING_BOOKING,2025-05-01,10:30:00-11:30:00,May 25,8,13611,1075,Edna Gilika,
SKIP_EXISTING_BOOKING,2025-05-01,10:30:00-11:30:00,May 25,9,13611,245,Fayaz Begum,
SKIP_EXISTING_BOOKING,2025-05-01,10:30:00-11:30:00,May 25,10,13611,1013,Shaheen Akhtar,
SKIP_REVIEW_BLOCKED_SLOT,2025-05-01,12:00:00-13:00:00,May 25,11,,,,Excluded from partial import because the preview contains REVIEW actions
SKIP_REVIEW_BLOCKED_SLOT,2025-05-02,10:30:00-11:30:00,May 25,20,,,,Excluded from partial import because the preview contains REVIEW actions
SKIP_EXISTING_BOOKING,2025-05-02,15:00:00-16:00:00,May 25,29,13614,172,Mazhar Iqbal,
SKIP_EXISTING_BOOKING,2025-05-02,15:00:00-16:00:00,May 25,30,13614,195,azhar iqbal,
SKIP_EXISTING_BOOKING,2025-05-02,15:00:00-16:00:00,May 25,31,13614,1146,Mohammed Nawaz,
SKIP_EXISTING_BOOKING,2025-05-02,15:00:00-16:00:00,May 25,32,13614,176,Noel Mcmanamon,
SKIP_EXISTING_BOOKING,2025-05-02,15:00:00-16:00:00,May 25,33,13614,288,Mansoor Malik,
SKIP_EXISTING_BOOKING,2025-05-02,15:00:00-16:00:00,May 25,34,13614,259,Abdul Majid,
SKIP_REVIEW_BLOCKED_SLOT,2025-05-03,09:45:00-10:45:00,May 25,38,,,,Excluded from partial import because the preview contains REVIEW actions
SKIP_EXISTING_BOOKING,2025-05-03,11:00:00-12:00:00,May 25,47,13616,190,Suleman Muhammad,
SKIP_EXISTING_BOOKING,2025-05-03,11:00:00-12:00:00,May 25,48,13616,1142,Mohammed Mumtaz,
SKIP_EXISTING_BOOKING,2025-05-03,11:00:00-12:00:00,May 25,49,13616,243,Zafar iqbal,
SKIP_EXISTING_BOOKING,2025-05-03,11:00:00-12:00:00,May 25,50,13616,1146,Mohammed Nawaz,
SKIP_EXISTING_BOOKING,2025-05-03,11:00:00-12:00:00,May 25,51,13616,1159,Jaseem Khan,
SKIP_EXISTING_BOOKING,2025-05-03,11:00:00-12:00:00,May 25,52,13616,225,Mohammed Khalil,
SKIP_EXISTING_BOOKING,2025-05-06,07:15:00-08:00:00,May 25,56,13617,277,Zubair Khan,
SKIP_EXISTING_BOOKING,2025-05-06,07:15:00-08:00:00,May 25,57,13617,190,Suleman Muhammad,
SKIP_EXISTING_BOOKING,2025-05-06,07:15:00-08:00:00,May 25,58,13617,172,Mazhar Iqbal,
SKIP_EXISTING_BOOKING,2025-05-06,07:15:00-08:00:00,May 25,59,13617,259,Abdul Majid,
SKIP_REVIEW_BLOCKED_SLOT,2025-05-06,08:00:00-09:00:00,May 25,65,,,,Excluded from partial import because the preview contains REVIEW actions
SKIP_EXISTING_BOOKING,2025-05-06,09:30:00-10:30:00,May 25,74,13619,1162,Asma Bi,
SKIP_EXISTING_BOOKING,2025-05-06,09:30:00-10:30:00,May 25,75,13619,1164,Sajda Bi,
SKIP_EXISTING_BOOKING,2025-05-06,09:30:00-10:30:00,May 25,76,13619,1163,Mary Marimba,
SKIP_EXISTING_BOOKING,2025-05-06,09:30:00-10:30:00,May 25,77,13619,245,Fayaz Begum,
SKIP_EXISTING_BOOKING,2025-05-06,09:30:00-10:30:00,May 25,78,13619,1075,Edna Gilika,
INSERT_BOOKING,2025-05-06,09:30:00-10:30:00,May 25,79,13619,1179,Ghazala Bi,Attended=No
INSERT_BOOKING,2025-05-06,09:30:00-10:30:00,May 25,80,13619,1135,Yasmeen Akhtar,Attended=No
SKIP_EXISTING_BOOKING,2025-05-06,09:30:00-10:30:00,May 25,82,13619,314,Najabat Bibi,
INSERT_BOOKING,2025-05-06,12:00:00-13:00:00,May 25,83,13621,1178,Yasmeen Khalid,Attended=No
SKIP_EXISTING_BOOKING,2025-05-06,12:00:00-13:00:00,May 25,84,13621,312,Sultana Parveen,
SKIP_EXISTING_BOOKING,2025-05-06,12:00:00-13:00:00,May 25,85,13621,1077,Sahira Parveen,
SKIP_EXISTING_BOOKING,2025-05-06,12:00:00-13:00:00,May 25,86,13621,69,Ghulab Zara,
SKIP_EXISTING_BOOKING,2025-05-06,12:00:00-13:00:00,May 25,87,13621,301,Insa Shaheen,
SKIP_EXISTING_BOOKING,2025-05-06,12:00:00-13:00:00,May 25,88,13621,7,Kowsar Rukhsana,
INSERT_BOOKING,2025-05-06,12:00:00-13:00:00,May 25,89,13621,1148,Nooshan Ara,Attended=Blank
SKIP_EXISTING_BOOKING,2025-05-06,12:00:00-13:00:00,May 25,90,13621,1161,Zarqa Shah,
SKIP_EXISTING_BOOKING,2025-05-06,12:00:00-13:00:00,May 25,91,13621,1176,Tasmin Begum,
SKIP_REVIEW_BLOCKED_SLOT,2025-05-07,09:00:00-10:00:00,May 25,92,,,,Excluded from partial import because the preview contains REVIEW actions
SKIP_REVIEW_BLOCKED_SLOT,2025-05-07,10:00:00-11:00:00,May 25,101,,,,Excluded from partial import because the preview contains REVIEW actions
SKIP_EXISTING_BOOKING,2025-05-07,11:00:00-12:00:00,May 25,110,13624,7,Kowsar Rukhsana,
SKIP_EXISTING_BOOKING,2025-05-07,11:00:00-12:00:00,May 25,111,13624,172,Mazhar Iqbal,
SKIP_EXISTING_BOOKING,2025-05-07,11:00:00-12:00:00,May 25,112,13624,1168,Yasmin Aslam,
SKIP_EXISTING_BOOKING,2025-05-07,11:00:00-12:00:00,May 25,114,13624,192,Fozia Ali,
INSERT_BOOKING,2025-05-07,11:00:00-12:00:00,May 25,115,13624,1108,Arfan Ali,Attended=No
INSERT_BOOKING,2025-05-07,11:00:00-12:00:00,May 25,116,13624,190,Suleman Muhammad,Attended=No
SKIP_EXISTING_BOOKING,2025-05-07,11:00:00-12:00:00,May 25,117,13624,1146,Mohammed Nawaz,
SKIP_REVIEW_BLOCKED_SLOT,2025-05-08,10:30:00-11:30:00,May 25,119,,,,Excluded from partial import because the preview contains REVIEW actions
SKIP_REVIEW_BLOCKED_SLOT,2025-05-08,12:00:00-13:00:00,May 25,128,,,,Excluded from partial import because the preview contains REVIEW actions
SKIP_REVIEW_BLOCKED_SLOT,2025-05-09,10:30:00-11:30:00,May 25,137,,,,Excluded from partial import because the preview contains REVIEW actions
SKIP_REVIEW_BLOCKED_SLOT,2025-05-09,14:00:00-15:00:00,May 25,146,,,,Excluded from partial import because the preview contains REVIEW actions
SKIP_REVIEW_BLOCKED_SLOT,2025-05-09,15:00:00-16:00:00,May 25,155,,,,Excluded from partial import because the preview contains REVIEW actions
SKIP_EXISTING_BOOKING,2025-05-10,09:45:00-10:45:00,May 25,165,13630,100,Kaniz Bibi,
SKIP_EXISTING_BOOKING,2025-05-10,09:45:00-10:45:00,May 25,166,13630,1135,Yasmeen Akhtar,
INSERT_BOOKING,2025-05-10,09:45:00-10:45:00,May 25,171,13630,274,Samina Javed,Attended=No
SKIP_EXISTING_BOOKING,2025-05-10,09:45:00-10:45:00,May 25,172,13630,91,Rubina Amar,
SKIP_EXISTING_BOOKING,2025-05-10,11:00:00-12:00:00,May 25,173,13631,190,Suleman Muhammad,
SKIP_EXISTING_BOOKING,2025-05-10,11:00:00-12:00:00,May 25,174,13631,1142,Mohammed Mumtaz,
SKIP_EXISTING_BOOKING,2025-05-10,11:00:00-12:00:00,May 25,175,13631,243,Zafar iqbal,
SKIP_EXISTING_BOOKING,2025-05-10,11:00:00-12:00:00,May 25,176,13631,1146,Mohammed Nawaz,
INSERT_BOOKING,2025-05-10,11:00:00-12:00:00,May 25,177,13631,1159,Jaseem Khan,Attended=No
INSERT_BOOKING,2025-05-10,11:00:00-12:00:00,May 25,178,13631,225,Mohammed Khalil,Attended=No
SKIP_EXISTING_BOOKING,2025-05-10,11:00:00-12:00:00,May 25,179,13631,267,Amjid Hussain,
INSERT_BOOKING,2025-05-12,11:00:00-12:00:00,May 25,182,13632,1171,Fatima Mohammed,Attended=No
SKIP_EXISTING_BOOKING,2025-05-12,11:00:00-12:00:00,May 25,183,13632,1071,Zahida Akhtar,
SKIP_EXISTING_BOOKING,2025-05-12,11:00:00-12:00:00,May 25,184,13632,1035,Barkat Begum,
INSERT_BOOKING,2025-05-12,11:00:00-12:00:00,May 25,185,13632,1152,Fatima Ntin,Attended=No
SKIP_EXISTING_BOOKING,2025-05-12,11:00:00-12:00:00,May 25,186,13632,6,Mahroof Bibi,
SKIP_EXISTING_BOOKING,2025-05-12,11:00:00-12:00:00,May 25,187,13632,170,Sughra Bibi,
SKIP_EXISTING_BOOKING,2025-05-12,11:00:00-12:00:00,May 25,189,13632,13,Sughra Begum,
SKIP_EXISTING_BOOKING,2025-05-12,11:00:00-12:00:00,May 25,190,13632,178,Munir Akhtar Hussain,
SKIP_REVIEW_BLOCKED_SLOT,2025-05-12,12:30:00-13:30:00,May 25,191,,,,Excluded from partial import because the preview contains REVIEW actions
INSERT_BOOKING,2025-05-12,14:30:00-15:30:00,May 25,200,13634,225,Mohammed Khalil,Attended=Blank
INSERT_BOOKING,2025-05-12,14:30:00-15:30:00,May 25,201,13634,1142,Mohammed Mumtaz,Attended=Blank
INSERT_BOOKING,2025-05-12,14:30:00-15:30:00,May 25,202,13634,243,Zafar iqbal,Attended=Blank
INSERT_BOOKING,2025-05-12,14:30:00-15:30:00,May 25,203,13634,1146,Mohammed Nawaz,Attended=Blank
INSERT_BOOKING,2025-05-12,14:30:00-15:30:00,May 25,204,13634,288,Mansoor Malik,Attended=Blank
INSERT_BOOKING,2025-05-12,14:30:00-15:30:00,May 25,205,13634,259,Abdul Majid,Attended=Blank
INSERT_BOOKING,2025-05-12,14:30:00-15:30:00,May 25,206,13634,277,Zubair Khan,Attended=Blank
INSERT_BOOKING,2025-05-12,14:30:00-15:30:00,May 25,207,13634,1000,Sajjad Nawaz,Attended=Blank
INSERT_BOOKING,2025-05-12,14:30:00-15:30:00,May 25,208,13634,307,Mohammed Saghir,Attended=Blank
SKIP_REVIEW_BLOCKED_SLOT,2025-05-12,15:30:00-16:30:00,May 25,209,,,,Excluded from partial import because the preview contains REVIEW actions
SKIP_REVIEW_BLOCKED_SLOT,2025-05-12,17:45:00-18:45:00,May 25,218,,,,Excluded from partial import because the preview contains REVIEW actions
INSERT_BOOKING,2025-05-13,07:15:00-08:00:00,May 25,227,13637,277,Zubair Khan,Attended=Blank
INSERT_BOOKING,2025-05-13,07:15:00-08:00:00,May 25,228,13637,190,Suleman Muhammad,Attended=Blank
INSERT_BOOKING,2025-05-13,07:15:00-08:00:00,May 25,229,13637,172,Mazhar Iqbal,Attended=Blank
INSERT_BOOKING,2025-05-13,07:15:00-08:00:00,May 25,230,13637,259,Abdul Majid,Attended=Blank
SKIP_REVIEW_BLOCKED_SLOT,2025-05-13,08:00:00-09:00:00,May 25,236,,,,Excluded from partial import because the preview contains REVIEW actions
SKIP_REVIEW_BLOCKED_SLOT,2025-05-13,09:30:00-10:30:00,May 25,245,,,,Excluded from partial import because the preview contains REVIEW actions
SKIP_EXISTING_BOOKING,2025-05-13,12:00:00-13:00:00,May 25,254,13640,1077,Sahira Parveen,
SKIP_EXISTING_BOOKING,2025-05-13,12:00:00-13:00:00,May 25,255,13640,312,Sultana Parveen,
SKIP_EXISTING_BOOKING,2025-05-13,12:00:00-13:00:00,May 25,256,13640,7,Kowsar Rukhsana,
SKIP_EXISTING_BOOKING,2025-05-13,12:00:00-13:00:00,May 25,257,13640,69,Ghulab Zara,
SKIP_EXISTING_BOOKING,2025-05-13,12:00:00-13:00:00,May 25,258,13640,1161,Zarqa Shah,
SKIP_EXISTING_BOOKING,2025-05-14,11:00:00-12:00:00,May 25,263,13641,7,Kowsar Rukhsana,
SKIP_EXISTING_BOOKING,2025-05-14,11:00:00-12:00:00,May 25,264,13641,172,Mazhar Iqbal,
SKIP_EXISTING_BOOKING,2025-05-14,11:00:00-12:00:00,May 25,265,13641,1168,Yasmin Aslam,
SKIP_EXISTING_BOOKING,2025-05-14,11:00:00-12:00:00,May 25,266,13641,277,Zubair Khan,
SKIP_EXISTING_BOOKING,2025-05-14,11:00:00-12:00:00,May 25,268,13641,1142,Mohammed Mumtaz,
SKIP_EXISTING_BOOKING,2025-05-14,11:00:00-12:00:00,May 25,269,13641,1146,Mohammed Nawaz,
SKIP_EXISTING_BOOKING,2025-05-14,11:00:00-12:00:00,May 25,270,13641,243,Zafar iqbal,
SKIP_EXISTING_BOOKING,2025-05-14,11:00:00-12:00:00,May 25,271,13641,142,Azra Bibi,
SKIP_REVIEW_BLOCKED_SLOT,2025-05-15,10:30:00-11:30:00,May 25,272,,,,Excluded from partial import because the preview contains REVIEW actions
SKIP_REVIEW_BLOCKED_SLOT,2025-05-15,12:00:00-13:00:00,May 25,281,,,,Excluded from partial import because the preview contains REVIEW actions
SKIP_REVIEW_BLOCKED_SLOT,2025-05-16,10:30:00-11:30:00,May 25,290,,,,Excluded from partial import because the preview contains REVIEW actions
SKIP_REVIEW_BLOCKED_SLOT,2025-05-16,14:00:00-15:00:00,May 25,299,,,,Excluded from partial import because the preview contains REVIEW actions
SKIP_REVIEW_BLOCKED_SLOT,2025-05-16,15:00:00-16:00:00,May 25,308,,,,Excluded from partial import because the preview contains REVIEW actions
SKIP_REVIEW_BLOCKED_SLOT,2025-05-17,09:45:00-10:45:00,May 25,317,,,,Excluded from partial import because the preview contains REVIEW actions
INSERT_BOOKING,2025-05-17,11:00:00-12:00:00,May 25,326,13648,1146,Mohammed Nawaz,Attended=No
SKIP_EXISTING_BOOKING,2025-05-17,11:00:00-12:00:00,May 25,327,13648,190,Suleman Muhammad,
SKIP_EXISTING_BOOKING,2025-05-17,11:00:00-12:00:00,May 25,328,13648,277,Zubair Khan,
SKIP_EXISTING_BOOKING,2025-05-17,11:00:00-12:00:00,May 25,329,13648,1142,Mohammed Mumtaz,
SKIP_EXISTING_BOOKING,2025-05-17,11:00:00-12:00:00,May 25,330,13648,172,Mazhar Iqbal,
SKIP_REVIEW_BLOCKED_SLOT,2025-05-19,11:00:00-12:00:00,May 25,335,,,,Excluded from partial import because the preview contains REVIEW actions
SKIP_REVIEW_BLOCKED_SLOT,2025-05-19,12:30:00-13:30:00,May 25,344,,,,Excluded from partial import because the preview contains REVIEW actions
SKIP_REVIEW_BLOCKED_SLOT,2025-05-19,14:30:00-15:30:00,May 25,353,,,,Excluded from partial import because the preview contains REVIEW actions
SKIP_REVIEW_BLOCKED_SLOT,2025-05-19,15:30:00-16:30:00,May 25,362,,,,Excluded from partial import because the preview contains REVIEW actions
SKIP_EXISTING_BOOKING,2025-05-19,17:45:00-18:45:00,May 25,372,13653,1161,Zarqa Shah,
SKIP_EXISTING_BOOKING,2025-05-19,17:45:00-18:45:00,May 25,373,13653,268,Yasmin Nisar,
SKIP_EXISTING_BOOKING,2025-05-19,17:45:00-18:45:00,May 25,374,13653,7,Kowsar Rukhsana,
SKIP_EXISTING_BOOKING,2025-05-19,17:45:00-18:45:00,May 25,375,13653,192,Fozia Ali,
SKIP_EXISTING_BOOKING,2025-05-19,17:45:00-18:45:00,May 25,377,13653,1168,Yasmin Aslam,
INSERT_BOOKING,2025-05-19,17:45:00-18:45:00,May 25,378,13653,159,Shabeena Kausar,Attended=No
SKIP_EXISTING_BOOKING,2025-05-20,07:15:00-08:00:00,May 25,380,13654,277,Zubair Khan,
INSERT_BOOKING,2025-05-20,07:15:00-08:00:00,May 25,381,13654,190,Suleman Muhammad,Attended=No
SKIP_EXISTING_BOOKING,2025-05-20,07:15:00-08:00:00,May 25,382,13654,172,Mazhar Iqbal,
INSERT_BOOKING,2025-05-20,07:15:00-08:00:00,May 25,383,13654,259,Abdul Majid,Attended=No
SKIP_EXISTING_BOOKING,2025-05-20,07:15:00-08:00:00,May 25,384,13654,1156,Michael Brewster,
SKIP_EXISTING_BOOKING,2025-05-20,07:15:00-08:00:00,May 25,385,13654,304,benny chan,
SKIP_REVIEW_BLOCKED_SLOT,2025-05-20,09:30:00-10:30:00,May 25,389,,,,Excluded from partial import because the preview contains REVIEW actions
INSERT_BOOKING,2025-05-20,12:00:00-13:00:00,May 25,398,13657,1184,Zatoon Begum,Attended=No
SKIP_EXISTING_BOOKING,2025-05-20,12:00:00-13:00:00,May 25,399,13657,1177,Razia Khan,
SKIP_EXISTING_BOOKING,2025-05-20,12:00:00-13:00:00,May 25,400,13657,287,Saeeda Begum,
SKIP_EXISTING_BOOKING,2025-05-20,12:00:00-13:00:00,May 25,401,13657,1183,Robina Akbar,
SKIP_EXISTING_BOOKING,2025-05-20,12:00:00-13:00:00,May 25,402,13657,7,Kowsar Rukhsana,
SKIP_EXISTING_BOOKING,2025-05-20,12:00:00-13:00:00,May 25,403,13657,1077,Sahira Parveen,
SKIP_EXISTING_BOOKING,2025-05-20,12:00:00-13:00:00,May 25,404,13657,69,Ghulab Zara,
SKIP_EXISTING_BOOKING,2025-05-20,12:00:00-13:00:00,May 25,405,13657,1135,Yasmeen Akhtar,
SKIP_EXISTING_BOOKING,2025-05-20,12:00:00-13:00:00,May 25,406,13657,100,Kaniz Bibi,
SKIP_EXISTING_BOOKING,2025-05-21,11:00:00-12:00:00,May 25,407,13658,7,Kowsar Rukhsana,
SKIP_EXISTING_BOOKING,2025-05-21,11:00:00-12:00:00,May 25,408,13658,142,Azra Bibi,
SKIP_EXISTING_BOOKING,2025-05-21,11:00:00-12:00:00,May 25,409,13658,172,Mazhar Iqbal,
SKIP_EXISTING_BOOKING,2025-05-21,11:00:00-12:00:00,May 25,410,13658,1168,Yasmin Aslam,
SKIP_EXISTING_BOOKING,2025-05-21,11:00:00-12:00:00,May 25,411,13658,1142,Mohammed Mumtaz,
INSERT_BOOKING,2025-05-21,11:00:00-12:00:00,May 25,412,13658,1146,Mohammed Nawaz,Attended=No
INSERT_BOOKING,2025-05-21,11:00:00-12:00:00,May 25,413,13658,243,Zafar iqbal,Attended=No
SKIP_EXISTING_BOOKING,2025-05-21,11:00:00-12:00:00,May 25,414,13658,192,Fozia Ali,
SKIP_EXISTING_BOOKING,2025-05-21,11:00:00-12:00:00,May 25,415,13658,168,Janet Corlis,
SKIP_REVIEW_BLOCKED_SLOT,2025-05-22,10:30:00-11:30:00,May 25,416,,,,Excluded from partial import because the preview contains REVIEW actions
SKIP_REVIEW_BLOCKED_SLOT,2025-05-22,12:00:00-13:00:00,May 25,425,,,,Excluded from partial import because the preview contains REVIEW actions
SKIP_EXISTING_BOOKING,2025-05-23,10:30:00-11:30:00,May 25,434,13661,172,Mazhar Iqbal,
SKIP_EXISTING_BOOKING,2025-05-23,10:30:00-11:30:00,May 25,435,13661,7,Kowsar Rukhsana,
SKIP_EXISTING_BOOKING,2025-05-23,10:30:00-11:30:00,May 25,436,13661,192,Fozia Ali,
SKIP_EXISTING_BOOKING,2025-05-23,10:30:00-11:30:00,May 25,437,13661,182,Shakila Bibi,
SKIP_EXISTING_BOOKING,2025-05-23,10:30:00-11:30:00,May 25,438,13661,1168,Yasmin Aslam,
SKIP_EXISTING_BOOKING,2025-05-23,10:30:00-11:30:00,May 25,439,13661,152,Jennifer Mason,
SKIP_EXISTING_BOOKING,2025-05-23,10:30:00-11:30:00,May 25,441,13661,190,Suleman Muhammad,
INSERT_BOOKING,2025-05-23,10:30:00-11:30:00,May 25,442,13661,1049,Mohammed Hanif Moosa,Attended=Blank
SKIP_REVIEW_BLOCKED_SLOT,2025-05-23,14:00:00-15:00:00,May 25,443,,,,Excluded from partial import because the preview contains REVIEW actions
SKIP_REVIEW_BLOCKED_SLOT,2025-05-23,15:00:00-16:00:00,May 25,452,,,,Excluded from partial import because the preview contains REVIEW actions
SKIP_REVIEW_BLOCKED_SLOT,2025-05-24,09:45:00-10:45:00,May 25,461,,,,Excluded from partial import because the preview contains REVIEW actions
INSERT_BOOKING,2025-05-24,11:00:00-12:00:00,May 25,470,13665,1042,Isaac Egbulefu,Attended=No
SKIP_EXISTING_BOOKING,2025-05-24,11:00:00-12:00:00,May 25,471,13665,277,Zubair Khan,
SKIP_EXISTING_BOOKING,2025-05-24,11:00:00-12:00:00,May 25,474,13665,1142,Mohammed Mumtaz,
INSERT_BOOKING,2025-05-24,11:00:00-12:00:00,May 25,475,13665,1201,Kenny Onakoya,Attended=No
SKIP_EXISTING_BOOKING,2025-05-24,11:00:00-12:00:00,May 25,476,13665,1203,Sabir Hussain,
SKIP_CANCELLED_BOOKINGS,2025-05-26,11:00:00-12:00:00,May 25,479,13666,,,
SKIP_CANCELLED_BOOKINGS,2025-05-26,12:30:00-13:30:00,May 25,488,13667,,,
SKIP_CANCELLED_BOOKINGS,2025-05-26,14:30:00-15:30:00,May 25,497,13668,,,
SKIP_CANCELLED_BOOKINGS,2025-05-26,15:30:00-16:30:00,May 25,506,13669,,,
SKIP_EXISTING_BOOKING,2025-05-27,07:15:00-08:00:00,May 25,515,13670,277,Zubair Khan,
SKIP_EXISTING_BOOKING,2025-05-27,07:15:00-08:00:00,May 25,516,13670,190,Suleman Muhammad,
SKIP_EXISTING_BOOKING,2025-05-27,07:15:00-08:00:00,May 25,517,13670,172,Mazhar Iqbal,
INSERT_BOOKING,2025-05-27,07:15:00-08:00:00,May 25,518,13670,259,Abdul Majid,Attended=No
INSERT_BOOKING,2025-05-27,07:15:00-08:00:00,May 25,519,13670,1156,Michael Brewster,Attended=No
INSERT_BOOKING,2025-05-27,07:15:00-08:00:00,May 25,520,13670,1203,Sabir Hussain,Attended=No
SKIP_REVIEW_BLOCKED_SLOT,2025-05-27,09:30:00-10:30:00,May 25,533,,,,Excluded from partial import because the preview contains REVIEW actions
SKIP_EXISTING_BOOKING,2025-05-27,12:00:00-13:00:00,May 25,542,13674,1200,Farzana Shabbir,
INSERT_BOOKING,2025-05-27,12:00:00-13:00:00,May 25,543,13674,1161,Zarqa Shah,Attended=No
INSERT_BOOKING,2025-05-27,12:00:00-13:00:00,May 25,544,13674,1168,Yasmin Aslam,Attended=No
SKIP_EXISTING_BOOKING,2025-05-27,12:00:00-13:00:00,May 25,545,13674,1152,Fatima Ntin,
SKIP_EXISTING_BOOKING,2025-05-27,12:00:00-13:00:00,May 25,546,13674,1193,Rohela Afzal,
SKIP_EXISTING_BOOKING,2025-05-27,12:00:00-13:00:00,May 25,547,13674,1185,Nehaz Begum,
INSERT_BOOKING,2025-05-27,12:00:00-13:00:00,May 25,548,13674,182,Shakila Bibi,Attended=No
INSERT_BOOKING,2025-05-27,12:00:00-13:00:00,May 25,549,13674,1171,Fatima Mohammed,Attended=No
SKIP_EXISTING_BOOKING,2025-05-28,11:00:00-12:00:00,May 25,551,13675,7,Kowsar Rukhsana,
SKIP_EXISTING_BOOKING,2025-05-28,11:00:00-12:00:00,May 25,552,13675,172,Mazhar Iqbal,
SKIP_EXISTING_BOOKING,2025-05-28,11:00:00-12:00:00,May 25,553,13675,142,Azra Bibi,
SKIP_EXISTING_BOOKING,2025-05-28,11:00:00-12:00:00,May 25,554,13675,1142,Mohammed Mumtaz,
SKIP_EXISTING_BOOKING,2025-05-28,11:00:00-12:00:00,May 25,555,13675,1049,Mohammed Hanif Moosa,
SKIP_REVIEW_BLOCKED_SLOT,2025-05-29,10:30:00-11:30:00,May 25,560,,,,Excluded from partial import because the preview contains REVIEW actions
SKIP_EXISTING_BOOKING,2025-05-29,12:00:00-13:00:00,May 25,569,13677,8,Tahira Shamim,
SKIP_EXISTING_BOOKING,2025-05-29,12:00:00-13:00:00,May 25,570,13677,312,Sultana Parveen,
SKIP_EXISTING_BOOKING,2025-05-29,12:00:00-13:00:00,May 25,571,13677,268,Yasmin Nisar,
SKIP_EXISTING_BOOKING,2025-05-29,12:00:00-13:00:00,May 25,572,13677,1135,Yasmeen Akhtar,
SKIP_EXISTING_BOOKING,2025-05-29,12:00:00-13:00:00,May 25,573,13677,100,Kaniz Bibi,
SKIP_EXISTING_BOOKING,2025-05-29,12:00:00-13:00:00,May 25,574,13677,1183,Robina Akbar,
SKIP_EXISTING_BOOKING,2025-05-29,12:00:00-13:00:00,May 25,575,13677,287,Saeeda Begum,
SKIP_EXISTING_BOOKING,2025-05-29,12:00:00-13:00:00,May 25,576,13677,1177,Razia Khan,
SKIP_EXISTING_BOOKING,2025-05-29,12:00:00-13:00:00,May 25,577,13677,1184,Zatoon Begum,
SKIP_REVIEW_BLOCKED_SLOT,2025-05-30,10:30:00-11:30:00,May 25,578,,,,Excluded from partial import because the preview contains REVIEW actions
SKIP_REVIEW_BLOCKED_SLOT,2025-05-30,15:00:00-16:00:00,May 25,587,,,,Excluded from partial import because the preview contains REVIEW actions
SKIP_REVIEW_BLOCKED_SLOT,2025-05-31,09:45:00-10:45:00,May 25,596,,,,Excluded from partial import because the preview contains REVIEW actions
SKIP_EXISTING_BOOKING,2025-05-31,11:00:00-12:00:00,May 25,605,13681,1203,Sabir Hussain,
SKIP_EXISTING_BOOKING,2025-05-31,11:00:00-12:00:00,May 25,606,13681,277,Zubair Khan,
SKIP_EXISTING_BOOKING,2025-05-31,11:00:00-12:00:00,May 25,607,13681,190,Suleman Muhammad,
SKIP_EXISTING_BOOKING,2025-05-31,11:00:00-12:00:00,May 25,608,13681,172,Mazhar Iqbal,
SKIP_EXISTING_BOOKING,2025-05-31,11:00:00-12:00:00,May 25,609,13681,288,Mansoor Malik,
SKIP_EXISTING_BOOKING,2025-05-31,11:00:00-12:00:00,May 25,610,13681,1146,Mohammed Nawaz,
SKIP_REVIEW_BLOCKED_SLOT,2025-06-02,11:00:00-12:00:00,June 25,2,,,,Excluded from partial import because the preview contains REVIEW actions
SKIP_REVIEW_BLOCKED_SLOT,2025-06-02,12:30:00-13:30:00,June 25,11,,,,Excluded from partial import because the preview contains REVIEW actions
INSERT_BOOKING,2025-06-02,14:15:00-15:15:00,June 25,20,13684,225,Mohammed Khalil,Attended=No
SKIP_EXISTING_BOOKING,2025-06-02,14:15:00-15:15:00,June 25,21,13684,1142,Mohammed Mumtaz,
SKIP_EXISTING_BOOKING,2025-06-02,14:15:00-15:15:00,June 25,22,13684,243,Zafar iqbal,
SKIP_EXISTING_BOOKING,2025-06-02,14:15:00-15:15:00,June 25,23,13684,1139,Warren Browne,
SKIP_EXISTING_BOOKING,2025-06-02,14:15:00-15:15:00,June 25,24,13684,1146,Mohammed Nawaz,
INSERT_BOOKING,2025-06-02,14:15:00-15:15:00,June 25,25,13684,195,azhar iqbal,Attended=No
INSERT_BOOKING,2025-06-02,14:15:00-15:15:00,June 25,26,13684,304,benny chan,Attended=No
SKIP_EXISTING_BOOKING,2025-06-02,14:15:00-15:15:00,June 25,27,13684,307,Mohammed Saghir,
SKIP_EXISTING_BOOKING,2025-06-02,14:15:00-15:15:00,June 25,28,13684,1000,Sajjad Nawaz,
SKIP_REVIEW_BLOCKED_SLOT,2025-06-02,15:15:00-16:15:00,June 25,29,,,,Excluded from partial import because the preview contains REVIEW actions
SKIP_EXISTING_BOOKING,2025-06-02,17:45:00-18:45:00,June 25,38,13686,7,Kowsar Rukhsana,
INSERT_BOOKING,2025-06-02,17:45:00-18:45:00,June 25,39,13686,1091,Noreen Nazlee,Attended=No
INSERT_BOOKING,2025-06-02,17:45:00-18:45:00,June 25,40,13686,268,Yasmin Nisar,Attended=No
SKIP_EXISTING_BOOKING,2025-06-02,17:45:00-18:45:00,June 25,42,13686,182,Shakila Bibi,
SKIP_EXISTING_BOOKING,2025-06-02,17:45:00-18:45:00,June 25,43,13686,192,Fozia Ali,
INSERT_BOOKING,2025-06-03,07:15:00-08:00:00,June 25,47,13687,277,Zubair Khan,Attended=No
INSERT_BOOKING,2025-06-03,07:15:00-08:00:00,June 25,48,13687,190,Suleman Muhammad,Attended=No
SKIP_EXISTING_BOOKING,2025-06-03,07:15:00-08:00:00,June 25,49,13687,172,Mazhar Iqbal,
INSERT_BOOKING,2025-06-03,07:15:00-08:00:00,June 25,50,13687,259,Abdul Majid,Attended=No
INSERT_BOOKING,2025-06-03,07:15:00-08:00:00,June 25,51,13687,1156,Michael Brewster,Attended=No
INSERT_BOOKING,2025-06-03,07:15:00-08:00:00,June 25,52,13687,1203,Sabir Hussain,Attended=No
SKIP_EXISTING_BOOKING,2025-06-03,07:15:00-08:00:00,June 25,53,13687,1139,Warren Browne,
INSERT_BOOKING,2025-06-03,08:00:00-09:00:00,June 25,56,13688,304,benny chan,Attended=Blank
SKIP_REVIEW_BLOCKED_SLOT,2025-06-03,09:30:00-10:30:00,June 25,65,,,,Excluded from partial import because the preview contains REVIEW actions
SKIP_EXISTING_BOOKING,2025-06-03,12:00:00-13:00:00,June 25,74,13691,7,Kowsar Rukhsana,
SKIP_EXISTING_BOOKING,2025-06-03,12:00:00-13:00:00,June 25,75,13691,69,Ghulab Zara,
SKIP_EXISTING_BOOKING,2025-06-03,12:00:00-13:00:00,June 25,76,13691,1077,Sahira Parveen,
SKIP_EXISTING_BOOKING,2025-06-03,12:00:00-13:00:00,June 25,77,13691,312,Sultana Parveen,
SKIP_EXISTING_BOOKING,2025-06-03,12:00:00-13:00:00,June 25,78,13691,216,Ishrat Bano,
SKIP_EXISTING_BOOKING,2025-06-03,12:00:00-13:00:00,June 25,79,13691,169,Maqsood Begum,
SKIP_REVIEW_BLOCKED_SLOT,2025-06-04,11:00:00-12:00:00,June 25,83,,,,Excluded from partial import because the preview contains REVIEW actions
SKIP_REVIEW_BLOCKED_SLOT,2025-06-05,10:30:00-11:30:00,June 25,92,,,,Excluded from partial import because the preview contains REVIEW actions
SKIP_EXISTING_BOOKING,2025-06-05,12:00:00-13:00:00,June 25,101,13694,1171,Fatima Mohammed,
SKIP_EXISTING_BOOKING,2025-06-05,12:00:00-13:00:00,June 25,102,13694,1035,Barkat Begum,
INSERT_BOOKING,2025-06-05,12:00:00-13:00:00,June 25,103,13694,268,Yasmin Nisar,Attended=No
SKIP_EXISTING_BOOKING,2025-06-05,12:00:00-13:00:00,June 25,104,13694,1135,Yasmeen Akhtar,
SKIP_EXISTING_BOOKING,2025-06-05,12:00:00-13:00:00,June 25,105,13694,100,Kaniz Bibi,
INSERT_BOOKING,2025-06-05,12:00:00-13:00:00,June 25,106,13694,1208,Nasreen Bibi,Attended=Blank
SKIP_EXISTING_BOOKING,2025-06-09,14:15:00-15:15:00,June 25,110,13695,1142,Mohammed Mumtaz,
SKIP_EXISTING_BOOKING,2025-06-09,14:15:00-15:15:00,June 25,111,13695,1000,Sajjad Nawaz,
SKIP_EXISTING_BOOKING,2025-06-09,14:15:00-15:15:00,June 25,112,13695,1139,Warren Browne,
SKIP_EXISTING_BOOKING,2025-06-09,14:15:00-15:15:00,June 25,113,13695,1146,Mohammed Nawaz,
SKIP_EXISTING_BOOKING,2025-06-09,14:15:00-15:15:00,June 25,114,13695,307,Mohammed Saghir,
SKIP_EXISTING_BOOKING,2025-06-09,14:15:00-15:15:00,June 25,115,13695,304,benny chan,
INSERT_BOOKING,2025-06-09,14:15:00-15:15:00,June 25,116,13695,1172,Thomas Walker,Attended=No
SKIP_EXISTING_BOOKING,2025-06-09,14:15:00-15:15:00,June 25,117,13695,259,Abdul Majid,
SKIP_EXISTING_BOOKING,2025-06-09,14:15:00-15:15:00,June 25,118,13695,288,Mansoor Malik,
SKIP_REVIEW_BLOCKED_SLOT,2025-06-09,15:15:00-16:15:00,June 25,119,,,,Excluded from partial import because the preview contains REVIEW actions
SKIP_EXISTING_BOOKING,2025-06-10,07:15:00-08:00:00,June 25,128,13697,277,Zubair Khan,
SKIP_EXISTING_BOOKING,2025-06-10,07:15:00-08:00:00,June 25,129,13697,190,Suleman Muhammad,
INSERT_BOOKING,2025-06-10,07:15:00-08:00:00,June 25,130,13697,172,Mazhar Iqbal,Attended=No
INSERT_BOOKING,2025-06-10,07:15:00-08:00:00,June 25,131,13697,259,Abdul Majid,Attended=No
INSERT_BOOKING,2025-06-10,07:15:00-08:00:00,June 25,132,13697,1156,Michael Brewster,Attended=No
INSERT_BOOKING,2025-06-10,07:15:00-08:00:00,June 25,133,13697,1203,Sabir Hussain,Attended=No
SKIP_EXISTING_BOOKING,2025-06-10,07:15:00-08:00:00,June 25,134,13697,1139,Warren Browne,
SKIP_EXISTING_BOOKING,2025-06-10,07:15:00-08:00:00,June 25,135,13697,304,benny chan,
SKIP_EXISTING_BOOKING,2025-06-10,09:30:00-10:30:00,June 25,137,13698,245,Fayaz Begum,
SKIP_EXISTING_BOOKING,2025-06-10,09:30:00-10:30:00,June 25,138,13698,1163,Mary Marimba,
SKIP_EXISTING_BOOKING,2025-06-10,09:30:00-10:30:00,June 25,139,13698,314,Najabat Bibi,
SKIP_EXISTING_BOOKING,2025-06-10,09:30:00-10:30:00,June 25,140,13698,284,Nahedah Yunis,
INSERT_BOOKING,2025-06-10,09:30:00-10:30:00,June 25,141,13698,69,Ghulab Zara,Attended=No
SKIP_REVIEW_BLOCKED_SLOT,2025-06-10,12:00:00-13:00:00,June 25,146,,,,Excluded from partial import because the preview contains REVIEW actions
SKIP_EXISTING_BOOKING,2025-06-11,11:00:00-12:00:00,June 25,155,13701,192,Fozia Ali,
SKIP_EXISTING_BOOKING,2025-06-11,11:00:00-12:00:00,June 25,156,13701,182,Shakila Bibi,
SKIP_EXISTING_BOOKING,2025-06-11,11:00:00-12:00:00,June 25,157,13701,7,Kowsar Rukhsana,
SKIP_EXISTING_BOOKING,2025-06-11,11:00:00-12:00:00,June 25,158,13701,1142,Mohammed Mumtaz,
SKIP_EXISTING_BOOKING,2025-06-11,11:00:00-12:00:00,June 25,159,13701,172,Mazhar Iqbal,
SKIP_EXISTING_BOOKING,2025-06-11,11:00:00-12:00:00,June 25,160,13701,1146,Mohammed Nawaz,
SKIP_EXISTING_BOOKING,2025-06-11,11:00:00-12:00:00,June 25,161,13701,153,Valerie Joan Fitt,
SKIP_EXISTING_BOOKING,2025-06-11,11:00:00-12:00:00,June 25,162,13701,1049,Mohammed Hanif Moosa,
SKIP_EXISTING_BOOKING,2025-06-11,11:00:00-12:00:00,June 25,163,13701,142,Azra Bibi,
SKIP_EXISTING_BOOKING,2025-06-12,10:30:00-11:30:00,June 25,164,13702,1169,Nasim Akhtar,
SKIP_EXISTING_BOOKING,2025-06-12,10:30:00-11:30:00,June 25,165,13702,1214,Yearun Nessa,
INSERT_BOOKING,2025-06-12,10:30:00-11:30:00,June 25,166,13702,1191,Hamza Mobeen,Attended=No
SKIP_EXISTING_BOOKING,2025-06-12,10:30:00-11:30:00,June 25,168,13702,1155,Faheeda Khanum,
SKIP_EXISTING_BOOKING,2025-06-12,10:30:00-11:30:00,June 25,169,13702,7,Kowsar Rukhsana,
SKIP_EXISTING_BOOKING,2025-06-12,10:30:00-11:30:00,June 25,171,13702,168,Janet Corlis,
SKIP_REVIEW_BLOCKED_SLOT,2025-06-12,12:00:00-13:00:00,June 25,173,,,,Excluded from partial import because the preview contains REVIEW actions
SKIP_REVIEW_BLOCKED_SLOT,2025-06-13,10:30:00-11:30:00,June 25,182,,,,Excluded from partial import because the preview contains REVIEW actions
SKIP_REVIEW_BLOCKED_SLOT,2025-06-13,15:00:00-16:00:00,June 25,191,,,,Excluded from partial import because the preview contains REVIEW actions
SKIP_REVIEW_BLOCKED_SLOT,2025-06-14,09:45:00-10:45:00,June 25,200,,,,Excluded from partial import because the preview contains REVIEW actions
SKIP_EXISTING_BOOKING,2025-06-14,11:00:00-12:00:00,June 25,209,13707,1203,Sabir Hussain,
SKIP_EXISTING_BOOKING,2025-06-14,11:00:00-12:00:00,June 25,210,13707,277,Zubair Khan,
SKIP_EXISTING_BOOKING,2025-06-14,11:00:00-12:00:00,June 25,211,13707,190,Suleman Muhammad,
SKIP_EXISTING_BOOKING,2025-06-14,11:00:00-12:00:00,June 25,213,13707,288,Mansoor Malik,
SKIP_EXISTING_BOOKING,2025-06-14,11:00:00-12:00:00,June 25,215,13707,1142,Mohammed Mumtaz,
SKIP_EXISTING_BOOKING,2025-06-14,11:00:00-12:00:00,June 25,216,13707,243,Zafar iqbal,
INSERT_BOOKING,2025-06-14,11:00:00-12:00:00,June 25,217,13707,259,Abdul Majid,Attended=No
SKIP_EXISTING_BOOKING,2025-06-16,11:00:00-12:00:00,June 25,218,13708,174,Sajida Syed,
SKIP_EXISTING_BOOKING,2025-06-16,11:00:00-12:00:00,June 25,219,13708,1185,Nehaz Begum,
SKIP_EXISTING_BOOKING,2025-06-16,11:00:00-12:00:00,June 25,220,13708,1,Parveen Akhtar,
SKIP_EXISTING_BOOKING,2025-06-16,11:00:00-12:00:00,June 25,221,13708,1077,Sahira Parveen,
SKIP_EXISTING_BOOKING,2025-06-16,11:00:00-12:00:00,June 25,222,13708,312,Sultana Parveen,
INSERT_BOOKING,2025-06-16,11:00:00-12:00:00,June 25,223,13708,1160,Nazmeen Bi,Attended=No
INSERT_BOOKING,2025-06-16,11:00:00-12:00:00,June 25,224,13708,1075,Edna Gilika,Attended=No
SKIP_EXISTING_BOOKING,2025-06-16,11:00:00-12:00:00,June 25,225,13708,142,Azra Bibi,
INSERT_BOOKING,2025-06-16,11:00:00-12:00:00,June 25,226,13708,189,Shabana Iqbal,Attended=No
INSERT_BOOKING,2025-06-16,12:30:00-13:30:00,June 25,227,13709,1091,Noreen Nazlee,Attended=No
INSERT_BOOKING,2025-06-16,12:30:00-13:30:00,June 25,228,13709,1219,Safina Kausar,Attended=No
INSERT_BOOKING,2025-06-16,12:30:00-13:30:00,June 25,229,13709,1218,Rehana kausar,Attended=No
SKIP_EXISTING_BOOKING,2025-06-16,12:30:00-13:30:00,June 25,232,13709,170,Sughra Bibi,
SKIP_EXISTING_BOOKING,2025-06-16,12:30:00-13:30:00,June 25,233,13709,159,Shabeena Kausar,
SKIP_EXISTING_BOOKING,2025-06-16,12:30:00-13:30:00,June 25,234,13709,1214,Yearun Nessa,
SKIP_EXISTING_BOOKING,2025-06-16,12:30:00-13:30:00,June 25,235,13709,6,Mahroof Bibi,
SKIP_EXISTING_BOOKING,2025-06-16,14:15:00-15:15:00,June 25,236,13710,1142,Mohammed Mumtaz,
INSERT_BOOKING,2025-06-16,14:15:00-15:15:00,June 25,237,13710,1000,Sajjad Nawaz,Attended=No
INSERT_BOOKING,2025-06-16,14:15:00-15:15:00,June 25,238,13710,1139,Warren Browne,Attended=No
SKIP_EXISTING_BOOKING,2025-06-16,14:15:00-15:15:00,June 25,239,13710,1146,Mohammed Nawaz,
INSERT_BOOKING,2025-06-16,14:15:00-15:15:00,June 25,240,13710,307,Mohammed Saghir,Attended=No
SKIP_EXISTING_BOOKING,2025-06-16,14:15:00-15:15:00,June 25,241,13710,304,benny chan,
SKIP_EXISTING_BOOKING,2025-06-16,14:15:00-15:15:00,June 25,242,13710,1172,Thomas Walker,
SKIP_EXISTING_BOOKING,2025-06-16,14:15:00-15:15:00,June 25,243,13710,259,Abdul Majid,
SKIP_EXISTING_BOOKING,2025-06-16,14:15:00-15:15:00,June 25,244,13710,288,Mansoor Malik,
SKIP_REVIEW_BLOCKED_SLOT,2025-06-16,15:15:00-16:15:00,June 25,245,,,,Excluded from partial import because the preview contains REVIEW actions
SKIP_REVIEW_BLOCKED_SLOT,2025-06-16,17:45:00-18:45:00,June 25,254,,,,Excluded from partial import because the preview contains REVIEW actions
SKIP_REVIEW_BLOCKED_SLOT,2025-06-17,07:15:00-08:00:00,June 25,263,,,,Excluded from partial import because the preview contains REVIEW actions
SKIP_REVIEW_BLOCKED_SLOT,2025-06-17,09:30:00-10:30:00,June 25,272,,,,Excluded from partial import because the preview contains REVIEW actions
SKIP_EXISTING_BOOKING,2025-06-17,12:00:00-13:00:00,June 25,281,13716,100,Kaniz Bibi,
SKIP_EXISTING_BOOKING,2025-06-17,12:00:00-13:00:00,June 25,282,13716,1135,Yasmeen Akhtar,
SKIP_EXISTING_BOOKING,2025-06-17,12:00:00-13:00:00,June 25,283,13716,1177,Razia Khan,
SKIP_EXISTING_BOOKING,2025-06-17,12:00:00-13:00:00,June 25,284,13716,1183,Robina Akbar,
SKIP_EXISTING_BOOKING,2025-06-17,12:00:00-13:00:00,June 25,285,13716,1184,Zatoon Begum,
SKIP_EXISTING_BOOKING,2025-06-17,12:00:00-13:00:00,June 25,286,13716,69,Ghulab Zara,
SKIP_EXISTING_BOOKING,2025-06-17,12:00:00-13:00:00,June 25,287,13716,1161,Zarqa Shah,
SKIP_EXISTING_BOOKING,2025-06-17,12:00:00-13:00:00,June 25,288,13716,287,Saeeda Begum,
SKIP_EXISTING_BOOKING,2025-06-17,12:00:00-13:00:00,June 25,289,13716,7,Kowsar Rukhsana,
SKIP_REVIEW_BLOCKED_SLOT,2025-06-18,11:00:00-12:00:00,June 25,290,,,,Excluded from partial import because the preview contains REVIEW actions
SKIP_REVIEW_BLOCKED_SLOT,2025-06-19,10:30:00-11:30:00,June 25,299,,,,Excluded from partial import because the preview contains REVIEW actions
SKIP_REVIEW_BLOCKED_SLOT,2025-06-19,12:00:00-13:00:00,June 25,308,,,,Excluded from partial import because the preview contains REVIEW actions
SKIP_REVIEW_BLOCKED_SLOT,2025-06-20,10:30:00-11:30:00,June 25,317,,,,Excluded from partial import because the preview contains REVIEW actions
SKIP_EXISTING_BOOKING,2025-06-20,15:00:00-16:00:00,June 25,326,13721,288,Mansoor Malik,
INSERT_BOOKING,2025-06-20,15:00:00-16:00:00,June 25,327,13721,195,azhar iqbal,Attended=No
SKIP_EXISTING_BOOKING,2025-06-20,15:00:00-16:00:00,June 25,328,13721,259,Abdul Majid,
SKIP_EXISTING_BOOKING,2025-06-20,15:00:00-16:00:00,June 25,329,13721,1172,Thomas Walker,
INSERT_BOOKING,2025-06-20,15:00:00-16:00:00,June 25,330,13721,1146,Mohammed Nawaz,Attended=No
INSERT_BOOKING,2025-06-20,15:00:00-16:00:00,June 25,331,13721,1156,Michael Brewster,Attended=No
SKIP_EXISTING_BOOKING,2025-06-20,15:00:00-16:00:00,June 25,332,13721,147,Arshad Mahmood,
SKIP_EXISTING_BOOKING,2025-06-20,15:00:00-16:00:00,June 25,333,13721,172,Mazhar Iqbal,
SKIP_EXISTING_BOOKING,2025-06-20,15:00:00-16:00:00,June 25,334,13721,304,benny chan,
SKIP_EXISTING_BOOKING,2025-06-21,09:45:00-10:45:00,June 25,335,13722,1222,Bushera Sultana,
SKIP_EXISTING_BOOKING,2025-06-21,09:45:00-10:45:00,June 25,338,13722,1137,Sylvia Samuda,
INSERT_BOOKING,2025-06-21,09:45:00-10:45:00,June 25,340,13722,91,Rubina Amar,Attended=No
SKIP_EXISTING_BOOKING,2025-06-21,09:45:00-10:45:00,June 25,343,13722,224,Saida Sharif,
SKIP_EXISTING_BOOKING,2025-06-21,11:00:00-12:00:00,June 25,344,13723,243,Zafar iqbal,
SKIP_EXISTING_BOOKING,2025-06-21,11:00:00-12:00:00,June 25,345,13723,1142,Mohammed Mumtaz,
INSERT_BOOKING,2025-06-21,11:00:00-12:00:00,June 25,346,13723,1146,Mohammed Nawaz,Attended=No
SKIP_EXISTING_BOOKING,2025-06-21,11:00:00-12:00:00,June 25,347,13723,190,Suleman Muhammad,
SKIP_EXISTING_BOOKING,2025-06-21,11:00:00-12:00:00,June 25,348,13723,172,Mazhar Iqbal,
SKIP_EXISTING_BOOKING,2025-06-21,11:00:00-12:00:00,June 25,349,13723,259,Abdul Majid,
SKIP_EXISTING_BOOKING,2025-06-21,11:00:00-12:00:00,June 25,350,13723,1203,Sabir Hussain,
SKIP_EXISTING_BOOKING,2025-06-21,11:00:00-12:00:00,June 25,351,13723,288,Mansoor Malik,
SKIP_REVIEW_BLOCKED_SLOT,2025-06-23,11:00:00-12:00:00,June 25,353,,,,Excluded from partial import because the preview contains REVIEW actions
INSERT_BOOKING,2025-06-23,12:30:00-13:30:00,June 25,362,13725,355,Safraz Bibi,Attended=No
SKIP_EXISTING_BOOKING,2025-06-23,12:30:00-13:30:00,June 25,363,13725,170,Sughra Bibi,
SKIP_EXISTING_BOOKING,2025-06-23,12:30:00-13:30:00,June 25,364,13725,1214,Yearun Nessa,
SKIP_EXISTING_BOOKING,2025-06-23,12:30:00-13:30:00,June 25,365,13725,6,Mahroof Bibi,
SKIP_EXISTING_BOOKING,2025-06-23,12:30:00-13:30:00,June 25,367,13725,178,Munir Akhtar Hussain,
SKIP_EXISTING_BOOKING,2025-06-23,12:30:00-13:30:00,June 25,368,13725,13,Sughra Begum,
SKIP_EXISTING_BOOKING,2025-06-23,12:30:00-13:30:00,June 25,369,13725,1227,Binesh Kiren,
SKIP_EXISTING_BOOKING,2025-06-23,12:30:00-13:30:00,June 25,370,13725,1228,Robina Khatoon,
SKIP_EXISTING_BOOKING,2025-06-23,14:15:00-15:15:00,June 25,371,13726,269,Abdul Wahid Ashraf,
INSERT_BOOKING,2025-06-23,14:15:00-15:15:00,June 25,372,13726,1000,Sajjad Nawaz,Attended=No
INSERT_BOOKING,2025-06-23,14:15:00-15:15:00,June 25,373,13726,1139,Warren Browne,Attended=No
INSERT_BOOKING,2025-06-23,14:15:00-15:15:00,June 25,374,13726,1146,Mohammed Nawaz,Attended=No
INSERT_BOOKING,2025-06-23,14:15:00-15:15:00,June 25,375,13726,307,Mohammed Saghir,Attended=No
SKIP_EXISTING_BOOKING,2025-06-23,14:15:00-15:15:00,June 25,376,13726,304,benny chan,
INSERT_BOOKING,2025-06-23,14:15:00-15:15:00,June 25,377,13726,1142,Mohammed Mumtaz,Attended=No
SKIP_EXISTING_BOOKING,2025-06-23,14:15:00-15:15:00,June 25,378,13726,259,Abdul Majid,
SKIP_EXISTING_BOOKING,2025-06-23,14:15:00-15:15:00,June 25,379,13726,288,Mansoor Malik,
SKIP_REVIEW_BLOCKED_SLOT,2025-06-23,15:15:00-16:15:00,June 25,380,,,,Excluded from partial import because the preview contains REVIEW actions
SKIP_REVIEW_BLOCKED_SLOT,2025-06-23,17:45:00-18:45:00,June 25,389,,,,Excluded from partial import because the preview contains REVIEW actions
SKIP_REVIEW_BLOCKED_SLOT,2025-06-24,07:15:00-08:00:00,June 25,398,,,,Excluded from partial import because the preview contains REVIEW actions
SKIP_REVIEW_BLOCKED_SLOT,2025-06-24,09:30:00-10:30:00,June 25,407,,,,Excluded from partial import because the preview contains REVIEW actions
INSERT_BOOKING,2025-06-24,12:00:00-13:00:00,June 25,416,13732,1193,Rohela Afzal,Attended=Blank
SKIP_EXISTING_BOOKING,2025-06-24,12:00:00-13:00:00,June 25,417,13732,1226,Azra Begum,
SKIP_EXISTING_BOOKING,2025-06-24,12:00:00-13:00:00,June 25,418,13732,7,Kowsar Rukhsana,
SKIP_EXISTING_BOOKING,2025-06-24,12:00:00-13:00:00,June 25,419,13732,100,Kaniz Bibi,
SKIP_EXISTING_BOOKING,2025-06-24,12:00:00-13:00:00,June 25,420,13732,1135,Yasmeen Akhtar,
SKIP_EXISTING_BOOKING,2025-06-24,12:00:00-13:00:00,June 25,421,13732,1177,Razia Khan,
SKIP_EXISTING_BOOKING,2025-06-24,12:00:00-13:00:00,June 25,422,13732,1183,Robina Akbar,
SKIP_EXISTING_BOOKING,2025-06-24,12:00:00-13:00:00,June 25,423,13732,1184,Zatoon Begum,
SKIP_EXISTING_BOOKING,2025-06-24,12:00:00-13:00:00,June 25,424,13732,69,Ghulab Zara,
SKIP_REVIEW_BLOCKED_SLOT,2025-06-25,11:00:00-12:00:00,June 25,425,,,,Excluded from partial import because the preview contains REVIEW actions
SKIP_REVIEW_BLOCKED_SLOT,2025-06-26,10:30:00-11:30:00,June 25,434,,,,Excluded from partial import because the preview contains REVIEW actions
SKIP_REVIEW_BLOCKED_SLOT,2025-06-26,12:00:00-13:00:00,June 25,443,,,,Excluded from partial import because the preview contains REVIEW actions
SKIP_EXISTING_BOOKING,2025-06-27,10:30:00-11:30:00,June 25,454,13736,172,Mazhar Iqbal,
SKIP_EXISTING_BOOKING,2025-06-27,10:30:00-11:30:00,June 25,455,13736,7,Kowsar Rukhsana,
SKIP_EXISTING_BOOKING,2025-06-27,10:30:00-11:30:00,June 25,457,13736,190,Suleman Muhammad,
SKIP_EXISTING_BOOKING,2025-06-27,10:30:00-11:30:00,June 25,458,13736,1049,Mohammed Hanif Moosa,
SKIP_EXISTING_BOOKING,2025-06-27,10:30:00-11:30:00,June 25,460,13736,152,Jennifer Mason,
SKIP_EXISTING_BOOKING,2025-06-27,15:00:00-16:00:00,June 25,461,13737,1140,Mohnir Akhtar,
SKIP_EXISTING_BOOKING,2025-06-27,15:00:00-16:00:00,June 25,462,13737,147,Arshad Mahmood,
SKIP_EXISTING_BOOKING,2025-06-27,15:00:00-16:00:00,June 25,463,13737,172,Mazhar Iqbal,
SKIP_EXISTING_BOOKING,2025-06-27,15:00:00-16:00:00,June 25,464,13737,288,Mansoor Malik,
SKIP_EXISTING_BOOKING,2025-06-27,15:00:00-16:00:00,June 25,465,13737,259,Abdul Majid,
SKIP_EXISTING_BOOKING,2025-06-27,15:00:00-16:00:00,June 25,466,13737,304,benny chan,
SKIP_EXISTING_BOOKING,2025-06-27,15:00:00-16:00:00,June 25,467,13737,1111,Basharat Hussain,
INSERT_BOOKING,2025-06-27,15:00:00-16:00:00,June 25,468,13737,1081,Ahmed Maqsood,Attended=No
SKIP_EXISTING_BOOKING,2025-06-27,15:00:00-16:00:00,June 25,469,13737,1172,Thomas Walker,
SKIP_REVIEW_BLOCKED_SLOT,2025-06-28,09:45:00-10:45:00,June 25,470,,,,Excluded from partial import because the preview contains REVIEW actions
SKIP_EXISTING_BOOKING,2025-06-28,11:00:00-12:00:00,June 25,479,13739,277,Zubair Khan,
INSERT_BOOKING,2025-06-28,11:00:00-12:00:00,June 25,480,13739,190,Suleman Muhammad,Attended=No
SKIP_EXISTING_BOOKING,2025-06-28,11:00:00-12:00:00,June 25,481,13739,1149,Raja Ahmed,
SKIP_EXISTING_BOOKING,2025-06-28,11:00:00-12:00:00,June 25,482,13739,243,Zafar iqbal,
SKIP_EXISTING_BOOKING,2025-06-28,11:00:00-12:00:00,June 25,483,13739,1142,Mohammed Mumtaz,
SKIP_EXISTING_BOOKING,2025-06-28,11:00:00-12:00:00,June 25,484,13739,172,Mazhar Iqbal,
SKIP_EXISTING_BOOKING,2025-06-28,11:00:00-12:00:00,June 25,485,13739,259,Abdul Majid,
SKIP_EXISTING_BOOKING,2025-06-28,11:00:00-12:00:00,June 25,486,13739,1146,Mohammed Nawaz,
SKIP_EXISTING_BOOKING,2025-06-28,11:00:00-12:00:00,June 25,487,13739,1203,Sabir Hussain,
SKIP_CANCELLED_BOOKINGS,2025-06-30,11:00:00-12:00:00,June 25,488,13740,,,
SKIP_CANCELLED_BOOKINGS,2025-06-30,12:30:00-13:30:00,June 25,497,13741,,,
INSERT_BOOKING,2025-06-30,14:15:00-15:15:00,June 25,506,13742,1000,Sajjad Nawaz,Attended=Blank
INSERT_BOOKING,2025-06-30,14:15:00-15:15:00,June 25,507,13742,1139,Warren Browne,Attended=Blank
INSERT_BOOKING,2025-06-30,14:15:00-15:15:00,June 25,508,13742,1146,Mohammed Nawaz,Attended=Blank
INSERT_BOOKING,2025-06-30,14:15:00-15:15:00,June 25,509,13742,307,Mohammed Saghir,Attended=Blank
INSERT_BOOKING,2025-06-30,14:15:00-15:15:00,June 25,510,13742,304,benny chan,Attended=Blank
INSERT_BOOKING,2025-06-30,14:15:00-15:15:00,June 25,511,13742,1142,Mohammed Mumtaz,Attended=Blank
INSERT_BOOKING,2025-06-30,14:15:00-15:15:00,June 25,512,13742,259,Abdul Majid,Attended=Blank
INSERT_BOOKING,2025-06-30,14:15:00-15:15:00,June 25,513,13742,288,Mansoor Malik,Attended=Blank
INSERT_BOOKING,2025-06-30,14:15:00-15:15:00,June 25,514,13742,280,Halal uddin Ahmed,Attended=Blank
SKIP_REVIEW_BLOCKED_SLOT,2025-06-30,15:15:00-16:15:00,June 25,515,,,,Excluded from partial import because the preview contains REVIEW actions
SKIP_CANCELLED_BOOKINGS,2025-06-30,17:45:00-18:45:00,June 25,524,13744,,,
INSERT_BOOKING,2025-07-01,07:15:00-08:00:00,July 25 ,2,13745,277,Zubair Khan,Attended=Blank
INSERT_BOOKING,2025-07-01,07:15:00-08:00:00,July 25 ,3,13745,172,Mazhar Iqbal,Attended=Blank
SKIP_REVIEW_BLOCKED_SLOT,2025-07-01,09:30:00-10:30:00,July 25 ,20,,,,Excluded from partial import because the preview contains REVIEW actions
INSERT_BOOKING,2025-07-01,12:00:00-13:00:00,July 25 ,29,13748,268,Yasmin Nisar,Attended=Blank
SKIP_EXISTING_BOOKING,2025-07-01,12:00:00-13:00:00,July 25 ,30,13748,1235,Lynette Liburd,
SKIP_EXISTING_BOOKING,2025-07-01,12:00:00-13:00:00,July 25 ,31,13748,312,Sultana Parveen,
SKIP_EXISTING_BOOKING,2025-07-01,12:00:00-13:00:00,July 25 ,32,13748,1077,Sahira Parveen,
INSERT_BOOKING,2025-07-01,12:00:00-13:00:00,July 25 ,33,13748,320,Nasreen Akhtar,Attended=No
INSERT_BOOKING,2025-07-01,12:00:00-13:00:00,July 25 ,34,13748,142,Azra Bibi,Attended=No
SKIP_EXISTING_BOOKING,2025-07-01,12:00:00-13:00:00,July 25 ,35,13748,1013,Shaheen Akhtar,
INSERT_BOOKING,2025-07-01,12:00:00-13:00:00,July 25 ,36,13748,355,Safraz Bibi,Attended=No
SKIP_EXISTING_BOOKING,2025-07-01,12:00:00-13:00:00,July 25 ,37,13748,7,Kowsar Rukhsana,
SKIP_REVIEW_BLOCKED_SLOT,2025-07-02,11:00:00-12:00:00,July 25 ,38,,,,Excluded from partial import because the preview contains REVIEW actions
SKIP_EXISTING_BOOKING,2025-07-03,10:30:00-11:30:00,July 25 ,47,13750,13,Sughra Begum,
SKIP_EXISTING_BOOKING,2025-07-03,10:30:00-11:30:00,July 25 ,48,13750,178,Munir Akhtar Hussain,
INSERT_BOOKING,2025-07-03,10:30:00-11:30:00,July 25 ,49,13750,170,Sughra Bibi,Attended=No
SKIP_EXISTING_BOOKING,2025-07-03,10:30:00-11:30:00,July 25 ,50,13750,100,Kaniz Bibi,
SKIP_EXISTING_BOOKING,2025-07-03,10:30:00-11:30:00,July 25 ,51,13750,1135,Yasmeen Akhtar,
SKIP_EXISTING_BOOKING,2025-07-03,10:30:00-11:30:00,July 25 ,52,13750,1226,Azra Begum,
SKIP_EXISTING_BOOKING,2025-07-03,10:30:00-11:30:00,July 25 ,53,13750,227,Shamim Akhtar,
INSERT_BOOKING,2025-07-03,10:30:00-11:30:00,July 25 ,54,13750,1060,Uzma Ikhlaq,Attended=No
SKIP_EXISTING_BOOKING,2025-07-03,10:30:00-11:30:00,July 25 ,55,13750,1240,Yasmin Akhtar,
INSERT_BOOKING,2025-07-03,12:00:00-13:00:00,July 25 ,56,13751,1035,Barkat Begum,Attended=No
INSERT_BOOKING,2025-07-03,12:00:00-13:00:00,July 25 ,57,13751,6,Mahroof Bibi,Attended=No
SKIP_EXISTING_BOOKING,2025-07-03,12:00:00-13:00:00,July 25 ,58,13751,1214,Yearun Nessa,
SKIP_EXISTING_BOOKING,2025-07-03,12:00:00-13:00:00,July 25 ,59,13751,1227,Binesh Kiren,
SKIP_EXISTING_BOOKING,2025-07-03,12:00:00-13:00:00,July 25 ,60,13751,1228,Robina Khatoon,
SKIP_EXISTING_BOOKING,2025-07-03,12:00:00-13:00:00,July 25 ,61,13751,1177,Razia Khan,
SKIP_EXISTING_BOOKING,2025-07-03,12:00:00-13:00:00,July 25 ,62,13751,1183,Robina Akbar,
SKIP_EXISTING_BOOKING,2025-07-03,12:00:00-13:00:00,July 25 ,63,13751,1184,Zatoon Begum,
SKIP_EXISTING_BOOKING,2025-07-03,12:00:00-13:00:00,July 25 ,64,13751,287,Saeeda Begum,
SKIP_REVIEW_BLOCKED_SLOT,2025-07-04,10:30:00-11:30:00,July 25 ,65,,,,Excluded from partial import because the preview contains REVIEW actions
SKIP_EXISTING_BOOKING,2025-07-04,15:00:00-16:00:00,July 25 ,74,13753,1111,Basharat Hussain,
SKIP_EXISTING_BOOKING,2025-07-04,15:00:00-16:00:00,July 25 ,75,13753,172,Mazhar Iqbal,
SKIP_EXISTING_BOOKING,2025-07-04,15:00:00-16:00:00,July 25 ,76,13753,288,Mansoor Malik,
SKIP_EXISTING_BOOKING,2025-07-04,15:00:00-16:00:00,July 25 ,77,13753,1172,Thomas Walker,
SKIP_EXISTING_BOOKING,2025-07-04,15:00:00-16:00:00,July 25 ,78,13753,259,Abdul Majid,
SKIP_EXISTING_BOOKING,2025-07-04,15:00:00-16:00:00,July 25 ,79,13753,1146,Mohammed Nawaz,
SKIP_EXISTING_BOOKING,2025-07-04,15:00:00-16:00:00,July 25 ,80,13753,304,benny chan,
SKIP_EXISTING_BOOKING,2025-07-04,15:00:00-16:00:00,July 25 ,81,13753,147,Arshad Mahmood,
SKIP_EXISTING_BOOKING,2025-07-04,15:00:00-16:00:00,July 25 ,82,13753,1149,Raja Ahmed,
SKIP_REVIEW_BLOCKED_SLOT,2025-07-05,09:45:00-10:45:00,July 25 ,83,,,,Excluded from partial import because the preview contains REVIEW actions
SKIP_EXISTING_BOOKING,2025-07-05,11:00:00-12:00:00,July 25 ,92,13755,172,Mazhar Iqbal,
SKIP_EXISTING_BOOKING,2025-07-05,11:00:00-12:00:00,July 25 ,93,13755,1142,Mohammed Mumtaz,
SKIP_EXISTING_BOOKING,2025-07-05,11:00:00-12:00:00,July 25 ,94,13755,277,Zubair Khan,
SKIP_EXISTING_BOOKING,2025-07-05,11:00:00-12:00:00,July 25 ,95,13755,243,Zafar iqbal,
SKIP_EXISTING_BOOKING,2025-07-05,11:00:00-12:00:00,July 25 ,96,13755,1149,Raja Ahmed,
SKIP_EXISTING_BOOKING,2025-07-05,11:00:00-12:00:00,July 25 ,97,13755,1146,Mohammed Nawaz,
SKIP_EXISTING_BOOKING,2025-07-05,11:00:00-12:00:00,July 25 ,98,13755,288,Mansoor Malik,
SKIP_EXISTING_BOOKING,2025-07-05,11:00:00-12:00:00,July 25 ,99,13755,1203,,
SKIP_EXISTING_BOOKING,2025-07-05,11:00:00-12:00:00,July 25 ,100,13755,259,Abdul Majid,
SKIP_EXISTING_BOOKING,2025-07-07,11:00:00-12:00:00,July 25 ,101,13756,159,Shabeena Kausar,
SKIP_EXISTING_BOOKING,2025-07-07,11:00:00-12:00:00,July 25 ,102,13756,7,Kowsar Rukhsana,
SKIP_EXISTING_BOOKING,2025-07-07,11:00:00-12:00:00,July 25 ,103,13756,1038,Saima Ghani,
INSERT_BOOKING,2025-07-07,11:00:00-12:00:00,July 25 ,104,13756,224,Saida Sharif,Attended=No
INSERT_BOOKING,2025-07-07,11:00:00-12:00:00,July 25 ,105,13756,231,Aisha Siddiqa,Attended=No
INSERT_BOOKING,2025-07-07,11:00:00-12:00:00,July 25 ,106,13756,312,Sultana Parveen,Attended=No
SKIP_EXISTING_BOOKING,2025-07-07,11:00:00-12:00:00,July 25 ,107,13756,1077,Sahira Parveen,
SKIP_EXISTING_BOOKING,2025-07-07,11:00:00-12:00:00,July 25 ,108,13756,142,Azra Bibi,
INSERT_BOOKING,2025-07-07,11:00:00-12:00:00,July 25 ,109,13756,85,Naseem Hussain,Attended=No
SKIP_EXISTING_BOOKING,2025-07-07,12:30:00-13:30:00,July 25 ,110,13757,1238,Raheela Bibi,
INSERT_BOOKING,2025-07-07,12:30:00-13:30:00,July 25 ,111,13757,1013,Shaheen Akhtar,Attended=No
SKIP_EXISTING_BOOKING,2025-07-07,12:30:00-13:30:00,July 25 ,112,13757,1235,Lynette Liburd,
INSERT_BOOKING,2025-07-07,12:30:00-13:30:00,July 25 ,114,13757,227,Shamim Akhtar,Attended=No
SKIP_EXISTING_BOOKING,2025-07-07,12:30:00-13:30:00,July 25 ,115,13757,178,Munir Akhtar Hussain,
SKIP_EXISTING_BOOKING,2025-07-07,12:30:00-13:30:00,July 25 ,116,13757,13,Sughra Begum,
INSERT_BOOKING,2025-07-07,12:30:00-13:30:00,July 25 ,117,13757,1226,Azra Begum,Attended=No
SKIP_EXISTING_BOOKING,2025-07-07,12:30:00-13:30:00,July 25 ,118,13757,1241,Sakeenah Bibi,
SKIP_REVIEW_BLOCKED_SLOT,2025-07-07,14:15:00-15:15:00,July 25 ,119,,,,Excluded from partial import because the preview contains REVIEW actions
SKIP_REVIEW_BLOCKED_SLOT,2025-07-07,15:15:00-16:15:00,July 25 ,128,,,,Excluded from partial import because the preview contains REVIEW actions
SKIP_REVIEW_BLOCKED_SLOT,2025-07-07,17:45:00-18:45:00,July 25 ,137,,,,Excluded from partial import because the preview contains REVIEW actions
SKIP_REVIEW_BLOCKED_SLOT,2025-07-08,07:15:00-08:00:00,July 25 ,146,,,,Excluded from partial import because the preview contains REVIEW actions
SKIP_REVIEW_BLOCKED_SLOT,2025-07-08,09:30:00-10:30:00,July 25 ,155,,,,Excluded from partial import because the preview contains REVIEW actions
SKIP_EXISTING_BOOKING,2025-07-08,12:00:00-13:00:00,July 25 ,164,13764,1171,Fatima Mohammed,
SKIP_EXISTING_BOOKING,2025-07-08,12:00:00-13:00:00,July 25 ,166,13764,7,Kowsar Rukhsana,
SKIP_EXISTING_BOOKING,2025-07-08,12:00:00-13:00:00,July 25 ,167,13764,1177,Razia Khan,
SKIP_EXISTING_BOOKING,2025-07-08,12:00:00-13:00:00,July 25 ,168,13764,1183,Robina Akbar,
SKIP_EXISTING_BOOKING,2025-07-08,12:00:00-13:00:00,July 25 ,169,13764,1184,Zatoon Begum,
SKIP_EXISTING_BOOKING,2025-07-08,12:00:00-13:00:00,July 25 ,170,13764,287,Saeeda Begum,
SKIP_EXISTING_BOOKING,2025-07-08,12:00:00-13:00:00,July 25 ,171,13764,1214,Yearun Nessa,
INSERT_BOOKING,2025-07-08,12:00:00-13:00:00,July 25 ,172,13764,1243,Nazia Noreen,Attended=No
INSERT_BOOKING,2025-07-10,10:30:00-11:30:00,July 25 ,175,13765,206,Jaslyne Richards,Attended=Blank
SKIP_EXISTING_BOOKING,2025-07-10,10:30:00-11:30:00,July 25 ,176,13765,1200,Farzana Shabbir,
INSERT_BOOKING,2025-07-10,10:30:00-11:30:00,July 25 ,177,13765,296,Shafeen Akhtar,Attended=Blank
INSERT_BOOKING,2025-07-10,10:30:00-11:30:00,July 25 ,178,13765,1210,Farhat Jabeen,Attended=Blank
INSERT_BOOKING,2025-07-10,10:30:00-11:30:00,July 25 ,179,13765,12,Roobina Begum,Attended=Blank
SKIP_EXISTING_BOOKING,2025-07-10,10:30:00-11:30:00,July 25 ,180,13765,1227,Binesh Kiren,
SKIP_EXISTING_BOOKING,2025-07-10,10:30:00-11:30:00,July 25 ,181,13765,1228,Robina Khatoon,
SKIP_REVIEW_BLOCKED_SLOT,2025-07-10,12:00:00-13:00:00,July 25 ,182,,,,Excluded from partial import because the preview contains REVIEW actions
INSERT_BOOKING,2025-07-11,10:30:00-11:30:00,July 25 ,191,13767,190,Suleman Muhammad,Attended=No
INSERT_BOOKING,2025-07-11,10:30:00-11:30:00,July 25 ,192,13767,1111,Basharat Hussain,Attended=No
SKIP_EXISTING_BOOKING,2025-07-11,10:30:00-11:30:00,July 25 ,193,13767,7,Kowsar Rukhsana,
SKIP_EXISTING_BOOKING,2025-07-11,10:30:00-11:30:00,July 25 ,194,13767,172,Mazhar Iqbal,
SKIP_EXISTING_BOOKING,2025-07-11,10:30:00-11:30:00,July 25 ,196,13767,1049,Mohammed Hanif Moosa,
SKIP_EXISTING_BOOKING,2025-07-11,10:30:00-11:30:00,July 25 ,198,13767,1075,Edna Gilika,
INSERT_BOOKING,2025-07-11,10:30:00-11:30:00,July 25 ,199,13767,152,Jennifer Mason,Attended=Blank
SKIP_EXISTING_BOOKING,2025-07-11,15:00:00-16:00:00,July 25 ,200,13768,288,Mansoor Malik,
SKIP_EXISTING_BOOKING,2025-07-11,15:00:00-16:00:00,July 25 ,201,13768,1140,Mohnir Akhtar,
SKIP_EXISTING_BOOKING,2025-07-11,15:00:00-16:00:00,July 25 ,202,13768,172,Mazhar Iqbal,
SKIP_EXISTING_BOOKING,2025-07-11,15:00:00-16:00:00,July 25 ,203,13768,304,benny chan,
INSERT_BOOKING,2025-07-11,15:00:00-16:00:00,July 25 ,204,13768,259,Abdul Majid,Attended=No
SKIP_EXISTING_BOOKING,2025-07-11,15:00:00-16:00:00,July 25 ,205,13768,1146,Mohammed Nawaz,
INSERT_BOOKING,2025-07-11,15:00:00-16:00:00,July 25 ,206,13768,1248,Jamil Akhtar,Attended=No
INSERT_BOOKING,2025-07-11,15:00:00-16:00:00,July 25 ,207,13768,1172,Thomas Walker,Attended=No
SKIP_EXISTING_BOOKING,2025-07-11,15:00:00-16:00:00,July 25 ,208,13768,1111,Basharat Hussain,
INSERT_BOOKING,2025-07-12,09:45:00-10:45:00,July 25 ,209,13769,1131,Shaheen Akhtar,Attended=Blank
SKIP_EXISTING_BOOKING,2025-07-12,09:45:00-10:45:00,July 25 ,210,13769,224,Saida Sharif,
INSERT_BOOKING,2025-07-12,09:45:00-10:45:00,July 25 ,211,13769,1168,Yasmin Aslam,Attended=Blank
INSERT_BOOKING,2025-07-12,09:45:00-10:45:00,July 25 ,212,13769,182,Shakila Bibi,Attended=Blank
INSERT_BOOKING,2025-07-12,09:45:00-10:45:00,July 25 ,213,13769,192,Fozia Ali,Attended=Blank
SKIP_EXISTING_BOOKING,2025-07-12,09:45:00-10:45:00,July 25 ,217,13769,1137,Sylvia Samuda,
SKIP_EXISTING_BOOKING,2025-07-12,11:00:00-12:00:00,July 25 ,218,13770,190,Suleman Muhammad,
INSERT_BOOKING,2025-07-12,11:00:00-12:00:00,July 25 ,219,13770,172,Mazhar Iqbal,Attended=No
SKIP_EXISTING_BOOKING,2025-07-12,11:00:00-12:00:00,July 25 ,220,13770,243,Zafar iqbal,
SKIP_EXISTING_BOOKING,2025-07-12,11:00:00-12:00:00,July 25 ,221,13770,1203,Sabir Hussain,
SKIP_EXISTING_BOOKING,2025-07-12,11:00:00-12:00:00,July 25 ,222,13770,1142,Mohammed Mumtaz,
SKIP_EXISTING_BOOKING,2025-07-12,11:00:00-12:00:00,July 25 ,223,13770,288,Mansoor Malik,
INSERT_BOOKING,2025-07-12,11:00:00-12:00:00,July 25 ,224,13770,1146,Mohammed Nawaz,Attended=No
INSERT_BOOKING,2025-07-12,11:00:00-12:00:00,July 25 ,225,13770,259,Abdul Majid,Attended=No
INSERT_BOOKING,2025-07-12,11:00:00-12:00:00,July 25 ,226,13770,1149,Raja Ahmed,Attended=No
SKIP_EXISTING_BOOKING,2025-07-14,11:00:00-12:00:00,July 25 ,227,13771,1077,Sahira Parveen,
INSERT_BOOKING,2025-07-14,11:00:00-12:00:00,July 25 ,228,13771,29,Yasmin Akhtar,Attended=No
SKIP_EXISTING_BOOKING,2025-07-14,11:00:00-12:00:00,July 25 ,229,13771,312,Sultana Parveen,
SKIP_EXISTING_BOOKING,2025-07-14,11:00:00-12:00:00,July 25 ,230,13771,301,Insa Shaheen,
SKIP_EXISTING_BOOKING,2025-07-14,11:00:00-12:00:00,July 25 ,231,13771,159,Shabeena Kausar,
SKIP_EXISTING_BOOKING,2025-07-14,11:00:00-12:00:00,July 25 ,232,13771,142,Azra Bibi,
SKIP_EXISTING_BOOKING,2025-07-14,11:00:00-12:00:00,July 25 ,233,13771,1038,Saima Ghani,
SKIP_EXISTING_BOOKING,2025-07-14,11:00:00-12:00:00,July 25 ,234,13771,178,Munir Akhtar Hussain,
SKIP_EXISTING_BOOKING,2025-07-14,11:00:00-12:00:00,July 25 ,235,13771,13,Sughra Begum,
SKIP_REVIEW_BLOCKED_SLOT,2025-07-14,12:30:00-13:30:00,July 25 ,236,,,,Excluded from partial import because the preview contains REVIEW actions
SKIP_REVIEW_BLOCKED_SLOT,2025-07-14,14:15:00-15:15:00,July 25 ,245,,,,Excluded from partial import because the preview contains REVIEW actions
SKIP_REVIEW_BLOCKED_SLOT,2025-07-14,15:15:00-16:15:00,July 25 ,254,,,,Excluded from partial import because the preview contains REVIEW actions
INSERT_BOOKING,2025-07-14,17:45:00-18:45:00,July 25 ,263,13775,1131,Shaheen Akhtar,Attended=No
INSERT_BOOKING,2025-07-14,17:45:00-18:45:00,July 25 ,264,13775,268,Yasmin Nisar,Attended=No
SKIP_EXISTING_BOOKING,2025-07-14,17:45:00-18:45:00,July 25 ,266,13775,1244,Nazir Fatima,
SKIP_EXISTING_BOOKING,2025-07-14,17:45:00-18:45:00,July 25 ,267,13775,1250,Tasleem Kausar,
SKIP_EXISTING_BOOKING,2025-07-14,17:45:00-18:45:00,July 25 ,268,13775,174,Sajida Syed,
SKIP_EXISTING_BOOKING,2025-07-14,17:45:00-18:45:00,July 25 ,269,13775,227,Shamim Akhtar,
SKIP_REVIEW_BLOCKED_SLOT,2025-07-15,09:30:00-10:30:00,July 25 ,281,,,,Excluded from partial import because the preview contains REVIEW actions
SKIP_EXISTING_BOOKING,2025-07-15,12:00:00-13:00:00,July 25 ,290,13779,1161,Zarqa Shah,
INSERT_BOOKING,2025-07-15,12:00:00-13:00:00,July 25 ,291,13779,1185,Nehaz Begum,Attended=No
SKIP_EXISTING_BOOKING,2025-07-15,12:00:00-13:00:00,July 25 ,293,13779,287,Saeeda Begum,
SKIP_EXISTING_BOOKING,2025-07-15,12:00:00-13:00:00,July 25 ,297,13779,1214,Yearun Nessa,
INSERT_BOOKING,2025-07-15,12:00:00-13:00:00,July 25 ,298,13779,1171,Fatima Mohammed,Attended=Blank
SKIP_REVIEW_BLOCKED_SLOT,2025-07-16,11:00:00-12:00:00,July 25 ,299,,,,Excluded from partial import because the preview contains REVIEW actions
INSERT_BOOKING,2025-07-17,10:30:00-11:30:00,July 25 ,308,13781,85,Naseem Hussain,Attended=No
INSERT_BOOKING,2025-07-17,10:30:00-11:30:00,July 25 ,309,13781,119,Shabnam Malik,Attended=No
SKIP_EXISTING_BOOKING,2025-07-17,10:30:00-11:30:00,July 25 ,310,13781,1169,Nasim Akhtar,
SKIP_EXISTING_BOOKING,2025-07-17,10:30:00-11:30:00,July 25 ,311,13781,1217,Shakila Bi,
SKIP_EXISTING_BOOKING,2025-07-17,10:30:00-11:30:00,July 25 ,312,13781,1135,Yasmeen Akhtar,
SKIP_EXISTING_BOOKING,2025-07-17,10:30:00-11:30:00,July 25 ,313,13781,100,Kaniz Bibi,
INSERT_BOOKING,2025-07-17,10:30:00-11:30:00,July 25 ,315,13781,1075,Edna Gilika,Attended=No
INSERT_BOOKING,2025-07-17,10:30:00-11:30:00,July 25 ,316,13781,1252,Asma Rashid,Attended=No
SKIP_REVIEW_BLOCKED_SLOT,2025-07-17,12:00:00-13:00:00,July 25 ,317,,,,Excluded from partial import because the preview contains REVIEW actions
INSERT_BOOKING,2025-07-18,10:30:00-11:30:00,July 25 ,328,13783,190,Suleman Muhammad,Attended=No
SKIP_EXISTING_BOOKING,2025-07-18,10:30:00-11:30:00,July 25 ,329,13783,1168,Yasmin Aslam,
INSERT_BOOKING,2025-07-18,14:00:00-15:00:00,July 25 ,335,13784,1111,Basharat Hussain,Attended=No
SKIP_EXISTING_BOOKING,2025-07-18,14:00:00-15:00:00,July 25 ,336,13784,1140,Mohnir Akhtar,
SKIP_EXISTING_BOOKING,2025-07-18,14:00:00-15:00:00,July 25 ,337,13784,259,Abdul Majid,
SKIP_EXISTING_BOOKING,2025-07-18,14:00:00-15:00:00,July 25 ,338,13784,1000,Sajjad Nawaz,
SKIP_EXISTING_BOOKING,2025-07-18,14:00:00-15:00:00,July 25 ,339,13784,1172,Thomas Walker,
SKIP_REVIEW_BLOCKED_SLOT,2025-07-18,15:00:00-16:00:00,July 25 ,344,,,,Excluded from partial import because the preview contains REVIEW actions
SKIP_REVIEW_BLOCKED_SLOT,2025-07-19,09:45:00-10:45:00,July 25 ,353,,,,Excluded from partial import because the preview contains REVIEW actions
SKIP_EXISTING_BOOKING,2025-07-19,11:00:00-12:00:00,July 25 ,362,13787,277,Zubair Khan,
SKIP_EXISTING_BOOKING,2025-07-19,11:00:00-12:00:00,July 25 ,363,13787,1149,Raja Ahmed,
SKIP_EXISTING_BOOKING,2025-07-19,11:00:00-12:00:00,July 25 ,364,13787,190,Suleman Muhammad,
INSERT_BOOKING,2025-07-19,11:00:00-12:00:00,July 25 ,365,13787,288,Mansoor Malik,Attended=No
INSERT_BOOKING,2025-07-19,11:00:00-12:00:00,July 25 ,366,13787,243,Zafar iqbal,Attended=No
SKIP_EXISTING_BOOKING,2025-07-19,11:00:00-12:00:00,July 25 ,367,13787,1142,Mohammed Mumtaz,
SKIP_EXISTING_BOOKING,2025-07-19,11:00:00-12:00:00,July 25 ,368,13787,1203,Sabir Hussain,
INSERT_BOOKING,2025-07-19,11:00:00-12:00:00,July 25 ,369,13787,259,Abdul Majid,Attended=No
SKIP_EXISTING_BOOKING,2025-07-19,11:00:00-12:00:00,July 25 ,370,13787,1146,Mohammed Nawaz,
INSERT_BOOKING,2025-07-21,11:00:00-12:00:00,July 25 ,371,13788,107,Anne Mann,Attended=No
SKIP_EXISTING_BOOKING,2025-07-21,11:00:00-12:00:00,July 25 ,372,13788,301,Insa Shaheen,
INSERT_BOOKING,2025-07-21,11:00:00-12:00:00,July 25 ,373,13788,142,Azra Bibi,Attended=No
SKIP_EXISTING_BOOKING,2025-07-21,11:00:00-12:00:00,July 25 ,374,13788,159,Shabeena Kausar,
SKIP_EXISTING_BOOKING,2025-07-21,11:00:00-12:00:00,July 25 ,375,13788,29,Yasmin Akhtar,
INSERT_BOOKING,2025-07-21,11:00:00-12:00:00,July 25 ,376,13788,1038,Saima Ghani,Attended=No
SKIP_EXISTING_BOOKING,2025-07-21,11:00:00-12:00:00,July 25 ,377,13788,13,Sughra Begum,
SKIP_EXISTING_BOOKING,2025-07-21,11:00:00-12:00:00,July 25 ,378,13788,178,Munir Akhtar Hussain,
SKIP_EXISTING_BOOKING,2025-07-21,11:00:00-12:00:00,July 25 ,379,13788,1214,Yearun Nessa,
SKIP_EXISTING_BOOKING,2025-07-21,12:30:00-13:30:00,July 25 ,380,13789,1238,Raheela Bibi,
SKIP_EXISTING_BOOKING,2025-07-21,12:30:00-13:30:00,July 25 ,381,13789,173,Janat Iqbal,
SKIP_EXISTING_BOOKING,2025-07-21,12:30:00-13:30:00,July 25 ,382,13789,227,Shamim Akhtar,
INSERT_BOOKING,2025-07-21,12:30:00-13:30:00,July 25 ,383,13789,174,Sajida Syed,Attended=No
SKIP_REVIEW_BLOCKED_SLOT,2025-07-21,14:15:00-15:15:00,July 25 ,389,,,,Excluded from partial import because the preview contains REVIEW actions
SKIP_REVIEW_BLOCKED_SLOT,2025-07-21,15:15:00-16:15:00,July 25 ,398,,,,Excluded from partial import because the preview contains REVIEW actions
SKIP_REVIEW_BLOCKED_SLOT,2025-07-21,17:45:00-18:45:00,July 25 ,407,,,,Excluded from partial import because the preview contains REVIEW actions
SKIP_REVIEW_BLOCKED_SLOT,2025-07-22,09:30:00-10:30:00,July 25 ,425,,,,Excluded from partial import because the preview contains REVIEW actions
SKIP_REVIEW_BLOCKED_SLOT,2025-07-22,12:00:00-13:00:00,July 25 ,434,,,,Excluded from partial import because the preview contains REVIEW actions
SKIP_REVIEW_BLOCKED_SLOT,2025-07-23,11:00:00-12:00:00,July 25 ,443,,,,Excluded from partial import because the preview contains REVIEW actions
SKIP_EXISTING_BOOKING,2025-07-24,10:30:00-11:30:00,July 25 ,453,13798,1169,Nasim Akhtar,
INSERT_BOOKING,2025-07-24,10:30:00-11:30:00,July 25 ,454,13798,1217,Shakila Bi,Attended=No
SKIP_EXISTING_BOOKING,2025-07-24,10:30:00-11:30:00,July 25 ,455,13798,1227,Binesh Kiren,
INSERT_BOOKING,2025-07-24,10:30:00-11:30:00,July 25 ,456,13798,1228,Robina Khatoon,Attended=No
SKIP_EXISTING_BOOKING,2025-07-24,10:30:00-11:30:00,July 25 ,457,13798,170,Sughra Bibi,
SKIP_EXISTING_BOOKING,2025-07-24,10:30:00-11:30:00,July 25 ,458,13798,1257,Allah Raqhi,
INSERT_BOOKING,2025-07-24,10:30:00-11:30:00,July 25 ,459,13798,1200,Farzana Shabbir,Attended=No
SKIP_EXISTING_BOOKING,2025-07-24,10:30:00-11:30:00,July 25 ,460,13798,85,Naseem Hussain,
SKIP_REVIEW_BLOCKED_SLOT,2025-07-24,12:00:00-13:00:00,July 25 ,461,,,,Excluded from partial import because the preview contains REVIEW actions
SKIP_REVIEW_BLOCKED_SLOT,2025-07-25,10:30:00-11:30:00,July 25 ,488,,,,Excluded from partial import because the preview contains REVIEW actions
SKIP_EXISTING_BOOKING,2025-07-25,14:00:00-15:00:00,July 25 ,500,13801,176,Noel Mcmanamon,
SKIP_EXISTING_BOOKING,2025-07-25,14:00:00-15:00:00,July 25 ,501,13801,1111,Basharat Hussain,
INSERT_BOOKING,2025-07-25,14:00:00-15:00:00,July 25 ,502,13801,1172,Thomas Walker,Attended=No
SKIP_EXISTING_BOOKING,2025-07-25,14:00:00-15:00:00,July 25 ,503,13801,1140,Mohnir Akhtar,
INSERT_BOOKING,2025-07-25,14:00:00-15:00:00,July 25 ,504,13801,259,Abdul Majid,Attended=No
INSERT_BOOKING,2025-07-25,14:00:00-15:00:00,July 25 ,505,13801,1000,Sajjad Nawaz,Attended=No
SKIP_REVIEW_BLOCKED_SLOT,2025-07-25,15:00:00-16:00:00,July 25 ,506,,,,Excluded from partial import because the preview contains REVIEW actions
SKIP_REVIEW_BLOCKED_SLOT,2025-07-26,09:45:00-10:45:00,July 25 ,515,,,,Excluded from partial import because the preview contains REVIEW actions
SKIP_EXISTING_BOOKING,2025-07-26,11:00:00-12:00:00,July 25 ,524,13804,277,Zubair Khan,
INSERT_BOOKING,2025-07-26,11:00:00-12:00:00,July 25 ,525,13804,243,Zafar iqbal,Attended=No
SKIP_EXISTING_BOOKING,2025-07-26,11:00:00-12:00:00,July 25 ,526,13804,1203,Sabir Hussain,
INSERT_BOOKING,2025-07-26,11:00:00-12:00:00,July 25 ,528,13804,190,Suleman Muhammad,Attended=No
SKIP_EXISTING_BOOKING,2025-07-26,11:00:00-12:00:00,July 25 ,529,13804,1149,Raja Ahmed,
SKIP_EXISTING_BOOKING,2025-07-26,11:00:00-12:00:00,July 25 ,531,13804,1142,Mohammed Mumtaz,
INSERT_BOOKING,2025-07-26,11:00:00-12:00:00,July 25 ,532,13804,288,Mansoor Malik,Attended=No
SKIP_EXISTING_BOOKING,2025-07-28,11:00:00-12:00:00,July 25 ,533,13805,29,Yasmin Akhtar,
SKIP_EXISTING_BOOKING,2025-07-28,11:00:00-12:00:00,July 25 ,535,13805,301,Insa Shaheen,
INSERT_BOOKING,2025-07-28,11:00:00-12:00:00,July 25 ,536,13805,1152,Fatima Ntin,Attended=No
SKIP_EXISTING_BOOKING,2025-07-28,11:00:00-12:00:00,July 25 ,537,13805,320,Nasreen Akhtar,
SKIP_EXISTING_BOOKING,2025-07-28,11:00:00-12:00:00,July 25 ,538,13805,107,Anne Mann,
INSERT_BOOKING,2025-07-28,11:00:00-12:00:00,July 25 ,539,13805,1169,Nasim Akhtar,Attended=No
SKIP_EXISTING_BOOKING,2025-07-28,11:00:00-12:00:00,July 25 ,540,13805,1200,Farzana Shabbir,
INSERT_BOOKING,2025-07-28,11:00:00-12:00:00,July 25 ,541,13805,145,Nighat Noreen,Attended=No
SKIP_EXISTING_BOOKING,2025-07-28,12:30:00-13:30:00,July 25 ,542,13806,1238,Raheela Bibi,
SKIP_EXISTING_BOOKING,2025-07-28,12:30:00-13:30:00,July 25 ,543,13806,173,Janat Iqbal,
SKIP_EXISTING_BOOKING,2025-07-28,12:30:00-13:30:00,July 25 ,544,13806,227,Shamim Akhtar,
SKIP_EXISTING_BOOKING,2025-07-28,12:30:00-13:30:00,July 25 ,545,13806,1235,Lynette Liburd,
SKIP_EXISTING_BOOKING,2025-07-28,12:30:00-13:30:00,July 25 ,546,13806,1227,Binesh Kiren,
SKIP_EXISTING_BOOKING,2025-07-28,12:30:00-13:30:00,July 25 ,547,13806,1228,Robina Khatoon,
SKIP_EXISTING_BOOKING,2025-07-28,12:30:00-13:30:00,July 25 ,548,13806,1208,Nasreen Bibi,
SKIP_EXISTING_BOOKING,2025-07-28,12:30:00-13:30:00,July 25 ,549,13806,474,Robina Gulzar,
SKIP_EXISTING_BOOKING,2025-07-28,12:30:00-13:30:00,July 25 ,550,13806,604,Blossom Smith,
SKIP_CANCELLED_BOOKINGS,2025-07-28,14:15:00-15:15:00,July 25 ,551,13807,,,
SKIP_CANCELLED_BOOKINGS,2025-07-28,15:15:00-16:15:00,July 25 ,560,13808,,,
SKIP_REVIEW_BLOCKED_SLOT,2025-07-28,17:45:00-18:45:00,July 25 ,569,,,,Excluded from partial import because the preview contains REVIEW actions
INSERT_BOOKING,2025-07-29,07:15:00-08:00:00,July 25 ,578,13810,1261,Ali Shafaqat,Attended=No
SKIP_EXISTING_BOOKING,2025-07-29,07:15:00-08:00:00,July 25 ,579,13810,277,Zubair Khan,
SKIP_EXISTING_BOOKING,2025-07-29,07:15:00-08:00:00,July 25 ,580,13810,1149,Raja Ahmed,
INSERT_BOOKING,2025-07-29,09:30:00-10:30:00,July 25 ,587,13812,284,Nahedah Yunis,Attended=No
SKIP_EXISTING_BOOKING,2025-07-29,09:30:00-10:30:00,July 25 ,588,13812,140,Rashida Khatoon,
SKIP_EXISTING_BOOKING,2025-07-29,09:30:00-10:30:00,July 25 ,589,13812,296,Shafeen Akhtar,
SKIP_EXISTING_BOOKING,2025-07-29,09:30:00-10:30:00,July 25 ,590,13812,245,Fayaz Begum,
SKIP_EXISTING_BOOKING,2025-07-29,09:30:00-10:30:00,July 25 ,591,13812,1163,Mary Marimba,
SKIP_EXISTING_BOOKING,2025-07-29,09:30:00-10:30:00,July 25 ,592,13812,314,Najabat Bibi,
SKIP_EXISTING_BOOKING,2025-07-29,09:30:00-10:30:00,July 25 ,593,13812,207,Naheeda Gul,
SKIP_EXISTING_BOOKING,2025-07-29,09:30:00-10:30:00,July 25 ,594,13812,1256,Yasmin Khan,
SKIP_EXISTING_BOOKING,2025-07-29,09:30:00-10:30:00,July 25 ,595,13812,1263,Ghazala Bi,
SKIP_REVIEW_BLOCKED_SLOT,2025-07-29,12:00:00-13:00:00,July 25 ,596,,,,Excluded from partial import because the preview contains REVIEW actions
SKIP_REVIEW_BLOCKED_SLOT,2025-07-30,11:00:00-12:00:00,July 25 ,605,,,,Excluded from partial import because the preview contains REVIEW actions
SKIP_REVIEW_BLOCKED_SLOT,2025-07-31,10:30:00-11:30:00,July 25 ,614,,,,Excluded from partial import because the preview contains REVIEW actions
SKIP_REVIEW_BLOCKED_SLOT,2025-07-31,12:00:00-13:00:00,July 25 ,623,,,,Excluded from partial import because the preview contains REVIEW actions
INSERT_BOOKING,2025-08-01,10:30:00-11:30:00,August 25  ,3,13817,190,Suleman Muhammad,Attended=No
INSERT_BOOKING,2025-08-01,10:30:00-11:30:00,August 25  ,4,13817,1077,Sahira Parveen,Attended=No
SKIP_EXISTING_BOOKING,2025-08-01,10:30:00-11:30:00,August 25  ,5,13817,613,Murium Ishaq,
SKIP_EXISTING_BOOKING,2025-08-01,10:30:00-11:30:00,August 25  ,6,13817,418,Tillita Christie,
SKIP_EXISTING_BOOKING,2025-08-01,10:30:00-11:30:00,August 25  ,7,13817,468,fakhra ahmed,
SKIP_CANCELLED_BOOKINGS,2025-08-01,15:00:00-16:00:00,August 25  ,11,13818,,,
SKIP_REVIEW_BLOCKED_SLOT,2025-08-02,09:45:00-10:45:00,August 25  ,20,,,,Excluded from partial import because the preview contains REVIEW actions
SKIP_EXISTING_BOOKING,2025-08-02,11:00:00-12:00:00,August 25  ,30,13820,1146,Mohammed Nawaz,
SKIP_EXISTING_BOOKING,2025-08-02,11:00:00-12:00:00,August 25  ,31,13820,277,Zubair Khan,
SKIP_EXISTING_BOOKING,2025-08-02,11:00:00-12:00:00,August 25  ,32,13820,1142,Mohammed Mumtaz,
INSERT_BOOKING,2025-08-02,11:00:00-12:00:00,August 25  ,33,13820,1149,Raja Ahmed,Attended=No
INSERT_BOOKING,2025-08-02,11:00:00-12:00:00,August 25  ,34,13820,1203,Sabir Hussain,Attended=No
INSERT_BOOKING,2025-08-04,11:00:00-12:00:00,August 25  ,38,13821,159,Shabeena Kausar,Attended=No
INSERT_BOOKING,2025-08-04,11:00:00-12:00:00,August 25  ,40,13821,301,Insa Shaheen,Attended=No
INSERT_BOOKING,2025-08-04,11:00:00-12:00:00,August 25  ,41,13821,29,Yasmin Akhtar,Attended=No
SKIP_EXISTING_BOOKING,2025-08-04,11:00:00-12:00:00,August 25  ,42,13821,320,Nasreen Akhtar,
INSERT_BOOKING,2025-08-04,11:00:00-12:00:00,August 25  ,43,13821,1214,Yearun Nessa,Attended=No
SKIP_EXISTING_BOOKING,2025-08-04,11:00:00-12:00:00,August 25  ,44,13821,1038,Saima Ghani,
SKIP_EXISTING_BOOKING,2025-08-04,11:00:00-12:00:00,August 25  ,45,13821,1171,Fatima Mohammed,
SKIP_EXISTING_BOOKING,2025-08-04,11:00:00-12:00:00,August 25  ,46,13821,1263,Ghazala Bi,
SKIP_EXISTING_BOOKING,2025-08-04,12:30:00-13:30:00,August 25  ,47,13822,474,Robina Gulzar,
INSERT_BOOKING,2025-08-04,12:30:00-13:30:00,August 25  ,48,13822,604,Blossom Smith,Attended=No
SKIP_EXISTING_BOOKING,2025-08-04,12:30:00-13:30:00,August 25  ,49,13822,1227,Binesh Kiren,
SKIP_EXISTING_BOOKING,2025-08-04,12:30:00-13:30:00,August 25  ,50,13822,1228,Robina Khatoon,
SKIP_EXISTING_BOOKING,2025-08-04,12:30:00-13:30:00,August 25  ,51,13822,1235,Lynette Liburd,
SKIP_EXISTING_BOOKING,2025-08-04,12:30:00-13:30:00,August 25  ,52,13822,1238,Raheela Bibi,
SKIP_EXISTING_BOOKING,2025-08-04,12:30:00-13:30:00,August 25  ,53,13822,227,Shamim Akhtar,
SKIP_EXISTING_BOOKING,2025-08-04,12:30:00-13:30:00,August 25  ,54,13822,173,Janat Iqbal,
SKIP_EXISTING_BOOKING,2025-08-04,12:30:00-13:30:00,August 25  ,55,13822,1266,Shazia Akhtar,
SKIP_REVIEW_BLOCKED_SLOT,2025-08-04,14:15:00-15:15:00,August 25  ,56,,,,Excluded from partial import because the preview contains REVIEW actions
SKIP_REVIEW_BLOCKED_SLOT,2025-08-04,15:15:00-16:15:00,August 25  ,65,,,,Excluded from partial import because the preview contains REVIEW actions
INSERT_BOOKING,2025-08-04,17:45:00-18:45:00,August 25  ,74,13825,1161,Zarqa Shah,Attended=Blank
INSERT_BOOKING,2025-08-04,17:45:00-18:45:00,August 25  ,75,13825,1131,Shaheen Akhtar,Attended=Blank
SKIP_EXISTING_BOOKING,2025-08-04,17:45:00-18:45:00,August 25  ,77,13825,1244,Nazir Fatima,
INSERT_BOOKING,2025-08-05,07:15:00-08:00:00,August 25  ,83,13826,1261,Ali Shafaqat,Attended=No
INSERT_BOOKING,2025-08-05,07:15:00-08:00:00,August 25  ,84,13826,277,Zubair Khan,Attended=No
INSERT_BOOKING,2025-08-05,07:15:00-08:00:00,August 25  ,85,13826,1149,Raja Ahmed,Attended=No
SKIP_EXISTING_BOOKING,2025-08-05,07:15:00-08:00:00,August 25  ,86,13826,1172,Thomas Walker,
SKIP_EXISTING_BOOKING,2025-08-05,07:15:00-08:00:00,August 25  ,87,13826,1037,Mahesh Patel,
SKIP_EXISTING_BOOKING,2025-08-05,09:30:00-10:30:00,August 25  ,92,13827,296,Shafeen Akhtar,
SKIP_EXISTING_BOOKING,2025-08-05,09:30:00-10:30:00,August 25  ,93,13827,140,Rashida Khatoon,
SKIP_EXISTING_BOOKING,2025-08-05,09:30:00-10:30:00,August 25  ,94,13827,1163,Mary Marimba,
SKIP_EXISTING_BOOKING,2025-08-05,09:30:00-10:30:00,August 25  ,95,13827,207,Naheeda Gul,
INSERT_BOOKING,2025-08-05,09:30:00-10:30:00,August 25  ,96,13827,245,Fayaz Begum,Attended=No
INSERT_BOOKING,2025-08-05,09:30:00-10:30:00,August 25  ,97,13827,1256,Yasmin Khan,Attended=No
SKIP_EXISTING_BOOKING,2025-08-05,09:30:00-10:30:00,August 25  ,98,13827,1263,Ghazala Bi,
SKIP_EXISTING_BOOKING,2025-08-05,09:30:00-10:30:00,August 25  ,100,13827,604,Blossom Smith,
SKIP_REVIEW_BLOCKED_SLOT,2025-08-05,12:00:00-13:00:00,August 25  ,101,,,,Excluded from partial import because the preview contains REVIEW actions
SKIP_REVIEW_BLOCKED_SLOT,2025-08-06,11:00:00-12:00:00,August 25  ,110,,,,Excluded from partial import because the preview contains REVIEW actions
SKIP_REVIEW_BLOCKED_SLOT,2025-08-07,10:30:00-11:30:00,August 25  ,119,,,,Excluded from partial import because the preview contains REVIEW actions
SKIP_REVIEW_BLOCKED_SLOT,2025-08-07,12:00:00-13:00:00,August 25  ,128,,,,Excluded from partial import because the preview contains REVIEW actions
SKIP_REVIEW_BLOCKED_SLOT,2025-08-08,10:30:00-11:30:00,August 25  ,137,,,,Excluded from partial import because the preview contains REVIEW actions
INSERT_BOOKING,2025-08-08,14:00:00-15:00:00,August 25  ,149,13834,176,Noel Mcmanamon,Attended=No
SKIP_EXISTING_BOOKING,2025-08-08,14:00:00-15:00:00,August 25  ,150,13834,1111,Basharat Hussain,
SKIP_EXISTING_BOOKING,2025-08-08,14:00:00-15:00:00,August 25  ,151,13834,1172,Thomas Walker,
INSERT_BOOKING,2025-08-08,14:00:00-15:00:00,August 25  ,152,13834,1140,Mohnir Akhtar,Attended=No
INSERT_BOOKING,2025-08-08,14:00:00-15:00:00,August 25  ,153,13834,259,Abdul Majid,Attended=No
INSERT_BOOKING,2025-08-08,14:00:00-15:00:00,August 25  ,154,13834,1000,Sajjad Nawaz,Attended=No
SKIP_REVIEW_BLOCKED_SLOT,2025-08-08,15:00:00-16:00:00,August 25  ,155,,,,Excluded from partial import because the preview contains REVIEW actions
INSERT_BOOKING,2025-08-09,09:45:00-10:45:00,August 25  ,164,13836,1131,Shaheen Akhtar,Attended=No
SKIP_EXISTING_BOOKING,2025-08-09,09:45:00-10:45:00,August 25  ,165,13836,91,Rubina Amar,
SKIP_EXISTING_BOOKING,2025-08-09,09:45:00-10:45:00,August 25  ,166,13836,178,Munir Akhtar Hussain,
SKIP_EXISTING_BOOKING,2025-08-09,09:45:00-10:45:00,August 25  ,167,13836,1263,Ghazala Bi,
SKIP_EXISTING_BOOKING,2025-08-09,09:45:00-10:45:00,August 25  ,168,13836,224,Saida Sharif,
SKIP_EXISTING_BOOKING,2025-08-09,09:45:00-10:45:00,August 25  ,169,13836,300,Uzma Javid,
INSERT_BOOKING,2025-08-09,09:45:00-10:45:00,August 25  ,170,13836,1168,Yasmin Aslam,Attended=No
INSERT_BOOKING,2025-08-09,09:45:00-10:45:00,August 25  ,171,13836,182,Shakila Bibi,Attended=No
INSERT_BOOKING,2025-08-09,09:45:00-10:45:00,August 25  ,172,13836,1278,Jamir Bibi,Attended=No
SKIP_EXISTING_BOOKING,2025-08-09,11:00:00-12:00:00,August 25  ,173,13837,190,Suleman Muhammad,
SKIP_EXISTING_BOOKING,2025-08-09,11:00:00-12:00:00,August 25  ,174,13837,277,Zubair Khan,
INSERT_BOOKING,2025-08-09,11:00:00-12:00:00,August 25  ,175,13837,1142,Mohammed Mumtaz,Attended=No
INSERT_BOOKING,2025-08-09,11:00:00-12:00:00,August 25  ,176,13837,1146,Mohammed Nawaz,Attended=No
SKIP_EXISTING_BOOKING,2025-08-09,11:00:00-12:00:00,August 25  ,177,13837,1282,Zubair Ali,
SKIP_EXISTING_BOOKING,2025-08-09,11:00:00-12:00:00,August 25  ,178,13837,1149,Raja Ahmed,
SKIP_REVIEW_BLOCKED_SLOT,2025-08-12,07:15:00-08:00:00,August 25  ,182,,,,Excluded from partial import because the preview contains REVIEW actions
INSERT_BOOKING,2025-08-12,09:30:00-10:30:00,August 25  ,191,13839,207,Naheeda Gul,Attended=No
SKIP_EXISTING_BOOKING,2025-08-12,09:30:00-10:30:00,August 25  ,192,13839,1163,Mary Marimba,
SKIP_EXISTING_BOOKING,2025-08-12,09:30:00-10:30:00,August 25  ,193,13839,245,Fayaz Begum,
SKIP_EXISTING_BOOKING,2025-08-12,09:30:00-10:30:00,August 25  ,194,13839,314,Najabat Bibi,
SKIP_EXISTING_BOOKING,2025-08-12,09:30:00-10:30:00,August 25  ,195,13839,1263,Ghazala Bi,
INSERT_BOOKING,2025-08-12,09:30:00-10:30:00,August 25  ,196,13839,1276,Nighat Shaheen,Attended=No
SKIP_EXISTING_BOOKING,2025-08-12,09:30:00-10:30:00,August 25  ,197,13839,69,Ghulab Zara,
INSERT_BOOKING,2025-08-12,09:30:00-10:30:00,August 25  ,198,13839,474,Robina Gulzar,Attended=No
SKIP_EXISTING_BOOKING,2025-08-12,12:00:00-13:00:00,August 25  ,200,13840,100,Kaniz Bibi,
SKIP_EXISTING_BOOKING,2025-08-12,12:00:00-13:00:00,August 25  ,201,13840,1277,Sajida Ayub,
SKIP_EXISTING_BOOKING,2025-08-12,12:00:00-13:00:00,August 25  ,202,13840,1274,Asia Ayub,
INSERT_BOOKING,2025-08-12,12:00:00-13:00:00,August 25  ,203,13840,604,Blossom Smith,Attended=No
SKIP_EXISTING_BOOKING,2025-08-12,12:00:00-13:00:00,August 25  ,204,13840,1077,Sahira Parveen,
SKIP_EXISTING_BOOKING,2025-08-12,12:00:00-13:00:00,August 25  ,205,13840,312,Sultana Parveen,
SKIP_EXISTING_BOOKING,2025-08-12,12:00:00-13:00:00,August 25  ,206,13840,1135,Yasmeen Akhtar,
INSERT_BOOKING,2025-08-12,12:00:00-13:00:00,August 25  ,207,13840,1009,Rayna Begum,Attended=No
SKIP_EXISTING_BOOKING,2025-08-12,12:00:00-13:00:00,August 25  ,208,13840,1271,Naheed Sherawan,
SKIP_EXISTING_BOOKING,2025-08-13,11:00:00-12:00:00,August 25  ,209,13841,204,Tyra Rehman,
SKIP_REVIEW_BLOCKED_SLOT,2025-08-14,10:30:00-11:30:00,August 25  ,218,,,,Excluded from partial import because the preview contains REVIEW actions
SKIP_REVIEW_BLOCKED_SLOT,2025-08-14,12:00:00-13:00:00,August 25  ,227,,,,Excluded from partial import because the preview contains REVIEW actions
SKIP_REVIEW_BLOCKED_SLOT,2025-08-15,10:30:00-11:30:00,August 25  ,236,,,,Excluded from partial import because the preview contains REVIEW actions
INSERT_BOOKING,2025-08-15,15:00:00-16:00:00,August 25  ,245,13845,1149,Raja Ahmed,Attended=Blank
SKIP_EXISTING_BOOKING,2025-08-16,09:45:00-10:45:00,August 25  ,254,13846,1131,Shaheen Akhtar,
INSERT_BOOKING,2025-08-16,09:45:00-10:45:00,August 25  ,255,13846,1263,Ghazala Bi,Attended=No
SKIP_EXISTING_BOOKING,2025-08-16,09:45:00-10:45:00,August 25  ,256,13846,178,Munir Akhtar Hussain,
INSERT_BOOKING,2025-08-16,09:45:00-10:45:00,August 25  ,257,13846,300,Uzma Javid,Attended=No
SKIP_EXISTING_BOOKING,2025-08-16,09:45:00-10:45:00,August 25  ,258,13846,224,Saida Sharif,
SKIP_EXISTING_BOOKING,2025-08-16,09:45:00-10:45:00,August 25  ,259,13846,13,Sughra Begum,
SKIP_EXISTING_BOOKING,2025-08-16,09:45:00-10:45:00,August 25  ,261,13846,91,Rubina Amar,
INSERT_BOOKING,2025-08-16,09:45:00-10:45:00,August 25  ,262,13846,1077,Sahira Parveen,Attended=No
SKIP_EXISTING_BOOKING,2025-08-16,11:00:00-12:00:00,August 25  ,263,13847,190,Suleman Muhammad,
SKIP_EXISTING_BOOKING,2025-08-16,11:00:00-12:00:00,August 25  ,264,13847,277,Zubair Khan,
SKIP_EXISTING_BOOKING,2025-08-16,11:00:00-12:00:00,August 25  ,265,13847,1149,Raja Ahmed,
INSERT_BOOKING,2025-08-16,11:00:00-12:00:00,August 25  ,266,13847,1282,Zubair Ali,Attended=Blank
SKIP_CANCELLED_BOOKINGS,2026-01-10,09:45:00-10:45:00,2026,2,14071,,,
SKIP_CANCELLED_BOOKINGS,2026-01-10,11:00:00-12:00:00,2026,11,14072,,,
SKIP_REVIEW_BLOCKED_SLOT,2026-01-12,11:00:00-12:00:00,2026,20,,,,Excluded from partial import because the preview contains REVIEW actions
SKIP_REVIEW_BLOCKED_SLOT,2026-01-12,12:30:00-13:30:00,2026,29,,,,Excluded from partial import because the preview contains REVIEW actions
SKIP_REVIEW_BLOCKED_SLOT,2026-01-12,15:00:00-16:00:00,2026,38,,,,Excluded from partial import because the preview contains REVIEW actions
SKIP_REVIEW_BLOCKED_SLOT,2026-01-13,09:30:00-10:30:00,2026,47,,,,Excluded from partial import because the preview contains REVIEW actions
SKIP_REVIEW_BLOCKED_SLOT,2026-01-13,12:00:00-13:00:00,2026,56,,,,Excluded from partial import because the preview contains REVIEW actions
SKIP_REVIEW_BLOCKED_SLOT,2026-01-14,11:00:00-12:00:00,2026,65,,,,Excluded from partial import because the preview contains REVIEW actions
SKIP_REVIEW_BLOCKED_SLOT,2026-01-15,10:30:00-11:30:00,2026,74,,,,Excluded from partial import because the preview contains REVIEW actions
SKIP_REVIEW_BLOCKED_SLOT,2026-01-15,12:00:00-13:00:00,2026,83,,,,Excluded from partial import because the preview contains REVIEW actions
SKIP_REVIEW_BLOCKED_SLOT,2026-01-16,10:30:00-11:30:00,2026,92,,,,Excluded from partial import because the preview contains REVIEW actions
SKIP_REVIEW_BLOCKED_SLOT,2026-01-16,15:00:00-16:00:00,2026,101,,,,Excluded from partial import because the preview contains REVIEW actions
SKIP_REVIEW_BLOCKED_SLOT,2026-01-17,09:45:00-10:45:00,2026,110,,,,Excluded from partial import because the preview contains REVIEW actions
SKIP_REVIEW_BLOCKED_SLOT,2026-01-17,11:00:00-12:00:00,2026,119,,,,Excluded from partial import because the preview contains REVIEW actions
SKIP_REVIEW_BLOCKED_SLOT,2026-01-19,11:00:00-12:00:00,2026,128,,,,Excluded from partial import because the preview contains REVIEW actions
SKIP_REVIEW_BLOCKED_SLOT,2026-01-19,12:30:00-13:30:00,2026,137,,,,Excluded from partial import because the preview contains REVIEW actions
SKIP_REVIEW_BLOCKED_SLOT,2026-01-19,15:00:00-16:00:00,2026,146,,,,Excluded from partial import because the preview contains REVIEW actions
SKIP_REVIEW_BLOCKED_SLOT,2026-01-20,09:30:00-10:30:00,2026,155,,,,Excluded from partial import because the preview contains REVIEW actions
SKIP_REVIEW_BLOCKED_SLOT,2026-01-20,12:00:00-13:00:00,2026,164,,,,Excluded from partial import because the preview contains REVIEW actions
SKIP_REVIEW_BLOCKED_SLOT,2026-01-21,11:00:00-12:00:00,2026,173,,,,Excluded from partial import because the preview contains REVIEW actions
SKIP_REVIEW_BLOCKED_SLOT,2026-01-22,10:30:00-11:30:00,2026,182,,,,Excluded from partial import because the preview contains REVIEW actions
SKIP_REVIEW_BLOCKED_SLOT,2026-01-22,12:00:00-13:00:00,2026,191,,,,Excluded from partial import because the preview contains REVIEW actions
SKIP_REVIEW_BLOCKED_SLOT,2026-01-23,10:30:00-11:30:00,2026,200,,,,Excluded from partial import because the preview contains REVIEW actions
SKIP_REVIEW_BLOCKED_SLOT,2026-01-23,15:00:00-16:00:00,2026,209,,,,Excluded from partial import because the preview contains REVIEW actions
SKIP_REVIEW_BLOCKED_SLOT,2026-01-24,09:45:00-10:45:00,2026,218,,,,Excluded from partial import because the preview contains REVIEW actions
SKIP_REVIEW_BLOCKED_SLOT,2026-01-24,11:00:00-12:00:00,2026,227,,,,Excluded from partial import because the preview contains REVIEW actions
SKIP_REVIEW_BLOCKED_SLOT,2026-01-26,11:00:00-12:00:00,2026,236,,,,Excluded from partial import because the preview contains REVIEW actions
SKIP_REVIEW_BLOCKED_SLOT,2026-01-26,12:30:00-13:30:00,2026,245,,,,Excluded from partial import because the preview contains REVIEW actions
SKIP_REVIEW_BLOCKED_SLOT,2026-01-26,15:00:00-16:00:00,2026,254,,,,Excluded from partial import because the preview contains REVIEW actions
SKIP_REVIEW_BLOCKED_SLOT,2026-01-27,09:30:00-10:30:00,2026,263,,,,Excluded from partial import because the preview contains REVIEW actions
SKIP_REVIEW_BLOCKED_SLOT,2026-01-27,12:00:00-13:00:00,2026,272,,,,Excluded from partial import because the preview contains REVIEW actions
SKIP_REVIEW_BLOCKED_SLOT,2026-01-28,11:00:00-12:00:00,2026,281,,,,Excluded from partial import because the preview contains REVIEW actions
SKIP_REVIEW_BLOCKED_SLOT,2026-01-29,10:30:00-11:30:00,2026,290,,,,Excluded from partial import because the preview contains REVIEW actions
SKIP_REVIEW_BLOCKED_SLOT,2026-01-29,12:00:00-13:00:00,2026,299,,,,Excluded from partial import because the preview contains REVIEW actions
SKIP_REVIEW_BLOCKED_SLOT,2026-01-30,10:30:00-11:30:00,2026,308,,,,Excluded from partial import because the preview contains REVIEW actions
SKIP_REVIEW_BLOCKED_SLOT,2026-01-30,15:00:00-16:00:00,2026,317,,,,Excluded from partial import because the preview contains REVIEW actions
SKIP_REVIEW_BLOCKED_SLOT,2026-01-31,09:45:00-10:45:00,2026,326,,,,Excluded from partial import because the preview contains REVIEW actions
SKIP_REVIEW_BLOCKED_SLOT,2026-01-31,11:00:00-12:00:00,2026,335,,,,Excluded from partial import because the preview contains REVIEW actions
SKIP_REVIEW_BLOCKED_SLOT,2026-02-02,11:00:00-12:00:00,2026,344,,,,Excluded from partial import because the preview contains REVIEW actions
SKIP_REVIEW_BLOCKED_SLOT,2026-02-02,12:30:00-13:30:00,2026,353,,,,Excluded from partial import because the preview contains REVIEW actions
SKIP_REVIEW_BLOCKED_SLOT,2026-02-02,14:00:00-15:00:00,2026,362,,,,Excluded from partial import because the preview contains REVIEW actions
SKIP_REVIEW_BLOCKED_SLOT,2026-02-03,12:00:00-13:00:00,2026,380,,,,Excluded from partial import because the preview contains REVIEW actions
SKIP_REVIEW_BLOCKED_SLOT,2026-02-04,11:00:00-12:00:00,2026,389,,,,Excluded from partial import because the preview contains REVIEW actions
SKIP_REVIEW_BLOCKED_SLOT,2026-02-05,10:30:00-11:30:00,2026,398,,,,Excluded from partial import because the preview contains REVIEW actions
SKIP_REVIEW_BLOCKED_SLOT,2026-02-05,12:00:00-13:00:00,2026,407,,,,Excluded from partial import because the preview contains REVIEW actions
SKIP_REVIEW_BLOCKED_SLOT,2026-02-06,10:30:00-11:30:00,2026,416,,,,Excluded from partial import because the preview contains REVIEW actions
SKIP_REVIEW_BLOCKED_SLOT,2026-02-06,15:00:00-16:00:00,2026,425,,,,Excluded from partial import because the preview contains REVIEW actions
SKIP_REVIEW_BLOCKED_SLOT,2026-02-07,09:45:00-10:45:00,2026,434,,,,Excluded from partial import because the preview contains REVIEW actions
SKIP_REVIEW_BLOCKED_SLOT,2026-02-07,11:00:00-12:00:00,2026,443,,,,Excluded from partial import because the preview contains REVIEW actions
SKIP_REVIEW_BLOCKED_SLOT,2026-02-09,11:00:00-12:00:00,2026,452,,,,Excluded from partial import because the preview contains REVIEW actions
SKIP_REVIEW_BLOCKED_SLOT,2026-02-09,12:30:00-13:30:00,2026,461,,,,Excluded from partial import because the preview contains REVIEW actions
SKIP_REVIEW_BLOCKED_SLOT,2026-02-09,14:00:00-15:00:00,2026,470,,,,Excluded from partial import because the preview contains REVIEW actions
SKIP_REVIEW_BLOCKED_SLOT,2026-02-10,09:30:00-10:30:00,2026,479,,,,Excluded from partial import because the preview contains REVIEW actions
SKIP_REVIEW_BLOCKED_SLOT,2026-02-10,12:00:00-13:00:00,2026,488,,,,Excluded from partial import because the preview contains REVIEW actions
SKIP_REVIEW_BLOCKED_SLOT,2026-02-11,11:00:00-12:00:00,2026,497,,,,Excluded from partial import because the preview contains REVIEW actions
SKIP_REVIEW_BLOCKED_SLOT,2026-02-12,10:30:00-11:30:00,2026,506,,,,Excluded from partial import because the preview contains REVIEW actions
SKIP_REVIEW_BLOCKED_SLOT,2026-02-12,12:00:00-13:00:00,2026,515,,,,Excluded from partial import because the preview contains REVIEW actions
SKIP_REVIEW_BLOCKED_SLOT,2026-02-13,10:30:00-11:30:00,2026,524,,,,Excluded from partial import because the preview contains REVIEW actions
SKIP_REVIEW_BLOCKED_SLOT,2026-02-13,15:00:00-16:00:00,2026,533,,,,Excluded from partial import because the preview contains REVIEW actions
SKIP_REVIEW_BLOCKED_SLOT,2026-02-14,09:45:00-10:45:00,2026,542,,,,Excluded from partial import because the preview contains REVIEW actions
SKIP_REVIEW_BLOCKED_SLOT,2026-02-14,11:00:00-12:00:00,2026,551,,,,Excluded from partial import because the preview contains REVIEW actions
SKIP_REVIEW_BLOCKED_SLOT,2026-02-16,11:00:00-12:00:00,2026,560,,,,Excluded from partial import because the preview contains REVIEW actions
SKIP_REVIEW_BLOCKED_SLOT,2026-02-16,12:30:00-13:30:00,2026,569,,,,Excluded from partial import because the preview contains REVIEW actions
SKIP_REVIEW_BLOCKED_SLOT,2026-02-16,14:00:00-16:00:00,2026,578,,,,Excluded from partial import because the preview contains REVIEW actions
SKIP_REVIEW_BLOCKED_SLOT,2026-02-17,09:30:00-10:30:00,2026,587,,,,Excluded from partial import because the preview contains REVIEW actions
SKIP_REVIEW_BLOCKED_SLOT,2026-02-17,12:00:00-13:00:00,2026,596,,,,Excluded from partial import because the preview contains REVIEW actions
SKIP_REVIEW_BLOCKED_SLOT,2026-02-18,11:00:00-12:00:00,2026,605,,,,Excluded from partial import because the preview contains REVIEW actions
SKIP_REVIEW_BLOCKED_SLOT,2026-02-19,10:30:00-11:30:00,2026,614,,,,Excluded from partial import because the preview contains REVIEW actions
SKIP_REVIEW_BLOCKED_SLOT,2026-02-19,12:00:00-13:00:00,2026,623,,,,Excluded from partial import because the preview contains REVIEW actions
SKIP_REVIEW_BLOCKED_SLOT,2026-02-20,10:30:00-11:30:00,2026,632,,,,Excluded from partial import because the preview contains REVIEW actions
SKIP_REVIEW_BLOCKED_SLOT,2026-02-20,15:00:00-16:00:00,2026,641,,,,Excluded from partial import because the preview contains REVIEW actions
SKIP_REVIEW_BLOCKED_SLOT,2026-02-21,09:45:00-10:45:00,2026,650,,,,Excluded from partial import because the preview contains REVIEW actions
SKIP_REVIEW_BLOCKED_SLOT,2026-02-21,11:00:00-12:00:00,2026,659,,,,Excluded from partial import because the preview contains REVIEW actions
SKIP_REVIEW_BLOCKED_SLOT,2026-02-23,11:00:00-12:00:00,2026,668,,,,Excluded from partial import because the preview contains REVIEW actions
SKIP_REVIEW_BLOCKED_SLOT,2026-02-23,12:30:00-13:30:00,2026,677,,,,Excluded from partial import because the preview contains REVIEW actions
SKIP_REVIEW_BLOCKED_SLOT,2026-02-23,14:00:00-16:00:00,2026,686,,,,Excluded from partial import because the preview contains REVIEW actions
SKIP_REVIEW_BLOCKED_SLOT,2026-02-24,09:30:00-10:30:00,2026,695,,,,Excluded from partial import because the preview contains REVIEW actions
SKIP_REVIEW_BLOCKED_SLOT,2026-02-24,12:00:00-13:00:00,2026,704,,,,Excluded from partial import because the preview contains REVIEW actions
SKIP_REVIEW_BLOCKED_SLOT,2026-02-25,11:00:00-12:00:00,2026,713,,,,Excluded from partial import because the preview contains REVIEW actions
SKIP_REVIEW_BLOCKED_SLOT,2026-02-26,10:30:00-11:30:00,2026,722,,,,Excluded from partial import because the preview contains REVIEW actions
SKIP_REVIEW_BLOCKED_SLOT,2026-02-26,12:00:00-13:00:00,2026,731,,,,Excluded from partial import because the preview contains REVIEW actions
SKIP_REVIEW_BLOCKED_SLOT,2026-02-27,10:30:00-11:30:00,2026,740,,,,Excluded from partial import because the preview contains REVIEW actions
SKIP_REVIEW_BLOCKED_SLOT,2026-02-27,15:00:00-16:00:00,2026,749,,,,Excluded from partial import because the preview contains REVIEW actions
SKIP_REVIEW_BLOCKED_SLOT,2026-02-28,09:45:00-10:45:00,2026,758,,,,Excluded from partial import because the preview contains REVIEW actions
SKIP_REVIEW_BLOCKED_SLOT,2026-02-28,11:00:00-12:00:00,2026,767,,,,Excluded from partial import because the preview contains REVIEW actions
SKIP_REVIEW_BLOCKED_SLOT,2026-03-02,11:00:00-12:00:00,2026,776,,,,Excluded from partial import because the preview contains REVIEW actions
SKIP_REVIEW_BLOCKED_SLOT,2026-03-02,12:30:00-13:30:00,2026,785,,,,Excluded from partial import because the preview contains REVIEW actions
SKIP_REVIEW_BLOCKED_SLOT,2026-03-03,09:30:00-10:30:00,2026,803,,,,Excluded from partial import because the preview contains REVIEW actions
SKIP_REVIEW_BLOCKED_SLOT,2026-03-03,12:00:00-13:00:00,2026,812,,,,Excluded from partial import because the preview contains REVIEW actions
SKIP_REVIEW_BLOCKED_SLOT,2026-03-04,11:00:00-12:00:00,2026,821,,,,Excluded from partial import because the preview contains REVIEW actions
SKIP_REVIEW_BLOCKED_SLOT,2026-03-05,10:30:00-11:30:00,2026,830,,,,Excluded from partial import because the preview contains REVIEW actions
SKIP_REVIEW_BLOCKED_SLOT,2026-03-05,12:00:00-13:00:00,2026,839,,,,Excluded from partial import because the preview contains REVIEW actions
SKIP_REVIEW_BLOCKED_SLOT,2026-03-06,10:30:00-11:30:00,2026,848,,,,Excluded from partial import because the preview contains REVIEW actions
SKIP_REVIEW_BLOCKED_SLOT,2026-03-06,15:00:00-16:00:00,2026,857,,,,Excluded from partial import because the preview contains REVIEW actions
SKIP_REVIEW_BLOCKED_SLOT,2026-03-07,09:45:00-10:45:00,2026,866,,,,Excluded from partial import because the preview contains REVIEW actions
SKIP_REVIEW_BLOCKED_SLOT,2026-03-07,11:00:00-12:00:00,2026,875,,,,Excluded from partial import because the preview contains REVIEW actions
SKIP_REVIEW_BLOCKED_SLOT,2026-03-09,11:00:00-12:00:00,2026,884,,,,Excluded from partial import because the preview contains REVIEW actions
SKIP_REVIEW_BLOCKED_SLOT,2026-03-09,12:30:00-13:30:00,2026,893,,,,Excluded from partial import because the preview contains REVIEW actions
SKIP_REVIEW_BLOCKED_SLOT,2026-03-09,14:00:00-16:00:00,2026,902,,,,Excluded from partial import because the preview contains REVIEW actions
SKIP_REVIEW_BLOCKED_SLOT,2026-03-10,09:30:00-10:30:00,2026,911,,,,Excluded from partial import because the preview contains REVIEW actions
SKIP_REVIEW_BLOCKED_SLOT,2026-03-10,12:00:00-13:00:00,2026,920,,,,Excluded from partial import because the preview contains REVIEW actions
SKIP_REVIEW_BLOCKED_SLOT,2026-03-11,11:00:00-12:00:00,2026,929,,,,Excluded from partial import because the preview contains REVIEW actions
SKIP_REVIEW_BLOCKED_SLOT,2026-03-12,10:30:00-11:30:00,2026,938,,,,Excluded from partial import because the preview contains REVIEW actions
SKIP_REVIEW_BLOCKED_SLOT,2026-03-12,12:00:00-13:00:00,2026,947,,,,Excluded from partial import because the preview contains REVIEW actions
SKIP_REVIEW_BLOCKED_SLOT,2026-03-13,10:30:00-11:30:00,2026,956,,,,Excluded from partial import because the preview contains REVIEW actions
SKIP_REVIEW_BLOCKED_SLOT,2026-03-13,15:00:00-16:00:00,2026,965,,,,Excluded from partial import because the preview contains REVIEW actions
SKIP_REVIEW_BLOCKED_SLOT,2026-03-14,09:45:00-10:45:00,2026,974,,,,Excluded from partial import because the preview contains REVIEW actions
SKIP_REVIEW_BLOCKED_SLOT,2026-03-14,11:00:00-12:00:00,2026,983,,,,Excluded from partial import because the preview contains REVIEW actions
SKIP_CANCELLED_BOOKINGS,2026-03-16,11:00:00-12:00:00,2026,992,14179,,,
SKIP_CANCELLED_BOOKINGS,2026-03-16,12:30:00-13:30:00,2026,1001,14180,,,
SKIP_CANCELLED_BOOKINGS,2026-03-16,14:00:00-16:00:00,2026,1010,14181,,,
SKIP_REVIEW_BLOCKED_SLOT,2026-03-17,09:30:00-10:30:00,2026,1019,,,,Excluded from partial import because the preview contains REVIEW actions
SKIP_REVIEW_BLOCKED_SLOT,2026-03-17,12:00:00-13:00:00,2026,1028,,,,Excluded from partial import because the preview contains REVIEW actions
SKIP_REVIEW_BLOCKED_SLOT,2026-03-18,11:00:00-12:00:00,2026,1037,,,,Excluded from partial import because the preview contains REVIEW actions
SKIP_REVIEW_BLOCKED_SLOT,2026-03-19,10:30:00-11:30:00,2026,1046,,,,Excluded from partial import because the preview contains REVIEW actions
SKIP_REVIEW_BLOCKED_SLOT,2026-03-19,12:00:00-13:00:00,2026,1055,,,,Excluded from partial import because the preview contains REVIEW actions
SKIP_CANCELLED_BOOKINGS,2026-03-20,10:30:00-11:30:00,2026,1064,14187,,,
SKIP_CANCELLED_BOOKINGS,2026-03-20,15:00:00-16:00:00,2026,1073,14188,,,
SKIP_CANCELLED_BOOKINGS,2026-03-21,09:45:00-10:45:00,2026,1082,14189,,,
SKIP_CANCELLED_BOOKINGS,2026-03-21,11:00:00-12:00:00,2026,1091,14190,,,
SKIP_REVIEW_BLOCKED_SLOT,2026-03-23,11:00:00-12:00:00,2026,1100,,,,Excluded from partial import because the preview contains REVIEW actions
SKIP_REVIEW_BLOCKED_SLOT,2026-03-23,12:30:00-13:30:00,2026,1109,,,,Excluded from partial import because the preview contains REVIEW actions
SKIP_REVIEW_BLOCKED_SLOT,2026-03-23,14:00:00-16:00:00,2026,1118,,,,Excluded from partial import because the preview contains REVIEW actions
CREATE_LITE_MEMBER,2026-03-23,15:00:00-16:00:00,2026,1128,,,Abdul Majid,MembershipId=LITE-1158
INSERT_BOOKING,2026-03-23,15:00:00-16:00:00,2026,1128,14194,,Abdul Majid,Attended=Blank
SKIP_REVIEW_BLOCKED_SLOT,2026-03-24,09:30:00-10:30:00,2026,1136,,,,Excluded from partial import because the preview contains REVIEW actions
SKIP_REVIEW_BLOCKED_SLOT,2026-03-24,12:00:00-13:00:00,2026,1145,,,,Excluded from partial import because the preview contains REVIEW actions
SKIP_REVIEW_BLOCKED_SLOT,2026-03-25,11:00:00-12:00:00,2026,1154,,,,Excluded from partial import because the preview contains REVIEW actions
SKIP_REVIEW_BLOCKED_SLOT,2026-03-26,12:00:00-13:00:00,2026,1172,,,,Excluded from partial import because the preview contains REVIEW actions
SKIP_REVIEW_BLOCKED_SLOT,2026-03-26,17:00:00-18:00:00,2026,1190,,,,Excluded from partial import because the preview contains REVIEW actions
INSERT_BOOKING,2026-03-27,09:30:00-10:30:00,2026,1199,14202,,Abdul Majid,Attended=Blank
SKIP_REVIEW_BLOCKED_SLOT,2026-03-27,15:00:00-16:00:00,2026,1217,,,,Excluded from partial import because the preview contains REVIEW actions
SKIP_REVIEW_BLOCKED_SLOT,2026-03-28,09:45:00-10:45:00,2026,1226,,,,Excluded from partial import because the preview contains REVIEW actions
SKIP_REVIEW_BLOCKED_SLOT,2026-03-28,11:00:00-12:00:00,2026,1235,,,,Excluded from partial import because the preview contains REVIEW actions
SKIP_REVIEW_BLOCKED_SLOT,2026-03-30,11:00:00-12:00:00,2026,1244,,,,Excluded from partial import because the preview contains REVIEW actions
SKIP_REVIEW_BLOCKED_SLOT,2026-03-30,12:30:00-13:30:00,2026,1253,,,,Excluded from partial import because the preview contains REVIEW actions
SKIP_REVIEW_BLOCKED_SLOT,2026-03-30,14:00:00-15:00:00,2026,1262,,,,Excluded from partial import because the preview contains REVIEW actions
SKIP_REVIEW_BLOCKED_SLOT,2026-03-30,15:00:00-16:00:00,2026,1271,,,,Excluded from partial import because the preview contains REVIEW actions
SKIP_REVIEW_BLOCKED_SLOT,2026-03-31,09:30:00-10:30:00,2026,1280,,,,Excluded from partial import because the preview contains REVIEW actions
SKIP_REVIEW_BLOCKED_SLOT,2026-03-31,12:00:00-13:00:00,2026,1289,,,,Excluded from partial import because the preview contains REVIEW actions
SKIP_REVIEW_BLOCKED_SLOT,2026-04-01,11:00:00-12:00:00,2026,1298,,,,Excluded from partial import because the preview contains REVIEW actions
SKIP_REVIEW_BLOCKED_SLOT,2026-04-02,12:00:00-13:00:00,2026,1316,,,,Excluded from partial import because the preview contains REVIEW actions
SKIP_REVIEW_BLOCKED_SLOT,2026-04-02,14:30:00-15:30:00,2026,1325,,,,Excluded from partial import because the preview contains REVIEW actions
SKIP_REVIEW_BLOCKED_SLOT,2026-04-02,17:00:00-18:00:00,2026,1334,,,,Excluded from partial import because the preview contains REVIEW actions
SKIP_CANCELLED_BOOKINGS,2026-04-03,09:30:00-10:30:00,2026,1343,14217,,,
SKIP_CANCELLED_BOOKINGS,2026-04-03,10:30:00-11:30:00,2026,1352,14218,,,
SKIP_CANCELLED_BOOKINGS,2026-04-03,15:00:00-16:00:00,2026,1361,14219,,,
CREATE_LITE_MEMBER,2026-04-04,09:45:00-10:45:00,2026,1370,,,Saila Azam,MembershipId=LITE-1159
INSERT_BOOKING,2026-04-04,09:45:00-10:45:00,2026,1370,14220,,Saila Azam,Attended=Blank
CREATE_LITE_MEMBER,2026-04-04,09:45:00-10:45:00,2026,1371,,,Shaheen Akhtar,MembershipId=LITE-1160
INSERT_BOOKING,2026-04-04,09:45:00-10:45:00,2026,1371,14220,,Shaheen Akhtar,Attended=Blank
CREATE_LITE_MEMBER,2026-04-04,09:45:00-10:45:00,2026,1372,,,Abida Khalid,MembershipId=LITE-1161
INSERT_BOOKING,2026-04-04,09:45:00-10:45:00,2026,1372,14220,,Abida Khalid,Attended=Blank
CREATE_LITE_MEMBER,2026-04-04,09:45:00-10:45:00,2026,1373,,,Baheshta Miakhel,MembershipId=LITE-1162
INSERT_BOOKING,2026-04-04,09:45:00-10:45:00,2026,1373,14220,,Baheshta Miakhel,Attended=Blank
CREATE_LITE_MEMBER,2026-04-04,09:45:00-10:45:00,2026,1374,,,Saida Sharif,MembershipId=LITE-1163
INSERT_BOOKING,2026-04-04,09:45:00-10:45:00,2026,1374,14220,,Saida Sharif,Attended=Blank
CREATE_LITE_MEMBER,2026-04-04,09:45:00-10:45:00,2026,1375,,,Rubina Amar,MembershipId=LITE-1164
INSERT_BOOKING,2026-04-04,09:45:00-10:45:00,2026,1375,14220,,Rubina Amar,Attended=Blank
INSERT_BOOKING,2026-04-04,09:45:00-10:45:00,2026,1376,14220,,Amtal Rehman,Attended=Blank
INSERT_BOOKING,2026-04-04,09:45:00-10:45:00,2026,1377,14220,,Sajida Mahmood,Attended=Blank
CREATE_LITE_MEMBER,2026-04-04,11:00:00-12:00:00,2026,1379,,,Shah Nawaz,MembershipId=LITE-1165
INSERT_BOOKING,2026-04-04,11:00:00-12:00:00,2026,1379,14221,,Shah Nawaz,Attended=Blank
CREATE_LITE_MEMBER,2026-04-04,11:00:00-12:00:00,2026,1380,,,Mohammad Asghar,MembershipId=LITE-1166
INSERT_BOOKING,2026-04-04,11:00:00-12:00:00,2026,1380,14221,,Mohammad Asghar,Attended=Blank
CREATE_LITE_MEMBER,2026-04-04,11:00:00-12:00:00,2026,1381,,,Mohammed Fazal,MembershipId=LITE-1167
INSERT_BOOKING,2026-04-04,11:00:00-12:00:00,2026,1381,14221,,Mohammed Fazal,Attended=Blank
CREATE_LITE_MEMBER,2026-04-04,11:00:00-12:00:00,2026,1382,,,Shahban Khan,MembershipId=LITE-1168
INSERT_BOOKING,2026-04-04,11:00:00-12:00:00,2026,1382,14221,,Shahban Khan,Attended=Blank
CREATE_LITE_MEMBER,2026-04-04,11:00:00-12:00:00,2026,1383,,,Mohammed Sajid,MembershipId=LITE-1169
INSERT_BOOKING,2026-04-04,11:00:00-12:00:00,2026,1383,14221,,Mohammed Sajid,Attended=Blank
CREATE_LITE_MEMBER,2026-04-04,11:00:00-12:00:00,2026,1384,,,Mohammed Mumtaz,MembershipId=LITE-1170
INSERT_BOOKING,2026-04-04,11:00:00-12:00:00,2026,1384,14221,,Mohammed Mumtaz,Attended=Blank
CREATE_LITE_MEMBER,2026-04-04,11:00:00-12:00:00,2026,1385,,,Qamar Zaman,MembershipId=LITE-1171
INSERT_BOOKING,2026-04-04,11:00:00-12:00:00,2026,1385,14221,,Qamar Zaman,Attended=Blank
SKIP_CANCELLED_BOOKINGS,2026-04-06,11:00:00-12:00:00,2026,1388,14222,,,
SKIP_CANCELLED_BOOKINGS,2026-04-06,12:30:00-13:30:00,2026,1397,14223,,,
SKIP_CANCELLED_BOOKINGS,2026-04-06,14:00:00-15:00:00,2026,1406,14224,,,
SKIP_CANCELLED_BOOKINGS,2026-04-06,15:00:00-16:00:00,2026,1415,14225,,,
SKIP_REVIEW_BLOCKED_SLOT,2026-04-07,09:30:00-10:30:00,2026,1424,,,,Excluded from partial import because the preview contains REVIEW actions
SKIP_REVIEW_BLOCKED_SLOT,2026-04-07,12:00:00-13:00:00,2026,1433,,,,Excluded from partial import because the preview contains REVIEW actions
SKIP_REVIEW_BLOCKED_SLOT,2026-04-08,11:00:00-12:00:00,2026,1442,,,,Excluded from partial import because the preview contains REVIEW actions
SKIP_REVIEW_BLOCKED_SLOT,2026-04-09,12:00:00-13:00:00,2026,1460,,,,Excluded from partial import because the preview contains REVIEW actions
SKIP_REVIEW_BLOCKED_SLOT,2026-04-09,14:30:00-15:30:00,2026,1469,,,,Excluded from partial import because the preview contains REVIEW actions
SKIP_REVIEW_BLOCKED_SLOT,2026-04-09,17:00:00-18:00:00,2026,1478,,,,Excluded from partial import because the preview contains REVIEW actions
INSERT_BOOKING,2026-04-10,09:30:00-10:30:00,2026,1487,14233,,Abdul Majid,Attended=Blank
INSERT_BOOKING,2026-04-10,09:30:00-10:30:00,2026,1488,14233,,Mansoor Malik,Attended=Blank
CREATE_LITE_MEMBER,2026-04-10,09:30:00-10:30:00,2026,1489,,,Suleman Mohammad,MembershipId=LITE-1172
INSERT_BOOKING,2026-04-10,09:30:00-10:30:00,2026,1489,14233,,Suleman Mohammad,Attended=Blank
SKIP_REVIEW_BLOCKED_SLOT,2026-04-10,10:30:00-11:30:00,2026,1496,,,,Excluded from partial import because the preview contains REVIEW actions
SKIP_REVIEW_BLOCKED_SLOT,2026-04-10,15:00:00-16:00:00,2026,1505,,,,Excluded from partial import because the preview contains REVIEW actions
SKIP_REVIEW_BLOCKED_SLOT,2026-04-11,09:45:00-10:45:00,2026,1514,,,,Excluded from partial import because the preview contains REVIEW actions
SKIP_REVIEW_BLOCKED_SLOT,2026-04-11,11:00:00-12:00:00,2026,1523,,,,Excluded from partial import because the preview contains REVIEW actions
SKIP_REVIEW_BLOCKED_SLOT,2026-04-13,11:00:00-12:00:00,2026,1532,,,,Excluded from partial import because the preview contains REVIEW actions
SKIP_REVIEW_BLOCKED_SLOT,2026-04-13,12:30:00-13:30:00,2026,1541,,,,Excluded from partial import because the preview contains REVIEW actions
SKIP_REVIEW_BLOCKED_SLOT,2026-04-13,14:00:00-15:00:00,2026,1550,,,,Excluded from partial import because the preview contains REVIEW actions
SKIP_REVIEW_BLOCKED_SLOT,2026-04-13,15:00:00-16:00:00,2026,1559,,,,Excluded from partial import because the preview contains REVIEW actions
SKIP_REVIEW_BLOCKED_SLOT,2026-04-14,09:30:00-10:30:00,2026,1568,,,,Excluded from partial import because the preview contains REVIEW actions
SKIP_REVIEW_BLOCKED_SLOT,2026-04-14,12:00:00-13:00:00,2026,1577,,,,Excluded from partial import because the preview contains REVIEW actions
SKIP_REVIEW_BLOCKED_SLOT,2026-04-15,11:00:00-12:00:00,2026,1586,,,,Excluded from partial import because the preview contains REVIEW actions
SKIP_REVIEW_BLOCKED_SLOT,2026-04-16,12:00:00-13:00:00,2026,1604,,,,Excluded from partial import because the preview contains REVIEW actions
SKIP_REVIEW_BLOCKED_SLOT,2026-04-16,14:30:00-15:30:00,2026,1613,,,,Excluded from partial import because the preview contains REVIEW actions
SKIP_REVIEW_BLOCKED_SLOT,2026-04-16,17:00:00-18:00:00,2026,1622,,,,Excluded from partial import because the preview contains REVIEW actions
SKIP_REVIEW_BLOCKED_SLOT,2026-04-17,09:30:00-10:30:00,2026,1631,,,,Excluded from partial import because the preview contains REVIEW actions
SKIP_REVIEW_BLOCKED_SLOT,2026-04-17,10:30:00-11:30:00,2026,1640,,,,Excluded from partial import because the preview contains REVIEW actions
SKIP_REVIEW_BLOCKED_SLOT,2026-04-17,15:00:00-16:00:00,2026,1649,,,,Excluded from partial import because the preview contains REVIEW actions
SKIP_REVIEW_BLOCKED_SLOT,2026-04-18,09:45:00-10:45:00,2026,1658,,,,Excluded from partial import because the preview contains REVIEW actions
SKIP_REVIEW_BLOCKED_SLOT,2026-04-18,11:00:00-12:00:00,2026,1667,,,,Excluded from partial import because the preview contains REVIEW actions
SKIP_REVIEW_BLOCKED_SLOT,2026-04-20,11:00:00-12:00:00,2026,1676,,,,Excluded from partial import because the preview contains REVIEW actions
SKIP_REVIEW_BLOCKED_SLOT,2026-04-20,12:30:00-13:30:00,2026,1685,,,,Excluded from partial import because the preview contains REVIEW actions
SKIP_REVIEW_BLOCKED_SLOT,2026-04-20,14:00:00-15:00:00,2026,1694,,,,Excluded from partial import because the preview contains REVIEW actions
SKIP_REVIEW_BLOCKED_SLOT,2026-04-20,15:00:00-16:00:00,2026,1703,,,,Excluded from partial import because the preview contains REVIEW actions
SKIP_REVIEW_BLOCKED_SLOT,2026-04-21,09:30:00-10:30:00,2026,1712,,,,Excluded from partial import because the preview contains REVIEW actions
SKIP_REVIEW_BLOCKED_SLOT,2026-04-21,12:00:00-13:00:00,2026,1721,,,,Excluded from partial import because the preview contains REVIEW actions
SKIP_REVIEW_BLOCKED_SLOT,2026-04-22,11:00:00-12:00:00,2026,1730,,,,Excluded from partial import because the preview contains REVIEW actions
SKIP_REVIEW_BLOCKED_SLOT,2026-04-23,12:00:00-13:00:00,2026,1748,,,,Excluded from partial import because the preview contains REVIEW actions
SKIP_REVIEW_BLOCKED_SLOT,2026-04-23,14:30:00-15:30:00,2026,1757,,,,Excluded from partial import because the preview contains REVIEW actions
SKIP_REVIEW_BLOCKED_SLOT,2026-04-23,17:00:00-18:00:00,2026,1766,,,,Excluded from partial import because the preview contains REVIEW actions
SKIP_REVIEW_BLOCKED_SLOT,2026-04-24,09:30:00-10:30:00,2026,1775,,,,Excluded from partial import because the preview contains REVIEW actions
SKIP_REVIEW_BLOCKED_SLOT,2026-04-24,10:30:00-11:30:00,2026,1784,,,,Excluded from partial import because the preview contains REVIEW actions
SKIP_REVIEW_BLOCKED_SLOT,2026-04-24,15:00:00-16:00:00,2026,1793,,,,Excluded from partial import because the preview contains REVIEW actions
SKIP_REVIEW_BLOCKED_SLOT,2026-04-25,09:45:00-10:45:00,2026,1802,,,,Excluded from partial import because the preview contains REVIEW actions
SKIP_REVIEW_BLOCKED_SLOT,2026-04-25,11:00:00-12:00:00,2026,1811,,,,Excluded from partial import because the preview contains REVIEW actions
SKIP_REVIEW_BLOCKED_SLOT,2026-04-27,11:00:00-12:00:00,2026,1820,,,,Excluded from partial import because the preview contains REVIEW actions
SKIP_REVIEW_BLOCKED_SLOT,2026-04-27,12:30:00-13:30:00,2026,1829,,,,Excluded from partial import because the preview contains REVIEW actions
SKIP_REVIEW_BLOCKED_SLOT,2026-04-27,14:00:00-15:00:00,2026,1838,,,,Excluded from partial import because the preview contains REVIEW actions
SKIP_REVIEW_BLOCKED_SLOT,2026-04-27,15:00:00-16:00:00,2026,1847,,,,Excluded from partial import because the preview contains REVIEW actions
SKIP_REVIEW_BLOCKED_SLOT,2026-04-28,09:30:00-10:30:00,2026,1856,,,,Excluded from partial import because the preview contains REVIEW actions
SKIP_REVIEW_BLOCKED_SLOT,2026-04-28,12:00:00-13:00:00,2026,1865,,,,Excluded from partial import because the preview contains REVIEW actions
SKIP_REVIEW_BLOCKED_SLOT,2026-04-29,11:00:00-12:00:00,2026,1874,,,,Excluded from partial import because the preview contains REVIEW actions
SKIP_REVIEW_BLOCKED_SLOT,2026-04-30,10:30:00-11:30:00,2026,1883,,,,Excluded from partial import because the preview contains REVIEW actions
SKIP_REVIEW_BLOCKED_SLOT,2026-04-30,12:00:00-13:00:00,2026,1892,,,,Excluded from partial import because the preview contains REVIEW actions
SKIP_REVIEW_BLOCKED_SLOT,2026-04-30,14:30:00-15:30:00,2026,1901,,,,Excluded from partial import because the preview contains REVIEW actions
SKIP_REVIEW_BLOCKED_SLOT,2026-04-30,17:00:00-18:00:00,2026,1910,,,,Excluded from partial import because the preview contains REVIEW actions
SKIP_REVIEW_BLOCKED_SLOT,2026-05-01,09:30:00-10:30:00,2026,1919,,,,Excluded from partial import because the preview contains REVIEW actions
SKIP_REVIEW_BLOCKED_SLOT,2026-05-01,10:30:00-11:30:00,2026,1928,,,,Excluded from partial import because the preview contains REVIEW actions
SKIP_REVIEW_BLOCKED_SLOT,2026-05-01,15:00:00-16:00:00,2026,1937,,,,Excluded from partial import because the preview contains REVIEW actions
SKIP_REVIEW_BLOCKED_SLOT,2026-05-02,09:45:00-10:45:00,2026,1946,,,,Excluded from partial import because the preview contains REVIEW actions
SKIP_REVIEW_BLOCKED_SLOT,2026-05-02,11:00:00-12:00:00,2026,1955,,,,Excluded from partial import because the preview contains REVIEW actions
SKIP_CANCELLED_BOOKINGS,2026-05-04,11:00:00-12:00:00,2026,1964,14286,,,
SKIP_CANCELLED_BOOKINGS,2026-05-04,12:30:00-13:30:00,2026,1973,14287,,,
SKIP_CANCELLED_BOOKINGS,2026-05-04,14:00:00-15:00:00,2026,1982,14288,,,
SKIP_CANCELLED_BOOKINGS,2026-05-04,15:00:00-16:00:00,2026,1991,14289,,,
SKIP_REVIEW_BLOCKED_SLOT,2026-05-05,09:30:00-10:30:00,2026,2000,,,,Excluded from partial import because the preview contains REVIEW actions
SKIP_REVIEW_BLOCKED_SLOT,2026-05-05,12:00:00-13:00:00,2026,2009,,,,Excluded from partial import because the preview contains REVIEW actions
SKIP_REVIEW_BLOCKED_SLOT,2026-05-06,11:00:00-12:00:00,2026,2018,,,,Excluded from partial import because the preview contains REVIEW actions
SKIP_REVIEW_BLOCKED_SLOT,2026-05-06,12:00:00-13:00:00,2026,2027,,,,Excluded from partial import because the preview contains REVIEW actions
SKIP_REVIEW_BLOCKED_SLOT,2026-05-07,10:30:00-11:30:00,2026,2036,,,,Excluded from partial import because the preview contains REVIEW actions
SKIP_REVIEW_BLOCKED_SLOT,2026-05-07,12:00:00-13:00:00,2026,2045,,,,Excluded from partial import because the preview contains REVIEW actions
SKIP_REVIEW_BLOCKED_SLOT,2026-05-07,14:30:00-15:30:00,2026,2054,,,,Excluded from partial import because the preview contains REVIEW actions
SKIP_REVIEW_BLOCKED_SLOT,2026-05-07,17:00:00-18:00:00,2026,2063,,,,Excluded from partial import because the preview contains REVIEW actions
SKIP_REVIEW_BLOCKED_SLOT,2026-05-08,09:30:00-10:30:00,2026,2072,,,,Excluded from partial import because the preview contains REVIEW actions
SKIP_REVIEW_BLOCKED_SLOT,2026-05-08,10:30:00-11:30:00,2026,2081,,,,Excluded from partial import because the preview contains REVIEW actions
SKIP_REVIEW_BLOCKED_SLOT,2026-05-08,15:00:00-16:00:00,2026,2090,,,,Excluded from partial import because the preview contains REVIEW actions
SKIP_REVIEW_BLOCKED_SLOT,2026-05-09,09:45:00-10:45:00,2026,2099,,,,Excluded from partial import because the preview contains REVIEW actions
SKIP_REVIEW_BLOCKED_SLOT,2026-05-09,11:00:00-12:00:00,2026,2108,,,,Excluded from partial import because the preview contains REVIEW actions
SKIP_REVIEW_BLOCKED_SLOT,2026-05-11,11:00:00-12:00:00,2026,2117,,,,Excluded from partial import because the preview contains REVIEW actions
SKIP_REVIEW_BLOCKED_SLOT,2026-05-11,12:30:00-13:30:00,2026,2126,,,,Excluded from partial import because the preview contains REVIEW actions
SKIP_REVIEW_BLOCKED_SLOT,2026-05-11,14:00:00-15:00:00,2026,2135,,,,Excluded from partial import because the preview contains REVIEW actions
SKIP_REVIEW_BLOCKED_SLOT,2026-05-11,15:00:00-16:00:00,2026,2144,,,,Excluded from partial import because the preview contains REVIEW actions
SKIP_REVIEW_BLOCKED_SLOT,2026-05-12,09:30:00-10:30:00,2026,2153,,,,Excluded from partial import because the preview contains REVIEW actions
SKIP_REVIEW_BLOCKED_SLOT,2026-05-12,12:00:00-13:00:00,2026,2162,,,,Excluded from partial import because the preview contains REVIEW actions
SKIP_REVIEW_BLOCKED_SLOT,2026-05-13,11:00:00-12:00:00,2026,2171,,,,Excluded from partial import because the preview contains REVIEW actions
SKIP_REVIEW_BLOCKED_SLOT,2026-05-13,12:15:00-13:15:00,2026,2180,,,,Excluded from partial import because the preview contains REVIEW actions
SKIP_REVIEW_BLOCKED_SLOT,2026-05-14,10:30:00-11:30:00,2026,2189,,,,Excluded from partial import because the preview contains REVIEW actions
SKIP_REVIEW_BLOCKED_SLOT,2026-05-14,12:00:00-13:00:00,2026,2198,,,,Excluded from partial import because the preview contains REVIEW actions
SKIP_REVIEW_BLOCKED_SLOT,2026-05-14,14:30:00-15:30:00,2026,2207,,,,Excluded from partial import because the preview contains REVIEW actions
SKIP_REVIEW_BLOCKED_SLOT,2026-05-14,17:00:00-18:00:00,2026,2216,,,,Excluded from partial import because the preview contains REVIEW actions
SKIP_REVIEW_BLOCKED_SLOT,2026-05-15,09:30:00-10:30:00,2026,2225,,,,Excluded from partial import because the preview contains REVIEW actions
SKIP_REVIEW_BLOCKED_SLOT,2026-05-15,10:30:00-11:30:00,2026,2234,,,,Excluded from partial import because the preview contains REVIEW actions
SKIP_REVIEW_BLOCKED_SLOT,2026-05-15,15:00:00-16:00:00,2026,2243,,,,Excluded from partial import because the preview contains REVIEW actions
SKIP_REVIEW_BLOCKED_SLOT,2026-05-16,09:45:00-10:45:00,2026,2252,,,,Excluded from partial import because the preview contains REVIEW actions
SKIP_REVIEW_BLOCKED_SLOT,2026-05-16,11:00:00-12:00:00,2026,2261,,,,Excluded from partial import because the preview contains REVIEW actions
SKIP_REVIEW_BLOCKED_SLOT,2026-05-18,11:00:00-12:00:00,2026,2270,,,,Excluded from partial import because the preview contains REVIEW actions
SKIP_REVIEW_BLOCKED_SLOT,2026-05-18,12:30:00-13:00:00,2026,2279,,,,Excluded from partial import because the preview contains REVIEW actions
SKIP_REVIEW_BLOCKED_SLOT,2026-05-18,14:00:00-15:00:00,2026,2288,,,,Excluded from partial import because the preview contains REVIEW actions
CREATE_LITE_MEMBER,2026-05-18,15:00:00-16:00:00,2026,2297,,,Mohammed Chowdhury,MembershipId=LITE-1173
INSERT_BOOKING,2026-05-18,15:00:00-16:00:00,2026,2297,14325,,Mohammed Chowdhury,Attended=Blank
CREATE_LITE_MEMBER,2026-05-18,15:00:00-16:00:00,2026,2298,,,Halal uddin Ahmed,MembershipId=LITE-1174
INSERT_BOOKING,2026-05-18,15:00:00-16:00:00,2026,2298,14325,,Halal uddin Ahmed,Attended=Blank
CREATE_LITE_MEMBER,2026-05-18,15:00:00-16:00:00,2026,2299,,,Rehmat Ali,MembershipId=LITE-1175
INSERT_BOOKING,2026-05-18,15:00:00-16:00:00,2026,2299,14325,,Rehmat Ali,Attended=Blank
INSERT_BOOKING,2026-05-18,15:00:00-16:00:00,2026,2300,14325,,Abdul Majid,Attended=Blank
SKIP_REVIEW_BLOCKED_SLOT,2026-05-19,09:30:00-10:30:00,2026,2306,,,,Excluded from partial import because the preview contains REVIEW actions
SKIP_REVIEW_BLOCKED_SLOT,2026-05-19,12:00:00-13:00:00,2026,2315,,,,Excluded from partial import because the preview contains REVIEW actions
SKIP_REVIEW_BLOCKED_SLOT,2026-05-20,11:00:00-12:00:00,2026,2324,,,,Excluded from partial import because the preview contains REVIEW actions
SKIP_REVIEW_BLOCKED_SLOT,2026-05-20,12:15:00-13:15:00,2026,2333,,,,Excluded from partial import because the preview contains REVIEW actions
SKIP_REVIEW_BLOCKED_SLOT,2026-05-21,10:30:00-11:30:00,2026,2342,,,,Excluded from partial import because the preview contains REVIEW actions
SKIP_REVIEW_BLOCKED_SLOT,2026-05-21,12:00:00-13:00:00,2026,2351,,,,Excluded from partial import because the preview contains REVIEW actions
SKIP_REVIEW_BLOCKED_SLOT,2026-05-21,14:30:00-15:30:00,2026,2360,,,,Excluded from partial import because the preview contains REVIEW actions
SKIP_REVIEW_BLOCKED_SLOT,2026-05-21,17:00:00-18:00:00,2026,2369,,,,Excluded from partial import because the preview contains REVIEW actions
SKIP_REVIEW_BLOCKED_SLOT,2026-05-22,09:30:00-10:30:00,2026,2378,,,,Excluded from partial import because the preview contains REVIEW actions
SKIP_REVIEW_BLOCKED_SLOT,2026-05-22,10:30:00-11:30:00,2026,2387,,,,Excluded from partial import because the preview contains REVIEW actions
SKIP_REVIEW_BLOCKED_SLOT,2026-05-22,15:00:00-16:00:00,2026,2396,,,,Excluded from partial import because the preview contains REVIEW actions
SKIP_CANCELLED_BOOKINGS,2026-05-23,09:45:00-10:45:00,2026,2405,14340,,,
SKIP_CANCELLED_BOOKINGS,2026-05-23,11:00:00-12:00:00,2026,2414,14341,,,
SKIP_CANCELLED_BOOKINGS,2026-05-25,11:00:00-12:00:00,2026,2423,14343,,,
SKIP_CANCELLED_BOOKINGS,2026-05-25,14:00:00-15:00:00,2026,2441,14344,,,
SKIP_CANCELLED_BOOKINGS,2026-05-25,15:00:00-16:00:00,2026,2450,14345,,,
SKIP_REVIEW_BLOCKED_SLOT,2026-05-26,09:30:00-10:30:00,2026,2459,,,,Excluded from partial import because the preview contains REVIEW actions
CREATE_LITE_MEMBER,2026-05-26,12:00:00-13:00:00,2026,2468,,,Nusrat Bibi,MembershipId=LITE-1176
INSERT_BOOKING,2026-05-26,12:00:00-13:00:00,2026,2468,14347,,Nusrat Bibi,Attended=Blank
CREATE_LITE_MEMBER,2026-05-26,12:00:00-13:00:00,2026,2469,,,Janat Iqbal,MembershipId=LITE-1177
INSERT_BOOKING,2026-05-26,12:00:00-13:00:00,2026,2469,14347,,Janat Iqbal,Attended=Blank
CREATE_LITE_MEMBER,2026-05-26,12:00:00-13:00:00,2026,2470,,,Rifat Sultana,MembershipId=LITE-1178
INSERT_BOOKING,2026-05-26,12:00:00-13:00:00,2026,2470,14347,,Rifat Sultana,Attended=Blank
INSERT_BOOKING,2026-05-26,12:00:00-13:00:00,2026,2473,14347,,Sughra Bibi,Attended=Blank
CREATE_LITE_MEMBER,2026-05-26,12:00:00-13:00:00,2026,2474,,,Fatima Khan,MembershipId=LITE-1179
INSERT_BOOKING,2026-05-26,12:00:00-13:00:00,2026,2474,14347,,Fatima Khan,Attended=Blank
CREATE_LITE_MEMBER,2026-05-26,12:00:00-13:00:00,2026,2475,,,Niaz Khan,MembershipId=LITE-1180
INSERT_BOOKING,2026-05-26,12:00:00-13:00:00,2026,2475,14347,,Niaz Khan,Attended=Blank
CREATE_LITE_MEMBER,2026-05-26,12:00:00-13:00:00,2026,2476,,,Shamsa Kanwal,MembershipId=LITE-1181
INSERT_BOOKING,2026-05-26,12:00:00-13:00:00,2026,2476,14347,,Shamsa Kanwal,Attended=Blank
SKIP_CANCELLED_BOOKINGS,2026-05-27,11:00:00-12:00:00,2026,2477,14348,,,
SKIP_CANCELLED_BOOKINGS,2026-05-28,10:30:00-11:30:00,2026,2495,14349,,,
SKIP_CANCELLED_BOOKINGS,2026-05-28,12:00:00-13:00:00,2026,2504,14350,,,
INSERT_BOOKING,2026-05-28,14:30:00-15:30:00,2026,2515,14351,,Mohammed Fazal,Attended=Blank
CREATE_LITE_MEMBER,2026-05-28,14:30:00-15:30:00,2026,2516,,,Mohammed Riaz,MembershipId=LITE-1182
INSERT_BOOKING,2026-05-28,14:30:00-15:30:00,2026,2516,14351,,Mohammed Riaz,Attended=Blank
CREATE_LITE_MEMBER,2026-05-28,14:30:00-15:30:00,2026,2517,,,Kamran Khan,MembershipId=LITE-1183
INSERT_BOOKING,2026-05-28,14:30:00-15:30:00,2026,2517,14351,,Kamran Khan,Attended=Blank
INSERT_BOOKING,2026-05-28,14:30:00-15:30:00,2026,2518,14351,,Abdul Majid,Attended=Blank
CREATE_LITE_MEMBER,2026-05-28,14:30:00-15:30:00,2026,2519,,,Hanif Hall,MembershipId=LITE-1184
INSERT_BOOKING,2026-05-28,14:30:00-15:30:00,2026,2519,14351,,Hanif Hall,Attended=Blank
INSERT_BOOKING,2026-05-28,14:30:00-15:30:00,2026,2521,14351,,Mohammed Nazir,Attended=Blank
SKIP_CANCELLED_BOOKINGS,2026-05-28,17:00:00-18:00:00,2026,2522,14352,,,
INSERT_BOOKING,2026-05-29,09:30:00-10:30:00,2026,2531,14353,,Sainey Drammeh,Attended=Blank
INSERT_BOOKING,2026-05-29,09:30:00-10:30:00,2026,2532,14353,,Abdul Majid,Attended=Blank
INSERT_BOOKING,2026-05-29,09:30:00-10:30:00,2026,2533,14353,,Rehmat Ali,Attended=Blank
CREATE_LITE_MEMBER,2026-05-29,09:30:00-10:30:00,2026,2534,,,Zia Mehmood,MembershipId=LITE-1185
INSERT_BOOKING,2026-05-29,09:30:00-10:30:00,2026,2534,14353,,Zia Mehmood,Attended=Blank
SKIP_REVIEW_BLOCKED_SLOT,2026-05-29,10:30:00-11:30:00,2026,2540,,,,Excluded from partial import because the preview contains REVIEW actions
SKIP_CANCELLED_BOOKINGS,2026-05-29,15:00:00-16:00:00,2026,2549,14355,,,
SKIP_REVIEW_BLOCKED_SLOT,2026-05-30,09:45:00-10:45:00,2026,2558,,,,Excluded from partial import because the preview contains REVIEW actions
SKIP_REVIEW_BLOCKED_SLOT,2026-05-30,11:00:00-12:00:00,2026,2567,,,,Excluded from partial import because the preview contains REVIEW actions
SKIP_REVIEW_BLOCKED_SLOT,2026-06-01,11:00:00-12:00:00,2026,2576,,,,Excluded from partial import because the preview contains REVIEW actions
SKIP_REVIEW_BLOCKED_SLOT,2026-06-01,14:00:00-15:00:00,2026,2594,,,,Excluded from partial import because the preview contains REVIEW actions
SKIP_REVIEW_BLOCKED_SLOT,2026-06-01,15:00:00-16:00:00,2026,2603,,,,Excluded from partial import because the preview contains REVIEW actions
SKIP_REVIEW_BLOCKED_SLOT,2026-06-02,09:30:00-10:30:00,2026,2612,,,,Excluded from partial import because the preview contains REVIEW actions
SKIP_REVIEW_BLOCKED_SLOT,2026-06-02,12:00:00-13:00:00,2026,2621,,,,Excluded from partial import because the preview contains REVIEW actions
SKIP_REVIEW_BLOCKED_SLOT,2026-06-03,11:00:00-12:00:00,2026,2630,,,,Excluded from partial import because the preview contains REVIEW actions
SKIP_REVIEW_BLOCKED_SLOT,2026-06-03,12:15:00-13:15:00,2026,2639,,,,Excluded from partial import because the preview contains REVIEW actions
SKIP_REVIEW_BLOCKED_SLOT,2026-06-04,10:30:00-11:30:00,2026,2648,,,,Excluded from partial import because the preview contains REVIEW actions
SKIP_REVIEW_BLOCKED_SLOT,2026-06-04,12:00:00-13:00:00,2026,2657,,,,Excluded from partial import because the preview contains REVIEW actions
SKIP_REVIEW_BLOCKED_SLOT,2026-06-04,14:30:00-15:30:00,2026,2666,,,,Excluded from partial import because the preview contains REVIEW actions
SKIP_REVIEW_BLOCKED_SLOT,2026-06-04,17:00:00-18:00:00,2026,2675,,,,Excluded from partial import because the preview contains REVIEW actions
SKIP_REVIEW_BLOCKED_SLOT,2026-06-05,09:30:00-10:30:00,2026,2684,,,,Excluded from partial import because the preview contains REVIEW actions
SKIP_REVIEW_BLOCKED_SLOT,2026-06-05,10:30:00-11:30:00,2026,2693,,,,Excluded from partial import because the preview contains REVIEW actions
SKIP_REVIEW_BLOCKED_SLOT,2026-06-05,15:00:00-16:00:00,2026,2702,,,,Excluded from partial import because the preview contains REVIEW actions
SKIP_REVIEW_BLOCKED_SLOT,2026-06-06,09:45:00-10:45:00,2026,2711,,,,Excluded from partial import because the preview contains REVIEW actions
SKIP_REVIEW_BLOCKED_SLOT,2026-06-06,11:00:00-12:00:00,2026,2720,,,,Excluded from partial import because the preview contains REVIEW actions
SKIP_REVIEW_BLOCKED_SLOT,2026-06-08,11:00:00-12:00:00,2026,2729,,,,Excluded from partial import because the preview contains REVIEW actions
SKIP_REVIEW_BLOCKED_SLOT,2026-06-08,12:30:00-13:30:00,2026,2738,,,,Excluded from partial import because the preview contains REVIEW actions
SKIP_REVIEW_BLOCKED_SLOT,2026-06-08,14:00:00-15:00:00,2026,2747,,,,Excluded from partial import because the preview contains REVIEW actions
SKIP_REVIEW_BLOCKED_SLOT,2026-06-08,15:00:00-16:00:00,2026,2756,,,,Excluded from partial import because the preview contains REVIEW actions
SKIP_REVIEW_BLOCKED_SLOT,2026-06-09,09:30:00-10:30:00,2026,2765,,,,Excluded from partial import because the preview contains REVIEW actions
SKIP_REVIEW_BLOCKED_SLOT,2026-06-09,12:00:00-13:00:00,2026,2774,,,,Excluded from partial import because the preview contains REVIEW actions
SKIP_REVIEW_BLOCKED_SLOT,2026-06-10,11:00:00-12:00:00,2026,2783,,,,Excluded from partial import because the preview contains REVIEW actions
SKIP_REVIEW_BLOCKED_SLOT,2026-06-10,12:15:00-13:15:00,2026,2792,,,,Excluded from partial import because the preview contains REVIEW actions
SKIP_REVIEW_BLOCKED_SLOT,2026-06-11,10:30:00-11:30:00,2026,2801,,,,Excluded from partial import because the preview contains REVIEW actions
SKIP_REVIEW_BLOCKED_SLOT,2026-06-11,12:00:00-13:00:00,2026,2810,,,,Excluded from partial import because the preview contains REVIEW actions
SKIP_REVIEW_BLOCKED_SLOT,2026-06-11,14:30:00-15:30:00,2026,2819,,,,Excluded from partial import because the preview contains REVIEW actions
SKIP_REVIEW_BLOCKED_SLOT,2026-06-11,17:00:00-18:00:00,2026,2828,,,,Excluded from partial import because the preview contains REVIEW actions
SKIP_REVIEW_BLOCKED_SLOT,2026-06-12,09:30:00-10:30:00,2026,2837,,,,Excluded from partial import because the preview contains REVIEW actions
SKIP_REVIEW_BLOCKED_SLOT,2026-06-12,10:30:00-11:30:00,2026,2846,,,,Excluded from partial import because the preview contains REVIEW actions
SKIP_REVIEW_BLOCKED_SLOT,2026-06-12,15:00:00-16:00:00,2026,2855,,,,Excluded from partial import because the preview contains REVIEW actions
SKIP_REVIEW_BLOCKED_SLOT,2026-06-13,09:45:00-10:45:00,2026,2864,,,,Excluded from partial import because the preview contains REVIEW actions
SKIP_REVIEW_BLOCKED_SLOT,2026-06-13,11:00:00-12:00:00,2026,2873,,,,Excluded from partial import because the preview contains REVIEW actions
SKIP_REVIEW_BLOCKED_SLOT,2026-06-15,11:00:00-12:00:00,2026,2882,,,,Excluded from partial import because the preview contains REVIEW actions
SKIP_REVIEW_BLOCKED_SLOT,2026-06-15,12:30:00-13:30:00,2026,2891,,,,Excluded from partial import because the preview contains REVIEW actions
SKIP_REVIEW_BLOCKED_SLOT,2026-06-15,14:00:00-15:00:00,2026,2900,,,,Excluded from partial import because the preview contains REVIEW actions
SKIP_REVIEW_BLOCKED_SLOT,2026-06-15,15:00:00-16:00:00,2026,2909,,,,Excluded from partial import because the preview contains REVIEW actions
SKIP_REVIEW_BLOCKED_SLOT,2026-06-16,09:30:00-10:30:00,2026,2918,,,,Excluded from partial import because the preview contains REVIEW actions
SKIP_REVIEW_BLOCKED_SLOT,2026-06-16,12:00:00-13:00:00,2026,2927,,,,Excluded from partial import because the preview contains REVIEW actions
SKIP_REVIEW_BLOCKED_SLOT,2026-06-17,11:00:00-12:00:00,2026,2936,,,,Excluded from partial import because the preview contains REVIEW actions
SKIP_REVIEW_BLOCKED_SLOT,2026-06-17,12:15:00-13:15:00,2026,2945,,,,Excluded from partial import because the preview contains REVIEW actions
SKIP_REVIEW_BLOCKED_SLOT,2026-06-18,10:30:00-11:30:00,2026,2954,,,,Excluded from partial import because the preview contains REVIEW actions
SKIP_REVIEW_BLOCKED_SLOT,2026-06-18,14:30:00-15:00:00,2026,2972,,,,Excluded from partial import because the preview contains REVIEW actions
SKIP_REVIEW_BLOCKED_SLOT,2026-06-18,17:00:00-18:00:00,2026,2981,,,,Excluded from partial import because the preview contains REVIEW actions
SKIP_REVIEW_BLOCKED_SLOT,2026-06-19,09:30:00-10:30:00,2026,2990,,,,Excluded from partial import because the preview contains REVIEW actions
SKIP_REVIEW_BLOCKED_SLOT,2026-06-19,10:30:00-11:30:00,2026,2999,,,,Excluded from partial import because the preview contains REVIEW actions
SKIP_REVIEW_BLOCKED_SLOT,2026-06-19,15:00:00-16:00:00,2026,3008,,,,Excluded from partial import because the preview contains REVIEW actions
SKIP_REVIEW_BLOCKED_SLOT,2026-06-22,11:00:00-12:00:00,2026,3035,,,,Excluded from partial import because the preview contains REVIEW actions
SKIP_REVIEW_BLOCKED_SLOT,2026-06-22,12:30:00-13:30:00,2026,3044,,,,Excluded from partial import because the preview contains REVIEW actions
SKIP_REVIEW_BLOCKED_SLOT,2026-06-22,14:00:00-15:00:00,2026,3053,,,,Excluded from partial import because the preview contains REVIEW actions
SKIP_REVIEW_BLOCKED_SLOT,2026-06-22,15:00:00-16:00:00,2026,3062,,,,Excluded from partial import because the preview contains REVIEW actions
SKIP_REVIEW_BLOCKED_SLOT,2026-06-23,12:00:00-13:00:00,2026,3080,,,,Excluded from partial import because the preview contains REVIEW actions
SKIP_REVIEW_BLOCKED_SLOT,2026-06-24,11:00:00-12:00:00,2026,3089,,,,Excluded from partial import because the preview contains REVIEW actions
SKIP_REVIEW_BLOCKED_SLOT,2026-06-24,12:15:00-13:15:00,2026,3098,,,,Excluded from partial import because the preview contains REVIEW actions
SKIP_REVIEW_BLOCKED_SLOT,2026-06-25,10:30:00-11:30:00,2026,3107,,,,Excluded from partial import because the preview contains REVIEW actions
SKIP_REVIEW_BLOCKED_SLOT,2026-06-25,12:00:00-13:00:00,2026,3116,,,,Excluded from partial import because the preview contains REVIEW actions
INSERT_BOOKING,2026-06-25,14:30:00-15:00:00,2026,3125,14414,,Mohammed Akram,Attended=Blank
CREATE_LITE_MEMBER,2026-06-25,14:30:00-15:00:00,2026,3126,,,Asad Hussain,MembershipId=LITE-1186
INSERT_BOOKING,2026-06-25,14:30:00-15:00:00,2026,3126,14414,,Asad Hussain,Attended=Blank
CREATE_LITE_MEMBER,2026-06-25,14:30:00-15:00:00,2026,3127,,,Mohammed khalid,MembershipId=LITE-1187
INSERT_BOOKING,2026-06-25,14:30:00-15:00:00,2026,3127,14414,,Mohammed khalid,Attended=Blank
CREATE_LITE_MEMBER,2026-06-25,14:30:00-15:00:00,2026,3128,,,Mohammad Arif,MembershipId=LITE-1188
INSERT_BOOKING,2026-06-25,14:30:00-15:00:00,2026,3128,14414,,Mohammad Arif,Attended=Blank
CREATE_LITE_MEMBER,2026-06-25,14:30:00-15:00:00,2026,3129,,,Mohammed Latif Ahmed,MembershipId=LITE-1189
INSERT_BOOKING,2026-06-25,14:30:00-15:00:00,2026,3129,14414,,Mohammed Latif Ahmed,Attended=Blank
INSERT_BOOKING,2026-06-25,17:00:00-18:00:00,2026,3134,14415,,Shaheen Akhtar,Attended=Blank
CREATE_LITE_MEMBER,2026-06-25,17:00:00-18:00:00,2026,3135,,,Sultana Parveen,MembershipId=LITE-1190
INSERT_BOOKING,2026-06-25,17:00:00-18:00:00,2026,3135,14415,,Sultana Parveen,Attended=Blank
CREATE_LITE_MEMBER,2026-06-25,17:00:00-18:00:00,2026,3136,,,Samina Javed,MembershipId=LITE-1191
INSERT_BOOKING,2026-06-25,17:00:00-18:00:00,2026,3136,14415,,Samina Javed,Attended=Blank
CREATE_LITE_MEMBER,2026-06-25,17:00:00-18:00:00,2026,3137,,,Brooke Kelly,MembershipId=LITE-1192
INSERT_BOOKING,2026-06-25,17:00:00-18:00:00,2026,3137,14415,,Brooke Kelly,Attended=Blank
CREATE_LITE_MEMBER,2026-06-25,17:00:00-18:00:00,2026,3138,,,Jaslyne Richards,MembershipId=LITE-1193
INSERT_BOOKING,2026-06-25,17:00:00-18:00:00,2026,3138,14415,,Jaslyne Richards,Attended=Blank
CREATE_LITE_MEMBER,2026-06-25,17:00:00-18:00:00,2026,3139,,,Rhonda Connor,MembershipId=LITE-1194
INSERT_BOOKING,2026-06-25,17:00:00-18:00:00,2026,3139,14415,,Rhonda Connor,Attended=Blank
SKIP_REVIEW_BLOCKED_SLOT,2026-06-26,09:30:00-10:30:00,2026,3143,,,,Excluded from partial import because the preview contains REVIEW actions
SKIP_REVIEW_BLOCKED_SLOT,2026-06-26,10:30:00-11:30:00,2026,3152,,,,Excluded from partial import because the preview contains REVIEW actions
SKIP_REVIEW_BLOCKED_SLOT,2026-06-26,15:00:00-16:00:00,2026,3161,,,,Excluded from partial import because the preview contains REVIEW actions
SKIP_REVIEW_BLOCKED_SLOT,2026-06-27,09:45:00-10:45:00,2026,3170,,,,Excluded from partial import because the preview contains REVIEW actions
SKIP_REVIEW_BLOCKED_SLOT,2026-06-27,11:00:00-12:00:00,2026,3179,,,,Excluded from partial import because the preview contains REVIEW actions
SKIP_REVIEW_BLOCKED_SLOT,2026-06-29,11:00:00-12:00:00,2026,3188,,,,Excluded from partial import because the preview contains REVIEW actions
SKIP_REVIEW_BLOCKED_SLOT,2026-06-29,12:30:00-13:30:00,2026,3197,,,,Excluded from partial import because the preview contains REVIEW actions
SKIP_REVIEW_BLOCKED_SLOT,2026-06-29,14:00:00-15:00:00,2026,3206,,,,Excluded from partial import because the preview contains REVIEW actions
SKIP_REVIEW_BLOCKED_SLOT,2026-06-29,15:00:00-16:00:00,2026,3215,,,,Excluded from partial import because the preview contains REVIEW actions
SKIP_REVIEW_BLOCKED_SLOT,2026-07-01,11:00:00-12:00:00,2026,3242,,,,Excluded from partial import because the preview contains REVIEW actions
SKIP_REVIEW_BLOCKED_SLOT,2026-07-01,12:15:00-13:15:00,2026,3251,,,,Excluded from partial import because the preview contains REVIEW actions
SKIP_REVIEW_BLOCKED_SLOT,2026-07-02,10:30:00-11:30:00,2026,3260,,,,Excluded from partial import because the preview contains REVIEW actions
SKIP_REVIEW_BLOCKED_SLOT,2026-07-02,12:00:00-13:00:00,2026,3269,,,,Excluded from partial import because the preview contains REVIEW actions
SKIP_REVIEW_BLOCKED_SLOT,2026-07-02,14:30:00-15:30:00,2026,3278,,,,Excluded from partial import because the preview contains REVIEW actions
SKIP_REVIEW_BLOCKED_SLOT,2026-07-02,17:00:00-18:00:00,2026,3287,,,,Excluded from partial import because the preview contains REVIEW actions
SKIP_REVIEW_BLOCKED_SLOT,2026-07-03,09:30:00-10:30:00,2026,3296,,,,Excluded from partial import because the preview contains REVIEW actions
SKIP_REVIEW_BLOCKED_SLOT,2026-07-03,10:30:00-11:30:00,2026,3305,,,,Excluded from partial import because the preview contains REVIEW actions
SKIP_REVIEW_BLOCKED_SLOT,2026-07-03,15:00:00-16:00:00,2026,3314,,,,Excluded from partial import because the preview contains REVIEW actions
SKIP_REVIEW_BLOCKED_SLOT,2026-07-04,09:45:00-10:45:00,2026,3323,,,,Excluded from partial import because the preview contains REVIEW actions
SKIP_REVIEW_BLOCKED_SLOT,2026-07-04,11:00:00-12:00:00,2026,3332,,,,Excluded from partial import because the preview contains REVIEW actions
SKIP_REVIEW_BLOCKED_SLOT,2026-07-06,11:00:00-12:00:00,2026,3341,,,,Excluded from partial import because the preview contains REVIEW actions
SKIP_REVIEW_BLOCKED_SLOT,2026-07-06,14:00:00-15:00:00,2026,3359,,,,Excluded from partial import because the preview contains REVIEW actions
SKIP_REVIEW_BLOCKED_SLOT,2026-07-06,15:00:00-16:00:00,2026,3368,,,,Excluded from partial import because the preview contains REVIEW actions
SKIP_REVIEW_BLOCKED_SLOT,2026-07-07,09:30:00-10:30:00,2026,3377,,,,Excluded from partial import because the preview contains REVIEW actions
SKIP_REVIEW_BLOCKED_SLOT,2026-07-07,12:00:00-13:00:00,2026,3386,,,,Excluded from partial import because the preview contains REVIEW actions
SKIP_REVIEW_BLOCKED_SLOT,2026-07-08,11:00:00-12:00:00,2026,3395,,,,Excluded from partial import because the preview contains REVIEW actions
SKIP_REVIEW_BLOCKED_SLOT,2026-07-08,12:15:00-13:15:00,2026,3404,,,,Excluded from partial import because the preview contains REVIEW actions
SKIP_REVIEW_BLOCKED_SLOT,2026-07-09,10:30:00-11:30:00,2026,3413,,,,Excluded from partial import because the preview contains REVIEW actions
SKIP_REVIEW_BLOCKED_SLOT,2026-07-09,12:00:00-13:00:00,2026,3422,,,,Excluded from partial import because the preview contains REVIEW actions
SKIP_REVIEW_BLOCKED_SLOT,2026-07-09,14:30:00-15:30:00,2026,3431,,,,Excluded from partial import because the preview contains REVIEW actions
SKIP_REVIEW_BLOCKED_SLOT,2026-07-09,17:00:00-18:00:00,2026,3440,,,,Excluded from partial import because the preview contains REVIEW actions
SKIP_REVIEW_BLOCKED_SLOT,2026-07-10,09:30:00-10:30:00,2026,3449,,,,Excluded from partial import because the preview contains REVIEW actions
CREATE_LITE_MEMBER,2026-07-10,10:30:00-11:30:00,2026,3458,,,Gladys Lee,MembershipId=LITE-1195
INSERT_BOOKING,2026-07-10,10:30:00-11:30:00,2026,3458,14448,,Gladys Lee,Attended=Blank
INSERT_BOOKING,2026-07-10,10:30:00-11:30:00,2026,3459,14448,,Farzana Kokb,Attended=Blank
CREATE_LITE_MEMBER,2026-07-10,10:30:00-11:30:00,2026,3460,,,Sahira Parveen,MembershipId=LITE-1196
INSERT_BOOKING,2026-07-10,10:30:00-11:30:00,2026,3460,14448,,Sahira Parveen,Attended=Blank
INSERT_BOOKING,2026-07-10,10:30:00-11:30:00,2026,3461,14448,,Sultana Parveen,Attended=Blank
INSERT_BOOKING,2026-07-10,10:30:00-11:30:00,2026,3462,14448,,Patricia Lawrence,Attended=Blank
INSERT_BOOKING,2026-07-10,10:30:00-11:30:00,2026,3463,14448,,Jennifer Mason,Attended=Blank
SKIP_REVIEW_BLOCKED_SLOT,2026-07-10,15:00:00-16:00:00,2026,3467,,,,Excluded from partial import because the preview contains REVIEW actions
SKIP_CANCELLED_BOOKINGS,2026-07-11,09:45:00-10:45:00,2026,3476,14450,,,
SKIP_CANCELLED_BOOKINGS,2026-07-11,11:00:00-12:00:00,2026,3485,14451,,,
SKIP_REVIEW_BLOCKED_SLOT,2026-07-13,11:00:00-12:00:00,2026,3494,,,,Excluded from partial import because the preview contains REVIEW actions
SKIP_REVIEW_BLOCKED_SLOT,2026-07-24,15:00:00-16:00:00,2026,3773,,,,Excluded from partial import because the preview contains REVIEW actions
SKIP_REVIEW_BLOCKED_SLOT,2026-07-25,09:45:00-10:45:00,2026,3782,,,,Excluded from partial import because the preview contains REVIEW actions
SKIP_REVIEW_BLOCKED_SLOT,2026-07-25,11:00:00-12:00:00,2026,3791,,,,Excluded from partial import because the preview contains REVIEW actions
SKIP_REVIEW_BLOCKED_SLOT,2026-07-27,11:00:00-12:00:00,2026,3800,,,,Excluded from partial import because the preview contains REVIEW actions
SKIP_REVIEW_BLOCKED_SLOT,2026-07-27,12:30:00-13:30:00,2026,3809,,,,Excluded from partial import because the preview contains REVIEW actions
SKIP_REVIEW_BLOCKED_SLOT,2026-07-27,14:00:00-15:00:00,2026,3818,,,,Excluded from partial import because the preview contains REVIEW actions
SKIP_REVIEW_BLOCKED_SLOT,2026-07-27,15:00:00-16:00:00,2026,3827,,,,Excluded from partial import because the preview contains REVIEW actions
SKIP_REVIEW_BLOCKED_SLOT,2026-07-28,09:30:00-10:30:00,2026,3836,,,,Excluded from partial import because the preview contains REVIEW actions
SKIP_REVIEW_BLOCKED_SLOT,2026-07-28,12:00:00-13:00:00,2026,3845,,,,Excluded from partial import because the preview contains REVIEW actions
SKIP_REVIEW_BLOCKED_SLOT,2026-07-29,11:00:00-12:00:00,2026,3854,,,,Excluded from partial import because the preview contains REVIEW actions
SKIP_REVIEW_BLOCKED_SLOT,2026-07-29,12:15:00-13:15:00,2026,3863,,,,Excluded from partial import because the preview contains REVIEW actions
SKIP_REVIEW_BLOCKED_SLOT,2026-07-30,10:30:00-11:30:00,2026,3872,,,,Excluded from partial import because the preview contains REVIEW actions
SKIP_REVIEW_BLOCKED_SLOT,2026-07-30,12:00:00-13:00:00,2026,3881,,,,Excluded from partial import because the preview contains REVIEW actions
SKIP_REVIEW_BLOCKED_SLOT,2026-07-30,14:30:00-15:30:00,2026,3890,,,,Excluded from partial import because the preview contains REVIEW actions
SKIP_REVIEW_BLOCKED_SLOT,2026-07-30,17:00:00-18:00:00,2026,3899,,,,Excluded from partial import because the preview contains REVIEW actions
SKIP_REVIEW_BLOCKED_SLOT,2026-07-31,09:30:00-10:30:00,2026,3908,,,,Excluded from partial import because the preview contains REVIEW actions
SKIP_REVIEW_BLOCKED_SLOT,2026-07-31,10:30:00-11:30:00,2026,3917,,,,Excluded from partial import because the preview contains REVIEW actions
SKIP_REVIEW_BLOCKED_SLOT,2026-07-31,15:00:00-16:00:00,2026,3926,,,,Excluded from partial import because the preview contains REVIEW actions
SKIP_REVIEW_BLOCKED_SLOT,2026-08-01,09:45:00-10:45:00,2026,3935,,,,Excluded from partial import because the preview contains REVIEW actions
SKIP_REVIEW_BLOCKED_SLOT,2026-08-01,11:00:00-12:00:00,2026,3945,,,,Excluded from partial import because the preview contains REVIEW actions
SKIP_REVIEW_BLOCKED_SLOT,2026-08-03,11:00:00-12:00:00,2026,3954,,,,Excluded from partial import because the preview contains REVIEW actions
SKIP_REVIEW_BLOCKED_SLOT,2026-08-03,12:30:00-13:30:00,2026,3963,,,,Excluded from partial import because the preview contains REVIEW actions
SKIP_REVIEW_BLOCKED_SLOT,2026-08-03,14:00:00-15:00:00,2026,3972,,,,Excluded from partial import because the preview contains REVIEW actions
SKIP_REVIEW_BLOCKED_SLOT,2026-08-03,15:00:00-16:00:00,2026,3981,,,,Excluded from partial import because the preview contains REVIEW actions
SKIP_REVIEW_BLOCKED_SLOT,2026-08-04,09:30:00-10:30:00,2026,3990,,,,Excluded from partial import because the preview contains REVIEW actions
SKIP_REVIEW_BLOCKED_SLOT,2026-08-05,11:00:00-12:00:00,2026,4008,,,,Excluded from partial import because the preview contains REVIEW actions
SKIP_REVIEW_BLOCKED_SLOT,2026-08-05,12:15:00-13:15:00,2026,4017,,,,Excluded from partial import because the preview contains REVIEW actions
SKIP_REVIEW_BLOCKED_SLOT,2026-08-06,10:30:00-11:30:00,2026,4026,,,,Excluded from partial import because the preview contains REVIEW actions
SKIP_REVIEW_BLOCKED_SLOT,2026-08-06,12:00:00-13:00:00,2026,4035,,,,Excluded from partial import because the preview contains REVIEW actions
SKIP_REVIEW_BLOCKED_SLOT,2026-08-06,14:30:00-15:30:00,2026,4044,,,,Excluded from partial import because the preview contains REVIEW actions
SKIP_REVIEW_BLOCKED_SLOT,2026-08-06,17:00:00-18:00:00,2026,4053,,,,Excluded from partial import because the preview contains REVIEW actions
SKIP_REVIEW_BLOCKED_SLOT,2026-08-07,09:30:00-10:30:00,2026,4062,,,,Excluded from partial import because the preview contains REVIEW actions
SKIP_REVIEW_BLOCKED_SLOT,2026-08-07,10:30:00-11:30:00,2026,4071,,,,Excluded from partial import because the preview contains REVIEW actions
SKIP_REVIEW_BLOCKED_SLOT,2026-08-07,15:00:00-16:00:00,2026,4080,,,,Excluded from partial import because the preview contains REVIEW actions
SKIP_REVIEW_BLOCKED_SLOT,2026-08-08,09:45:00-10:45:00,2026,4089,,,,Excluded from partial import because the preview contains REVIEW actions
SKIP_REVIEW_BLOCKED_SLOT,2026-08-08,11:00:00-12:00:00,2026,4098,,,,Excluded from partial import because the preview contains REVIEW actions
SKIP_REVIEW_BLOCKED_SLOT,2026-08-10,11:00:00-12:00:00,2026,4107,,,,Excluded from partial import because the preview contains REVIEW actions
SKIP_REVIEW_BLOCKED_SLOT,2026-08-10,12:30:00-13:30:00,2026,4116,,,,Excluded from partial import because the preview contains REVIEW actions
SKIP_REVIEW_BLOCKED_SLOT,2026-08-10,14:00:00-15:00:00,2026,4125,,,,Excluded from partial import because the preview contains REVIEW actions
SKIP_REVIEW_BLOCKED_SLOT,2026-08-11,09:30:00-10:30:00,2026,4143,,,,Excluded from partial import because the preview contains REVIEW actions
SKIP_CANCELLED_BOOKINGS,2026-08-12,11:00:00-12:00:00,2026,4161,14495,,,
SKIP_REVIEW_BLOCKED_SLOT,2026-08-12,12:15:00-13:15:00,2026,4170,,,,Excluded from partial import because the preview contains REVIEW actions
SKIP_REVIEW_BLOCKED_SLOT,2026-08-13,10:30:00-11:30:00,2026,4179,,,,Excluded from partial import because the preview contains REVIEW actions
SKIP_REVIEW_BLOCKED_SLOT,2026-08-13,12:00:00-13:00:00,2026,4188,,,,Excluded from partial import because the preview contains REVIEW actions
SKIP_CANCELLED_BOOKINGS,2026-08-13,14:30:00-15:30:00,2026,4197,14499,,,
SKIP_REVIEW_BLOCKED_SLOT,2026-08-13,17:00:00-18:00:00,2026,4206,,,,Excluded from partial import because the preview contains REVIEW actions
SKIP_REVIEW_BLOCKED_SLOT,2026-08-14,09:30:00-10:30:00,2026,4215,,,,Excluded from partial import because the preview contains REVIEW actions
SKIP_REVIEW_BLOCKED_SLOT,2026-08-14,10:30:00-11:30:00,2026,4224,,,,Excluded from partial import because the preview contains REVIEW actions
SKIP_REVIEW_BLOCKED_SLOT,2026-08-14,15:00:00-16:00:00,2026,4232,,,,Excluded from partial import because the preview contains REVIEW actions
SKIP_REVIEW_BLOCKED_SLOT,2026-08-15,09:45:00-10:45:00,2026,4241,,,,Excluded from partial import because the preview contains REVIEW actions
SKIP_REVIEW_BLOCKED_SLOT,2026-08-15,11:00:00-12:00:00,2026,4250,,,,Excluded from partial import because the preview contains REVIEW actions
SKIP_REVIEW_BLOCKED_SLOT,2026-09-07,11:00:00-12:00:00,2026,4268,,,,Excluded from partial import because the preview contains REVIEW actions
SKIP_REVIEW_BLOCKED_SLOT,2026-09-07,14:00:00-15:00:00,2026,4286,,,,Excluded from partial import because the preview contains REVIEW actions
SKIP_REVIEW_BLOCKED_SLOT,2026-09-07,15:00:00-16:00:00,2026,4295,,,,Excluded from partial import because the preview contains REVIEW actions
SKIP_REVIEW_BLOCKED_SLOT,2026-09-08,09:30:00-10:30:00,2026,4304,,,,Excluded from partial import because the preview contains REVIEW actions
SKIP_REVIEW_BLOCKED_SLOT,2026-09-08,12:00:00-13:00:00,2026,4313,,,,Excluded from partial import because the preview contains REVIEW actions
SKIP_REVIEW_BLOCKED_SLOT,2026-09-09,11:00:00-12:00:00,2026,4322,,,,Excluded from partial import because the preview contains REVIEW actions
SKIP_REVIEW_BLOCKED_SLOT,2026-09-09,12:15:00-13:15:00,2026,4331,,,,Excluded from partial import because the preview contains REVIEW actions
SKIP_REVIEW_BLOCKED_SLOT,2026-09-10,10:30:00-11:30:00,2026,4340,,,,Excluded from partial import because the preview contains REVIEW actions
SKIP_REVIEW_BLOCKED_SLOT,2026-09-10,12:00:00-13:00:00,2026,4349,,,,Excluded from partial import because the preview contains REVIEW actions
INSERT_BOOKING,2026-09-10,14:30:00-15:30:00,2026,4358,8670,,Mohammed Latif Ahmed,Attended=Blank
CREATE_LITE_MEMBER,2026-09-10,14:30:00-15:30:00,2026,4359,,,Thomas Walker,MembershipId=LITE-1197
INSERT_BOOKING,2026-09-10,14:30:00-15:30:00,2026,4359,8670,,Thomas Walker,Attended=Blank
CREATE_LITE_MEMBER,2026-09-10,14:30:00-15:30:00,2026,4360,,,Mohammed Nawaz,MembershipId=LITE-1198
INSERT_BOOKING,2026-09-10,14:30:00-15:30:00,2026,4360,8670,,Mohammed Nawaz,Attended=Blank
INSERT_BOOKING,2026-09-10,14:30:00-15:30:00,2026,4361,8670,,Mohammed khalid,Attended=Blank
INSERT_BOOKING,2026-09-10,14:30:00-15:30:00,2026,4362,8670,,Asad Hussain,Attended=Blank
SKIP_REVIEW_BLOCKED_SLOT,2026-09-10,17:00:00-18:00:00,2026,4367,,,,Excluded from partial import because the preview contains REVIEW actions
INSERT_BOOKING,2026-09-11,09:30:00-10:30:00,2026,4376,8625,,Kamran Khan,Attended=Blank
CREATE_LITE_MEMBER,2026-09-11,09:30:00-10:30:00,2026,4377,,,Mohammed Alyas Hussain,MembershipId=LITE-1199
INSERT_BOOKING,2026-09-11,09:30:00-10:30:00,2026,4377,8625,,Mohammed Alyas Hussain,Attended=Blank
INSERT_BOOKING,2026-09-11,09:30:00-10:30:00,2026,4378,8625,,Mohammed khalid,Attended=Blank
INSERT_BOOKING,2026-09-11,09:30:00-10:30:00,2026,4379,8625,,Mohammed Akram,Attended=Blank
INSERT_BOOKING,2026-09-11,09:30:00-10:30:00,2026,4380,8625,,Mansoor Malik,Attended=Blank
CREATE_LITE_MEMBER,2026-09-11,09:30:00-10:30:00,2026,4381,,,Mogees Nasir,MembershipId=LITE-1200
INSERT_BOOKING,2026-09-11,09:30:00-10:30:00,2026,4381,8625,,Mogees Nasir,Attended=Blank
SKIP_REVIEW_BLOCKED_SLOT,2026-09-11,10:30:00-11:30:00,2026,4385,,,,Excluded from partial import because the preview contains REVIEW actions
INSERT_BOOKING,2026-09-11,15:00:00-16:00:00,2026,4394,8640,,Abdul Majid,Attended=Blank
INSERT_BOOKING,2026-09-11,15:00:00-16:00:00,2026,4396,8640,,Mohammad Asghar,Attended=Blank
CREATE_LITE_MEMBER,2026-09-11,15:00:00-16:00:00,2026,4397,,,Mohnir Akhtar,MembershipId=LITE-1201
INSERT_BOOKING,2026-09-11,15:00:00-16:00:00,2026,4397,8640,,Mohnir Akhtar,Attended=Blank
INSERT_BOOKING,2026-09-11,15:00:00-16:00:00,2026,4398,8640,,Mohammed Nawaz,Attended=Blank
INSERT_BOOKING,2026-09-11,15:00:00-16:00:00,2026,4399,8640,,Thomas Walker,Attended=Blank
CREATE_LITE_MEMBER,2026-09-11,15:00:00-16:00:00,2026,4400,,,Arshad Mahmood,MembershipId=LITE-1202
INSERT_BOOKING,2026-09-11,15:00:00-16:00:00,2026,4400,8640,,Arshad Mahmood,Attended=Blank
CREATE_SESSION,2026-09-12,09:45:00-10:45:00,2026,4403,16945,,,type=Female; lead=Perween
INSERT_BOOKING,2026-09-12,09:45:00-10:45:00,2026,4403,16945,,Shaheen Akhtar,Attended=Blank
CREATE_LITE_MEMBER,2026-09-12,09:45:00-10:45:00,2026,4404,,,Zenab Bi,MembershipId=LITE-1203
INSERT_BOOKING,2026-09-12,09:45:00-10:45:00,2026,4404,16945,,Zenab Bi,Attended=Blank
CREATE_LITE_MEMBER,2026-09-12,11:00:00-12:00:00,2026,4412,,,Zubair Khan,MembershipId=LITE-1204
INSERT_BOOKING,2026-09-12,11:00:00-12:00:00,2026,4412,8655,,Zubair Khan,Attended=Blank
INSERT_BOOKING,2026-09-12,11:00:00-12:00:00,2026,4413,8655,,Mansoor Malik,Attended=Blank
INSERT_BOOKING,2026-09-12,11:00:00-12:00:00,2026,4414,8655,,Raja Ali,Attended=Blank
INSERT_BOOKING,2026-09-12,11:00:00-12:00:00,2026,4415,8655,,Arshad Mahmood,Attended=Blank
CREATE_LITE_MEMBER,2026-09-12,11:00:00-12:00:00,2026,4416,,,Zafar Naseem,MembershipId=LITE-1205
INSERT_BOOKING,2026-09-12,11:00:00-12:00:00,2026,4416,8655,,Zafar Naseem,Attended=Blank
INSERT_BOOKING,2026-09-12,11:00:00-12:00:00,2026,4417,8655,,Shahban Khan,Attended=Blank
INSERT_BOOKING,2026-09-12,11:00:00-12:00:00,2026,4418,8655,,Mohammed Sajid,Attended=Blank
INSERT_BOOKING,2026-09-12,11:00:00-12:00:00,2026,4419,8655,,Mohammed khalid,Attended=Blank
CREATE_LITE_MEMBER,2026-09-12,11:00:00-12:00:00,2026,4420,,,Sabir Hussain,MembershipId=LITE-1206
INSERT_BOOKING,2026-09-12,11:00:00-12:00:00,2026,4420,8655,,Sabir Hussain,Attended=Blank
SKIP_REVIEW_BLOCKED_SLOT,2026-09-14,11:00:00-12:00:00,2026,4421,,,,Excluded from partial import because the preview contains REVIEW actions
SKIP_REVIEW_BLOCKED_SLOT,2026-09-14,12:30:00-13:30:00,2026,4430,,,,Excluded from partial import because the preview contains REVIEW actions
INSERT_BOOKING,2026-09-14,14:00:00-15:00:00,2026,4439,6840,,Mohammed Akram,Attended=Blank
INSERT_BOOKING,2026-09-14,14:00:00-15:00:00,2026,4440,6840,,Mansoor Malik,Attended=Blank
INSERT_BOOKING,2026-09-14,14:00:00-15:00:00,2026,4441,6840,,Thomas Walker,Attended=Blank
INSERT_BOOKING,2026-09-14,14:00:00-15:00:00,2026,4442,6840,,Kamran Khan,Attended=Blank
INSERT_BOOKING,2026-09-14,14:00:00-15:00:00,2026,4443,6840,,Mohammed Alyas Hussain,Attended=Blank
INSERT_BOOKING,2026-09-14,14:00:00-15:00:00,2026,4444,6840,,Mohammed Riaz,Attended=Blank
INSERT_BOOKING,2026-09-14,14:00:00-15:00:00,2026,4445,6840,,Mohammed khalid,Attended=Blank
CREATE_LITE_MEMBER,2026-09-14,14:00:00-15:00:00,2026,4446,,,Mohammed Saghir,MembershipId=LITE-1207
INSERT_BOOKING,2026-09-14,14:00:00-15:00:00,2026,4446,6840,,Mohammed Saghir,Attended=Blank
CREATE_LITE_MEMBER,2026-09-14,14:00:00-15:00:00,2026,4447,,,Mohammed Yaqoob,MembershipId=LITE-1208
INSERT_BOOKING,2026-09-14,14:00:00-15:00:00,2026,4447,6840,,Mohammed Yaqoob,Attended=Blank
CREATE_LITE_MEMBER,2026-09-14,15:00:00-16:00:00,2026,4449,,,Laurance Marson,MembershipId=LITE-1209
INSERT_BOOKING,2026-09-14,15:00:00-16:00:00,2026,4449,6854,,Laurance Marson,Attended=Blank
CREATE_LITE_MEMBER,2026-09-14,15:00:00-16:00:00,2026,4450,,,Abdul Wahid Ashraf,MembershipId=LITE-1210
INSERT_BOOKING,2026-09-14,15:00:00-16:00:00,2026,4450,6854,,Abdul Wahid Ashraf,Attended=Blank
CREATE_LITE_MEMBER,2026-09-14,15:00:00-16:00:00,2026,4451,,,Mohammed Ashraf,MembershipId=LITE-1211
INSERT_BOOKING,2026-09-14,15:00:00-16:00:00,2026,4451,6854,,Mohammed Ashraf,Attended=Blank
INSERT_BOOKING,2026-09-14,15:00:00-16:00:00,2026,4452,6854,,Mazhar Mahmood,Attended=Blank
SKIP_REVIEW_BLOCKED_SLOT,2026-09-15,09:30:00-10:30:00,2026,4457,,,,Excluded from partial import because the preview contains REVIEW actions
SKIP_REVIEW_BLOCKED_SLOT,2026-09-15,12:00:00-13:00:00,2026,4466,,,,Excluded from partial import because the preview contains REVIEW actions
SKIP_REVIEW_BLOCKED_SLOT,2026-09-16,11:00:00-12:00:00,2026,4475,,,,Excluded from partial import because the preview contains REVIEW actions
SKIP_REVIEW_BLOCKED_SLOT,2026-09-16,12:15:00-13:15:00,2026,4484,,,,Excluded from partial import because the preview contains REVIEW actions
SKIP_REVIEW_BLOCKED_SLOT,2026-09-17,10:30:00-11:30:00,2026,4493,,,,Excluded from partial import because the preview contains REVIEW actions
SKIP_REVIEW_BLOCKED_SLOT,2026-09-17,12:00:00-13:00:00,2026,4502,,,,Excluded from partial import because the preview contains REVIEW actions
INSERT_BOOKING,2026-09-17,14:30:00-15:30:00,2026,4511,8611,,Shah Nawaz,Attended=Blank
INSERT_BOOKING,2026-09-17,14:30:00-15:30:00,2026,4512,8611,,Asad Hussain,Attended=Blank
INSERT_BOOKING,2026-09-17,14:30:00-15:30:00,2026,4513,8611,,Mohammed Latif Ahmed,Attended=Blank
INSERT_BOOKING,2026-09-17,14:30:00-15:30:00,2026,4514,8611,,Mohammed khalid,Attended=Blank
INSERT_BOOKING,2026-09-17,14:30:00-15:30:00,2026,4515,8611,,Mohammed Akram,Attended=Blank
CREATE_LITE_MEMBER,2026-09-17,14:30:00-15:30:00,2026,4516,,,Sharowan Amir,MembershipId=LITE-1212
INSERT_BOOKING,2026-09-17,14:30:00-15:30:00,2026,4516,8611,,Sharowan Amir,Attended=Blank
CREATE_LITE_MEMBER,2026-09-17,14:30:00-15:30:00,2026,4517,,,Zahoor Hussain,MembershipId=LITE-1213
INSERT_BOOKING,2026-09-17,14:30:00-15:30:00,2026,4517,8611,,Zahoor Hussain,Attended=Blank
INSERT_BOOKING,2026-09-17,14:30:00-15:30:00,2026,4518,8611,,Mohammed Nawaz,Attended=Blank
INSERT_BOOKING,2026-09-17,14:30:00-15:30:00,2026,4519,8611,,Mohammed Alyas Hussain,Attended=Blank
SKIP_REVIEW_BLOCKED_SLOT,2026-09-17,17:00:00-18:00:00,2026,4520,,,,Excluded from partial import because the preview contains REVIEW actions
INSERT_BOOKING,2026-09-18,09:30:00-10:30:00,2026,4529,8626,,Kamran Khan,Attended=Blank
INSERT_BOOKING,2026-09-18,09:30:00-10:30:00,2026,4530,8626,,Sharowan Amir,Attended=Blank
INSERT_BOOKING,2026-09-18,09:30:00-10:30:00,2026,4531,8626,,Mogees Nasir,Attended=Blank
INSERT_BOOKING,2026-09-18,09:30:00-10:30:00,2026,4532,8626,,Mohammed Akram,Attended=Blank
INSERT_BOOKING,2026-09-18,09:30:00-10:30:00,2026,4533,8626,,Mohammed khalid,Attended=Blank
INSERT_BOOKING,2026-09-18,09:30:00-10:30:00,2026,4534,8626,,Arshad Mahmood,Attended=Blank
INSERT_BOOKING,2026-09-18,09:30:00-10:30:00,2026,4535,8626,,Zahoor Hussain,Attended=Blank
INSERT_BOOKING,2026-09-18,09:30:00-10:30:00,2026,4536,8626,,Abdul Majid,Attended=Blank
INSERT_BOOKING,2026-09-18,09:30:00-10:30:00,2026,4537,8626,,Hanif Hall,Attended=Blank
SKIP_REVIEW_BLOCKED_SLOT,2026-09-18,10:30:00-11:30:00,2026,4538,,,,Excluded from partial import because the preview contains REVIEW actions
INSERT_BOOKING,2026-09-18,15:00:00-16:00:00,2026,4547,8641,,Mohammed Fazal,Attended=Blank
CREATE_LITE_MEMBER,2026-09-18,15:00:00-16:00:00,2026,4548,,,Mohammed Sabar,MembershipId=LITE-1214
INSERT_BOOKING,2026-09-18,15:00:00-16:00:00,2026,4548,8641,,Mohammed Sabar,Attended=Blank
INSERT_BOOKING,2026-09-18,15:00:00-16:00:00,2026,4549,8641,,Abdul Majid,Attended=Blank
INSERT_BOOKING,2026-09-18,15:00:00-16:00:00,2026,4550,8641,,Mohammad Asghar,Attended=Blank
INSERT_BOOKING,2026-09-18,15:00:00-16:00:00,2026,4551,8641,,Mohnir Akhtar,Attended=Blank
INSERT_BOOKING,2026-09-18,15:00:00-16:00:00,2026,4552,8641,,Mohammed Nawaz,Attended=Blank
INSERT_BOOKING,2026-09-18,15:00:00-16:00:00,2026,4553,8641,,Shah Nawaz,Attended=Blank
INSERT_BOOKING,2026-09-18,15:00:00-16:00:00,2026,4554,8641,,Mazhar Iqbal,Attended=Blank
INSERT_BOOKING,2026-09-18,15:00:00-16:00:00,2026,4555,8641,,Arshad Mahmood,Attended=Blank
CREATE_SESSION,2026-09-19,09:45:00-10:45:00,2026,4556,16946,,,type=Female; lead=Perween
INSERT_BOOKING,2026-09-19,09:45:00-10:45:00,2026,4556,16946,,Shaheen Akhtar,Attended=Blank
INSERT_BOOKING,2026-09-19,09:45:00-10:45:00,2026,4557,16946,,Shamim Akhtar,Attended=Blank
INSERT_BOOKING,2026-09-19,11:00:00-12:00:00,2026,4565,8656,,Zubair Khan,Attended=Blank
INSERT_BOOKING,2026-09-19,11:00:00-12:00:00,2026,4566,8656,,Shahban Khan,Attended=Blank
INSERT_BOOKING,2026-09-19,11:00:00-12:00:00,2026,4567,8656,,Mohammed Akram,Attended=Blank
INSERT_BOOKING,2026-09-19,11:00:00-12:00:00,2026,4568,8656,,Raja Ali,Attended=Blank
INSERT_BOOKING,2026-09-19,11:00:00-12:00:00,2026,4569,8656,,Mansoor Malik,Attended=Blank
INSERT_BOOKING,2026-09-19,11:00:00-12:00:00,2026,4570,8656,,Mohammed khalid,Attended=Blank
INSERT_BOOKING,2026-09-19,11:00:00-12:00:00,2026,4571,8656,,Sabir Hussain,Attended=Blank
INSERT_BOOKING,2026-09-19,11:00:00-12:00:00,2026,4572,8656,,Mohammed Sajid,Attended=Blank
INSERT_BOOKING,2026-09-19,11:00:00-12:00:00,2026,4573,8656,,Arshad Mahmood,Attended=Blank
SKIP_REVIEW_BLOCKED_SLOT,2026-09-21,11:00:00-12:00:00,2026,4574,,,,Excluded from partial import because the preview contains REVIEW actions
SKIP_REVIEW_BLOCKED_SLOT,2026-09-21,12:30:00-13:30:00,2026,4583,,,,Excluded from partial import because the preview contains REVIEW actions
SKIP_REVIEW_BLOCKED_SLOT,2026-09-21,14:00:00-15:00:00,2026,4592,,,,Excluded from partial import because the preview contains REVIEW actions
SKIP_REVIEW_BLOCKED_SLOT,2026-09-22,09:30:00-10:30:00,2026,4610,,,,Excluded from partial import because the preview contains REVIEW actions
SKIP_REVIEW_BLOCKED_SLOT,2026-09-22,12:00:00-13:00:00,2026,4619,,,,Excluded from partial import because the preview contains REVIEW actions
INSERT_BOOKING,2026-09-23,11:00:00-12:00:00,2026,4628,6827,,Kamran Khan,Attended=Blank
INSERT_BOOKING,2026-09-23,11:00:00-12:00:00,2026,4629,6827,,Mohammed Akram,Attended=Blank
INSERT_BOOKING,2026-09-23,11:00:00-12:00:00,2026,4630,6827,,Raja Ali,Attended=Blank
INSERT_BOOKING,2026-09-23,11:00:00-12:00:00,2026,4631,6827,,Mohammed Saleem,Attended=Blank
INSERT_BOOKING,2026-09-23,11:00:00-12:00:00,2026,4632,6827,,Sabir Hussain,Attended=Blank
INSERT_BOOKING,2026-09-23,11:00:00-12:00:00,2026,4633,6827,,Thomas Walker,Attended=Blank
INSERT_BOOKING,2026-09-23,11:00:00-12:00:00,2026,4634,6827,,Mohammed khalid,Attended=Blank
INSERT_BOOKING,2026-09-23,11:00:00-12:00:00,2026,4635,6827,,Abdul Majid,Attended=Blank
INSERT_BOOKING,2026-09-23,11:00:00-12:00:00,2026,4636,6827,,Mohammed Nazir,Attended=Blank
SKIP_REVIEW_BLOCKED_SLOT,2026-09-23,12:15:00-13:15:00,2026,4637,,,,Excluded from partial import because the preview contains REVIEW actions
SKIP_REVIEW_BLOCKED_SLOT,2026-09-24,10:30:00-11:30:00,2026,4646,,,,Excluded from partial import because the preview contains REVIEW actions
SKIP_REVIEW_BLOCKED_SLOT,2026-09-24,12:00:00-13:00:00,2026,4655,,,,Excluded from partial import because the preview contains REVIEW actions
SKIP_REVIEW_BLOCKED_SLOT,2026-09-24,17:00:00-18:00:00,2026,4673,,,,Excluded from partial import because the preview contains REVIEW actions
INSERT_BOOKING,2026-09-25,09:30:00-10:30:00,2026,4682,8627,,Mohammed Alyas Hussain,Attended=Blank
INSERT_BOOKING,2026-09-25,09:30:00-10:30:00,2026,4683,8627,,Sharowan Amir,Attended=Blank
INSERT_BOOKING,2026-09-25,09:30:00-10:30:00,2026,4684,8627,,Mohammed khalid,Attended=Blank
INSERT_BOOKING,2026-09-25,09:30:00-10:30:00,2026,4685,8627,,Abdul Majid,Attended=Blank
INSERT_BOOKING,2026-09-25,09:30:00-10:30:00,2026,4686,8627,,Mohammed Akram,Attended=Blank
INSERT_BOOKING,2026-09-25,09:30:00-10:30:00,2026,4687,8627,,Hanif Hall,Attended=Blank
INSERT_BOOKING,2026-09-25,09:30:00-10:30:00,2026,4688,8627,,Mansoor Malik,Attended=Blank
INSERT_BOOKING,2026-09-25,09:30:00-10:30:00,2026,4689,8627,,Mogees Nasir,Attended=Blank
INSERT_BOOKING,2026-09-25,09:30:00-10:30:00,2026,4690,8627,,Mohammed Nazir,Attended=Blank
SKIP_REVIEW_BLOCKED_SLOT,2026-09-25,10:30:00-11:30:00,2026,4691,,,,Excluded from partial import because the preview contains REVIEW actions
INSERT_BOOKING,2026-09-25,15:00:00-16:00:00,2026,4700,8642,,Mohammed Nazir,Attended=Blank
INSERT_BOOKING,2026-09-25,15:00:00-16:00:00,2026,4701,8642,,Arshad Mahmood,Attended=Blank
INSERT_BOOKING,2026-09-25,15:00:00-16:00:00,2026,4702,8642,,Mohammed Nawaz,Attended=Blank
INSERT_BOOKING,2026-09-25,15:00:00-16:00:00,2026,4703,8642,,Mazhar Iqbal,Attended=Blank
INSERT_BOOKING,2026-09-25,15:00:00-16:00:00,2026,4704,8642,,Thomas Walker,Attended=Blank
INSERT_BOOKING,2026-09-25,15:00:00-16:00:00,2026,4705,8642,,Mazhar Mahmood,Attended=Blank
CREATE_LITE_MEMBER,2026-09-25,15:00:00-16:00:00,2026,4706,,,Zulfiqar Ali,MembershipId=LITE-1215
INSERT_BOOKING,2026-09-25,15:00:00-16:00:00,2026,4706,8642,,Zulfiqar Ali,Attended=Blank
INSERT_BOOKING,2026-09-25,15:00:00-16:00:00,2026,4707,8642,,Abdul Majid,Attended=Blank
CREATE_SESSION,2026-09-26,09:45:00-10:45:00,2026,4709,16947,,,type=Female; lead=Perween
INSERT_BOOKING,2026-09-26,09:45:00-10:45:00,2026,4709,16947,,Shaheen Akhtar,Attended=Blank
CREATE_LITE_MEMBER,2026-09-26,09:45:00-10:45:00,2026,4710,,,Ghazala Bi,MembershipId=LITE-1216
INSERT_BOOKING,2026-09-26,09:45:00-10:45:00,2026,4710,16947,,Ghazala Bi,Attended=Blank
INSERT_BOOKING,2026-09-26,09:45:00-10:45:00,2026,4711,16947,,Fozia Hafiz,Attended=Blank
INSERT_BOOKING,2026-09-26,11:00:00-12:00:00,2026,4718,8657,,Najabat Hussain,Attended=Blank
INSERT_BOOKING,2026-09-26,11:00:00-12:00:00,2026,4719,8657,,Zubair Khan,Attended=Blank
INSERT_BOOKING,2026-09-26,11:00:00-12:00:00,2026,4720,8657,,Shahban Khan,Attended=Blank
INSERT_BOOKING,2026-09-26,11:00:00-12:00:00,2026,4721,8657,,Mohammed khalid,Attended=Blank
INSERT_BOOKING,2026-09-26,11:00:00-12:00:00,2026,4722,8657,,Raja Ali,Attended=Blank
INSERT_BOOKING,2026-09-26,11:00:00-12:00:00,2026,4723,8657,,Mansoor Malik,Attended=Blank
INSERT_BOOKING,2026-09-26,11:00:00-12:00:00,2026,4724,8657,,Sabir Hussain,Attended=Blank
INSERT_BOOKING,2026-09-26,11:00:00-12:00:00,2026,4725,8657,,Mohammed Sajid,Attended=Blank
INSERT_BOOKING,2026-09-26,11:00:00-12:00:00,2026,4726,8657,,Mazhar Mahmood,Attended=Blank
ENABLE_BOOKING,2026-09-28,11:00:00-12:00:00,2026,4727,16288,,,
CREATE_LITE_MEMBER,2026-09-28,11:00:00-12:00:00,2026,4727,,,Nadifa Ahmed,MembershipId=LITE-1217
INSERT_BOOKING,2026-09-28,11:00:00-12:00:00,2026,4727,16288,,Nadifa Ahmed,Attended=Blank
CREATE_LITE_MEMBER,2026-09-28,11:00:00-12:00:00,2026,4728,,,Razmeen Zafar Naseem,MembershipId=LITE-1218
INSERT_BOOKING,2026-09-28,11:00:00-12:00:00,2026,4728,16288,,Razmeen Zafar Naseem,Attended=Blank
CREATE_LITE_MEMBER,2026-09-28,11:00:00-12:00:00,2026,4729,,,Shazia Bibi,MembershipId=LITE-1219
INSERT_BOOKING,2026-09-28,11:00:00-12:00:00,2026,4729,16288,,Shazia Bibi,Attended=Blank
CREATE_LITE_MEMBER,2026-09-28,11:00:00-12:00:00,2026,4730,,,Jamila Khatoon,MembershipId=LITE-1220
INSERT_BOOKING,2026-09-28,11:00:00-12:00:00,2026,4730,16288,,Jamila Khatoon,Attended=Blank
INSERT_BOOKING,2026-09-28,11:00:00-12:00:00,2026,4731,16288,,Nasreen Akhtar,Attended=Blank
CREATE_LITE_MEMBER,2026-09-28,11:00:00-12:00:00,2026,4732,,,Riffat Sultana,MembershipId=LITE-1221
INSERT_BOOKING,2026-09-28,11:00:00-12:00:00,2026,4732,16288,,Riffat Sultana,Attended=Blank
INSERT_BOOKING,2026-09-28,11:00:00-12:00:00,2026,4733,16288,,Mahroof Bibi,Attended=Blank
CREATE_LITE_MEMBER,2026-09-28,11:00:00-12:00:00,2026,4734,,,Shakeela Bibi,MembershipId=LITE-1222
INSERT_BOOKING,2026-09-28,11:00:00-12:00:00,2026,4734,16288,,Shakeela Bibi,Attended=Blank
CREATE_LITE_MEMBER,2026-09-28,11:00:00-12:00:00,2026,4735,,,Khadija Muhammad,MembershipId=LITE-1223
INSERT_BOOKING,2026-09-28,11:00:00-12:00:00,2026,4735,16288,,Khadija Muhammad,Attended=Blank
ENABLE_BOOKING,2026-09-28,12:30:00-13:30:00,2026,4736,16303,,,
CREATE_LITE_MEMBER,2026-09-28,12:30:00-13:30:00,2026,4736,,,Suk Lin (Monica) Mok,MembershipId=LITE-1224
INSERT_BOOKING,2026-09-28,12:30:00-13:30:00,2026,4736,16303,,Suk Lin (Monica) Mok,Attended=Blank
INSERT_BOOKING,2026-09-28,12:30:00-13:30:00,2026,4737,16303,,Razia Begum,Attended=Blank
CREATE_LITE_MEMBER,2026-09-28,12:30:00-13:30:00,2026,4738,,,Sardar Begum,MembershipId=LITE-1225
INSERT_BOOKING,2026-09-28,12:30:00-13:30:00,2026,4738,16303,,Sardar Begum,Attended=Blank
CREATE_LITE_MEMBER,2026-09-28,12:30:00-13:30:00,2026,4739,,,Nagina Ikram,MembershipId=LITE-1226
INSERT_BOOKING,2026-09-28,12:30:00-13:30:00,2026,4739,16303,,Nagina Ikram,Attended=Blank
INSERT_BOOKING,2026-09-28,12:30:00-13:30:00,2026,4740,16303,,Nusrat Bibi,Attended=Blank
CREATE_LITE_MEMBER,2026-09-28,12:30:00-13:30:00,2026,4741,,,Uzma Masroor,MembershipId=LITE-1227
INSERT_BOOKING,2026-09-28,12:30:00-13:30:00,2026,4741,16303,,Uzma Masroor,Attended=Blank
INSERT_BOOKING,2026-09-28,12:30:00-13:30:00,2026,4743,16303,,Nasreen Hussain,Attended=Blank
INSERT_BOOKING,2026-09-28,12:30:00-13:30:00,2026,4744,16303,,Abida Khalid,Attended=Blank
INSERT_BOOKING,2026-09-28,14:00:00-15:00:00,2026,4745,6842,,Abdul Majid,Attended=Blank
INSERT_BOOKING,2026-09-28,14:00:00-15:00:00,2026,4746,6842,,Arshad Mahmood,Attended=Blank
INSERT_BOOKING,2026-09-28,14:00:00-15:00:00,2026,4747,6842,,Mohammed Riaz,Attended=Blank
INSERT_BOOKING,2026-09-28,14:00:00-15:00:00,2026,4748,6842,,Thomas Walker,Attended=Blank
INSERT_BOOKING,2026-09-28,14:00:00-15:00:00,2026,4749,6842,,Mazhar Mahmood,Attended=Blank
INSERT_BOOKING,2026-09-28,14:00:00-15:00:00,2026,4750,6842,,Asad Hussain,Attended=Blank
INSERT_BOOKING,2026-09-28,14:00:00-15:00:00,2026,4751,6842,,Mansoor Malik,Attended=Blank
INSERT_BOOKING,2026-09-28,14:00:00-15:00:00,2026,4752,6842,,Mohammed Alyas Hussain,Attended=Blank
INSERT_BOOKING,2026-09-28,14:00:00-15:00:00,2026,4753,6842,,Mohammed khalid,Attended=Blank
INSERT_BOOKING,2026-09-28,15:00:00-16:00:00,2026,4754,6856,,Laurance Marson,Attended=Blank
INSERT_BOOKING,2026-09-28,15:00:00-16:00:00,2026,4755,6856,,Mazhar Iqbal,Attended=Blank
INSERT_BOOKING,2026-09-28,15:00:00-16:00:00,2026,4756,6856,,Mohnir Akhtar,Attended=Blank
INSERT_BOOKING,2026-09-28,15:00:00-16:00:00,2026,4757,6856,,Abdul Wahid Ashraf,Attended=Blank
INSERT_BOOKING,2026-09-28,15:00:00-16:00:00,2026,4758,6856,,Mohammed Ashraf,Attended=Blank
CREATE_LITE_MEMBER,2026-09-28,15:00:00-16:00:00,2026,4760,,,Mohammad Iqbal,MembershipId=LITE-1228
INSERT_BOOKING,2026-09-28,15:00:00-16:00:00,2026,4760,6856,,Mohammad Iqbal,Attended=Blank
CREATE_LITE_MEMBER,2026-09-28,15:00:00-16:00:00,2026,4761,,,Muhammad Younis,MembershipId=LITE-1229
INSERT_BOOKING,2026-09-28,15:00:00-16:00:00,2026,4761,6856,,Muhammad Younis,Attended=Blank
INSERT_BOOKING,2026-09-28,15:00:00-16:00:00,2026,4762,6856,,Mohammad Arif,Attended=Blank
SKIP_REVIEW_BLOCKED_SLOT,2026-09-29,09:30:00-10:30:00,2026,4763,,,,Excluded from partial import because the preview contains REVIEW actions
SKIP_REVIEW_BLOCKED_SLOT,2026-09-29,12:00:00-13:00:00,2026,4772,,,,Excluded from partial import because the preview contains REVIEW actions
INSERT_BOOKING,2026-09-30,11:00:00-12:00:00,2026,4781,6828,,Asad Hussain,Attended=Blank
INSERT_BOOKING,2026-09-30,11:00:00-12:00:00,2026,4782,6828,,Raja Ali,Attended=Blank
INSERT_BOOKING,2026-09-30,11:00:00-12:00:00,2026,4783,6828,,Mohammed Saleem,Attended=Blank
INSERT_BOOKING,2026-09-30,11:00:00-12:00:00,2026,4784,6828,,Sabir Hussain,Attended=Blank
INSERT_BOOKING,2026-09-30,11:00:00-12:00:00,2026,4785,6828,,Mohammed khalid,Attended=Blank
INSERT_BOOKING,2026-09-30,11:00:00-12:00:00,2026,4786,6828,,Arshad Mahmood,Attended=Blank
INSERT_BOOKING,2026-09-30,11:00:00-12:00:00,2026,4787,6828,,Mohammed Alyas Hussain,Attended=Blank
INSERT_BOOKING,2026-09-30,11:00:00-12:00:00,2026,4788,6828,,Mohammed Akram,Attended=Blank
INSERT_BOOKING,2026-09-30,11:00:00-12:00:00,2026,4789,6828,,Mohammed Riaz,Attended=Blank
ENABLE_BOOKING,2026-09-30,12:15:00-13:15:00,2026,4790,8837,,,
CREATE_LITE_MEMBER,2026-09-30,12:15:00-13:15:00,2026,4790,,,Yasmin Mehmood,MembershipId=LITE-1230
INSERT_BOOKING,2026-09-30,12:15:00-13:15:00,2026,4790,8837,,Yasmin Mehmood,Attended=Blank
CREATE_LITE_MEMBER,2026-09-30,12:15:00-13:15:00,2026,4791,,,Angela Cross,MembershipId=LITE-1231
INSERT_BOOKING,2026-09-30,12:15:00-13:15:00,2026,4791,8837,,Angela Cross,Attended=Blank
CREATE_LITE_MEMBER,2026-09-30,12:15:00-13:15:00,2026,4792,,,Maqsood Begum,MembershipId=LITE-1232
INSERT_BOOKING,2026-09-30,12:15:00-13:15:00,2026,4792,8837,,Maqsood Begum,Attended=Blank
CREATE_LITE_MEMBER,2026-09-30,12:15:00-13:15:00,2026,4793,,,Hameeda Begum,MembershipId=LITE-1233
INSERT_BOOKING,2026-09-30,12:15:00-13:15:00,2026,4793,8837,,Hameeda Begum,Attended=Blank
INSERT_BOOKING,2026-09-30,12:15:00-13:15:00,2026,4794,8837,,Shamim Akhtar,Attended=Blank
CREATE_LITE_MEMBER,2026-09-30,12:15:00-13:15:00,2026,4795,,,Zubaida Shaheen,MembershipId=LITE-1234
INSERT_BOOKING,2026-09-30,12:15:00-13:15:00,2026,4795,8837,,Zubaida Shaheen,Attended=Blank
CREATE_LITE_MEMBER,2026-09-30,12:15:00-13:15:00,2026,4797,,,Sobia Ilahi,MembershipId=LITE-1235
INSERT_BOOKING,2026-09-30,12:15:00-13:15:00,2026,4797,8837,,Sobia Ilahi,Attended=Blank
SKIP_REVIEW_BLOCKED_SLOT,2026-10-01,10:30:00-11:30:00,2026,4799,,,,Excluded from partial import because the preview contains REVIEW actions
SKIP_REVIEW_BLOCKED_SLOT,2026-10-01,12:00:00-13:00:00,2026,4808,,,,Excluded from partial import because the preview contains REVIEW actions
INSERT_BOOKING,2026-10-01,14:30:00-15:30:00,2026,4817,8613,,Shah Nawaz,Attended=Blank
INSERT_BOOKING,2026-10-01,14:30:00-15:30:00,2026,4818,8613,,Asad Hussain,Attended=Blank
INSERT_BOOKING,2026-10-01,14:30:00-15:30:00,2026,4819,8613,,Mohammed Latif Ahmed,Attended=Blank
INSERT_BOOKING,2026-10-01,14:30:00-15:30:00,2026,4820,8613,,Mohammed khalid,Attended=Blank
INSERT_BOOKING,2026-10-01,14:30:00-15:30:00,2026,4821,8613,,Mohammed Akram,Attended=Blank
INSERT_BOOKING,2026-10-01,14:30:00-15:30:00,2026,4822,8613,,Arshad Mahmood,Attended=Blank
INSERT_BOOKING,2026-10-01,14:30:00-15:30:00,2026,4823,8613,,Mohammed Nawaz,Attended=Blank
INSERT_BOOKING,2026-10-01,14:30:00-15:30:00,2026,4824,8613,,Mohammed Nazir,Attended=Blank
INSERT_BOOKING,2026-10-01,14:30:00-15:30:00,2026,4825,8613,,Zulfiqar Ali,Attended=Blank
SKIP_REVIEW_BLOCKED_SLOT,2026-10-02,09:30:00-10:30:00,2026,4835,,,,Excluded from partial import because the preview contains REVIEW actions
SKIP_REVIEW_BLOCKED_SLOT,2026-10-02,10:30:00-11:30:00,2026,4844,,,,Excluded from partial import because the preview contains REVIEW actions
SKIP_REVIEW_BLOCKED_SLOT,2026-10-02,15:00:00-16:00:00,2026,4853,,,,Excluded from partial import because the preview contains REVIEW actions
CREATE_SESSION,2026-10-03,09:45:00-10:45:00,2026,4862,16948,,,type=Female; lead=Perween
INSERT_BOOKING,2026-10-03,09:45:00-10:45:00,2026,4862,16948,,Fozia Hafiz,Attended=Blank
INSERT_BOOKING,2026-10-03,09:45:00-10:45:00,2026,4863,16948,,Ghazala Bi,Attended=Blank
INSERT_BOOKING,2026-10-03,09:45:00-10:45:00,2026,4864,16948,,Shaheen Akhtar,Attended=Blank
INSERT_BOOKING,2026-10-03,09:45:00-10:45:00,2026,4865,16948,,Fatima Khan,Attended=Blank
CREATE_LITE_MEMBER,2026-10-03,09:45:00-10:45:00,2026,4866,,,Azra Bibi,MembershipId=LITE-1236
INSERT_BOOKING,2026-10-03,09:45:00-10:45:00,2026,4866,16948,,Azra Bibi,Attended=Blank
INSERT_BOOKING,2026-10-03,11:00:00-12:00:00,2026,4871,8658,,Zubair Khan,Attended=Blank
INSERT_BOOKING,2026-10-03,11:00:00-12:00:00,2026,4872,8658,,Shahban Khan,Attended=Blank
INSERT_BOOKING,2026-10-03,11:00:00-12:00:00,2026,4873,8658,,Mohammed khalid,Attended=Blank
INSERT_BOOKING,2026-10-03,11:00:00-12:00:00,2026,4874,8658,,Mohammed Sajid,Attended=Blank
INSERT_BOOKING,2026-10-03,11:00:00-12:00:00,2026,4875,8658,,Mansoor Malik,Attended=Blank
INSERT_BOOKING,2026-10-03,11:00:00-12:00:00,2026,4876,8658,,Sabir Hussain,Attended=Blank
INSERT_BOOKING,2026-10-03,11:00:00-12:00:00,2026,4877,8658,,Mohammed Akram,Attended=Blank
INSERT_BOOKING,2026-10-03,11:00:00-12:00:00,2026,4879,8658,,Arshad Mahmood,Attended=Blank
SKIP_REVIEW_BLOCKED_SLOT,2026-10-05,11:00:00-12:00:00,2026,4880,,,,Excluded from partial import because the preview contains REVIEW actions
SKIP_REVIEW_BLOCKED_SLOT,2026-10-05,12:30:00-13:30:00,2026,4889,,,,Excluded from partial import because the preview contains REVIEW actions
INSERT_BOOKING,2026-10-05,14:00:00-15:00:00,2026,4898,6843,,Abdul Majid,Attended=Blank
INSERT_BOOKING,2026-10-05,14:00:00-15:00:00,2026,4899,6843,,Mohammed khalid,Attended=Blank
INSERT_BOOKING,2026-10-05,14:00:00-15:00:00,2026,4900,6843,,Asad Hussain,Attended=Blank
INSERT_BOOKING,2026-10-05,14:00:00-15:00:00,2026,4901,6843,,Mohammed Alyas Hussain,Attended=Blank
INSERT_BOOKING,2026-10-05,14:00:00-15:00:00,2026,4902,6843,,Mohammed Riaz,Attended=Blank
INSERT_BOOKING,2026-10-05,14:00:00-15:00:00,2026,4903,6843,,Thomas Walker,Attended=Blank
INSERT_BOOKING,2026-10-05,14:00:00-15:00:00,2026,4904,6843,,Mohammad Arif,Attended=Blank
INSERT_BOOKING,2026-10-05,14:00:00-15:00:00,2026,4905,6843,,Mansoor Malik,Attended=Blank
INSERT_BOOKING,2026-10-05,14:00:00-15:00:00,2026,4906,6843,,Mohammed Nazir,Attended=Blank
SKIP_REVIEW_BLOCKED_SLOT,2026-10-05,15:00:00-16:00:00,2026,4907,,,,Excluded from partial import because the preview contains REVIEW actions
SKIP_REVIEW_BLOCKED_SLOT,2026-10-06,09:30:00-10:30:00,2026,4916,,,,Excluded from partial import because the preview contains REVIEW actions
SKIP_REVIEW_BLOCKED_SLOT,2026-10-06,12:00:00-13:00:00,2026,4925,,,,Excluded from partial import because the preview contains REVIEW actions
INSERT_BOOKING,2026-10-07,11:00:00-12:00:00,2026,4934,6829,,Mohammed Mahroof,Attended=Blank
INSERT_BOOKING,2026-10-07,11:00:00-12:00:00,2026,4935,6829,,Raja Ali,Attended=Blank
INSERT_BOOKING,2026-10-07,11:00:00-12:00:00,2026,4936,6829,,Mohammed Saleem,Attended=Blank
INSERT_BOOKING,2026-10-07,11:00:00-12:00:00,2026,4937,6829,,Sabir Hussain,Attended=Blank
INSERT_BOOKING,2026-10-07,11:00:00-12:00:00,2026,4938,6829,,Mohammed khalid,Attended=Blank
INSERT_BOOKING,2026-10-07,11:00:00-12:00:00,2026,4939,6829,,Arshad Mahmood,Attended=Blank
INSERT_BOOKING,2026-10-07,11:00:00-12:00:00,2026,4940,6829,,Mohammed Alyas Hussain,Attended=Blank
INSERT_BOOKING,2026-10-07,11:00:00-12:00:00,2026,4941,6829,,Mohammed Akram,Attended=Blank
INSERT_BOOKING,2026-10-07,11:00:00-12:00:00,2026,4942,6829,,Mohammed Riaz,Attended=Blank
ENABLE_BOOKING,2026-10-07,12:15:00-13:15:00,2026,4943,8838,,,
CREATE_LITE_MEMBER,2026-10-07,12:15:00-13:15:00,2026,4943,,,Ishrat Begum,MembershipId=LITE-1237
INSERT_BOOKING,2026-10-07,12:15:00-13:15:00,2026,4943,8838,,Ishrat Begum,Attended=Blank
CREATE_LITE_MEMBER,2026-10-07,12:15:00-13:15:00,2026,4944,,,Tabasum Shahnaz,MembershipId=LITE-1238
INSERT_BOOKING,2026-10-07,12:15:00-13:15:00,2026,4944,8838,,Tabasum Shahnaz,Attended=Blank
INSERT_BOOKING,2026-10-07,12:15:00-13:15:00,2026,4945,8838,,Yasmin Mehmood,Attended=Blank
INSERT_BOOKING,2026-10-07,12:15:00-13:15:00,2026,4946,8838,,Angela Cross,Attended=Blank
INSERT_BOOKING,2026-10-07,12:15:00-13:15:00,2026,4947,8838,,Maqsood Begum,Attended=Blank
INSERT_BOOKING,2026-10-07,12:15:00-13:15:00,2026,4948,8838,,Hameeda Begum,Attended=Blank
INSERT_BOOKING,2026-10-07,12:15:00-13:15:00,2026,4949,8838,,Shamim Akhtar,Attended=Blank
INSERT_BOOKING,2026-10-07,12:15:00-13:15:00,2026,4950,8838,,Zubaida Shaheen,Attended=Blank
INSERT_BOOKING,2026-10-07,12:15:00-13:15:00,2026,4951,8838,,Sobia Ilahi,Attended=Blank
SKIP_REVIEW_BLOCKED_SLOT,2026-10-08,10:30:00-11:30:00,2026,4952,,,,Excluded from partial import because the preview contains REVIEW actions
SKIP_REVIEW_BLOCKED_SLOT,2026-10-08,12:00:00-13:00:00,2026,4961,,,,Excluded from partial import because the preview contains REVIEW actions
INSERT_BOOKING,2026-10-08,14:30:00-15:30:00,2026,4970,8614,,Asad Hussain,Attended=Blank
INSERT_BOOKING,2026-10-08,14:30:00-15:30:00,2026,4971,8614,,Mohammed Latif Ahmed,Attended=Blank
INSERT_BOOKING,2026-10-08,14:30:00-15:30:00,2026,4972,8614,,Mohammed Nawaz,Attended=Blank
INSERT_BOOKING,2026-10-08,14:30:00-15:30:00,2026,4973,8614,,Mohammed Akram,Attended=Blank
INSERT_BOOKING,2026-10-08,14:30:00-15:30:00,2026,4974,8614,,Mohammed Nazir,Attended=Blank
INSERT_BOOKING,2026-10-08,14:30:00-15:30:00,2026,4975,8614,,Zulfiqar Ali,Attended=Blank
INSERT_BOOKING,2026-10-08,14:30:00-15:30:00,2026,4976,8614,,Thomas Walker,Attended=Blank
INSERT_BOOKING,2026-10-08,14:30:00-15:30:00,2026,4977,8614,,Arshad Mahmood,Attended=Blank
INSERT_BOOKING,2026-10-08,14:30:00-15:30:00,2026,4978,8614,,Mohammed khalid,Attended=Blank
SKIP_REVIEW_BLOCKED_SLOT,2026-10-08,17:00:00-18:00:00,2026,4979,,,,Excluded from partial import because the preview contains REVIEW actions
